************************************************************
************************************************************
****                                                    ****
**      PyFLAT - Python program for                       **
**           Finite-element Linear Analysis Tutorial      **
****                                                    ****
************************************************************
************************************************************

Version: 1.0.0  (Running on Python.3.14.6)
Copyright (C) 2026 Monty Orlac

This program is distributed under the MIT license.
  https://opensource.org/licenses/mit-license.php
THE SOFTWARE IS PROVIDED 'AS IS', WITHOUT WARRANTY OF ANY KIND.


Configuration via commandline arguments:  ==================
Matrix solver                           :      DIRECT
  ... Fast sparse direct solver (via SciPy).
Reordering algorithm                    :         RCM
  ... Reverse Cuthill-McKee (RCM) method to optimize the sparsity pattern.
Verbose diagnostics output mode         :        TRUE
Peak-relative truncation tolerance      :  1.0000e-08
Hourglass stabilization coefficient     :      0.0100


************************************************************************
**  Pre-assembling the global stiffness matrix
************************************************************************

Reading model data:  =======================================
Analysis input file:
  benchmarks\model_hole_fine.in

Start reading the file:
NODE section...
MATERIAL section...
PROPERTY section...
ELEMENT section...
Done.


Performing symbolic assembly:  =============================
Start element loop...
  Done.

Total 4884 DOFs assigned to the model.


Analyzing non-zero sparsity pattern:  ----------
Start element loop...
  Done.


************************************************************************
**  Load case #01
************************************************************************

Assembling global stiffness matrix:  =======================
Applying loading & boundary conditions:  -------
Reading data...
Generating load vector...
Done.


Performing numeric assembly:  ------------------
Start element loop...
  Done.


Solving the matrix:  =======================================
Perform general LU decomposition...
  Done.

Matrix profile summary:
  number of equations        =        4884
  number of matrix elements  =      845302
  matrix density             =   3.5437[%]

Performing forward/backward substitution...
  Done.


Post-processing:  ==========================================
Nodal displacement result:  --------------------
     nid          x-disp          y-disp
       1    0.000000e+00    3.910391e+00
       2    0.000000e+00    4.782834e+00
       3   -2.217459e+00    7.785725e-01
       4   -1.896859e+00    1.866492e+00
       5   -1.593242e+00    2.496520e+00
       6   -1.256643e+00    3.028981e+00
       7   -9.050199e-01    3.449045e+00
       8   -3.645711e-01    3.835273e+00
       9   -2.284858e+00    0.000000e+00
      10   -2.843188e+00    0.000000e+00
      11    5.965084e-02    3.239417e+00
      12    0.000000e+00    3.969834e+00
      13    0.000000e+00    4.004321e+00
      14    0.000000e+00    4.027594e+00
      15    0.000000e+00    4.047968e+00
      16    0.000000e+00    4.069411e+00
      17    0.000000e+00    4.093997e+00
      18    0.000000e+00    4.122716e+00
      19    0.000000e+00    4.155952e+00
      20    0.000000e+00    4.193737e+00
      21    0.000000e+00    4.235896e+00
      22    0.000000e+00    4.282121e+00
      23    0.000000e+00    4.332010e+00
      24    0.000000e+00    4.385080e+00
      25    0.000000e+00    4.440769e+00
      26    0.000000e+00    4.498418e+00
      27    0.000000e+00    4.557253e+00
      28    0.000000e+00    4.616353e+00
      29    0.000000e+00    4.674601e+00
      30    0.000000e+00    4.730632e+00
      31   -2.268973e+00    3.916084e-01
      32   -2.135395e+00    1.156391e+00
      33   -2.026747e+00    1.520124e+00
      34   -1.750857e+00    2.192732e+00
      35   -1.427618e+00    2.775882e+00
      36   -1.082068e+00    3.254000e+00
      37   -7.261292e-01    3.612167e+00
      38   -5.459341e-01    3.741524e+00
      39   -1.820704e-01    3.892171e+00
      40   -2.818717e+00    0.000000e+00
      41   -2.786272e+00    0.000000e+00
      42   -2.749303e+00    0.000000e+00
      43   -2.709711e+00    0.000000e+00
      44   -2.668000e+00    0.000000e+00
      45   -2.623178e+00    0.000000e+00
      46   -2.572219e+00    0.000000e+00
      47   -2.508857e+00    0.000000e+00
      48   -2.420624e+00    0.000000e+00
      49   -2.539942e-02    3.153046e+00
      50   -1.090285e-01    3.067175e+00
      51   -1.894733e-01    2.980804e+00
      52   -2.661063e-01    2.892410e+00
      53   -3.391648e-01    2.800648e+00
      54   -4.093736e-01    2.704409e+00
      55   -4.777760e-01    2.602839e+00
      56   -5.456176e-01    2.495326e+00
      57   -6.142678e-01    2.381490e+00
      58   -6.851592e-01    2.261184e+00
      59   -7.597369e-01    2.134492e+00
      60   -8.394080e-01    2.001736e+00
      61   -9.254892e-01    1.863485e+00
      62   -1.019146e+00    1.720565e+00
      63   -1.121324e+00    1.574065e+00
      64   -1.232667e+00    1.425337e+00
      65   -1.353430e+00    1.275983e+00
      66   -1.483383e+00    1.127829e+00
      67   -1.621719e+00    9.828660e-01
      68   -1.766970e+00    8.431807e-01
      69   -1.916946e+00    7.108412e-01
      70   -2.068716e+00    5.877648e-01
      71   -2.218639e+00    4.755615e-01
      72   -2.362471e+00    3.753681e-01
      73   -2.495542e+00    2.876905e-01
      74   -2.613021e+00    2.122796e-01
      75   -2.710233e+00    1.480589e-01
      76   -2.783022e+00    9.310515e-02
      77   -2.828128e+00    4.482186e-02
      78    4.903808e-02    4.776078e+00
      79    9.691834e-02    4.755711e+00
      80    1.423680e-01    4.722235e+00
      81    1.843239e-01    4.676269e+00
      82    2.217806e-01    4.618694e+00
      83    2.538695e-01    4.550579e+00
      84    2.798694e-01    4.473156e+00
      85    2.992288e-01    4.387786e+00
      86    3.115712e-01    4.295918e+00
      87    3.166994e-01    4.199048e+00
      88    3.145976e-01    4.098693e+00
      89    3.054313e-01    3.996346e+00
      90    2.895480e-01    3.893446e+00
      91    2.674809e-01    3.791335e+00
      92    2.399564e-01    3.691213e+00
      93    2.079046e-01    3.594068e+00
      94    1.724734e-01    3.500569e+00
      95    1.350338e-01    3.410899e+00
      96    9.708192e-02    3.324465e+00
      97   -8.352678e-01    3.274944e+00
      98   -1.198799e+00    2.756068e+00
      99   -1.584331e+00    2.153530e+00
     100   -1.774774e+00    1.832738e+00
     101    2.978797e-02    4.705023e+00
     102   -3.074031e-02    4.045679e+00
     103   -2.339112e-02    4.069678e+00
     104   -1.823112e-02    4.097309e+00
     105   -1.443412e-02    4.129193e+00
     106   -1.146539e-02    4.165512e+00
     107   -8.960738e-03    4.206190e+00
     108   -6.655590e-03    4.250990e+00
     109   -4.342206e-03    4.299570e+00
     110   -1.842084e-03    4.351502e+00
     111    1.012898e-03    4.406276e+00
     112    4.394518e-03    4.463294e+00
     113    8.490077e-03    4.521857e+00
     114    1.360762e-02    4.581261e+00
     115    2.091239e-02    4.642623e+00
     116   -2.109946e+00    1.181282e+00
     117   -1.952639e+00    1.507003e+00
     118   -1.391334e+00    2.464086e+00
     119   -1.013928e+00    3.029075e+00
     120   -6.635840e-01    3.492635e+00
     121   -4.973734e-01    3.674144e+00
     122   -2.348950e-01    3.893010e+00
     123   -2.675171e+00    1.202217e-01
     124   -2.631764e+00    1.348960e-01
     125   -2.583174e+00    1.567757e-01
     126   -2.524411e+00    1.871135e-01
     127   -2.441177e+00    2.423998e-01
     128   -1.163793e-01    3.097377e+00
     129   -1.943107e-01    3.007172e+00
     130   -2.685112e-01    2.913963e+00
     131   -3.385884e-01    2.818206e+00
     132   -4.059361e-01    2.718397e+00
     133   -4.718624e-01    2.613837e+00
     134   -5.377727e-01    2.504113e+00
     135   -6.051548e-01    2.389010e+00
     136   -6.755334e-01    2.268499e+00
     137   -7.504204e-01    2.142742e+00
     138   -8.312638e-01    2.012104e+00
     139   -9.193988e-01    1.877145e+00
     140   -1.015976e+00    1.738629e+00
     141   -1.121887e+00    1.597524e+00
     142   -1.237674e+00    1.454995e+00
     143   -1.363431e+00    1.312374e+00
     144   -1.498706e+00    1.171132e+00
     145   -1.642397e+00    1.032827e+00
     146   -1.792674e+00    8.990192e-01
     147   -1.946920e+00    7.712054e-01
     148   -2.101737e+00    6.506918e-01
     149   -2.253011e+00    5.384727e-01
     150   -2.396057e+00    4.351308e-01
     151   -2.525825e+00    3.407876e-01
     152   -2.637568e+00    2.550235e-01
     153   -2.728183e+00    1.746614e-01
     154   -2.792305e+00    9.461579e-02
     155    2.281278e-01    3.982741e+00
     156    2.146982e-01    3.877642e+00
     157    1.958015e-01    3.772853e+00
     158    1.719383e-01    3.669716e+00
     159    1.437491e-01    3.569398e+00
     160    1.112437e-01    3.471860e+00
     161    7.301271e-02    3.373487e+00
     162    3.302382e-02    3.276800e+00
     163   -2.239306e+00    8.610507e-01
     164   -3.509028e-01    3.812086e+00
     165   -2.344950e+00    5.458995e-01
     166   -4.120368e-02    4.024299e+00
     167   -2.715718e+00    1.082231e-01
     168    2.357350e-01    4.086694e+00
     169   -1.015503e+00    1.766174e+00
     170   -1.517555e+00    1.213292e+00
     171   -2.134792e+00    6.957961e-01
     172   -5.905693e-02    4.001478e+00
     173    1.223955e-02    4.474531e+00
     174    6.409430e-02    4.721323e+00
     175   -2.511010e+00    3.356692e-01
     176   -2.653125e+00    2.703688e-01
     177   -2.754330e+00    9.272457e-02
     178    1.097758e-01    3.650302e+00
     179   -2.689012e-01    2.939370e+00
     180   -3.358629e-01    2.841509e+00
     181   -4.005568e-01    2.739700e+00
     182   -4.643836e-01    2.633549e+00
     183   -5.288596e-01    2.522800e+00
     184   -5.955592e-01    2.407340e+00
     185   -8.246093e-01    2.033880e+00
     186   -1.246168e+00    1.489960e+00
     187   -1.666230e+00    1.077696e+00
     188   -1.978313e+00    8.179338e-01
     189    4.800525e-03    4.415969e+00
     190   -1.422656e-03    4.359149e+00
     191   -6.784126e-03    4.304694e+00
     192    2.373122e-01    4.187968e+00
     193    1.490895e-01    3.863474e+00
     194   -6.660663e-01    2.287211e+00
     195    8.325990e-02    3.546214e+00
     196    2.328017e-01    4.284993e+00
     197    1.265765e-01    4.652051e+00
     198    2.132684e-02    4.533865e+00
     199    3.308610e-02    4.593965e+00
     200   -2.285704e+00    5.797813e-01
     201   -1.075427e-01    3.962424e+00
     202   -2.610992e+00    2.562522e-01
     203   -2.564798e+00    2.890595e-01
     204   -5.041798e-02    3.165242e+00
     205   -1.161870e-02    4.253122e+00
     206   -1.626671e-02    4.204865e+00
     207   -2.110479e-02    4.160270e+00
     208   -2.658885e-02    4.119589e+00
     209   -3.331734e-02    4.082953e+00
     210   -4.213337e-02    4.050318e+00
     211   -5.429321e-02    4.021346e+00
     212   -7.419301e-01    2.162606e+00
     213   -9.154384e-01    1.901507e+00
     214   -1.125622e+00    1.628658e+00
     215   -1.377063e+00    1.351098e+00
     216   -1.820841e+00    9.455348e-01
     217   -2.425894e+00    4.703228e-01
     218   -2.549894e+00    3.676319e-01
     219   -2.786901e+00    7.072180e-02
     220    1.317250e-01    3.756329e+00
     221   -1.975984e-01    3.035355e+00
     222   -1.225712e-01    3.127480e+00
     223    5.032395e-02    3.442496e+00
     224    1.453521e-02    3.342102e+00
     225   -1.843414e+00    1.525943e+00
     226   -9.925801e-01    2.793267e+00
     227   -4.779725e-01    3.554505e+00
     228   -1.196106e+00    2.489324e+00
     229   -1.410226e+00    2.172606e+00
     230   -2.037650e+00    1.220707e+00
     231   -8.056768e-01    3.079184e+00
     232   -6.359294e-01    3.333238e+00
     233   -1.629804e+00    1.849230e+00
     234    5.298892e-02    4.657573e+00
     235   -3.380924e-02    3.230172e+00
     236   -2.733749e+00    1.701142e-01
     237   -2.442805e+00    4.099504e-01
     238   -2.334264e+00    6.622608e-01
     239   -2.128781e-01    3.888906e+00
     240   -2.651920e+00    2.325599e-01
     241   -7.150018e-02    3.995579e+00
     242    1.615480e-01    3.970295e+00
     243    9.311575e-02    4.692698e+00
     244    2.222970e-01    4.376196e+00
     245    1.842731e-01    4.534814e+00
     246    1.572219e-01    4.598821e+00
     247   -4.912030e-02    3.299557e+00
     248    1.710652e-01    4.176818e+00
     249    2.060112e-01    4.459997e+00
     250   -2.979396e-03    3.418698e+00
     251    2.803868e-02    3.523988e+00
     252    5.411591e-02    3.631975e+00
     253   -1.283312e-01    3.158763e+00
     254    7.552374e-02    3.740962e+00
     255    3.895610e-02    4.536632e+00
     256    2.381454e-02    4.475533e+00
     257   -2.002593e-01    3.065733e+00
     258    1.144309e-02    4.415147e+00
     259    1.196694e-03    4.356069e+00
     260   -2.676263e-01    2.970072e+00
     261   -7.527181e-03    4.298828e+00
     262   -3.316257e-01    2.871100e+00
     263   -1.524794e-02    4.243905e+00
     264   -3.938619e-01    2.768327e+00
     265   -2.246430e-02    4.191709e+00
     266   -4.558896e-01    2.661491e+00
     267   -2.970052e-02    4.142565e+00
     268   -5.193099e-01    2.550429e+00
     269   -2.009045e+00    8.518795e-01
     270   -1.849276e+00    9.824861e-01
     271   -1.256557e+00    1.527479e+00
     272   -1.392466e+00    1.389730e+00
     273   -1.691052e+00    1.116270e+00
     274   -1.131206e+00    1.664626e+00
     275   -3.755801e-02    4.096706e+00
     276   -1.537903e+00    1.252327e+00
     277   -1.016727e+00    1.800354e+00
     278   -9.128915e-01    1.933900e+00
     279   -8.190232e-01    2.064612e+00
     280   -4.678538e-02    4.054274e+00
     281   -2.569177e+00    3.710833e-01
     282   -7.340949e-01    2.191961e+00
     283   -5.857494e-01    2.435093e+00
     284   -2.166017e+00    7.251798e-01
     285   -2.451874e+00    4.844342e-01
     286   -5.838570e-02    4.015287e+00
     287   -6.568244e-01    2.315545e+00
     288   -2.315419e+00    6.026506e-01
     289   -7.379074e-02    3.979573e+00
     290    1.689074e-01    4.075278e+00
     291   -2.519340e+00    4.068548e-01
     292   -2.470016e+00    4.592213e-01
     293   -2.693368e+00    2.033790e-01
     294   -9.731456e-02    3.970672e+00
     295   -2.200133e+00    9.344779e-01
     296   -6.449610e-02    3.230946e+00
     297    5.437321e-02    4.592836e+00
     298   -2.655671e+00    2.712439e-01
     299   -2.410179e+00    5.376228e-01
     300    6.660548e-02    4.538730e+00
     301   -2.595615e+00    3.403980e-01
     302   -2.348980e+00    6.487659e-01
     303   -3.204496e-01    3.751301e+00
     304   -2.562339e+00    3.668146e-01
     305   -9.512699e-02    3.946643e+00
     306   -2.037867e+00    8.749606e-01
     307   -2.194628e+00    7.414932e-01
     308   -6.475637e-01    2.351951e+00
     309   -7.264737e-01    2.229018e+00
     310   -8.138333e-01    2.102368e+00
     311   -9.108680e-01    1.972292e+00
     312   -1.715276e+00    1.148705e+00
     313   -1.558086e+00    1.287730e+00
     314   -1.018513e+00    1.839189e+00
     315   -1.137320e+00    1.703556e+00
     316    9.252996e-02    3.850182e+00
     317    1.679751e-01    4.273275e+00
     318    8.258692e-02    4.622091e+00
     319    1.072344e-01    4.575099e+00
     320   -1.876542e+00    1.010838e+00
     321    1.445229e-01    4.443551e+00
     322   -1.285223e-01    3.949610e+00
     323    4.030820e-02    4.468272e+00
     324   -4.943579e-02    3.396806e+00
     325   -1.997738e-02    3.504441e+00
     326    5.664618e-03    3.615058e+00
     327    1.131200e-01    4.063871e+00
     328    2.127586e-02    4.404870e+00
     329   -1.316256e-01    3.197398e+00
     330    1.276073e-01    4.516085e+00
     331    6.119259e-03    4.343357e+00
     332    1.590554e-01    4.362799e+00
     333   -1.999458e-01    3.105340e+00
     334    1.050897e-01    3.958335e+00
     335   -6.591514e-03    4.283249e+00
     336   -1.267358e+00    1.565960e+00
     337   -2.650639e-01    3.006787e+00
     338   -1.768053e-02    4.224856e+00
     339   -3.262272e-01    2.907077e+00
     340   -2.782717e-02    4.168533e+00
     341   -3.861657e-01    2.803955e+00
     342   -3.769857e-02    4.114562e+00
     343   -4.466160e-01    2.696973e+00
     344   -1.408063e+00    1.427079e+00
     345   -4.801885e-02    4.063141e+00
     346   -5.964114e-02    4.014380e+00
     347   -2.477703e+00    4.776596e-01
     348   -5.756744e-01    2.470971e+00
     349   -7.364597e-02    3.968303e+00
     350   -2.343577e+00    6.094069e-01
     351   -5.092359e-01    2.585987e+00
     352   -9.150010e-02    3.924808e+00
     353   -2.402339e+00    5.731416e-01
     354   -1.265631e-01    3.913879e+00
     355   -2.125529e+00    1.006200e+00
     356   -2.280167e+00    7.654417e-01
     357   -8.127881e-01    2.862152e+00
     358   -1.019978e+00    2.546339e+00
     359   -1.242128e+00    2.221065e+00
     360   -1.476414e+00    1.893855e+00
     361   -6.343913e-01    3.151321e+00
     362   -1.711229e+00    1.573083e+00
     363   -1.931321e+00    1.276286e+00
     364   -4.841228e-01    3.400773e+00
     365   -1.827884e-01    3.872418e+00
     366    6.183084e-02    4.448674e+00
     367   -2.262382e+00    7.554815e-01
     368   -2.451193e+00    5.128232e-01
     369   -1.152262e-01    3.883346e+00
     370   -2.064332e+00    8.898964e-01
     371   -1.901883e+00    1.032646e+00
     372   -8.082881e-01    2.145747e+00
     373   -9.084466e-01    2.015362e+00
     374   -6.378779e-01    2.395121e+00
     375   -1.577046e+00    1.320065e+00
     376   -5.650707e-01    2.513831e+00
     377   -1.019803e+00    1.881524e+00
     378   -1.142810e+00    1.744564e+00
     379   -1.737980e+00    1.176267e+00
     380   -7.184944e-01    2.272380e+00
     381   -2.218747e+00    7.499868e-01
     382    2.714331e-02    3.726409e+00
     383    1.165136e-01    4.165074e+00
     384   -7.340384e-02    3.312764e+00
     385   -9.132174e-02    3.373455e+00
     386    9.249963e-02    4.422765e+00
     387   -6.335618e-02    3.481501e+00
     388    1.083803e-01    4.345766e+00
     389    9.031506e-02    4.503273e+00
     390    5.797542e-02    3.946486e+00
     391    3.512903e-02    4.384456e+00
     392    4.458208e-02    3.837354e+00
     393    1.150345e-01    4.259670e+00
     394   -1.422655e+00    1.463196e+00
     395    1.367984e-02    4.321154e+00
     396   -1.291087e-01    3.255168e+00
     397   -3.852950e-03    4.258878e+00
     398   -2.014162e-01    3.144259e+00
     399   -1.888271e-02    4.197296e+00
     400   -2.610211e-01    3.049289e+00
     401   -3.240843e-02    4.136951e+00
     402   -3.192828e-01    2.949974e+00
     403   -4.526286e-02    4.078188e+00
     404   -3.773855e-01    2.846329e+00
     405   -1.277373e+00    1.604914e+00
     406   -5.828694e-02    4.021183e+00
     407   -7.241925e-02    3.966002e+00
     408   -2.367642e+00    6.057118e-01
     409   -8.878222e-02    3.912640e+00
     410   -4.365166e-01    2.739303e+00
     411   -4.985020e-01    2.628532e+00
     412   -1.088187e-01    3.860993e+00
     413   -1.475728e-01    3.843048e+00
     414   -2.203226e+00    8.552658e-01
     415   -2.033704e+00    1.071962e+00
     416   -2.313778e+00    6.789633e-01
     417   -1.946470e-01    3.798571e+00
     418   -2.497025e+00    4.592852e-01
     419   -1.924754e+00    1.051415e+00
     420   -1.344079e-01    3.810656e+00
     421   -2.088921e+00    8.991115e-01
     422   -1.758668e+00    1.201524e+00
     423   -9.047907e-01    2.062523e+00
     424   -1.019725e+00    1.927035e+00
     425   -8.016574e-01    2.193940e+00
     426   -7.095213e-01    2.321157e+00
     427   -5.535628e-01    2.562748e+00
     428   -1.594237e+00    1.351052e+00
     429   -1.435587e+00    1.499115e+00
     430   -3.717798e-02    3.595694e+00
     431    6.723083e-02    4.052119e+00
     432    7.262152e-02    4.323830e+00
     433   -1.316750e-01    3.341153e+00
     434    4.581481e-03    3.824774e+00
     435    7.293366e-02    4.246080e+00
     436   -1.416774e-02    3.711472e+00
     437    7.213268e-02    4.152621e+00
     438    2.427021e-02    4.287991e+00
     439    7.574957e-04    4.225091e+00
     440   -1.507760e-01    3.261021e+00
     441   -1.876005e-02    4.161903e+00
     442   -1.966297e-01    3.196322e+00
     443   -1.146814e+00    1.787698e+00
     444   -3.611907e-02    4.098247e+00
     445   -2.522907e-01    3.105430e+00
     446   -5.234995e-02    4.035069e+00
     447   -3.105678e-01    3.000272e+00
     448   -1.285794e+00    1.644871e+00
     449   -6.272784e-01    2.444087e+00
     450   -6.839893e-02    3.972768e+00
     451   -2.229131e+00    7.604831e-01
     452   -8.528018e-02    3.911434e+00
     453   -4.868663e-01    2.677175e+00
     454   -3.674278e-01    2.894968e+00
     455   -1.041487e-01    3.851026e+00
     456   -4.254280e-01    2.787758e+00
     457   -1.264125e-01    3.791406e+00
     458   -1.678333e-01    3.761840e+00
     459   -2.586380e-01    3.744181e+00
     460   -6.538778e-01    2.947789e+00
     461   -1.563201e+00    1.651402e+00
     462   -4.979221e-01    3.244071e+00
     463   -8.632989e-01    2.607781e+00
     464   -1.085387e+00    2.296748e+00
     465   -1.806174e+00    1.333844e+00
     466   -1.317245e+00    1.957368e+00
     467   -2.747657e-01    3.654076e+00
     468    5.343597e-02    4.354671e+00
     469   -1.952333e+00    1.064089e+00
     470   -1.778138e+00    1.227741e+00
     471   -8.992769e-01    2.113874e+00
     472   -7.933068e-01    2.246778e+00
     473   -2.141213e+00    8.763532e-01
     474   -1.609655e+00    1.383687e+00
     475   -1.538404e-01    3.732326e+00
     476   -1.017702e+00    1.976203e+00
     477   -1.446682e+00    1.537023e+00
     478   -6.989950e-01    2.374920e+00
     479   -1.292289e+00    1.687339e+00
     480   -1.026654e-01    3.455218e+00
     481    1.919618e-02    3.934338e+00
     482    3.846688e-02    4.238370e+00
     483   -4.794050e-02    3.698790e+00
     484    3.601400e-02    4.137041e+00
     485    2.950753e-02    4.038011e+00
     486   -7.226682e-02    3.580178e+00
     487    6.166486e-03    4.179976e+00
     488   -1.716443e-02    4.121335e+00
     489   -3.850077e-02    4.054942e+00
     490   -1.782953e-01    3.288461e+00
     491   -1.148861e+00    1.833899e+00
     492   -5.868378e-02    3.986988e+00
     493   -2.453418e-01    3.161861e+00
     494   -7.817501e-02    3.919594e+00
     495   -5.407573e-01    2.617053e+00
     496   -9.811452e-02    3.852550e+00
     497   -4.739981e-01    2.731264e+00
     498   -6.152622e-01    2.498304e+00
     499   -3.019610e-01    3.052998e+00
     500   -1.197280e-01    3.785637e+00
     501   -4.132841e-01    2.841303e+00
     502   -3.566396e-01    2.948111e+00
     503   -1.444131e-01    3.718620e+00
     504   -1.883231e-01    3.674298e+00
     505   -3.567906e-01    3.604403e+00
     506   -3.756038e-01    3.472367e+00
     507   -1.794342e+00    1.264687e+00
     508   -2.135978e-01    3.709509e+00
     509   -2.337169e-01    3.612263e+00
     510   -1.619738e+00    1.427032e+00
     511   -7.828218e-01    2.304682e+00
     512   -8.915764e-01    2.170219e+00
     513   -6.864824e-01    2.433770e+00
     514   -1.454604e+00    1.582011e+00
     515   -1.013548e+00    2.030297e+00
     516   -1.296652e+00    1.735268e+00
     517   -1.738289e-01    3.651256e+00
     518   -1.148849e+00    1.885129e+00
     519   -2.846176e-02    3.811807e+00
     520    6.327146e-03    4.112260e+00
     521   -1.740842e-03    4.020447e+00
     522   -1.011398e-01    3.566093e+00
     523   -1.360239e-02    3.918689e+00
     524   -1.388847e-02    4.086999e+00
     525   -3.707378e-02    4.016165e+00
     526   -6.302629e-02    3.937036e+00
     527   -8.711171e-02    3.863418e+00
     528   -1.106065e-01    3.790915e+00
     529   -2.409216e-01    3.212674e+00
     530   -6.014204e-01    2.557623e+00
     531   -1.352619e-01    3.718152e+00
     532   -4.595960e-01    2.790334e+00
     533   -3.996738e-01    2.899745e+00
     534   -5.263034e-01    2.676386e+00
     535   -2.926249e-01    3.108542e+00
     536   -3.446452e-01    3.005487e+00
     537   -1.626094e-01    3.644556e+00
     538   -3.914392e-01    3.346112e+00
     539   -2.093892e-01    3.584319e+00
     540   -1.979668e+00    1.081968e+00
     541   -1.877131e-01    3.321268e+00
     542   -2.945242e-01    3.543413e+00
     543   -5.020511e-01    3.119188e+00
     544   -1.615723e+00    1.498869e+00
     545   -7.701113e-01    2.368626e+00
     546   -6.717774e-01    2.498292e+00
     547   -1.456490e+00    1.641964e+00
     548   -2.538441e-01    3.513907e+00
     549   -8.817659e-01    2.233029e+00
     550   -1.298635e+00    1.793266e+00
     551   -1.007531e+00    2.091441e+00
     552   -1.147064e+00    1.944467e+00
     553   -7.775795e-02    3.680759e+00
     554   -4.057944e-02    3.901542e+00
     555   -5.710189e-02    3.794329e+00
     556   -1.313149e-01    3.443675e+00
     557   -6.366910e-02    3.883853e+00
     558   -9.522222e-02    3.802874e+00
     559   -1.942576e-01    3.569784e+00
     560   -5.855166e-01    2.622273e+00
     561   -1.225499e-01    3.726949e+00
     562   -1.504272e-01    3.649634e+00
     563   -2.335714e-01    3.269006e+00
     564   -5.099246e-01    2.740788e+00
     565   -3.310883e-01    3.066990e+00
     566   -3.844070e-01    2.962717e+00
     567   -2.814276e-01    3.168619e+00
     568   -4.434494e-01    2.854127e+00
     569   -1.804284e-01    3.571064e+00
     570   -2.313111e-01    3.494696e+00
     571   -1.864280e-01    3.369056e+00
     572   -2.127735e+00    9.239501e-01
     573   -1.808912e-01    3.425585e+00
     574   -3.120020e-01    3.435802e+00
     575   -6.549776e-01    2.569524e+00
     576   -7.560033e-01    2.439031e+00
     577   -1.298051e+00    1.868165e+00
     578   -8.715514e-01    2.302749e+00
     579   -1.141637e+00    2.019953e+00
     580   -5.675279e-01    2.692885e+00
     581   -1.000026e+00    2.164011e+00
     582   -2.735235e-01    3.422890e+00
     583   -1.332448e-01    3.531198e+00
     584   -2.533688e-02    4.005438e+00
     585   -8.154673e-02    3.771343e+00
     586   -1.021114e-01    3.662751e+00
     587   -1.059408e-01    3.729560e+00
     588   -2.158284e-01    3.486042e+00
     589   -1.344799e-01    3.659555e+00
     590   -1.668655e-01    3.574754e+00
     591   -4.915578e-01    2.810513e+00
     592   -2.246806e-01    3.327799e+00
     593   -2.687018e-01    3.230594e+00
     594   -3.130456e-01    3.139029e+00
     595   -4.254311e-01    2.923048e+00
     596   -3.652341e-01    3.035688e+00
     597   -1.980189e-01    3.498168e+00
     598   -2.573072e-01    3.398573e+00
     599   -4.007444e-01    3.240021e+00
     600   -6.105009e-01    2.893709e+00
     601   -1.448679e+00    1.718499e+00
     602   -1.725796e-01    3.490040e+00
     603   -3.267720e-01    3.342116e+00
     604   -6.364782e-01    2.647903e+00
     605   -7.412712e-01    2.517693e+00
     606   -5.433376e-01    2.777344e+00
     607   -1.130507e+00    2.121954e+00
     608   -8.558963e-01    2.391939e+00
     609   -9.853735e-01    2.259018e+00
     610   -1.236485e-01    3.637302e+00
     611   -2.334628e-01    3.414115e+00
     612   -1.432242e-01    3.603852e+00
     613   -3.024489e-01    3.319740e+00
     614   -1.850619e-01    3.489963e+00
     615   -4.658867e-01    2.895549e+00
     616   -2.187147e-01    3.370997e+00
     617   -2.477862e-01    3.312042e+00
     618   -2.201545e-01    3.412542e+00
     619   -4.047546e-01    2.997341e+00
     620   -2.874287e-01    3.233588e+00
     621   -3.493364e-01    3.101235e+00
     622   -4.987953e-01    3.031286e+00
     623   -2.884609e-01    3.289774e+00
     624   -7.281789e-01    2.734089e+00
     625   -1.422133e-01    3.550160e+00
     626   -6.974225e-01    2.712984e+00
     627   -8.274129e-01    2.522235e+00
     628   -4.063992e-01    3.159682e+00
     629   -6.166802e-01    2.736252e+00
     630   -5.167160e-01    2.871972e+00
     631   -4.350093e-01    2.994278e+00
     632   -3.385785e-01    3.203255e+00
     633   -2.441042e-01    3.364748e+00
     634   -3.752237e-01    3.090127e+00
     635   -3.393425e-01    3.148569e+00
     636   -9.737573e-01    2.358837e+00
     637   -5.023677e-01    2.954972e+00
     638   -4.003341e-01    3.112647e+00
     639   -2.885707e-01    3.259540e+00
     640   -3.388255e-01    3.272914e+00
     641   -6.036311e-01    2.823296e+00
     642   -1.477576e-01    3.446673e+00
     643   -7.191744e-01    2.616731e+00
     644   -4.380399e-01    3.777175e+00
     645   -5.212381e-01    3.711902e+00
     646   -4.248433e-01    3.748318e+00
     647   -1.904015e-02    4.039592e+00
     648    0.000000e+00    4.037825e+00
     649   -2.235254e-02    4.029313e+00
     650   -1.043158e+00    3.141162e+00
     651   -1.169434e+00    3.144725e+00
     652   -1.128967e+00    3.023976e+00
     653   -1.068193e+00    1.682101e+00
     654   -1.067714e+00    1.668335e+00
     655   -1.015462e+00    1.751406e+00
     656   -1.580011e+00    1.123837e+00
     657   -1.569584e+00    1.101516e+00
     658   -1.507825e+00    1.192495e+00
     659   -1.681360e+00    1.997143e+00
     660   -1.667476e+00    2.167993e+00
     661   -1.757462e+00    2.002728e+00
     662   -2.194909e+00    6.175410e-01
     663   -2.178094e+00    5.934954e-01
     664   -2.118396e+00    6.753452e-01
     665   -2.435395e+00    1.273987e-01
     666   -2.469043e+00    0.000000e+00
     667   -2.480027e+00    1.130428e-01
     668    1.579640e-02    4.719353e+00
     669    0.000000e+00    4.703003e+00
     670    1.352261e-02    4.691383e+00
     671    0.000000e+00    3.945112e+00
     672   -9.104391e-02    3.906154e+00
     673   -7.363064e-02    3.939249e+00
     674   -1.388280e-01    3.934154e+00
     675   -2.147571e-01    3.898568e+00
     676   -1.637852e-01    3.930973e+00
     677   -2.936929e-01    3.856601e+00
     678   -2.923962e-01    3.865819e+00
     679   -3.597550e-01    3.828591e+00
     680   -4.909240e-02    4.013187e+00
     681   -2.715022e-02    4.018543e+00
     682   -1.093558e-01    3.930143e+00
     683   -8.391201e-02    3.973281e+00
     684   -9.722283e-02    3.958693e+00
     685   -1.243446e-02    4.072241e+00
     686   -1.426629e-02    4.060698e+00
     687   -2.672157e-02    4.057285e+00
     688   -9.624411e-03    4.098073e+00
     689   -1.090742e-02    4.084663e+00
     690   -2.059684e-02    4.082987e+00
     691   -7.587736e-03    4.128145e+00
     692   -8.530077e-03    4.112553e+00
     693   -1.620065e-02    4.112701e+00
     694   -6.024472e-03    4.162734e+00
     695   -6.760358e-03    4.144872e+00
     696   -1.287234e-02    4.146800e+00
     697   -4.733608e-03    4.201812e+00
     698   -5.354164e-03    4.181722e+00
     699   -1.017387e-02    4.185319e+00
     700   -3.571954e-03    4.245168e+00
     701   -4.143356e-03    4.222973e+00
     702   -7.797732e-03    4.228095e+00
     703   -2.429661e-03    4.292472e+00
     704   -3.003816e-03    4.268351e+00
     705   -5.512052e-03    4.274833e+00
     706   -1.214629e-03    4.343306e+00
     707   -1.836128e-03    4.317477e+00
     708   -3.126551e-03    4.325148e+00
     709    2.736051e-01    4.092576e+00
     710    3.165229e-01    4.149218e+00
     711    2.752690e-01    4.143407e+00
     712    1.578923e-04    4.397171e+00
     713   -5.529452e-04    4.369894e+00
     714   -4.699122e-04    4.378569e+00
     715    1.772853e-03    4.453484e+00
     716    9.297562e-04    4.425062e+00
     717    2.626241e-03    4.434546e+00
     718    3.721553e-03    4.511564e+00
     719    2.699366e-03    4.482350e+00
     720    6.339963e-03    4.492431e+00
     721    1.094357e-02    4.499701e+00
     722    7.876415e-03    4.470273e+00
     723    5.800322e-02    4.749941e+00
     724    3.848038e-02    4.741541e+00
     725    4.578949e-02    4.714275e+00
     726   -2.281452e+00    1.960097e-01
     727   -2.361583e+00    0.000000e+00
     728   -2.354808e+00    1.686289e-01
     729   -2.493579e+00    3.998502e-01
     730   -2.538866e+00    3.105010e-01
     731   -2.520961e+00    3.714774e-01
     732   -2.188094e+00    9.945438e-01
     733   -2.179405e+00    9.689441e-01
     734   -2.237122e+00    8.256944e-01
     735   -1.994068e+00    1.511769e+00
     736   -2.066392e+00    1.337196e+00
     737   -2.033973e+00    1.346747e+00
     738   -1.489956e+00    2.474708e+00
     739   -1.582669e+00    2.317403e+00
     740   -1.489306e+00    2.313185e+00
     741   -1.221872e+00    2.889854e+00
     742   -1.107570e+00    2.897434e+00
     743   -7.750820e-01    3.467953e+00
     744   -8.665872e-01    3.363511e+00
     745   -7.504120e-01    3.388965e+00
     746   -6.011819e-01    3.641728e+00
     747   -6.928834e-01    3.555374e+00
     748   -5.810224e-01    3.588551e+00
     749   -2.734299e-01    3.868068e+00
     750   -2.828356e+00    2.932826e-02
     751   -2.832353e+00    0.000000e+00
     752   -2.839427e+00    2.220944e-02
     753   -2.811822e+00    6.834610e-02
     754   -2.809072e+00    6.836536e-02
     755   -2.789840e+00    9.847610e-02
     756   -2.672961e+00    2.180764e-01
     757   -2.687561e+00    1.683576e-01
     758   -2.707916e+00    1.576325e-01
     759   -2.735345e+00    1.006010e-01
     760   -2.736186e+00    5.217180e-02
     761   -2.755319e+00    4.830754e-02
     762   -2.716311e+00    5.600508e-02
     763   -2.729766e+00    0.000000e+00
     764   -2.653601e+00    6.522974e-02
     765   -2.675140e+00    6.208410e-02
     766   -2.653840e+00    1.272671e-01
     767   -2.607206e+00    7.549033e-02
     768   -2.631143e+00    6.979817e-02
     769   -2.608202e+00    1.450705e-01
     770   -2.552685e+00    8.920692e-02
     771   -2.581716e+00    8.155372e-02
     772   -2.555325e+00    1.705083e-01
     773   -2.520972e+00    9.800331e-02
     774   -2.486176e+00    2.113631e-01
     775    3.566590e-02    3.238567e+00
     776    1.712126e-02    3.196161e+00
     777    7.829772e-02    3.281929e+00
     778    3.826793e-03    3.214663e+00
     779    6.505293e-02    3.300603e+00
     780    2.589498e-01    3.937324e+00
     781    2.654102e-01    3.989348e+00
     782    2.221231e-01    3.930239e+00
     783    1.400538e-01    3.659785e+00
     784    1.844552e-01    3.720995e+00
     785    1.519647e-01    3.711812e+00
     786   -3.035867e-01    2.878031e+00
     787   -3.039536e-01    2.866572e+00
     788   -2.689383e-01    2.926062e+00
     789   -3.374512e-01    2.829091e+00
     790   -3.027429e-01    2.890917e+00
     791   -4.034447e-01    2.728127e+00
     792   -3.706750e-01    2.779155e+00
     793   -3.684079e-01    2.791134e+00
     794   -4.682779e-01    2.622632e+00
     795   -4.359143e-01    2.675972e+00
     796   -4.324860e-01    2.687191e+00
     797   -5.334162e-01    2.512279e+00
     798   -5.007122e-01    2.568077e+00
     799   -4.964435e-01    2.578762e+00
     800   -6.003942e-01    2.396912e+00
     801   -5.665748e-01    2.455229e+00
     802   -5.618323e-01    2.465661e+00
     803   -6.098012e-01    2.383812e+00
     804   -5.756063e-01    2.441859e+00
     805   -5.711852e-01    2.447242e+00
     806   -6.803445e-01    2.263299e+00
     807   -6.446575e-01    2.324291e+00
     808   -6.398735e-01    2.329426e+00
     809   -8.351370e-01    2.005325e+00
     810   -7.942839e-01    2.071818e+00
     811   -7.900067e-01    2.078006e+00
     812   -9.221471e-01    1.868785e+00
     813   -8.777095e-01    1.937613e+00
     814   -8.743375e-01    1.945124e+00
     815   -8.647643e-01    1.999648e+00
     816   -9.140464e-01    1.916833e+00
     817   -8.667395e-01    1.982948e+00
     818   -1.017173e+00    1.728205e+00
     819   -9.685939e-01    1.798936e+00
     820   -9.665627e-01    1.808278e+00
     821   -1.234640e+00    1.439286e+00
     822   -1.176671e+00    1.512074e+00
     823   -1.178519e+00    1.526361e+00
     824   -1.357862e+00    1.293680e+00
     825   -1.295038e+00    1.366408e+00
     826   -1.299310e+00    1.383609e+00
     827   -1.304495e+00    1.401744e+00
     828   -1.241585e+00    1.472003e+00
     829   -1.490471e+00    1.149444e+00
     830   -1.423029e+00    1.221272e+00
     831   -1.429920e+00    1.241486e+00
     832   -1.779360e+00    8.721832e-01
     833   -1.704708e+00    9.395234e-01
     834   -1.716846e+00    9.652648e-01
     835   -1.654067e+00    1.055990e+00
     836   -1.590986e+00    1.145138e+00
     837   -1.931601e+00    7.427227e-01
     838   -1.855095e+00    8.065023e-01
     839   -1.869485e+00    8.342757e-01
     840   -1.303419e+00    2.334062e+00
     841   -1.290650e+00    2.473164e+00
     842   -1.396674e+00    2.312606e+00
     843   -2.379620e+00    4.086189e-01
     844   -2.308934e+00    4.579290e-01
     845   -2.325872e+00    4.856709e-01
     846   -2.511348e+00    3.179697e-01
     847   -2.447282e+00    3.619615e-01
     848   -2.462922e+00    3.868554e-01
     849   -2.626301e+00    2.376472e-01
     850   -2.571155e+00    2.765044e-01
     851   -2.584327e+00    2.969263e-01
     852   -2.720683e+00    1.656891e-01
     853   -2.675815e+00    2.008763e-01
     854   -2.686300e+00    2.140882e-01
     855   -2.757519e+00    1.327405e-01
     856   -2.764582e+00    1.339774e-01
     857    2.459280e-02    4.781156e+00
     858    0.000000e+00    4.757379e+00
     859    2.138389e-02    4.755629e+00
     860    3.570793e-02    4.651864e+00
     861    2.788132e-02    4.619738e+00
     862    4.221090e-02    4.626033e+00
     863    4.259862e-02    4.683197e+00
     864    2.509875e-02    4.674162e+00
     865    5.094092e-03    4.441184e+00
     866    2.558488e-03    4.412502e+00
     867    1.712781e-01    4.568167e+00
     868    2.030521e-01    4.577670e+00
     869    1.874341e-01    4.609260e+00
     870    8.343567e-03    4.445073e+00
     871    2.036559e-01    4.648837e+00
     872    1.710408e-01    4.638510e+00
     873    1.335028e-02    4.373994e+00
     874    1.595490e-02    4.411174e+00
     875    9.349535e-03    4.380803e+00
     876    2.008799e-01    4.080955e+00
     877    2.372856e-01    4.137763e+00
     878    2.024602e-01    4.132178e+00
     879    2.326768e-01    4.034954e+00
     880    2.703112e-01    4.041152e+00
     881    2.752803e-01    4.193480e+00
     882    3.150187e-01    4.248013e+00
     883    2.736326e-01    4.242575e+00
     884    1.807457e-01    3.870404e+00
     885    1.878040e-01    3.923502e+00
     886    2.415413e-01    3.833375e+00
     887    2.509693e-01    3.885283e+00
     888    2.059065e-01    3.825118e+00
     889    2.186085e-01    3.730651e+00
     890    2.307216e-01    3.781785e+00
     891    1.908431e-01    3.630339e+00
     892    2.052744e-01    3.680130e+00
     893    1.583405e-01    3.619134e+00
     894    1.587105e-01    3.532923e+00
     895    1.754046e-01    3.581400e+00
     896    1.278885e-01    3.520111e+00
     897    1.220785e-01    3.436930e+00
     898    1.416614e-01    3.485921e+00
     899    9.241517e-02    3.422089e+00
     900   -4.204108e-02    3.197245e+00
     901   -8.892976e-03    3.220945e+00
     902   -8.074866e-04    3.253490e+00
     903   -6.707696e-01    2.276545e+00
     904   -6.350564e-01    2.337351e+00
     905   -6.302376e-01    2.347852e+00
     906   -9.935530e-01    3.354987e+00
     907   -9.507304e-01    3.260319e+00
     908   -1.342347e+00    2.905431e+00
     909   -1.308677e+00    2.760299e+00
     910   -1.403310e+00    2.614984e+00
     911   -1.510883e+00    2.638982e+00
     912   -1.672846e+00    2.347177e+00
     913   -1.825116e+00    2.031918e+00
     914   -1.837988e+00    1.845749e+00
     915   -1.920781e+00    1.674631e+00
     916   -1.963596e+00    1.695343e+00
     917   -2.085075e+00    6.215412e-01
     918   -2.008394e+00    6.809996e-01
     919   -2.024490e+00    7.099643e-01
     920    9.524373e-03    4.631017e+00
     921    7.548768e-03    4.600272e+00
     922    1.701566e-02    4.612058e+00
     923    6.146312e-03    4.570684e+00
     924    4.852455e-03    4.541020e+00
     925    1.090912e-02    4.551527e+00
     926   -7.549793e-01    2.137020e+00
     927   -7.170622e-01    2.200864e+00
     928   -7.123184e-01    2.206260e+00
     929    0.000000e+00    4.058388e+00
     930   -1.648706e-02    4.049852e+00
     931   -5.418677e-01    2.498429e+00
     932   -5.084197e-01    2.553545e+00
     933   -5.047293e-01    2.559640e+00
     934    0.000000e+00    4.081229e+00
     935   -4.750616e-01    2.607230e+00
     936   -4.416332e-01    2.659538e+00
     937   -4.389936e-01    2.666744e+00
     938    0.000000e+00    4.107805e+00
     939   -4.079502e-01    2.710507e+00
     940   -3.738548e-01    2.760238e+00
     941   -3.725238e-01    2.768870e+00
     942    0.000000e+00    4.138762e+00
     943   -3.392029e-01    2.808763e+00
     944   -3.038016e-01    2.856308e+00
     945    0.000000e+00    4.174284e+00
     946   -2.676379e-01    2.902762e+00
     947   -2.302467e-01    2.948925e+00
     948   -2.319170e-01    2.960954e+00
     949    0.000000e+00    4.214288e+00
     950   -1.921871e-01    2.993783e+00
     951   -1.530116e-01    3.038441e+00
     952   -1.558823e-01    3.052543e+00
     953    0.000000e+00    4.258524e+00
     954    1.268165e-01    3.608130e+00
     955    9.700542e-02    3.597873e+00
     956    0.000000e+00    4.306636e+00
     957    2.358167e-01    4.237111e+00
     958    2.703284e-01    4.290524e+00
     959    0.000000e+00    4.358181e+00
     960    1.534364e-01    4.664771e+00
     961    1.423581e-01    4.626936e+00
     962    0.000000e+00    4.412637e+00
     963    1.158555e-01    4.708164e+00
     964    1.200030e-01    4.740543e+00
     965    9.583985e-02    4.725210e+00
     966    0.000000e+00    4.469394e+00
     967    1.435326e-02    4.529228e+00
     968    1.654809e-02    4.504119e+00
     969    0.000000e+00    4.527741e+00
     970    2.261327e-02    4.589033e+00
     971    1.816431e-02    4.559043e+00
     972    2.686191e-02    4.563955e+00
     973    0.000000e+00    4.586834e+00
     974    1.133309e-02    4.660168e+00
     975    0.000000e+00    4.645663e+00
     976   -2.083439e+00    1.340001e+00
     977   -2.129090e+00    1.170143e+00
     978   -2.269682e+00    5.616124e-01
     979   -2.211250e+00    6.369917e-01
     980   -2.235906e+00    5.099009e-01
     981   -2.161072e+00    5.644569e-01
     982   -1.865894e+00    1.673247e+00
     983   -1.631518e+00    1.008343e+00
     984   -1.560015e+00    1.078377e+00
     985   -1.296394e+00    2.614743e+00
     986   -1.121137e+00    1.584617e+00
     987   -1.067990e+00    1.656707e+00
     988   -9.256926e-01    3.156979e+00
     989   -8.155544e-01    3.534316e+00
     990   -7.286833e-01    3.302107e+00
     991   -8.174861e-01    3.176830e+00
     992   -7.202714e-01    3.210834e+00
     993   -9.823181e-02    3.886625e+00
     994   -8.119859e-02    3.941371e+00
     995   -9.009036e-02    3.917340e+00
     996   -6.359931e-01    3.680766e+00
     997   -5.880674e-02    3.972310e+00
     998   -4.552233e-01    3.792588e+00
     999   -2.689137e+00    0.000000e+00
    1000   -2.696062e+00    5.816781e-02
    1001   -2.502299e+00    4.251753e-01
    1002   -2.490214e+00    4.182322e-01
    1003   -2.439498e+00    4.796041e-01
    1004   -2.577439e+00    2.253653e-01
    1005   -2.602136e+00    2.094355e-01
    1006   -2.646101e+00    0.000000e+00
    1007   -2.446744e+00    3.318573e-01
    1008   -2.487814e+00    2.936970e-01
    1009   -2.598744e+00    0.000000e+00
    1010   -2.521549e+00    2.648998e-01
    1011   -2.551069e+00    2.428848e-01
    1012   -2.542649e+00    0.000000e+00
    1013   -2.318541e+00    4.808537e-01
    1014   -2.366805e+00    3.034758e-01
    1015   -2.397259e+00    3.866867e-01
    1016   -1.496746e-01    3.024162e+00
    1017   -1.129309e-01    3.082255e+00
    1018   -3.806200e-02    3.159214e+00
    1019   -9.247446e-03    4.278519e+00
    1020   -5.784200e-03    4.303589e+00
    1021   -7.578898e-03    4.278161e+00
    1022   -2.282201e-01    2.936949e+00
    1023   -2.684330e-01    2.954033e+00
    1024   -2.343786e-01    3.002055e+00
    1025   -2.344103e-01    3.018330e+00
    1026   -3.030083e-01    2.847016e+00
    1027   -3.339067e-01    2.855507e+00
    1028   -3.014903e-01    2.905233e+00
    1029   -2.999287e-01    2.921052e+00
    1030   -3.745360e-01    2.753132e+00
    1031   -3.973496e-01    2.753114e+00
    1032   -3.657861e-01    2.804818e+00
    1033   -3.628654e-01    2.820212e+00
    1034   -4.437046e-01    2.654316e+00
    1035   -4.602445e-01    2.646531e+00
    1036   -4.287664e-01    2.700364e+00
    1037   -4.248032e-01    2.715430e+00
    1038   -5.116698e-01    2.549834e+00
    1039   -5.241535e-01    2.535558e+00
    1040   -4.919688e-01    2.591606e+00
    1041   -4.873249e-01    2.606493e+00
    1042   -5.797476e-01    2.439191e+00
    1043   -5.470185e-01    2.510203e+00
    1044   -5.520501e-01    2.493294e+00
    1045   -5.143450e-01    2.567275e+00
    1046   -6.493458e-01    2.322124e+00
    1047   -6.549635e-02    3.997048e+00
    1048   -5.046175e-02    4.034519e+00
    1049   -5.685405e-02    4.018033e+00
    1050   -7.219096e-01    2.198601e+00
    1051   -7.077086e-01    2.214542e+00
    1052   -7.988713e-01    2.068823e+00
    1053   -9.038913e-01    3.051380e+00
    1054   -9.994020e-01    2.909145e+00
    1055   -8.987893e-01    2.940465e+00
    1056   -8.816000e-01    1.933235e+00
    1057   -8.714349e-01    1.955404e+00
    1058   -8.277709e-01    2.021727e+00
    1059   -9.713448e-01    1.792534e+00
    1060   -1.192523e+00    1.596182e+00
    1061   -1.251230e+00    1.508510e+00
    1062   -1.188414e+00    1.577447e+00
    1063   -1.069170e+00    1.647677e+00
    1064   -1.123439e+00    1.612325e+00
    1065   -1.069266e+00    1.697633e+00
    1066   -1.175881e+00    1.499884e+00
    1067   -1.019288e+00    1.859940e+00
    1068   -9.631202e-01    1.927000e+00
    1069   -9.626790e-01    1.948863e+00
    1070   -1.291937e+00    1.350636e+00
    1071   -1.369913e+00    1.331614e+00
    1072   -1.310347e+00    1.420476e+00
    1073   -1.417363e+00    1.201651e+00
    1074   -1.702726e+00    1.838388e+00
    1075   -1.806347e+00    1.670040e+00
    1076   -1.738129e+00    1.689279e+00
    1077   -1.551651e+00    1.054845e+00
    1078   -1.384656e+00    1.370511e+00
    1079   -1.316672e+00    1.439493e+00
    1080   -1.323235e+00    1.458621e+00
    1081   -1.693672e+00    9.122694e-01
    1082   -1.806602e+00    9.234718e-01
    1083   -1.729706e+00    9.891549e-01
    1084   -1.742960e+00    1.011113e+00
    1085   -1.841600e+00    7.760151e-01
    1086   -1.822902e+00    1.424681e+00
    1087   -1.777762e+00    1.548178e+00
    1088   -1.886459e+00    1.392819e+00
    1089   -1.992874e+00    6.480928e-01
    1090   -2.545032e+00    3.498543e-01
    1091   -2.495296e+00    4.313771e-01
    1092   -2.144200e+00    5.302855e-01
    1093   -2.667100e+00    1.782080e-01
    1094   -2.695703e+00    1.142368e-01
    1095   -2.291617e+00    4.239863e-01
    1096   -2.477318e+00    4.052892e-01
    1097   -2.411517e+00    4.555175e-01
    1098   -2.430644e+00    3.300339e-01
    1099   -2.595370e+00    3.105931e-01
    1100   -2.538639e+00    3.572257e-01
    1101   -2.556493e+00    2.485684e-01
    1102   -2.747603e+00    1.339709e-01
    1103   -2.771052e+00    8.161226e-02
    1104   -2.764708e+00    1.189360e-01
    1105   -2.664368e+00    1.789317e-01
    1106   -2.692519e+00    2.211138e-01
    1107   -2.646384e+00    2.658277e-01
    1108   -2.749812e+00    1.196228e-01
    1109   -2.805981e+00    3.242316e-02
    1110   -2.812801e+00    4.769993e-02
    1111   -2.791127e+00    8.519572e-02
    1112    3.108578e-01    4.047690e+00
    1113    1.197023e-01    3.856749e+00
    1114    1.559466e-01    3.917015e+00
    1115    1.264891e-01    3.910687e+00
    1116    1.627844e-01    3.764394e+00
    1117    1.723787e-01    3.817298e+00
    1118    2.982798e-01    3.944898e+00
    1119   -1.023530e-01    3.254947e+00
    1120   -9.122618e-02    3.248893e+00
    1121   -6.155780e-02    3.305795e+00
    1122    2.792287e-01    3.842238e+00
    1123   -1.606594e-01    3.081754e+00
    1124   -1.961627e-01    3.020800e+00
    1125   -1.583837e-01    3.066773e+00
    1126    2.543333e-01    3.740990e+00
    1127    9.629031e-02    3.506067e+00
    1128    1.128664e-01    3.557577e+00
    1129    6.721201e-02    3.493857e+00
    1130    2.244211e-01    3.642257e+00
    1131   -1.804672e-02    3.320776e+00
    1132    3.278154e-02    3.391695e+00
    1133   -4.473333e-05    3.371299e+00
    1134    1.905305e-01    3.546884e+00
    1135   -7.886023e-02    3.179113e+00
    1136   -1.196262e-01    3.112084e+00
    1137   -7.508590e-02    3.163335e+00
    1138    1.039727e-01    3.392006e+00
    1139    1.539223e-01    3.455323e+00
    1140    1.160453e-01    3.367404e+00
    1141    8.365061e-02    3.343711e+00
    1142    5.319602e-02    3.324597e+00
    1143   -2.177574e+00    1.022259e+00
    1144   -2.295386e+00    7.017911e-01
    1145   -2.285889e+00    6.480973e-01
    1146   -8.308385e-02    3.983106e+00
    1147   -5.744496e-02    4.012754e+00
    1148   -6.722649e-02    4.001359e+00
    1149   -3.989297e-01    3.712934e+00
    1150   -4.873212e-01    3.617078e+00
    1151   -3.970562e-01    3.659323e+00
    1152   -2.246471e+00    5.861612e-01
    1153   -2.478785e+00    3.690272e-01
    1154   -3.544494e-02    4.034827e+00
    1155    0.000000e+00    4.016649e+00
    1156   -3.242502e-02    4.006854e+00
    1157   -2.768195e+00    0.000000e+00
    1158   -2.773899e+00    4.421937e-02
    1159    9.309137e-02    4.158942e+00
    1160    1.163144e-01    4.213211e+00
    1161    9.344392e-02    4.206759e+00
    1162    1.558849e-03    4.387299e+00
    1163    2.359486e-04    4.384330e+00
    1164   -9.651569e-01    1.820140e+00
    1165   -9.171921e-01    1.888166e+00
    1166   -1.072603e+00    1.732721e+00
    1167   -1.128272e+00    1.646166e+00
    1168   -1.070798e+00    1.714586e+00
    1169   -1.437733e+00    1.261815e+00
    1170   -1.603503e+00    1.993953e+00
    1171   -2.040776e+00    7.349322e-01
    1172   -1.962588e+00    7.962310e-01
    1173   -1.942932e+00    1.374524e+00
    1174   -1.900100e+00    1.514801e+00
    1175   -1.993765e+00    1.353801e+00
    1176   -7.955829e-02    3.983629e+00
    1177   -4.813862e-02    3.989509e+00
    1178   -2.238494e-01    3.893197e+00
    1179   -2.744122e-01    3.852206e+00
    1180   -1.907935e-03    4.356737e+00
    1181    1.424775e-01    4.558232e+00
    1182    1.304967e-01    4.587447e+00
    1183    1.178391e-01    4.546989e+00
    1184    7.927034e-02    4.739061e+00
    1185    7.895810e-02    4.708247e+00
    1186    7.320736e-02    4.767532e+00
    1187   -2.180694e+00    7.347489e-01
    1188   -2.102972e+00    7.992755e-01
    1189   -2.117163e+00    8.078731e-01
    1190   -2.464274e+00    4.333897e-01
    1191   -2.441149e+00    4.951706e-01
    1192   -2.342129e+00    5.075655e-01
    1193   -2.357459e+00    5.242433e-01
    1194   -2.631763e+00    2.442299e-01
    1195   -2.646775e+00    1.860909e-01
    1196   -2.789417e+00    3.672946e-02
    1197   -2.764975e+00    1.305633e-01
    1198   -2.732645e+00    1.762694e-01
    1199    4.155182e-02    3.577653e+00
    1200    6.831812e-02    3.587420e+00
    1201    8.108236e-02    3.640996e+00
    1202   -2.337434e-01    2.987780e+00
    1203   -2.329508e-01    2.973973e+00
    1204   -1.394483e-02    4.228556e+00
    1205   -9.321465e-03    4.253575e+00
    1206   -1.104283e-02    4.229881e+00
    1207   -1.863706e-02    4.182093e+00
    1208   -1.278045e-02    4.207127e+00
    1209   -1.457006e-02    4.185353e+00
    1210   -2.373384e-02    4.139430e+00
    1211   -1.645699e-02    4.164594e+00
    1212   -1.848675e-02    4.144878e+00
    1213   -2.975232e-02    4.100765e+00
    1214   -2.071865e-02    4.126224e+00
    1215   -2.321496e-02    4.108643e+00
    1216   -3.739698e-02    4.066151e+00
    1217   -2.605986e-02    4.092127e+00
    1218   -2.934345e-02    4.076665e+00
    1219   -4.769012e-02    4.035413e+00
    1220   -3.319250e-02    4.062200e+00
    1221   -3.774366e-02    4.048681e+00
    1222   -7.860344e-01    2.087077e+00
    1223   -7.460763e-01    2.151361e+00
    1224   -9.635062e-01    1.867447e+00
    1225   -1.015979e+00    1.782566e+00
    1226   -9.637494e-01    1.850026e+00
    1227   -1.184577e+00    1.559398e+00
    1228   -1.181227e+00    1.542251e+00
    1229   -1.094212e+00    2.644975e+00
    1230   -1.091072e+00    2.771350e+00
    1231   -1.193356e+00    2.618924e+00
    1232   -1.929216e+00    9.167381e-01
    1233   -1.993858e+00    8.363919e-01
    1234   -1.914462e+00    9.002356e-01
    1235   -2.056944e+00    7.561310e-01
    1236   -1.899436e+00    8.811025e-01
    1237   -1.884376e+00    8.591180e-01
    1238   -3.903710e-03    4.329802e+00
    1239    2.282879e-01    4.331421e+00
    1240    2.653774e-01    4.337109e+00
    1241    2.588075e-01    4.382164e+00
    1242   -4.190944e-03    4.331591e+00
    1243    1.935336e-01    3.976421e+00
    1244   -3.429484e-02    3.450214e+00
    1245   -1.109011e-02    3.460709e+00
    1246    3.274959e-03    3.514102e+00
    1247    3.062704e-01    4.342564e+00
    1248    1.410008e-01    3.809843e+00
    1249    1.978990e-01    4.028971e+00
    1250   -5.906810e-01    2.420120e+00
    1251   -5.569849e-01    2.478403e+00
    1252   -7.755131e-01    2.128736e+00
    1253   -8.217250e-01    2.048252e+00
    1254   -7.788429e-01    2.112706e+00
    1255   -2.562305e-02    3.358535e+00
    1256    2.304549e-02    3.430439e+00
    1257    2.903844e-01    4.431362e+00
    1258    2.506447e-01    4.425473e+00
    1259    4.034160e-02    4.503959e+00
    1260    3.099904e-02    4.506079e+00
    1261    3.147717e-02    4.473108e+00
    1262    1.638347e-01    4.700725e+00
    1263    1.350044e-01    4.688128e+00
    1264    3.675891e-02    4.566692e+00
    1265    2.951996e-02    4.536506e+00
    1266    1.172510e-01    4.614410e+00
    1267    1.028805e-01    4.637650e+00
    1268    9.521268e-02    4.600184e+00
    1269    4.319822e-02    4.594473e+00
    1270    4.636263e-02    4.564853e+00
    1271   -2.150708e+00    7.122792e-01
    1272   -2.072815e+00    7.737024e-01
    1273   -2.088175e+00    7.880063e-01
    1274    0.000000e+00    3.989219e+00
    1275   -1.617208e-01    3.932038e+00
    1276   -2.624781e+00    1.975387e-01
    1277   -2.588398e+00    2.717733e-01
    1278   -2.589669e+00    3.131369e-01
    1279   -2.610410e+00    2.976187e-01
    1280   -8.374848e-02    3.131436e+00
    1281   -7.978247e-02    3.115907e+00
    1282   -6.751122e-02    3.110102e+00
    1283   -1.229611e-02    4.253816e+00
    1284   -7.274440e-03    4.292178e+00
    1285   -1.206905e-02    4.263570e+00
    1286   -2.283218e-02    4.196417e+00
    1287   -1.661381e-02    4.235521e+00
    1288   -2.098082e-02    4.208072e+00
    1289   -3.275592e-02    4.141239e+00
    1290   -2.524361e-02    4.181268e+00
    1291   -2.947630e-02    4.155142e+00
    1292   -4.825174e-01    2.623328e+00
    1293   -4.775517e-01    2.641983e+00
    1294   -6.626483e-02    3.991016e+00
    1295   -5.324765e-02    4.035549e+00
    1296   -5.927838e-02    4.013934e+00
    1297   -4.319700e-02    4.035974e+00
    1298   -5.221116e-02    4.034361e+00
    1299   -4.017972e-02    4.070202e+00
    1300   -4.496114e-02    4.051906e+00
    1301   -4.965649e-02    4.024097e+00
    1302   -5.627697e-01    3.522445e+00
    1303   -7.823271e-01    2.098734e+00
    1304   -7.032321e-01    2.225453e+00
    1305   -9.642523e-01    1.834168e+00
    1306   -8.689268e-01    1.968113e+00
    1307   -9.316716e-02    3.934713e+00
    1308   -8.353836e-02    3.962809e+00
    1309   -1.054185e-01    3.916488e+00
    1310   -1.130101e+00    2.386028e+00
    1311   -1.104545e+00    2.515714e+00
    1312   -1.216374e+00    2.350486e+00
    1313   -1.446174e+00    1.281991e+00
    1314   -1.527662e+00    1.233244e+00
    1315   -1.455039e+00    1.301733e+00
    1316   -1.464082e+00    1.320925e+00
    1317   -2.385661e+00    5.429548e-01
    1318   -2.371951e+00    5.358977e-01
    1319   -2.648690e+00    2.696934e-01
    1320   -2.676623e+00    2.386346e-01
    1321   -2.626367e+00    3.052639e-01
    1322   -2.604504e+00    3.183962e-01
    1323   -2.803214e+00    0.000000e+00
    1324    1.294757e-02    3.470892e+00
    1325    3.954744e-02    3.482698e+00
    1326    5.489927e-02    3.534949e+00
    1327    1.212962e-01    3.703083e+00
    1328   -5.663797e-02    3.264630e+00
    1329   -8.860495e-02    3.228942e+00
    1330   -9.691688e-02    3.195067e+00
    1331    4.338477e-02    3.357639e+00
    1332    6.226273e-02    3.407052e+00
    1333    8.025900e-02    3.456974e+00
    1334   -4.942065e-02    3.230303e+00
    1335   -9.327509e-03    3.285393e+00
    1336   -2.530792e-02    3.286616e+00
    1337   -2.077432e+00    1.201180e+00
    1338   -6.479520e-01    3.414353e+00
    1339   -1.495964e+00    2.159822e+00
    1340   -1.261997e+00    1.546636e+00
    1341   -1.196765e+00    1.615383e+00
    1342   -1.200950e+00    1.634964e+00
    1343   -1.520837e+00    2.013420e+00
    1344   -1.635952e+00    1.218126e+00
    1345   -1.703316e+00    1.133184e+00
    1346   -1.624935e+00    1.201663e+00
    1347   -2.224632e+00    9.002976e-01
    1348   -2.288791e+00    7.515621e-01
    1349   -2.270482e+00    7.967636e-01
    1350   -2.023738e+00    8.646186e-01
    1351   -8.591415e-01    2.058783e+00
    1352   -8.610697e-01    2.037739e+00
    1353   -8.111618e-01    2.123400e+00
    1354   -1.017625e+00    1.819266e+00
    1355   -9.634118e-01    1.886189e+00
    1356   -9.633131e-01    1.906095e+00
    1357   -7.447435e-01    2.311456e+00
    1358   -7.977395e-01    2.219742e+00
    1359   -7.497514e-01    2.284159e+00
    1360   -5.559962e-01    3.448968e+00
    1361   -1.594450e+00    1.734032e+00
    1362   -1.552141e+00    1.869560e+00
    1363   -1.668642e+00    1.703285e+00
    1364   -1.841758e+00    1.126569e+00
    1365   -1.913569e+00    1.042279e+00
    1366   -1.831116e+00    1.115522e+00
    1367    6.798751e-02    4.641876e+00
    1368    5.449669e-02    4.626198e+00
    1369    6.743496e-02    4.607861e+00
    1370    5.860965e-02    4.690025e+00
    1371    1.910609e-02    3.301838e+00
    1372   -2.697897e+00    2.203231e-01
    1373   -2.714090e+00    1.874781e-01
    1374   -2.697237e+00    2.186393e-01
    1375   -2.345184e+00    6.089137e-01
    1376   -2.397660e+00    4.694810e-01
    1377   -2.392265e+00    5.324183e-01
    1378   -2.155236e+00    1.047553e+00
    1379   -1.205127e-01    3.958731e+00
    1380   -1.667277e-01    3.921132e+00
    1381   -3.353809e-01    3.784935e+00
    1382   -2.727552e+00    1.460173e-01
    1383   -2.612659e+00    3.195639e-01
    1384   -2.560324e+00    3.716607e-01
    1385   -6.208065e-02    4.008175e+00
    1386   -7.992382e-02    3.989202e+00
    1387    2.026343e-01    4.182437e+00
    1388    2.014045e-01    4.231534e+00
    1389   -1.019394e-01    3.284117e+00
    1390   -6.117035e-02    3.354380e+00
    1391   -8.944394e-02    3.326332e+00
    1392    1.102005e-01    4.673958e+00
    1393    7.117168e-02    4.675984e+00
    1394    2.409241e-01    4.466856e+00
    1395    2.676480e-01    4.512928e+00
    1396    2.297249e-01    4.506150e+00
    1397    1.732761e-02    4.445232e+00
    1398    1.754964e-02    4.476301e+00
    1399    1.240523e-02    4.446375e+00
    1400    2.170275e-01    4.543085e+00
    1401    2.385260e-01    4.585853e+00
    1402    1.540781e-01    4.525878e+00
    1403    6.107547e-02    4.567393e+00
    1404    5.172271e-02    4.538915e+00
    1405    7.496376e-02    4.581224e+00
    1406    8.522882e-02    4.557358e+00
    1407   -1.255697e-01    3.142649e+00
    1408   -9.343224e-02    3.178893e+00
    1409    1.987452e-01    4.279259e+00
    1410    1.947502e-01    4.325429e+00
    1411    1.400474e-01    4.266621e+00
    1412    1.641210e-01    4.318979e+00
    1413    1.368797e-01    4.311912e+00
    1414    2.148513e-01    4.419112e+00
    1415    1.957753e-01    4.498597e+00
    1416    9.232650e-02    3.694477e+00
    1417   -3.857057e-02    3.365966e+00
    1418    1.026382e-01    3.748528e+00
    1419    1.117228e-01    3.802603e+00
    1420   -2.685500e-02    3.407636e+00
    1421    6.533018e-02    3.686306e+00
    1422   -2.008345e-01    3.124196e+00
    1423   -1.641362e-01    3.179997e+00
    1424   -1.658012e-01    3.200210e+00
    1425   -1.990869e-01    3.049983e+00
    1426   -1.628182e-01    3.096653e+00
    1427   -1.648845e-01    3.112623e+00
    1428    1.321015e-01    3.964283e+00
    1429    1.658761e-01    4.023115e+00
    1430    1.365068e-01    4.017318e+00
    1431   -6.705682e-03    3.559489e+00
    1432    1.667425e-02    3.568560e+00
    1433    2.903638e-02    3.623421e+00
    1434    2.321134e-02    4.506182e+00
    1435    7.756496e-03    4.416825e+00
    1436    4.776951e-02    4.416605e+00
    1437    5.044259e-02    4.459676e+00
    1438    3.843981e-02    4.427886e+00
    1439   -2.002277e-01    3.084867e+00
    1440   -1.657138e-01    3.131261e+00
    1441   -1.663893e-01    3.151760e+00
    1442    3.506787e-03    4.387616e+00
    1443   -3.906097e-04    4.358884e+00
    1444    6.095665e-03    4.385416e+00
    1445   -3.996784e-03    4.330670e+00
    1446   -7.363746e-03    4.303054e+00
    1447    1.397030e-01    4.069597e+00
    1448    1.706401e-01    4.126580e+00
    1449    1.416818e-01    4.120915e+00
    1450   -3.351066e-02    4.119215e+00
    1451   -2.549906e-02    4.152836e+00
    1452   -2.871435e-02    4.130774e+00
    1453   -3.322994e-03    4.327188e+00
    1454   -1.054316e-02    4.276090e+00
    1455   -1.358781e-02    4.249836e+00
    1456   -7.101835e-02    3.385053e+00
    1457   -5.584854e-02    3.439312e+00
    1458   -1.148318e-02    4.271050e+00
    1459   -1.654876e-02    4.224341e+00
    1460   -1.948221e-02    4.199651e+00
    1461   -3.290617e-01    2.888308e+00
    1462   -2.980105e-01    2.938542e+00
    1463   -2.958727e-01    2.957387e+00
    1464   -1.888898e-02    4.217445e+00
    1465   -2.244405e-02    4.175804e+00
    1466   -3.901319e-01    2.785296e+00
    1467   -3.596722e-01    2.837295e+00
    1468   -3.562316e-01    2.855993e+00
    1469   -2.604637e-02    4.166739e+00
    1470   -3.217112e-02    4.109640e+00
    1471   -4.513489e-01    2.678333e+00
    1472   -4.206172e-01    2.732325e+00
    1473   -4.162240e-01    2.750957e+00
    1474   -1.835135e+00    9.651553e-01
    1475   -1.756385e+00    1.031040e+00
    1476   -1.678636e+00    1.097772e+00
    1477   -1.865528e+00    1.146188e+00
    1478   -1.938721e+00    1.057550e+00
    1479   -1.852394e+00    1.137451e+00
    1480   -1.613652e+00    1.184073e+00
    1481   -1.548100e+00    1.270457e+00
    1482   -1.769725e+00    1.049036e+00
    1483   -1.602289e+00    1.165214e+00
    1484   -1.134281e+00    1.683781e+00
    1485   -1.074565e+00    1.751784e+00
    1486   -1.076498e+00    1.771659e+00
    1487   -3.595603e-02    4.089449e+00
    1488   -6.157566e-01    2.392965e+00
    1489   -6.206061e-01    2.375839e+00
    1490   -5.807607e-01    2.452087e+00
    1491   -1.329891e+00    1.477672e+00
    1492   -7.145504e-01    3.113917e+00
    1493   -8.067370e-01    2.968967e+00
    1494   -7.219767e-01    3.010676e+00
    1495   -9.118800e-01    1.952430e+00
    1496   -8.629149e-01    2.017973e+00
    1497   -7.379565e-01    2.176213e+00
    1498   -8.164311e-01    2.082700e+00
    1499   -7.722651e-01    2.146615e+00
    1500   -7.690112e-01    2.166143e+00
    1501   -4.194595e-02    4.075060e+00
    1502   -2.301009e+00    5.932595e-01
    1503   -2.226973e+00    6.521372e-01
    1504   -2.242026e+00    6.633410e-01
    1505   -2.413162e+00    5.430348e-01
    1506   -2.465490e+00    4.828895e-01
    1507   -2.399071e+00    5.457870e-01
    1508   -6.988719e-01    2.238761e+00
    1509   -6.614293e-01    2.300275e+00
    1510   -7.302969e-01    2.209613e+00
    1511   -6.903322e-01    2.271710e+00
    1512   -6.860455e-01    2.290963e+00
    1513   -4.275504e-02    4.088525e+00
    1514   -3.375956e-02    4.129725e+00
    1515   -3.817748e-02    4.105041e+00
    1516   -6.254235e-01    2.360747e+00
    1517   -2.427239e+00    5.415992e-01
    1518   -2.464016e+00    4.877230e-01
    1519   -2.487612e+00    4.612555e-01
    1520   -2.474456e+00    4.854213e-01
    1521   -2.509693e+00    4.378216e-01
    1522   -2.531656e+00    4.139156e-01
    1523   -2.513209e+00    4.272134e-01
    1524   -6.438478e-02    4.002348e+00
    1525   -8.024098e-02    3.939106e+00
    1526   -6.602386e-02    3.991098e+00
    1527   -7.323869e-02    3.965961e+00
    1528   -6.945875e-01    2.254245e+00
    1529   -2.062131e+00    9.753010e-01
    1530   -2.048330e+00    9.704053e-01
    1531   -1.966126e+00    1.072058e+00
    1532   -7.331580e-02    3.987418e+00
    1533   -8.197667e-02    3.946255e+00
    1534   -6.607311e-02    3.993071e+00
    1535   -7.381700e-02    3.972969e+00
    1536   -2.438708e+00    5.179529e-01
    1537   -2.568658e+00    3.293126e-01
    1538   -2.243788e+00    8.117538e-01
    1539   -2.315476e+00    7.026276e-01
    1540   -2.278979e+00    7.502174e-01
    1541   -2.430131e+00    4.771484e-01
    1542   -2.655061e+00    2.725816e-01
    1543   -1.115035e-01    3.960480e+00
    1544   -9.184963e-02    3.979197e+00
    1545   -1.514778e-01    3.893396e+00
    1546   -1.129849e-01    3.944909e+00
    1547   -1.369015e-01    3.926602e+00
    1548   -2.121791e+00    1.077695e+00
    1549   -2.310759e+00    7.164943e-01
    1550   -2.373888e+00    5.939729e-01
    1551   -2.348659e+00    6.491650e-01
    1552   -2.615052e+00    3.206185e-01
    1553   -2.583639e+00    3.580568e-01
    1554   -2.382304e+00    5.953471e-01
    1555   -2.412775e+00    5.515634e-01
    1556    7.538948e-02    4.476090e+00
    1557    7.627637e-02    4.436866e+00
    1558    9.213852e-02    4.464421e+00
    1559    1.098329e-01    4.470114e+00
    1560    1.078457e-01    4.510042e+00
    1561   -2.627391e+00    2.883518e-01
    1562   -2.524762e+00    4.231528e-01
    1563   -2.330014e+00    6.077171e-01
    1564   -2.256249e+00    6.710827e-01
    1565   -2.270799e+00    6.750945e-01
    1566   -2.205758e+00    8.845680e-01
    1567   -2.165645e+00    9.714553e-01
    1568   -2.241101e+00    8.427443e-01
    1569   -2.680083e-01    3.827216e+00
    1570   -5.542945e-01    3.366226e+00
    1571   -6.333482e-01    3.242053e+00
    1572   -5.576572e-01    3.280434e+00
    1573   -2.541220e+00    3.861483e-01
    1574   -2.579346e+00    3.540350e-01
    1575   -1.943607e+00    9.307409e-01
    1576   -1.863119e+00    9.976180e-01
    1577   -1.986345e+00    1.248147e+00
    1578   -2.081662e+00    1.105579e+00
    1579   -2.031105e+00    1.141121e+00
    1580   -1.887675e+00    1.173881e+00
    1581   -1.800033e+00    1.295791e+00
    1582   -1.894282e+00    1.202366e+00
    1583   -5.360758e-02    4.038427e+00
    1584   -4.282603e-02    4.081109e+00
    1585   -4.780813e-02    4.057944e+00
    1586   -6.522223e-01    2.332821e+00
    1587   -7.225769e-01    2.249961e+00
    1588   -6.816636e-01    2.311859e+00
    1589   -6.771170e-01    2.334247e+00
    1590   -1.116245e-01    3.870703e+00
    1591   -1.024644e-01    3.903849e+00
    1592   -1.248438e-01    3.847933e+00
    1593   -9.097713e-01    1.993277e+00
    1594   -8.570047e-01    2.081012e+00
    1595   -1.358970e+00    2.058922e+00
    1596   -1.323858e+00    2.194614e+00
    1597   -1.440867e+00    2.026907e+00
    1598   -1.782864e+00    1.065132e+00
    1599   -1.473144e+00    1.339464e+00
    1600   -1.400333e+00    1.408569e+00
    1601   -1.394674e+00    1.923871e+00
    1602   -1.518800e+00    1.766353e+00
    1603   -1.439831e+00    1.804880e+00
    1604   -9.148993e-01    2.707513e+00
    1605   -8.980226e-01    2.825911e+00
    1606   -1.003625e+00    2.666758e+00
    1607   -9.619306e-01    1.971603e+00
    1608   -9.068274e-01    2.038421e+00
    1609    2.363967e-02    3.831043e+00
    1610    5.178599e-02    3.892240e+00
    1611    3.112747e-02    3.886169e+00
    1612    8.456666e-02    3.795595e+00
    1613    1.701633e-01    4.225782e+00
    1614    1.889276e-01    4.369714e+00
    1615    1.822778e-01    4.412144e+00
    1616    8.837871e-02    4.658227e+00
    1617    1.365944e-01    4.481150e+00
    1618    1.642554e-01    4.489966e+00
    1619   -1.957471e+00    9.426177e-01
    1620   -1.795623e+00    1.079578e+00
    1621    1.733842e-01    4.452097e+00
    1622    5.267521e-02    4.503606e+00
    1623   -1.572144e-01    3.915333e+00
    1624   -1.969077e-01    3.881950e+00
    1625    2.317177e-02    4.441706e+00
    1626    4.685584e-02    4.298223e+00
    1627    3.812767e-02    4.321362e+00
    1628    3.094570e-02    4.264317e+00
    1629    4.020549e-02    3.678406e+00
    1630    5.038568e-02    3.733615e+00
    1631    5.946670e-02    3.788741e+00
    1632   -1.403052e-01    3.257819e+00
    1633   -1.097779e-01    3.313748e+00
    1634   -1.211107e-01    3.317505e+00
    1635    6.752116e-02    3.843731e+00
    1636    9.937043e-02    3.904480e+00
    1637    7.450087e-02    3.898340e+00
    1638   -1.121161e-01    3.357299e+00
    1639   -7.696256e-02    3.427114e+00
    1640   -9.750126e-02    3.411756e+00
    1641    1.424020e-01    4.171029e+00
    1642    1.419350e-01    4.219798e+00
    1643   -4.817876e-04    4.313119e+00
    1644    3.361172e-03    4.350859e+00
    1645   -2.158920e-03    4.321286e+00
    1646    3.029354e-02    4.436533e+00
    1647   -1.300691e-01    3.177513e+00
    1648    7.822612e-02    4.522358e+00
    1649    6.515391e-02    4.495316e+00
    1650    4.541625e-03    4.289900e+00
    1651    9.563433e-03    4.333326e+00
    1652    1.726031e-03    4.302678e+00
    1653    1.523279e-01    4.404321e+00
    1654   -2.664886e-01    2.987714e+00
    1655   -2.334845e-01    3.037329e+00
    1656   -2.329198e-01    3.056506e+00
    1657    1.096757e-01    4.011531e+00
    1658   -9.364269e-03    4.059443e+00
    1659   -4.332826e-03    4.099595e+00
    1660   -1.930386e-02    4.046912e+00
    1661   -1.140214e+00    1.723799e+00
    1662   -1.078309e+00    1.792202e+00
    1663   -1.079838e+00    1.813412e+00
    1664   -1.336438e+00    1.496633e+00
    1665   -4.241294e-02    3.492911e+00
    1666   -3.228808e-01    2.927797e+00
    1667   -2.932240e-01    2.977949e+00
    1668   -2.903047e-01    3.000076e+00
    1669   -1.557007e-01    3.314915e+00
    1670   -1.168024e-01    3.397837e+00
    1671   -1.402595e-01    3.372525e+00
    1672   -3.818950e-01    2.824370e+00
    1673   -3.522857e-01    2.876717e+00
    1674   -3.482792e-01    2.898620e+00
    1675   -2.578303e-02    4.166932e+00
    1676   -1.844517e-02    4.212054e+00
    1677   -2.443626e-02    4.182653e+00
    1678   -5.418733e-01    2.528983e+00
    1679   -3.887068e-02    4.107355e+00
    1680   -3.022101e-02    4.153697e+00
    1681   -3.588827e-02    4.125245e+00
    1682   -1.513956e+00    1.425340e+00
    1683   -1.585874e+00    1.335575e+00
    1684   -1.506653e+00    1.408496e+00
    1685   -1.482018e+00    1.357417e+00
    1686   -5.170037e-02    4.049459e+00
    1687   -4.153541e-02    4.097311e+00
    1688   -4.726027e-02    4.069919e+00
    1689   -6.515149e-02    3.993366e+00
    1690   -5.317073e-02    4.043082e+00
    1691   -5.938178e-02    4.016807e+00
    1692   -2.540517e+00    4.086201e-01
    1693   -6.005922e-01    2.454977e+00
    1694   -6.428107e-01    2.372745e+00
    1695   -6.057985e-01    2.432675e+00
    1696   -6.108354e-01    2.411957e+00
    1697   -8.276391e-02    3.953550e+00
    1698   -6.327344e-01    2.418902e+00
    1699   -5.951557e-01    2.478777e+00
    1700   -5.894444e-01    2.503946e+00
    1701   -2.359962e+00    6.273818e-01
    1702   -2.385270e+00    5.939251e-01
    1703   -2.300272e+00    6.810202e-01
    1704   -2.295438e+00    6.779635e-01
    1705   -2.224211e+00    7.555292e-01
    1706   -4.416750e-01    2.717334e+00
    1707   -4.115344e-01    2.771403e+00
    1708   -4.066879e-01    2.793297e+00
    1709   -4.723847e-01    2.662406e+00
    1710   -1.300809e-01    3.863075e+00
    1711   -1.198083e-01    3.898474e+00
    1712   -5.507514e-01    2.890090e+00
    1713   -5.001944e-01    2.991799e+00
    1714   -5.500886e-01    2.928110e+00
    1715   -2.376297e+00    6.084674e-01
    1716   -3.124505e-01    3.629196e+00
    1717   -2.668223e-01    3.700067e+00
    1718   -3.057285e-01    3.677509e+00
    1719   -2.166396e+00    8.902621e-01
    1720   -2.233363e+00    8.023139e-01
    1721   -2.196702e+00    8.382006e-01
    1722   -1.272533e+00    1.585350e+00
    1723   -1.204972e+00    1.654837e+00
    1724   -1.208677e+00    1.675042e+00
    1725   -1.348749e+00    1.534279e+00
    1726   -1.415545e+00    1.445235e+00
    1727   -1.342777e+00    1.515457e+00
    1728   -1.675932e+00    1.276460e+00
    1729   -1.748557e+00    1.189026e+00
    1730   -1.666691e+00    1.262338e+00
    1731   -7.193356e-01    2.434207e+00
    1732   -7.767483e-01    2.335789e+00
    1733   -7.265364e-01    2.401238e+00
    1734   -1.983601e+00    9.611402e-01
    1735   -2.051409e+00    8.832619e-01
    1736   -1.970827e+00    9.525910e-01
    1737   -2.081033e+00    1.039386e+00
    1738   -2.164964e+00    9.255594e-01
    1739   -2.120865e+00    9.629424e-01
    1740   -1.869109e+00    1.303997e+00
    1741   -1.982828e+00    1.167823e+00
    1742   -1.922064e+00    1.203152e+00
    1743   -2.203822e-01    3.812770e+00
    1744   -2.440206e-01    3.815466e+00
    1745   -2.866715e-01    3.747430e+00
    1746   -4.804174e-01    3.478946e+00
    1747   -2.241936e-01    3.771805e+00
    1748   -1.893868e-01    3.837115e+00
    1749    2.772519e-02    4.395810e+00
    1750    7.181434e-02    4.388846e+00
    1751    5.840242e-02    4.403112e+00
    1752   -2.307673e+00    7.036145e-01
    1753   -2.335142e+00    6.622741e-01
    1754   -2.076910e+00    8.948991e-01
    1755   -1.995641e+00    9.688414e-01
    1756   -2.007597e+00    9.752516e-01
    1757   -2.548284e+00    3.978994e-01
    1758   -2.424233e+00    5.397590e-01
    1759   -2.356209e+00    6.089917e-01
    1760   -1.375067e-01    3.880086e+00
    1761   -2.130652e+00    8.142851e-01
    1762   -1.889473e+00    1.022399e+00
    1763   -1.807979e+00    1.092531e+00
    1764   -1.726856e+00    1.162960e+00
    1765   -1.819807e+00    1.104404e+00
    1766   -8.517817e-01    2.128759e+00
    1767   -8.545954e-01    2.104331e+00
    1768   -7.656778e-01    2.187158e+00
    1769   -7.632657e-01    2.402759e+00
    1770   -7.116560e-01    2.468908e+00
    1771   -7.037414e-01    2.505081e+00
    1772   -5.704645e-01    2.491582e+00
    1773   -1.646645e+00    1.233544e+00
    1774   -1.567772e+00    1.304184e+00
    1775   -1.490631e+00    1.374785e+00
    1776   -5.365777e-01    2.549524e+00
    1777   -5.039677e-01    2.606438e+00
    1778   -6.033993e-02    4.003791e+00
    1779   -4.887781e-02    4.057373e+00
    1780   -5.606467e-02    4.027355e+00
    1781   -1.019989e+00    1.903850e+00
    1782   -9.607425e-01    1.995283e+00
    1783   -1.368222e+00    1.612634e+00
    1784   -1.441352e+00    1.517643e+00
    1785   -1.364077e+00    1.592017e+00
    1786   -1.656886e+00    1.248205e+00
    1787   -7.542696e-01    2.258086e+00
    1788   -8.051628e-01    2.169243e+00
    1789   -7.583879e-01    2.233207e+00
    1790   -7.621587e-01    2.209546e+00
    1791   -2.282588e+00    6.780204e-01
    1792   -2.207078e+00    7.467453e-01
    1793   -2.142725e+00    8.197837e-01
    1794    1.687907e-02    3.670652e+00
    1795    8.042216e-02    3.952412e+00
    1796    8.526427e-02    4.005722e+00
    1797    1.153844e-01    4.115110e+00
    1798    4.374175e-02    4.370621e+00
    1799   -2.904354e-02    3.548710e+00
    1800   -1.658352e-02    3.605321e+00
    1801   -5.212177e-03    3.661526e+00
    1802    1.264512e-01    4.395390e+00
    1803    1.165962e-01    4.433535e+00
    1804    1.007483e-01    4.385721e+00
    1805    5.602407e-03    3.718896e+00
    1806    3.635708e-02    3.781995e+00
    1807    1.502707e-02    3.774917e+00
    1808   -1.740741e-01    3.228878e+00
    1809   -1.410668e-01    3.300699e+00
    1810   -1.638513e-01    3.268979e+00
    1811    9.062412e-02    4.296548e+00
    1812    8.949479e-02    4.334926e+00
    1813    7.317304e-02    4.285854e+00
    1814    1.322004e-01    4.354499e+00
    1815    9.903845e-02    4.539784e+00
    1816    8.900211e-02    4.058040e+00
    1817    9.165750e-02    4.109183e+00
    1818   -1.161148e-02    4.227929e+00
    1819   -5.460314e-03    4.272073e+00
    1820   -1.215083e-02    4.241911e+00
    1821    1.811375e-02    4.364540e+00
    1822    2.387234e-02    4.352752e+00
    1823    1.121906e-01    4.303761e+00
    1824   -1.498845e+00    1.391765e+00
    1825    2.284632e-02    4.176391e+00
    1826    2.131650e-02    4.209142e+00
    1827    6.320749e-03    4.146967e+00
    1828   -1.304051e-01    3.225527e+00
    1829    1.587688e-02    4.235290e+00
    1830   -2.631712e-01    3.027368e+00
    1831   -2.328854e-01    3.075292e+00
    1832   -2.315534e-01    3.097185e+00
    1833   -1.874000e-01    3.241657e+00
    1834   -5.545022e-02    3.587876e+00
    1835   -2.521052e-02    3.653591e+00
    1836   -4.323333e-02    3.646348e+00
    1837   -3.150595e-01    2.974445e+00
    1838   -2.852696e-01    3.027615e+00
    1839   -2.814870e-01    3.053335e+00
    1840   -2.765306e-02    4.129965e+00
    1841   -1.900915e-02    4.180444e+00
    1842   -2.685425e-02    4.149393e+00
    1843   -3.725436e-01    2.869950e+00
    1844   -3.434590e-01    2.923191e+00
    1845   -3.388433e-01    2.948097e+00
    1846   -4.432357e-02    4.066535e+00
    1847   -3.438838e-02    4.118390e+00
    1848   -4.168595e-02    4.087748e+00
    1849   -1.145048e+00    1.765806e+00
    1850   -1.081025e+00    1.835252e+00
    1851   -1.081747e+00    1.857832e+00
    1852   -8.957176e-01    2.141322e+00
    1853   -8.404686e-01    2.208832e+00
    1854   -8.355776e-01    2.238143e+00
    1855   -7.666992e-02    3.941980e+00
    1856   -6.337048e-02    3.997673e+00
    1857   -7.091765e-02    3.968346e+00
    1858   -9.438589e-02    3.881128e+00
    1859   -7.884242e-02    3.939366e+00
    1860   -8.729123e-02    3.910734e+00
    1861   -2.435110e+00    5.313649e-01
    1862   -2.411285e+00    5.607410e-01
    1863   -1.001541e-01    3.893806e+00
    1864   -1.315895e-01    3.752168e+00
    1865   -1.119242e-01    3.818689e+00
    1866   -1.231449e-01    3.786956e+00
    1867   -4.014425e-01    2.817017e+00
    1868   -4.670362e-01    2.684409e+00
    1869   -6.844247e-02    3.953258e+00
    1870   -5.562110e-02    4.011603e+00
    1871   -6.448118e-02    3.979017e+00
    1872   -5.311052e-01    2.571680e+00
    1873   -1.207668e-01    3.835689e+00
    1874   -1.699804e-01    3.703319e+00
    1875   -1.440611e-01    3.771990e+00
    1876   -1.598745e-01    3.745313e+00
    1877   -1.690842e-01    3.820902e+00
    1878   -1.589032e-01    3.860393e+00
    1879   -1.499042e-01    3.786161e+00
    1880   -1.400094e-01    3.825808e+00
    1881   -2.230193e+00    7.756095e-01
    1882   -2.272396e+00    7.205256e-01
    1883   -2.186012e+00    8.163119e-01
    1884   -2.288573e+00    7.153100e-01
    1885   -2.341278e+00    6.411764e-01
    1886   -1.788753e-01    3.779891e+00
    1887   -2.042796e-01    3.755062e+00
    1888   -2.487935e+00    4.695712e-01
    1889   -1.685650e+00    1.490605e+00
    1890   -1.636637e+00    1.611648e+00
    1891   -1.758141e+00    1.444950e+00
    1892   -1.577885e-01    3.803424e+00
    1893   -7.710858e-01    2.569691e+00
    1894   -8.413121e-01    2.454549e+00
    1895   -7.863455e-01    2.504562e+00
    1896   -2.160251e+00    8.295569e-01
    1897   -2.115424e+00    8.881254e-01
    1898   -2.155105e+00    8.226045e-01
    1899   -1.693486e+00    1.306045e+00
    1900   -1.768575e+00    1.214272e+00
    1901   -1.684827e+00    1.290807e+00
    1902   -7.557919e-01    2.781206e+00
    1903   -7.283142e-01    2.903944e+00
    1904   -8.359612e-01    2.731649e+00
    1905   -1.148106e+00    1.810299e+00
    1906   -1.081996e+00    1.881213e+00
    1907   -1.081695e+00    1.905616e+00
    1908   -7.141798e-01    2.296108e+00
    1909   -8.447657e-01    2.180935e+00
    1910   -9.023056e-01    2.087618e+00
    1911   -8.485433e-01    2.154255e+00
    1912   -6.723349e-01    2.358041e+00
    1913   -1.147535e-01    3.821143e+00
    1914   -9.643212e-02    3.882428e+00
    1915   -1.064502e-01    3.854445e+00
    1916   -5.594613e-01    2.537565e+00
    1917   -5.254071e-01    2.595366e+00
    1918   -4.928221e-01    2.652124e+00
    1919   -1.429359e+00    1.481057e+00
    1920   -1.527260e+00    1.460740e+00
    1921   -1.602134e+00    1.366973e+00
    1922   -1.520850e+00    1.442547e+00
    1923   -1.354336e+00    1.553148e+00
    1924   -1.281824e+00    1.624680e+00
    1925   -1.200249e+00    2.127217e+00
    1926   -1.161149e+00    2.257817e+00
    1927   -1.277855e+00    2.082778e+00
    1928   -4.983542e-02    3.538403e+00
    1929   -1.594670e-01    3.382975e+00
    1930   -1.834373e-01    3.304418e+00
    1931   -1.541527e-01    3.365872e+00
    1932    5.510926e-02    4.281410e+00
    1933    6.260001e-02    4.339908e+00
    1934    6.311359e-02    3.999834e+00
    1935    8.309754e-02    4.374284e+00
    1936    3.041003e-02    4.337719e+00
    1937    1.859409e-02    4.305616e+00
    1938   -1.991084e-01    3.169721e+00
    1939   -1.758245e-01    3.202532e+00
    1940   -8.372355e-02    3.468329e+00
    1941   -6.992978e-02    3.525976e+00
    1942    3.759026e-02    3.940421e+00
    1943    4.310609e-02    3.993806e+00
    1944   -7.977579e-02    3.843441e+00
    1945   -6.374208e-02    3.910738e+00
    1946   -7.831623e-02    3.871311e+00
    1947    1.195498e-02    4.256481e+00
    1948    3.242861e-03    4.203374e+00
    1949    9.272267e-02    4.253023e+00
    1950   -4.327177e-03    3.768336e+00
    1951    7.018279e-02    4.103121e+00
    1952    7.301109e-02    4.200315e+00
    1953    7.862659e-03    4.274599e+00
    1954   -1.811114e-03    4.242912e+00
    1955   -1.067839e-02    4.211921e+00
    1956   -9.359209e-03    4.193406e+00
    1957   -1.433564e-02    4.012912e+00
    1958    2.644368e-03    4.067215e+00
    1959   -2.567589e-01    3.076688e+00
    1960   -2.283979e-01    3.122757e+00
    1961   -2.247767e-01    3.151266e+00
    1962   -1.212011e+00    1.695603e+00
    1963   -7.081033e-01    2.663759e+00
    1964   -7.609368e-01    2.618617e+00
    1965   -2.489823e-01    3.133046e+00
    1966   -2.145450e-01    3.197076e+00
    1967   -2.119819e-01    3.225815e+00
    1968   -8.733096e-02    3.573072e+00
    1969   -5.966106e-02    3.639587e+00
    1970   -7.438449e-02    3.633014e+00
    1971   -4.311084e-01    2.762812e+00
    1972   -3.960677e-01    2.841846e+00
    1973   -4.874038e-02    4.020934e+00
    1974   -3.747294e-02    4.077215e+00
    1975   -4.669401e-02    4.044176e+00
    1976   -1.359430e+00    1.572332e+00
    1977   -1.214860e+00    1.716694e+00
    1978   -6.214867e-01    2.470533e+00
    1979   -5.833866e-01    2.530466e+00
    1980   -5.769433e-01    2.558249e+00
    1981   -6.672395e-01    2.383159e+00
    1982   -5.065121e-01    2.674701e+00
    1983   -5.473567e-01    2.589233e+00
    1984   -5.131516e-01    2.646953e+00
    1985   -1.226862e-01    3.754629e+00
    1986   -1.044207e-01    3.822008e+00
    1987   -1.157107e-01    3.787066e+00
    1988   -5.194390e-01    2.620476e+00
    1989   -4.614172e-01    2.708019e+00
    1990   -3.064302e-01    3.026038e+00
    1991   -2.773518e-01    3.081090e+00
    1992   -2.735846e-01    3.107933e+00
    1993   -3.621979e-01    2.920916e+00
    1994   -3.341147e-01    2.973997e+00
    1995   -3.290516e-01    3.001031e+00
    1996   -1.175647e-01    3.826741e+00
    1997   -1.086305e-01    3.819097e+00
    1998   -9.171536e-02    3.882433e+00
    1999   -1.015098e-01    3.850506e+00
    2000   -3.845104e-01    2.895197e+00
    2001   -4.195255e-01    2.813884e+00
    2002   -3.904388e-01    2.867936e+00
    2003   -4.555783e-01    2.732964e+00
    2004   -1.300077e-01    3.799305e+00
    2005   -5.337690e-01    2.646068e+00
    2006   -4.994630e-01    2.703729e+00
    2007   -4.919970e-01    2.733940e+00
    2008   -2.330914e-01    3.730133e+00
    2009   -2.418676e-01    3.681982e+00
    2010   -5.617757e-01    3.197605e+00
    2011   -6.422204e-01    3.047628e+00
    2012   -5.738832e-01    3.099646e+00
    2013   -3.396499e-01    3.681508e+00
    2014   -4.120476e-01    3.579086e+00
    2015   -9.374858e-01    2.575261e+00
    2016   -2.620465e-01    3.578149e+00
    2017   -2.235715e-01    3.661327e+00
    2018   -2.523140e-01    3.629993e+00
    2019   -4.900788e-01    3.322201e+00
    2020   -9.721397e-01    2.454485e+00
    2021   -1.051042e+00    2.417673e+00
    2022   -1.018990e+00    1.951078e+00
    2023   -9.590984e-01    2.019905e+00
    2024   -9.568967e-01    2.045635e+00
    2025   -2.134787e+00    8.987168e-01
    2026   -2.054952e+00    1.003281e+00
    2027   -1.874469e+00    1.161291e+00
    2028   -1.786295e+00    1.244984e+00
    2029   -1.532353e+00    1.607372e+00
    2030   -1.535340e+00    1.571032e+00
    2031   -1.452417e+00    1.678329e+00
    2032   -1.374373e+00    1.659197e+00
    2033   -1.450773e+00    1.558593e+00
    2034   -1.371804e+00    1.634644e+00
    2035   -4.259586e-01    3.436566e+00
    2036   -4.349390e-01    3.362065e+00
    2037   -2.021811e+00    9.791743e-01
    2038   -1.699671e+00    1.325029e+00
    2039   -1.614790e+00    1.404285e+00
    2040   -7.044959e-01    2.347394e+00
    2041   -7.331509e-01    2.369907e+00
    2042   -7.883562e-01    2.275024e+00
    2043   -7.392369e-01    2.339996e+00
    2044   -2.203431e+00    8.171720e-01
    2045   -1.706726e+00    1.346442e+00
    2046   -1.393426e-01    3.761835e+00
    2047   -1.780109e-01    3.718538e+00
    2048   -1.376381e+00    1.718229e+00
    2049   -1.455524e+00    1.610388e+00
    2050   -1.376717e+00    1.685920e+00
    2051   -1.289289e+00    1.665645e+00
    2052   -1.536315e+00    1.505052e+00
    2053   -1.532539e+00    1.480978e+00
    2054   -6.617769e-01    2.409555e+00
    2055   -1.906311e-01    3.617917e+00
    2056   -1.637626e-01    3.691958e+00
    2057   -1.801881e-01    3.660770e+00
    2058   -1.219091e+00    1.761136e+00
    2059   -1.217247e+00    1.738427e+00
    2060   -1.149089e+00    1.858725e+00
    2061   -1.080898e+00    1.931204e+00
    2062   -1.079534e+00    1.958372e+00
    2063   -3.183605e-02    3.705086e+00
    2064   -2.168920e-02    3.762329e+00
    2065    1.235313e-02    3.879976e+00
    2066    4.731712e-02    4.045106e+00
    2067    5.078120e-02    4.095947e+00
    2068    5.448416e-02    4.192214e+00
    2069    5.442948e-02    4.242433e+00
    2070    3.774714e-02    4.189111e+00
    2071   -1.278285e-02    3.818267e+00
    2072   -4.621642e-03    3.873659e+00
    2073   -2.810557e-02    4.088119e+00
    2074   -1.816612e-02    4.142288e+00
    2075   -2.798257e-02    4.109847e+00
    2076   -3.498898e-03    4.134192e+00
    2077   -5.988499e-03    4.150606e+00
    2078   -1.570833e-02    4.104515e+00
    2079    5.296939e-02    4.144907e+00
    2080    2.479776e-02    3.986795e+00
    2081    3.320317e-02    4.088391e+00
    2082   -8.699337e-02    3.517598e+00
    2083   -7.596832e-03    4.174494e+00
    2084   -5.021536e-02    3.976723e+00
    2085   -3.807403e-02    4.035932e+00
    2086   -5.006300e-02    3.997385e+00
    2087   -1.016717e-01    3.512469e+00
    2088   -1.158114e-01    3.504876e+00
    2089   -1.015897e+00    2.002499e+00
    2090   -9.541736e-01    2.072561e+00
    2091   -9.508770e-01    2.100944e+00
    2092   -7.334361e-02    3.946695e+00
    2093   -2.142940e-01    3.267448e+00
    2094   -2.433529e-01    3.186787e+00
    2095   -2.158949e-01    3.241637e+00
    2096   -4.437480e-02    3.945322e+00
    2097   -5.302756e-02    3.892565e+00
    2098   -3.253716e-02    3.954329e+00
    2099   -8.238052e-02    3.914480e+00
    2100   -4.806126e-01    2.703557e+00
    2101   -8.801458e-02    3.886051e+00
    2102   -4.494610e-01    2.759219e+00
    2103   -4.288928e-01    2.845577e+00
    2104   -4.670148e-01    2.760172e+00
    2105   -4.361416e-01    2.815593e+00
    2106   -6.426096e-01    2.496353e+00
    2107   -6.930186e-01    2.403655e+00
    2108   -6.495060e-01    2.466128e+00
    2109   -6.558787e-01    2.437205e+00
    2110   -7.516205e-02    3.900269e+00
    2111   -6.105272e-02    3.962422e+00
    2112   -7.211976e-02    3.926696e+00
    2113   -1.353701e-01    3.755278e+00
    2114   -1.974929e-01    3.528882e+00
    2115   -1.715727e-01    3.607726e+00
    2116   -1.879866e-01    3.567009e+00
    2117   -9.878023e-02    3.827228e+00
    2118   -8.275231e-02    3.891861e+00
    2119   -9.352254e-02    3.856853e+00
    2120   -4.429833e-01    2.786797e+00
    2121   -2.974832e-01    3.080246e+00
    2122   -2.708121e-01    3.132970e+00
    2123   -2.666175e-01    3.161076e+00
    2124   -3.239933e-01    3.028465e+00
    2125   -1.488244e-01    3.723639e+00
    2126   -1.485018e-01    3.681493e+00
    2127   -1.275212e-01    3.752073e+00
    2128   -1.400619e-01    3.716937e+00
    2129   -1.991260e-01    3.690226e+00
    2130   -1.889783e-01    3.735754e+00
    2131   -4.451600e-01    3.235181e+00
    2132   -4.413639e-01    3.295675e+00
    2133   -4.989418e-01    3.180187e+00
    2134   -4.186667e-01    3.507092e+00
    2135   -3.659753e-01    3.539263e+00
    2136   -3.232974e-01    3.567066e+00
    2137   -3.029562e-01    3.489348e+00
    2138   -3.412227e-01    3.447973e+00
    2139   -3.492156e-01    3.391485e+00
    2140   -1.710725e+00    1.417384e+00
    2141   -1.705808e+00    1.378866e+00
    2142   -2.006943e+00    1.076058e+00
    2143   -2.845032e-01    3.599268e+00
    2144   -3.321978e-01    3.508132e+00
    2145   -3.829937e-01    3.408947e+00
    2146   -2.095008e-01    3.643439e+00
    2147   -1.538462e+00    1.532425e+00
    2148   -8.869239e-01    2.200671e+00
    2149   -8.301644e-01    2.268968e+00
    2150   -8.242018e-01    2.301591e+00
    2151   -6.086018e-01    2.527291e+00
    2152   -5.464735e-01    2.682201e+00
    2153   -5.937483e-01    2.589217e+00
    2154   -5.548477e-01    2.649252e+00
    2155   -1.294652e+00    1.710461e+00
    2156   -1.617686e+00    1.460708e+00
    2157   -1.003807e+00    2.126205e+00
    2158   -9.389013e-01    2.196414e+00
    2159   -9.338651e-01    2.234151e+00
    2160   -1.221220e+00    1.810813e+00
    2161   -1.220465e+00    1.785056e+00
    2162   -1.221668e+00    2.040466e+00
    2163   -1.306553e+00    1.909167e+00
    2164   -1.213893e+00    1.993623e+00
    2165   -1.584049e-01    3.685022e+00
    2166   -1.987496e-01    3.629361e+00
    2167   -1.010736e+00    2.059806e+00
    2168   -9.471058e-01    2.130960e+00
    2169   -9.428493e-01    2.162993e+00
    2170   -3.777820e-02    3.755598e+00
    2171    1.870103e-03    3.926510e+00
    2172    7.980826e-03    3.978978e+00
    2173    1.724070e-02    4.079433e+00
    2174    2.021363e-02    4.124666e+00
    2175   -2.101895e-02    3.961657e+00
    2176    1.292164e-02    4.029241e+00
    2177   -1.175739e-01    3.449338e+00
    2178   -6.356928e-02    3.689733e+00
    2179   -5.294665e-02    3.746922e+00
    2180   -2.063488e-02    3.865741e+00
    2181   -7.273881e-03    3.970274e+00
    2182   -2.655491e-02    4.069879e+00
    2183   -2.560991e-02    4.051730e+00
    2184   -3.518931e-02    3.857161e+00
    2185   -2.793391e-02    3.910074e+00
    2186   -4.847376e-02    3.848527e+00
    2187   -7.926606e-02    3.729238e+00
    2188   -6.999212e-02    3.782768e+00
    2189   -9.152554e-02    3.717450e+00
    2190   -3.508325e-01    2.976237e+00
    2191   -3.183046e-01    3.057486e+00
    2192   -3.058491e-01    3.118278e+00
    2193   -3.380752e-01    3.035723e+00
    2194   -3.123231e-01    3.087331e+00
    2195   -1.404695e-01    3.488791e+00
    2196   -1.590776e-01    3.450669e+00
    2197   -1.671868e-01    3.408122e+00
    2198   -5.700645e-01    2.587305e+00
    2199   -4.342426e-01    2.947019e+00
    2200   -4.789491e-01    2.852236e+00
    2201   -4.470507e-01    2.904429e+00
    2202   -1.535082e-01    3.681653e+00
    2203   -3.922635e-01    2.930662e+00
    2204   -3.646294e-01    2.983623e+00
    2205   -3.571377e-01    3.015365e+00
    2206   -4.066795e-01    2.869928e+00
    2207   -3.782964e-01    2.923518e+00
    2208   -1.362953e-01    3.688457e+00
    2209   -1.166856e-01    3.759082e+00
    2210   -1.295675e-01    3.721745e+00
    2211   -4.212127e-01    2.876737e+00
    2212   -5.627067e-01    2.617626e+00
    2213   -1.203196e-01    3.694673e+00
    2214   -1.006574e-01    3.766457e+00
    2215   -1.140038e-01    3.732406e+00
    2216   -1.088949e-01    3.765025e+00
    2217   -9.133165e-02    3.833391e+00
    2218   -1.039708e-01    3.796577e+00
    2219   -1.505023e-01    3.617421e+00
    2220   -1.286345e-01    3.693326e+00
    2221   -1.437234e-01    3.652183e+00
    2222   -3.716258e-01    2.953117e+00
    2223   -1.680826e-01    3.646174e+00
    2224   -1.840085e-01    3.610456e+00
    2225   -4.573727e-01    2.867431e+00
    2226   -5.010021e-01    2.774919e+00
    2227   -4.667555e-01    2.832186e+00
    2228   -2.303374e-01    3.549370e+00
    2229   -2.195736e-01    3.596741e+00
    2230   -5.737759e-01    3.035170e+00
    2231   -2.436079e-01    3.562973e+00
    2232   -2.119069e-01    3.532486e+00
    2233   -2.012100e-01    3.575036e+00
    2234   -2.081401e+00    9.947118e-01
    2235   -2.099285e-01    3.319458e+00
    2236   -2.374566e-01    3.240432e+00
    2237   -2.130255e-01    3.291120e+00
    2238   -6.099437e-01    2.778429e+00
    2239   -5.581258e-01    2.846391e+00
    2240   -6.187159e-01    2.595610e+00
    2241   -6.272060e-01    2.560999e+00
    2242   -5.767874e-01    2.656748e+00
    2243   -1.589288e+00    1.570787e+00
    2244   -6.794183e-01    2.465239e+00
    2245   -6.351898e-01    2.527938e+00
    2246   -5.880678e-01    2.713499e+00
    2247   -6.458879e-01    2.607620e+00
    2248   -5.979360e-01    2.673714e+00
    2249   -1.297670e+00    1.762891e+00
    2250   -1.372494e+00    1.793885e+00
    2251   -1.382924e+00    1.834619e+00
    2252   -2.811803e-01    3.475253e+00
    2253   -2.712687e-01    3.526889e+00
    2254   -3.549205e-01    3.340125e+00
    2255   -3.954993e-01    3.291973e+00
    2256   -1.218236e+00    1.944764e+00
    2257   -1.298101e+00    1.828627e+00
    2258   -1.219895e+00    1.905164e+00
    2259   -1.221703e+00    1.838529e+00
    2260   -1.148072e+00    1.913596e+00
    2261   -1.221282e+00    1.869546e+00
    2262   -1.144260e+00    1.980407e+00
    2263   -1.077816e+00    1.987287e+00
    2264   -8.767880e-01    2.266645e+00
    2265   -8.180891e-01    2.335642e+00
    2266   -8.118758e-01    2.371705e+00
    2267   -1.075542e+00    2.018682e+00
    2268   -8.908491e-02    3.623579e+00
    2269   -4.356943e-02    3.803028e+00
    2270   -4.958329e-02    3.951458e+00
    2271   -6.068702e-02    3.837234e+00
    2272   -7.230729e-02    3.828360e+00
    2273   -6.704168e-02    3.737926e+00
    2274   -1.873098e-01    3.344829e+00
    2275   -1.673114e-01    3.384064e+00
    2276   -2.065309e-01    3.347723e+00
    2277   -1.838744e-01    3.397040e+00
    2278   -1.792536e-01    3.489720e+00
    2279   -1.575709e-01    3.547251e+00
    2280   -1.637263e-01    3.547500e+00
    2281   -1.777812e-01    3.607360e+00
    2282   -2.202736e-01    3.539290e+00
    2283   -5.183765e-01    2.707913e+00
    2284   -1.429193e-01    3.683938e+00
    2285   -2.872295e-01    3.138113e+00
    2286   -2.624139e-01    3.189057e+00
    2287   -2.572758e-01    3.219261e+00
    2288   -1.567921e-01    3.646156e+00
    2289   -3.222679e-01    3.102519e+00
    2290   -2.990979e-01    3.149247e+00
    2291   -2.904736e-01    3.185213e+00
    2292   -4.840609e-01    2.765401e+00
    2293   -4.517649e-01    2.821610e+00
    2294   -5.030924e-01    2.837212e+00
    2295   -5.556543e-01    2.734159e+00
    2296   -5.154240e-01    2.794694e+00
    2297   -2.152307e-01    3.456474e+00
    2298   -1.893106e-01    3.534469e+00
    2299   -2.058746e-01    3.493887e+00
    2300   -4.131038e-01    2.908986e+00
    2301   -2.293429e-01    3.298052e+00
    2302   -2.026519e-01    3.377108e+00
    2303   -2.331810e-01    3.341655e+00
    2304   -2.016093e-01    3.430664e+00
    2305   -2.152014e-01    3.402208e+00
    2306   -3.750623e-01    2.998603e+00
    2307   -3.477951e-01    3.051340e+00
    2308   -3.384373e-01    3.087892e+00
    2309   -4.756487e-01    2.798076e+00
    2310   -1.650481e-01    3.610563e+00
    2311   -2.050619e-01    3.527705e+00
    2312   -2.401118e-01    3.505614e+00
    2313   -2.635521e-01    3.467976e+00
    2314   -6.096947e-01    2.631967e+00
    2315   -6.636303e-01    2.532961e+00
    2316   -1.398855e-01    3.445051e+00
    2317   -1.570996e-01    3.478858e+00
    2318   -9.420674e-02    3.750403e+00
    2319   -8.391802e-02    3.808018e+00
    2320   -1.020620e-01    3.705114e+00
    2321   -1.146623e-01    3.683704e+00
    2322   -4.485443e-01    3.180536e+00
    2323   -5.645073e-01    2.805107e+00
    2324   -6.265998e-01    2.690800e+00
    2325   -5.750565e-01    2.760578e+00
    2326   -7.487045e-01    2.477045e+00
    2327   -6.951813e-01    2.543493e+00
    2328   -6.869159e-01    2.583633e+00
    2329   -1.505174e+00    1.684754e+00
    2330   -1.377297e+00    1.753218e+00
    2331   -1.051342e+00    2.240330e+00
    2332   -1.056023e+00    2.191119e+00
    2333   -9.791082e-01    2.306997e+00
    2334   -1.069031e+00    2.092706e+00
    2335   -1.073096e+00    2.053177e+00
    2336   -1.062873e+00    2.138602e+00
    2337   -9.925070e-01    2.209485e+00
    2338   -5.375887e-01    2.716562e+00
    2339   -3.050673e-01    3.349217e+00
    2340   -2.987916e-01    3.382917e+00
    2341   -3.326831e-01    3.306943e+00
    2342   -8.636823e-01    2.345619e+00
    2343   -8.054756e-01    2.409998e+00
    2344   -7.965879e-01    2.455531e+00
    2345   -2.513686e-01    3.459037e+00
    2346   -3.191136e-01    3.388247e+00
    2347   -3.617721e-01    3.291805e+00
    2348   -1.178240e-01    3.548644e+00
    2349   -1.051082e-01    3.606765e+00
    2350   -9.053050e-02    3.671692e+00
    2351   -3.174842e-02    4.010847e+00
    2352   -1.575792e-01    3.520223e+00
    2353   -1.769784e-01    3.457552e+00
    2354   -1.610795e-01    3.488265e+00
    2355   -1.171874e-01    3.597309e+00
    2356   -1.327929e-01    3.593862e+00
    2357   -1.474162e-01    3.564536e+00
    2358   -2.243367e-01    3.486065e+00
    2359   -2.442690e-01    3.446345e+00
    2360   -3.943675e-01    2.980005e+00
    2361   -4.346929e-01    2.887934e+00
    2362   -4.033997e-01    2.945277e+00
    2363   -1.587340e-01    3.612190e+00
    2364   -1.336629e-01    3.620550e+00
    2365   -1.239981e-01    3.667444e+00
    2366   -1.732124e-01    3.575195e+00
    2367   -2.752551e-01    3.199218e+00
    2368   -2.523249e-01    3.248638e+00
    2369   -2.463989e-01    3.279623e+00
    2370   -5.281935e-01    2.752411e+00
    2371   -1.978229e-01    3.409544e+00
    2372   -2.583510e-01    3.271019e+00
    2373   -2.430729e-01    3.301297e+00
    2374   -2.672628e-01    3.273068e+00
    2375   -2.339670e-01    3.362149e+00
    2376   -2.524233e-01    3.324338e+00
    2377   -3.299028e-01    3.191595e+00
    2378   -3.123980e-01    3.246845e+00
    2379   -3.569349e-01    3.146118e+00
    2380   -3.004633e-01    3.185720e+00
    2381   -2.793807e-01    3.226317e+00
    2382   -3.575170e-01    3.067888e+00
    2383   -3.250955e-01    3.135412e+00
    2384   -3.172444e-01    3.168281e+00
    2385   -1.821694e-01    3.536669e+00
    2386   -2.247531e-01    3.449712e+00
    2387   -2.356793e-01    3.442702e+00
    2388   -2.653165e-01    3.409122e+00
    2389   -2.878852e-01    3.371013e+00
    2390   -4.996058e-01    3.073614e+00
    2391   -5.551796e-01    3.007586e+00
    2392   -5.520573e-01    2.963561e+00
    2393   -4.565426e-01    2.993688e+00
    2394   -4.740218e-01    2.933985e+00
    2395   -4.177382e-01    3.052305e+00
    2396   -6.302403e-01    2.918629e+00
    2397   -6.904207e-01    2.839955e+00
    2398   -7.932783e-01    2.671532e+00
    2399   -1.381023e-01    3.540520e+00
    2400   -1.389690e-01    3.631674e+00
    2401   -1.587015e-01    3.576012e+00
    2402   -2.889772e-01    3.430009e+00
    2403   -7.120969e-01    2.722745e+00
    2404   -7.772675e-01    2.627378e+00
    2405   -3.849131e-01    3.100269e+00
    2406   -4.039098e-01    3.042722e+00
    2407   -1.107175e+00    2.205770e+00
    2408   -1.135652e+00    2.068367e+00
    2409   -8.985213e-01    2.441501e+00
    2410   -8.433170e-01    2.561640e+00
    2411   -9.179069e-01    2.481642e+00
    2412   -9.271517e-01    2.277431e+00
    2413   -9.186499e-01    2.326170e+00
    2414   -1.133173e-01    3.649967e+00
    2415   -2.505293e-01    3.389711e+00
    2416   -2.729143e-01    3.343693e+00
    2417   -2.881919e-01    3.246049e+00
    2418   -2.654373e-01    3.299318e+00
    2419   -2.656440e-01    3.312725e+00
    2420   -1.760931e-01    3.532257e+00
    2421   -2.788264e-01    3.359443e+00
    2422   -3.654545e-01    3.252253e+00
    2423   -3.712095e-01    3.217182e+00
    2424   -2.024405e-01    3.451454e+00
    2425   -1.924346e-01    3.494843e+00
    2426   -1.952018e-01    3.431113e+00
    2427   -4.153085e-01    2.959551e+00
    2428   -3.678670e-01    3.158322e+00
    2429   -3.204485e-01    3.261068e+00
    2430   -3.490173e-01    3.218422e+00
    2431   -2.218669e-01    3.349187e+00
    2432   -2.091250e-01    3.455251e+00
    2433   -2.319879e-01    3.388678e+00
    2434   -2.203168e-01    3.432245e+00
    2435   -3.864187e-01    3.012637e+00
    2436   -3.135665e-01    3.219282e+00
    2437   -3.567981e-01    3.119499e+00
    2438   -2.886464e-01    3.274042e+00
    2439   -3.131431e-01    3.204683e+00
    2440   -3.761350e-01    3.049862e+00
    2441   -4.484786e-01    3.137116e+00
    2442   -6.064095e-01    2.857055e+00
    2443   -6.534310e-01    2.803417e+00
    2444   -6.489658e-01    2.768738e+00
    2445   -2.597400e-01    3.352837e+00
    2446   -4.506032e-01    2.944053e+00
    2447   -4.191184e-01    2.993753e+00
    2448   -6.676304e-01    2.815034e+00
    2449   -1.218807e-01    3.606942e+00
    2450   -6.659497e-01    2.677198e+00
    2451   -6.602935e-01    2.720551e+00
    2452   -1.027785e+00    2.327328e+00
    2453   -9.053543e-01    2.390227e+00
    2454   -4.031740e-01    3.198691e+00
    2455   -4.503014e-01    3.096529e+00
    2456   -6.777224e-01    2.627302e+00
    2457   -5.301525e-01    2.823570e+00
    2458   -4.875237e-01    2.886707e+00
    2459   -4.486185e-01    3.035291e+00
    2460   -5.094557e-01    2.912244e+00
    2461   -2.961119e-01    3.302785e+00
    2462   -2.389043e-01    3.389127e+00
    2463   -3.444772e-01    3.124503e+00
    2464   -3.182445e-01    3.180857e+00
    2465   -3.901207e-01    3.043147e+00
    2466   -3.712304e-01    3.073510e+00
    2467   -4.531514e-01    3.058344e+00
    2468   -3.690719e-01    3.193005e+00
    2469   -3.198862e-01    3.296292e+00
    2470   -4.029832e-01    3.134999e+00
    2471   -2.602226e-01    3.337578e+00
    2472   -1.242074e-01    3.506797e+00
    2473   -7.301414e-01    2.565666e+00


Element stress result:  ------------------------
     eid  ip           str11           str22           str33           str12
       1   1   -1.294813e+04   -7.899553e+02   -4.121425e+03    1.663124e+03
       1   2   -1.375083e+04   -1.049334e+03   -4.440049e+03    3.288701e+03
       1   3   -1.182887e+04   -7.161052e+02   -3.763492e+03    1.714516e+03
       2   1   -5.526229e+03    1.099499e+01   -1.654570e+03   -5.004788e+02
       2   2   -5.051265e+03    1.829341e+02   -1.460499e+03   -1.233737e+02
       2   3   -6.131448e+03   -2.595893e+02   -1.917311e+03   -1.321678e+02
       3   1   -2.009771e+03    2.667447e+03    1.973027e+02   -9.520607e+02
       3   2   -1.872571e+03    2.275010e+01   -5.549463e+02    5.276327e+02
       3   3   -1.112810e+02    1.108006e+03    2.990174e+02   -5.929018e+02
       4   1   -1.682010e+02    1.582446e+04    4.696877e+03   -3.425384e+02
       4   2   -7.838304e+01    1.621041e+04    4.839607e+03   -2.028967e+02
       4   3   -6.762078e+01    1.609587e+04    4.808476e+03   -2.831814e+02
       5   1   -2.312304e+02    1.570705e+04    4.642746e+03    6.588807e+02
       5   2   -1.020920e+02    1.576916e+04    4.700119e+03    5.656419e+02
       5   3   -1.010115e+02    1.598393e+04    4.764875e+03    4.555170e+02
       6   1    3.407067e+03    1.765905e+04    6.319836e+03   -6.927137e+03
       6   2    3.281851e+03    1.534364e+04    5.587646e+03   -6.478370e+03
       6   3    5.039352e+03    1.526713e+04    6.091944e+03   -8.367839e+03
       7   1   -8.907567e+01    1.343295e+04    4.003162e+03    1.521167e+03
       7   2   -2.823973e+01    1.281718e+04    3.836682e+03    1.186438e+03
       7   3   -5.097772e+01    1.330912e+04    3.977444e+03    1.144406e+03
       8   1    3.416098e+03    3.209611e+04    1.065366e+04   -6.465770e+02
       8   2    3.326825e+03    3.392658e+04    1.117602e+04   -1.742235e+02
       8   3    3.820905e+03    3.044674e+04    1.028029e+04   -1.101825e+02
       9   1    7.970726e+03    9.867085e+03    5.351343e+03   -1.018317e+02
       9   2    8.238529e+03    9.903156e+03    5.442505e+03   -2.330478e+01
       9   3    7.619609e+03    9.816413e+03    5.230807e+03   -2.890869e+01
      10   1   -1.632522e+04   -9.839883e+02   -5.192762e+03    1.798927e+02
      10   2   -2.013715e+04   -2.916631e+02   -6.128643e+03    2.818102e+02
      10   3   -1.983102e+04   -3.443794e+02   -6.052621e+03    1.072400e+03
      11   1   -1.362238e+04   -1.125997e+03   -4.424512e+03    3.548555e+02
      11   2   -1.768541e+04   -7.026990e+02   -5.516432e+03    1.462016e+03
      11   3   -1.494767e+04   -9.531528e+02   -4.770248e+03    1.013959e+03
      12   1   -1.412975e+04   -9.662426e+02   -4.528798e+03    1.608589e+03
      12   2   -1.493216e+04   -9.739051e+02   -4.771818e+03    1.449707e+03
      12   3   -1.655423e+04   -7.369034e+02   -5.187339e+03    2.723980e+03
      13   1   -7.342251e+03   -5.523274e+02   -2.368373e+03   -5.144635e+02
      13   2   -6.063561e+03   -1.390498e+02   -1.860783e+03   -6.144917e+02
      13   3   -6.709623e+03   -4.550992e+02   -2.149417e+03   -2.277546e+02
      14   1   -4.776043e+03    1.400773e+03   -1.012581e+03   -2.168425e+03
      14   2   -3.964750e+03    1.812849e+03   -6.455704e+02   -2.242308e+03
      14   3   -4.418743e+03    1.201091e+03   -9.652958e+02   -1.831974e+03
      15   1   -2.622441e+03    1.701953e+03   -2.761463e+02   -7.011524e+02
      15   2   -2.963579e+03    1.359226e+03   -4.813057e+02   -2.790819e+02
      15   3   -3.319750e+03    1.221648e+03   -6.294304e+02   -6.880402e+02
      16   1   -1.469792e+03    2.644685e+03    3.524678e+02   -6.803319e+02
      16   2   -1.735989e+03    2.319875e+03    1.751659e+02   -2.736680e+02
      16   3   -2.015951e+03    2.177121e+03    4.835080e+01   -6.835215e+02
      17   1   -5.369452e+02    3.549118e+03    9.036519e+02   -6.450148e+02
      17   2   -7.535808e+02    3.248417e+03    7.484508e+02   -2.609407e+02
      17   3   -9.823166e+02    3.104555e+03    6.366715e+02   -6.563504e+02
      18   1    2.487340e+02    4.402139e+03    1.395262e+03   -6.040680e+02
      18   2    6.474995e+01    4.127079e+03    1.257549e+03   -2.451760e+02
      18   3   -1.296144e+02    3.984745e+03    1.156539e+03   -6.192471e+02
      19   1    9.380801e+02    5.199244e+03    1.841197e+03   -5.618640e+02
      19   2    7.749054e+02    4.949200e+03    1.717232e+03   -2.285201e+02
      19   3    6.029431e+02    4.810082e+03    1.623908e+03   -5.786957e+02
      20   1    1.568636e+03    5.940005e+03    2.252592e+03   -5.202890e+02
      20   2    1.417479e+03    5.713495e+03    2.139292e+03   -2.119513e+02
      20   3    1.258946e+03    5.578754e+03    2.051310e+03   -5.377816e+02
      21   1    2.169935e+03    6.625531e+03    2.638640e+03   -4.798364e+02
      21   2    2.023807e+03    6.420900e+03    2.533412e+03   -1.957943e+02
      21   3    1.871530e+03    6.291453e+03    2.448895e+03   -4.976845e+02
      22   1    2.766927e+03    7.257029e+03    3.007187e+03   -4.401912e+02
      22   2    2.619840e+03    7.072806e+03    2.907794e+03   -1.799996e+02
      22   3    2.467648e+03    6.949529e+03    2.825153e+03   -4.585059e+02
      23   1    3.856711e+03    1.000497e+04    4.158503e+03   -4.474934e+02
      23   2    3.794383e+03    1.000030e+04    4.138405e+03   -1.193530e+02
      23   3    4.197317e+03    9.998790e+03    4.258832e+03   -1.203910e+02
      24   1    3.382324e+03    7.834946e+03    3.365181e+03   -4.005297e+02
      24   2    3.228737e+03    7.670025e+03    3.269629e+03   -1.642888e+02
      24   3    3.070916e+03    7.553917e+03    3.187450e+03   -4.196959e+02
      25   1    4.038321e+03    8.358362e+03    3.719005e+03   -3.596540e+02
      25   2    3.872728e+03    8.212116e+03    3.625453e+03   -1.482227e+02
      25   3    3.703611e+03    8.104447e+03    3.542417e+03   -3.802688e+02
      26   1    4.758002e+03    8.824538e+03    4.074762e+03   -3.160107e+02
      26   2    4.574578e+03    8.696866e+03    3.981433e+03   -1.312236e+02
      26   3    4.388194e+03    8.599329e+03    3.896257e+03   -3.388869e+02
      27   1    4.513689e+03    8.736666e+03    3.975107e+03   -6.492046e+02
      27   2    4.741443e+03    8.833915e+03    4.072607e+03   -4.423926e+02
      27   3    4.373747e+03    8.609611e+03    3.895008e+03   -4.725601e+02
      28   1    8.711382e+03    9.959114e+03    5.601149e+03   -1.412093e+02
      28   2    9.328157e+03    9.990256e+03    5.795524e+03   -5.240555e+01
      28   3    8.414227e+03    9.933430e+03    5.504297e+03   -1.341460e+02
      29   1    7.963914e+02    4.367607e+04    1.334174e+04   -2.486988e+03
      29   2    6.683001e+02    4.419709e+04    1.345962e+04   -6.457237e+02
      29   3    2.324468e+03    3.846154e+04    1.223580e+04   -4.551424e+02
      30   1    2.935881e+03    2.157867e+04    7.354367e+03    1.072761e+03
      30   2    3.275448e+03    2.259417e+04    7.760885e+03    7.610803e+02
      30   3    3.079555e+03    2.111768e+04    7.259172e+03    1.012048e+03
      31   1    2.687852e+03    3.357499e+04    1.087885e+04   -6.264849e+03
      31   2    3.001037e+03    3.588897e+04    1.166700e+04   -9.214157e+03
      31   3    2.332806e+03    3.862464e+04    1.228724e+04   -8.020257e+03
      32   1    3.696698e+03    2.557665e+04    8.782004e+03   -7.455890e+03
      32   2    4.172777e+03    2.744897e+04    9.486523e+03   -9.764892e+03
      32   3    3.457978e+03    2.789964e+04    9.407286e+03   -7.144179e+03
      33   1    2.260126e+03    1.075099e+04    3.903334e+03   -5.088127e+03
      33   2    4.334130e+03    9.963689e+03    4.289346e+03   -6.382987e+03
      33   3    2.667105e+03    1.279016e+04    4.637181e+03   -5.775676e+03
      34   1   -1.705461e+03    3.929676e+03    6.672646e+02   -1.642993e+03
      34   2    2.495350e+02    2.473760e+03    8.169885e+02   -1.516248e+03
      34   3   -6.830084e+02    5.159529e+03    1.342956e+03   -2.452489e+03
      35   1   -7.468623e+03    4.003271e+02   -2.120489e+03    1.025113e+03
      35   2   -6.574158e+03   -7.498518e+02   -2.197203e+03    2.305057e+03
      35   3   -6.087714e+03    8.727586e+02   -1.564487e+03    5.648663e+02
      36   1   -1.040955e+04   -3.709470e+02   -3.234150e+03    1.573498e+03
      36   2   -1.031317e+04   -1.127561e+03   -3.432220e+03    3.186225e+03
      36   3   -9.085317e+03   -1.764749e+02   -2.778538e+03    1.432389e+03
      37   1   -1.596897e+04   -7.914913e+02   -5.028138e+03    1.595830e+03
      37   2   -1.938046e+04   -5.305096e+02   -5.973290e+03    2.225667e+03
      37   3   -1.832095e+04   -7.593077e+02   -5.724076e+03    2.953762e+03
      38   1   -7.414928e-01    5.750036e+03    1.724788e+03    5.081723e+01
      38   2    8.753841e+01    7.337680e+03    2.227565e+03    3.597969e+01
      38   3    1.696981e+01    5.664630e+03    1.704480e+03    1.696981e+01
      39   1    1.010382e+02    7.457021e+03    2.267418e+03    2.896083e+02
      39   2   -2.167294e+01    5.884471e+03    1.758839e+03    8.695689e+01
      39   3   -5.518771e+00    6.167459e+03    1.848582e+03    1.016587e+02
      40   1    1.251323e+03    1.392870e+04    4.554006e+03    1.143402e+03
      40   2    1.583366e+03    1.504349e+04    4.988057e+03    1.188125e+03
      40   3    1.516539e+03    1.446025e+04    4.793037e+03    8.614385e+02
      41   1    1.055045e+03    1.274284e+04    4.139366e+03    4.963820e+02
      41   2    1.389825e+03    1.387228e+04    4.578633e+03    5.325563e+02
      41   3    1.262892e+03    1.330680e+04    4.370907e+03    2.073561e+02
      42   1    1.593593e+03    1.443464e+04    4.808469e+03    4.363811e+02
      42   2    1.788027e+03    1.498539e+04    5.032026e+03    1.149746e+02
      42   3    1.423911e+03    1.385615e+04    4.584018e+03    1.075695e+02
      43   1    2.850114e+03    1.856850e+04    6.425586e+03    5.125223e+02
      43   2    2.729508e+03    1.793558e+04    6.199527e+03    2.146715e+02
      43   3    2.480442e+03    1.730485e+04    5.935588e+03    5.497008e+02
      44   1    3.501459e+03    2.143661e+04    7.481421e+03    3.944814e+02
      44   2    3.409842e+03    2.066415e+04    7.222198e+03    1.784671e+02
      44   3    3.182520e+03    1.991081e+04    6.928000e+03    4.819367e+02
      45   1    3.922029e+03    2.517219e+04    8.728267e+03    1.083806e+02
      45   2    3.877445e+03    2.409473e+04    8.391652e+03    9.043271e+01
      45   3    3.727360e+03    2.312284e+04    8.055059e+03    3.061788e+02
      46   1    3.803645e+03    3.061775e+04    1.032642e+04   -5.718071e+02
      46   2    3.839253e+03    2.881300e+04    9.795675e+03   -1.098639e+02
      46   3    3.891180e+03    2.751461e+04    9.421737e+03   -1.058366e+02
      47   1   -3.344388e+01    1.000586e+04    2.991724e+03    1.379255e+01
      47   2    4.346084e+00    9.965043e+03    2.990817e+03    1.530524e+01
      47   3   -7.464046e+00    9.992536e+03    2.995522e+03    7.464046e+00
      48   1    1.785593e+01    1.001067e+04    3.008558e+03    3.068468e+00
      48   2    3.181888e+00    9.995362e+03    2.999563e+03    1.786437e+01
      48   3   -1.622365e+01    1.000431e+04    2.996425e+03    1.365472e+01
      49   1    2.596110e+03    1.000997e+04    3.781825e+03   -5.139288e+02
      49   2    2.816632e+03    1.000515e+04    3.846533e+03   -2.146353e+02
      49   3    2.923995e+03    1.001029e+04    3.880284e+03   -5.299409e+02
      50   1    1.578842e+03    1.009378e+04    3.501786e+03   -7.963682e+02
      50   2    1.417895e+03    1.004453e+04    3.438728e+03   -5.582021e+02
      50   3    1.684799e+03    1.003706e+04    3.516558e+03   -6.029204e+02
      51   1    1.074859e+02    1.111688e+04    3.367308e+03   -6.607941e+02
      51   2    4.306133e+01    1.116750e+04    3.363167e+03   -5.049524e+02
      51   3    5.238368e+01    1.094632e+04    3.299612e+03   -4.539796e+02
      52   1    9.721582e+01    1.143108e+04    3.458489e+03   -8.149165e+02
      52   2    6.637325e+01    1.130999e+04    3.412910e+03   -5.901268e+02
      52   3    1.067726e+02    1.121478e+04    3.396466e+03   -7.558799e+02
      53   1    6.938977e+01    1.190359e+04    3.591894e+03   -9.127047e+02
      53   2    4.829992e+01    1.180093e+04    3.554769e+03   -6.718351e+02
      53   3    7.919385e+01    1.166362e+04    3.522845e+03   -8.692680e+02
      54   1    4.140243e+01    1.241545e+04    3.737055e+03   -9.776081e+02
      54   2    3.012496e+01    1.234132e+04    3.711433e+03   -7.279985e+02
      54   3    5.130346e+01    1.215855e+04    3.662955e+03   -9.503065e+02
      55   1    1.318484e+01    1.295130e+04    3.889345e+03   -1.008700e+03
      55   2    1.182803e+01    1.291319e+04    3.877505e+03   -7.581428e+02
      55   3    2.320820e+01    1.268482e+04    3.812410e+03   -9.979259e+02
      56   1   -1.556163e+01    1.349470e+04    4.043741e+03   -1.005083e+03
      56   2   -6.785155e+00    1.349760e+04    4.047245e+03   -7.617950e+02
      56   3   -5.357044e+00    1.322650e+04    3.966344e+03   -1.011275e+03
      57   1    8.916060e-01    1.347607e+04    4.043089e+03   -5.012658e+02
      57   2    3.730356e-01    1.343312e+04    4.030049e+03   -2.062854e+02
      57   3    5.865674e-01    1.316212e+04    3.948811e+03   -5.001329e+02
      58   1   -4.513075e+00    1.411391e+04    4.232819e+03   -4.904082e+02
      58   2   -2.370832e+00    1.412963e+04    4.238177e+03   -2.035886e+02
      58   3   -4.810992e+00    1.380379e+04    4.139694e+03   -4.978340e+02
      59   1   -1.591570e+01    1.529022e+04    4.582291e+03   -4.126598e+02
      59   2   -8.136826e+00    1.543025e+04    4.626634e+03   -1.752498e+02
      59   3   -1.613281e+01    1.502139e+04    4.501576e+03   -4.380340e+02
      60   1   -2.191494e+01    1.578070e+04    4.727637e+03   -3.445894e+02
      60   2   -1.115607e+01    1.598115e+04    4.790997e+03   -1.490803e+02
      60   3   -2.205734e+01    1.555000e+04    4.658382e+03   -3.793323e+02
      61   1   -3.240684e+02    1.490358e+04    4.373852e+03   -9.186692e+02
      61   2   -3.510470e+02    1.507305e+04    4.416600e+03   -7.968589e+02
      61   3   -2.498683e+02    1.520129e+04    4.485427e+03   -7.176630e+02
      62   1   -2.798750e+01    1.617331e+04    4.843595e+03   -2.566461e+02
      62   2   -1.420006e+01    1.642902e+04    4.924446e+03   -1.146558e+02
      62   3   -2.803251e+01    1.599259e+04    4.789369e+03   -3.008078e+02
      63   1   -3.936691e+01    1.656885e+04    4.958846e+03   -2.378857e+01
      63   2   -1.986297e+01    1.690538e+04    5.065655e+03   -2.165501e+01
      63   3   -3.915724e+01    1.652215e+04    4.944897e+03   -8.540560e+01
      64   1   -4.388690e+01    1.652873e+04    4.945454e+03    1.169081e+02
      64   2   -2.208680e+01    1.688264e+04    5.058167e+03    3.551224e+01
      64   3   -4.352855e+01    1.656364e+04    4.956034e+03    4.848574e+01
      65   1   -2.150008e+02    1.604009e+04    4.747528e+03    1.195692e+02
      65   2   -9.785401e+01    1.631564e+04    4.865335e+03    1.551022e+02
      65   3   -8.984047e+01    1.635383e+04    4.879195e+03    5.257470e+01
      66   1   -4.691551e+01    1.630798e+04    4.878319e+03    2.683243e+02
      66   2   -2.355046e+01    1.665808e+04    4.990359e+03    9.780047e+01
      66   3   -4.640592e+01    1.643119e+04    4.915437e+03    1.954706e+02
      67   1   -4.594841e+01    1.530038e+04    4.576331e+03    5.752072e+02
      67   2   -2.293271e+01    1.556283e+04    4.661970e+03    2.269214e+02
      67   3   -4.517078e+01    1.560467e+04    4.667851e+03    5.045097e+02
      68   1   -2.410461e+02    1.546143e+04    4.566114e+03    9.256413e+02
      68   2   -1.589350e+02    1.559005e+04    4.629333e+03    6.746155e+02
      68   3   -2.470069e+02    1.562327e+04    4.612879e+03    7.837132e+02
      69   1   -4.075014e+01    1.452703e+04    4.345883e+03    7.117455e+02
      69   2   -2.025983e+01    1.469942e+04    4.403750e+03    2.862068e+02
      69   3   -3.988018e+01    1.491354e+04    4.462099e+03    6.494038e+02
      70   1   -5.457057e+02    1.317046e+04    3.787428e+03   -3.770575e+03
      70   2   -1.069773e+03    1.158802e+04    3.155473e+03   -3.544124e+03
      70   3    3.607701e+02    1.111116e+04    3.441578e+03   -4.136374e+03
      71   1   -3.455233e+00    1.148199e+04    3.443560e+03    9.170345e+02
      71   2   -1.455450e+00    1.119922e+04    3.359330e+03    3.859143e+02
      71   3   -2.621253e+00    1.200439e+04    3.600530e+03    9.127615e+02
      72   1    1.460015e+01    1.040106e+04    3.124698e+03    8.833643e+02
      72   2    7.619166e+00    9.920193e+03    2.978344e+03    3.779835e+02
      72   3    1.538372e+01    1.091148e+04    3.278060e+03    9.067434e+02
      73   1    3.398535e+01    9.406528e+03    2.832154e+03    7.933907e+02
      73   2    1.717452e+01    8.714728e+03    2.619571e+03    3.460548e+02
      73   3    3.438544e+01    9.865161e+03    2.969864e+03    8.425414e+02
      74   1    5.665321e+01    8.581069e+03    2.591317e+03    6.482224e+02
      74   2    2.640613e+01    7.672036e+03    2.309533e+03    2.910278e+02
      74   3    5.423893e+01    8.947833e+03    2.700622e+03    7.226617e+02
      75   1    7.638197e+01    7.947907e+03    2.407287e+03    4.252250e+02
      75   2    3.288134e+01    6.856848e+03    2.066919e+03    2.056235e+02
      75   3    7.273569e+01    8.228990e+03    2.490518e+03    5.407570e+02
      76   1    9.684476e+03    9.996989e+03    5.904440e+03   -2.069242e+01
      76   2    9.717533e+03    9.994683e+03    5.913665e+03   -5.317268e+00
      76   3    8.966966e+03    9.971236e+03    5.681460e+03   -1.108298e+01
      77   1    8.401384e+03    9.929677e+03    5.499318e+03   -1.056779e+02
      77   2    9.323859e+03    9.993876e+03    5.795320e+03   -4.209421e+01
      77   3    8.651216e+03    9.942215e+03    5.578029e+03   -3.627682e+01
      78   1    7.027369e+03    9.739673e+03    5.030113e+03   -4.078769e+02
      78   2    6.755390e+03    9.645805e+03    4.920358e+03   -3.242828e+02
      78   3    6.440904e+03    9.585745e+03    4.807995e+03   -4.762814e+02
      79   1    7.329634e+03    9.787370e+03    5.135101e+03   -3.368629e+02
      79   2    7.687660e+03    9.841653e+03    5.258794e+03   -2.082859e+02
      79   3    7.072662e+03    9.721729e+03    5.038317e+03   -2.595867e+02
      80   1    3.816467e+03    8.267694e+03    3.625248e+03   -7.330509e+02
      80   2    4.023490e+03    8.371929e+03    3.718626e+03   -5.023852e+02
      80   3    3.689757e+03    8.118433e+03    3.542457e+03   -5.309590e+02
      81   1    7.600041e+03    9.981057e+03    5.274329e+03   -4.076756e+02
      81   2    7.347468e+03    9.981170e+03    5.198591e+03   -4.334241e+02
      81   3    7.952197e+03    9.990294e+03    5.382747e+03   -1.733514e+02
      82   1    3.980274e+03    8.410262e+03    3.717161e+03   -7.831166e+02
      82   2    4.329141e+03    8.641647e+03    3.891236e+03   -7.367396e+02
      82   3    4.178349e+03    8.491687e+03    3.801011e+03   -5.557843e+02
      83   1    7.877349e+03    9.972446e+03    5.354938e+03   -3.142566e+02
      83   2    8.290050e+03    1.000310e+04    5.487946e+03   -8.728816e+01
      83   3    8.568229e+03    1.000212e+04    5.571104e+03   -8.181395e+01
      84   1    3.747479e+03    8.619707e+03    3.710156e+03   -1.563391e+03
      84   2    4.090633e+03    8.820996e+03    3.873489e+03   -1.472646e+03
      84   3    3.981828e+03    8.654477e+03    3.790892e+03   -1.338194e+03
      85   1    3.863766e+03    1.000845e+04    4.161664e+03   -1.041264e+03
      85   2    3.870015e+03    1.000703e+04    4.163115e+03   -7.613684e+02
      85   3    4.218820e+03    1.000034e+04    4.265749e+03   -7.654041e+02
      86   1    3.621775e+03    1.000608e+04    4.088357e+03   -5.533708e+02
      86   2    3.277626e+03    1.000573e+04    3.985008e+03   -5.440343e+02
      86   3    3.566087e+03    1.000300e+04    4.070726e+03   -2.256701e+02
      87   1    4.595242e+03    9.999453e+03    4.378408e+03   -4.520467e+02
      87   2    4.603418e+03    1.000082e+04    4.381272e+03   -1.211682e+02
      87   3    5.010507e+03    9.999295e+03    4.502941e+03   -1.210714e+02
      88   1    2.652310e+03    1.005103e+04    3.811001e+03   -9.695941e+02
      88   2    2.556698e+03    1.002534e+04    3.774611e+03   -6.979427e+02
      88   3    2.881512e+03    1.001848e+04    3.869999e+03   -7.222609e+02
      89   1    1.961502e+03    1.001431e+04    3.592745e+03   -4.695989e+02
      89   2    2.114723e+03    1.000733e+04    3.636616e+03   -1.977403e+02
      89   3    2.264667e+03    1.001457e+04    3.683770e+03   -4.923877e+02
      90   1    1.391321e+03    1.001884e+04    3.423049e+03   -4.107560e+02
      90   2    1.480503e+03    1.000959e+04    3.447027e+03   -1.748248e+02
      90   3    1.661488e+03    1.001899e+04    3.504142e+03   -4.404962e+02
      91   1    9.026379e+02    1.002349e+04    3.277838e+03   -3.370903e+02
      91   2    9.346217e+02    1.001190e+04    3.283956e+03   -1.456631e+02
      91   3    1.131943e+03    1.002355e+04    3.346649e+03   -3.739380e+02
      92   1    5.122621e+02    1.002853e+04    3.162237e+03   -2.505971e+02
      92   2    4.981760e+02    1.001425e+04    3.153727e+03   -1.106348e+02
      92   3    6.934113e+02    1.002818e+04    3.216476e+03   -2.930217e+02
      93   1    2.301891e+02    1.003504e+04    3.079569e+03   -1.523298e+02
      93   2    1.907326e+02    1.001630e+04    3.062111e+03   -7.003947e+01
      93   3    3.598791e+02    1.003278e+04    3.117796e+03   -1.998916e+02
      94   1    1.374489e+02    1.014885e+04    3.085889e+03   -1.669966e+02
      94   2    7.340562e+01    1.010886e+04    3.054679e+03   -7.233072e+01
      94   3    9.375718e+01    1.008200e+04    3.052726e+03   -6.291577e+01
      95   1   -4.513600e+01    1.402833e+04    4.194958e+03   -9.656961e+02
      95   2   -2.592578e+01    1.407483e+04    4.214673e+03   -7.382649e+02
      95   3   -3.471795e+01    1.376670e+04    4.119595e+03   -9.893806e+02
      96   1   -5.002343e+03    8.785622e+02   -1.237134e+03    6.468760e+02
      96   2   -5.722972e+03   -1.222775e+03   -2.083724e+03    2.493567e+03
      96   3   -3.721637e+03   -6.493053e+02   -1.311283e+03    1.675857e+03
      97   1    4.942654e+02    5.386298e+03    1.764169e+03   -2.868943e+03
      97   2    1.386755e+03    2.358760e+03    1.123654e+03   -1.997478e+03
      97   3    2.765822e+03    4.031087e+03    2.039073e+03   -3.274056e+03
      98   1    2.387657e+03    8.999272e+03    3.416079e+03   -4.835579e+03
      98   2    3.811840e+03    5.897908e+03    2.912924e+03   -4.759061e+03
      98   3    4.730019e+03    8.179761e+03    3.872934e+03   -6.016610e+03
      99   1    3.519981e+03    1.352309e+04    5.112920e+03   -6.554433e+03
      99   2    5.253910e+03    1.067204e+04    4.777786e+03   -7.382715e+03
      99   3    5.681541e+03    1.350245e+04    5.755198e+03   -8.424677e+03
     100   1    3.980455e+03    1.868911e+04    6.800870e+03   -7.764063e+03
     100   2    5.712753e+03    1.650487e+04    6.665288e+03   -9.473520e+03
     100   3    5.689302e+03    1.974022e+04    7.628858e+03   -1.011080e+04
     101   1    3.847646e+03    2.413229e+04    8.393980e+03   -8.200095e+03
     101   2    5.303973e+03    2.304768e+04    8.505495e+03   -1.064780e+04
     101   3    4.923773e+03    2.644460e+04    9.410511e+03   -1.072375e+04
     102   1   -3.187162e+01    1.360399e+04    4.071637e+03    8.219718e+02
     102   2   -1.575273e+01    1.365392e+04    4.091449e+03    3.357909e+02
     102   3   -3.095632e+01    1.405869e+04    4.208319e+03    7.736006e+02
     103   1    6.525376e+03    9.573030e+03    4.829522e+03   -2.177724e+02
     103   2    6.261614e+03    9.476138e+03    4.721326e+03   -9.341403e+01
     103   3    6.021070e+03    9.407510e+03    4.628574e+03   -2.454708e+02
     104   1    5.568352e+03    9.229335e+03    4.439306e+03   -2.687711e+02
     104   2    5.359292e+03    9.119974e+03    4.343780e+03   -1.128961e+02
     104   3    5.149022e+03    9.034862e+03    4.255165e+03   -2.941503e+02
     105   1   -1.010423e+01    1.472651e+04    4.414923e+03   -4.610794e+02
     105   2   -5.202571e+00    1.480406e+04    4.439658e+03   -1.933311e+02
     105   3   -1.037352e+01    1.443131e+04    4.326281e+03   -4.773332e+02
     106   1   -3.702021e+03    9.260509e+02   -8.327909e+02   -5.512479e+02
     106   2   -3.322005e+03    1.129605e+03   -6.577199e+02   -1.336972e+02
     106   3   -4.120611e+03    6.484293e+02   -1.041654e+03   -1.453300e+02
     107   1    6.183388e+00    1.283592e+04    3.852631e+03   -4.941855e+02
     107   2    3.064498e+00    1.273993e+04    3.822899e+03   -2.016207e+02
     107   3    5.896409e+00    1.252884e+04    3.760421e+03   -4.846747e+02
     108   1   -2.315438e+03    1.884000e+03   -1.294316e+02   -5.537726e+02
     108   2   -2.008010e+03    2.095640e+03    2.628920e+01   -1.336173e+02
     108   3   -2.621803e+03    1.613506e+03   -3.024893e+02   -1.456068e+02
     109   1    1.145570e+01    1.221573e+04    3.668155e+03   -4.694996e+02
     109   2    5.749037e+00    1.207495e+04    3.624209e+03   -1.896837e+02
     109   3    1.121898e+01    1.192594e+04    3.581149e+03   -4.516714e+02
     110   1   -1.225592e+03    2.825669e+03    4.800230e+02   -5.345789e+02
     110   2   -9.697745e+02    3.034620e+03    6.194537e+02   -1.288509e+02
     110   3   -1.460641e+03    2.569898e+03    3.327770e+02   -1.401165e+02
     111   1    1.679270e+01    1.163729e+04    3.496223e+03   -4.273238e+02
     111   2    8.465988e+00    1.146293e+04    3.441418e+03   -1.704588e+02
     111   3    1.664845e+01    1.137492e+04    3.417470e+03   -4.011813e+02
     112   1   -3.346618e+02    3.724855e+03    1.017058e+03   -5.056170e+02
     112   2   -1.153626e+02    3.925820e+03    1.143137e+03   -1.219724e+02
     112   3   -5.240661e+02    3.486682e+03    8.887847e+02   -1.320831e+02
     113   1    2.222533e+01    1.112191e+04    3.343239e+03   -3.677723e+02
     113   2    1.123187e+01    1.092880e+04    3.282008e+03   -1.439583e+02
     113   3    2.222695e+01    1.089664e+04    3.275660e+03   -3.335445e+02
     114   1    4.234040e+02    4.570498e+03    1.498171e+03   -4.730250e+02
     114   2    6.175189e+02    4.761099e+03    1.613585e+03   -1.143102e+02
     114   3    2.629195e+02    4.350497e+03    1.384025e+03   -1.231649e+02
     115   1    2.773509e+01    1.069048e+04    3.215466e+03   -2.917306e+02
     115   2    1.409732e+01    1.049767e+04    3.153531e+03   -1.106609e+02
     115   3    2.826560e+01    1.051144e+04    3.161913e+03   -2.508683e+02
     116   1    1.095443e+03    5.359185e+03    1.936388e+03   -4.397870e+02
     116   2    1.273267e+03    5.538517e+03    2.043535e+03   -1.065070e+02
     116   3    9.524266e+02    5.156896e+03    1.832797e+03   -1.141608e+02
     117   1    3.266032e+01    1.036132e+04    3.118194e+03   -2.014696e+02
     117   2    1.684026e+01    1.019243e+04    3.062782e+03   -7.070685e+01
     117   3    3.369531e+01    1.023564e+04    3.080801e+03   -1.544049e+02
     118   1    1.716567e+03    6.090983e+03    2.342265e+03   -4.071277e+02
     118   2    1.885463e+03    6.258819e+03    2.443285e+03   -9.881848e+01
     118   3    1.582693e+03    5.905607e+03    2.246490e+03   -1.053956e+02
     119   1    1.224655e+03    1.011650e+04    3.402347e+03   -7.728637e+02
     119   2    1.325928e+03    1.007294e+04    3.419662e+03   -6.037930e+02
     119   3    1.445745e+03    1.010803e+04    3.466132e+03   -8.369902e+02
     120   1    2.314881e+03    6.767144e+03    2.724607e+03   -3.752835e+02
     120   2    2.481325e+03    6.923480e+03    2.821442e+03   -9.128072e+01
     120   3    2.183641e+03    6.597923e+03    2.634469e+03   -9.693310e+01
     121   1    5.061182e+03    9.997690e+03    4.517661e+03   -5.580356e+02
     121   2    4.710388e+03    9.997334e+03    4.412317e+03   -5.619981e+02
     121   3    5.128376e+03    9.998730e+03    4.538132e+03   -2.303730e+02
     122   1    2.914578e+03    7.388796e+03    3.091012e+03   -3.439088e+02
     122   2    3.084640e+03    7.533573e+03    3.185464e+03   -8.379665e+01
     122   3    2.780460e+03    7.235230e+03    3.004707e+03   -8.868547e+01
     123   1    7.847922e+03    9.977206e+03    5.347539e+03   -3.729655e+02
     123   2    8.483137e+03    9.988262e+03    5.541420e+03   -1.467554e+02
     123   3    8.062572e+03    9.977102e+03    5.411902e+03   -3.388471e+02
     124   1    3.538084e+03    7.956130e+03    3.448264e+03   -3.122797e+02
     124   2    3.717808e+03    8.089051e+03    3.542058e+03   -7.618007e+01
     124   3    3.396015e+03    7.818117e+03    3.364240e+03   -8.047001e+01
     125   1    8.681276e+03    9.964908e+03    5.593855e+03   -1.897537e+02
     125   2    9.240115e+03    1.000386e+04    5.773193e+03   -5.443030e+01
     125   3    9.405065e+03    1.000120e+04    5.821879e+03   -4.600581e+01
     126   1    4.207671e+03    8.467829e+03    3.802650e+03   -2.793821e+02
     126   2    4.403418e+03    8.588224e+03    3.897492e+03   -6.817332e+01
     126   3    4.052623e+03    8.345775e+03    3.719520e+03   -7.203345e+01
     127   1    5.082051e+03    9.063431e+03    4.243645e+03   -6.394239e+02
     127   2    4.914117e+03    8.936993e+03    4.155333e+03   -4.857978e+02
     127   3    4.693763e+03    8.860667e+03    4.066329e+03   -6.899693e+02
     128   1    4.946812e+03    8.920551e+03    4.160209e+03   -2.439119e+02
     128   2    5.165609e+03    9.027318e+03    4.257878e+03   -5.947805e+01
     128   3    4.773487e+03    8.815519e+03    4.076702e+03   -6.306531e+01
     129   1    5.944137e+03    9.426401e+03    4.611162e+03   -5.315436e+02
     129   2    5.747129e+03    9.320699e+03    4.520348e+03   -4.094032e+02
     129   3    5.493502e+03    9.251866e+03    4.423610e+03   -5.889025e+02
     130   1    5.783021e+03    9.309136e+03    4.527647e+03   -2.052173e+02
     130   2    6.032209e+03    9.400151e+03    4.629708e+03   -5.001457e+01
     130   3    5.584500e+03    9.222549e+03    4.442115e+03   -5.350643e+01
     131   1    7.069507e+03    9.712592e+03    5.034630e+03   -1.869839e+02
     131   2    7.684436e+03    9.832460e+03    5.255069e+03   -1.455399e+02
     131   3    7.325275e+03    9.754304e+03    5.123874e+03   -6.848940e+01
     132   1    6.773429e+03    9.632027e+03    4.921637e+03   -1.632295e+02
     132   2    7.042361e+03    9.698082e+03    5.022133e+03   -3.955694e+01
     132   3    6.521302e+03    9.560809e+03    4.824633e+03   -4.365186e+01
     133   1    3.333341e+03    2.934578e+04    9.803735e+03   -7.730136e+03
     133   2    4.279580e+03    2.975428e+04    1.021016e+04   -1.061583e+04
     133   3    3.679226e+03    3.299664e+04    1.100276e+04   -1.004335e+04
     134   1   -4.114769e+01    1.303033e+04    3.896755e+03    1.698633e+03
     134   2   -3.674149e+01    1.273674e+04    3.810001e+03    1.319925e+03
     134   3   -7.122791e+01    1.338556e+04    3.994300e+03    1.666432e+03
     135   1   -1.929333e+01    1.257121e+04    3.765575e+03    8.939926e+02
     135   2   -9.409650e+00    1.246788e+04    3.737542e+03    3.706188e+02
     135   3   -1.838980e+01    1.307329e+04    3.916469e+03    8.652235e+02
     136   1    3.613339e+03    2.284120e+04    7.936361e+03   -7.426079e+03
     136   2    3.729394e+03    2.041355e+04    7.242884e+03   -7.336565e+03
     136   3    4.922437e+03    2.125658e+04    7.853704e+03   -9.589072e+03
     137   1   -4.781815e+01    1.589821e+04    4.755116e+03    4.239473e+02
     137   2   -2.393849e+01    1.621905e+04    4.858533e+03    1.627248e+02
     137   3   -4.716319e+01    1.611280e+04    4.819691e+03    3.500085e+02
     138   1    1.317270e+03    8.549490e+03    2.960028e+03   -4.201139e+03
     138   2    5.624900e+02    6.929564e+03    2.247616e+03   -3.383357e+03
     138   3    2.724812e+03    5.661208e+03    2.515806e+03   -3.978211e+03
     139   1   -3.391563e+01    1.644368e+04    4.922928e+03   -1.492403e+02
     139   2   -1.715833e+01    1.674605e+04    5.018669e+03   -7.203530e+01
     139   3   -3.384208e+01    1.632457e+04    4.887218e+03   -2.025351e+02
     140   1   -3.195612e+03    2.598604e+03   -1.791027e+02   -7.847231e+02
     140   2   -4.457001e+03    1.793327e+03   -7.991020e+02   -1.088734e+02
     140   3   -2.932060e+03    3.818501e+02   -7.650630e+02    6.702581e+02
     141   1   -8.220256e+03   -1.654930e+02   -2.515725e+03    1.746224e+03
     141   2   -9.822207e+03   -1.616570e+03   -3.431633e+03    3.677635e+03
     141   3   -7.759118e+03   -1.433724e+03   -2.757853e+03    3.260821e+03
     142   1   -6.054150e+03    3.565608e+03   -7.465625e+02   -1.545990e+03
     142   2   -5.393829e+03    2.832697e+03   -7.683397e+02   -8.470066e+02
     142   3   -5.258582e+03    4.468768e+03   -2.369441e+02   -1.829466e+03
     143   1   -1.345954e+03    5.219564e+03    1.162083e+03   -3.298329e+03
     143   2   -9.324198e+02    5.483902e+03    1.365445e+03   -3.222914e+03
     143   3   -1.072155e+03    4.965266e+03    1.167933e+03   -3.007436e+03
     144   1   -1.127755e+04   -6.051330e+02   -3.564806e+03    2.161096e+03
     144   2   -1.371012e+04   -1.436776e+03   -4.544067e+03    3.951426e+03
     144   3   -1.181424e+04   -1.501958e+03   -3.994860e+03    3.967299e+03
     145   1   -1.362457e+04   -1.172184e+03   -4.439026e+03    2.096150e+02
     145   2   -1.484239e+04   -1.049241e+03   -4.767488e+03    1.665863e+02
     145   3   -1.782965e+04   -7.703319e+02   -5.579994e+03    1.056499e+03
     146   1   -1.393915e+04   -7.803580e+02   -4.415851e+03    2.072444e+03
     146   2   -1.700824e+04   -9.915097e+02   -5.399924e+03    3.411560e+03
     146   3   -1.546809e+04   -1.181637e+03   -4.994919e+03    3.825335e+03
     147   1    2.330956e+03    1.671681e+04    5.714329e+03    4.397406e+02
     147   2    2.540915e+03    1.732236e+04    5.958984e+03    1.155282e+02
     147   3    2.162685e+03    1.613643e+04    5.489734e+03    1.091885e+02
     148   1    2.595186e+02    1.298457e+04    3.973228e+03    2.025113e+03
     148   2    2.185634e+02    1.208339e+04    3.690585e+03    1.754411e+03
     148   3    1.324651e+02    1.239698e+04    3.758835e+03    1.838700e+03
     149   1    3.127761e+03    2.048554e+04    7.083991e+03    8.623677e+02
     149   2    3.412730e+03    2.134918e+04    7.428572e+03    5.739601e+02
     149   3    3.125416e+03    1.989733e+04    6.906824e+03    6.569026e+02
     150   1    3.052148e+03    1.922301e+04    6.682549e+03    3.968152e+02
     150   2    3.257833e+03    1.995283e+04    6.963200e+03    1.043276e+02
     150   3    2.909492e+03    1.858937e+04    6.449658e+03    9.989568e+01
     151   1    3.638669e+03    2.817360e+04    9.543681e+03   -5.215265e+02
     151   2    3.654249e+03    3.022725e+04    1.016445e+04   -6.828723e+02
     151   3    3.893932e+03    2.747274e+04    9.410003e+03   -1.681742e+02
     152   1    3.645278e+03    2.223223e+04    7.763253e+03    2.810003e+02
     152   2    3.816523e+03    2.318969e+04    8.101863e+03    7.444981e+01
     152   3    3.566662e+03    2.148067e+04    7.514200e+03    7.504101e+01
     153   1    3.586075e+03    2.373742e+04    8.197050e+03    4.316859e+02
     153   2    3.811003e+03    2.499375e+04    8.641426e+03    1.961899e+02
     153   3    3.678550e+03    2.308945e+04    8.030401e+03    4.059667e+02
     154   1    3.914622e+03    2.621671e+04    9.039398e+03    7.066344e+00
     154   2    4.000823e+03    2.753669e+04    9.461254e+03    4.564631e+00
     154   3    3.976102e+03    2.520588e+04    8.754594e+03    1.789141e+01
     155   1    2.876260e+03    3.506996e+04    1.138387e+04   -2.910237e+03
     155   2    1.606495e+03    3.982822e+04    1.243041e+04   -3.469194e+03
     155   3    3.268269e+03    3.456180e+04    1.134902e+04   -1.638357e+03
     156   1    3.075550e+03    3.454699e+04    1.128676e+04   -1.122795e+03
     156   2    1.878087e+03    4.074871e+04    1.278804e+04   -2.561144e+03
     156   3    2.661224e+03    3.621655e+04    1.166333e+04   -5.957599e+02
     157   1    4.236490e+01    1.017735e+04    3.065916e+03   -1.015916e+02
     157   2   -3.513431e+00    1.005244e+04    3.014678e+03   -2.765223e+01
     157   3   -8.672992e-01    9.973957e+03    2.991927e+03   -1.593711e+01
     158   1    4.018630e+01    1.005361e+04    3.028138e+03   -3.168606e+01
     158   2    2.503817e+00    9.970377e+03    2.991864e+03    1.183050e+01
     158   3    4.360556e+01    1.005265e+04    3.028878e+03   -1.299054e+01
     159   1    2.116029e+03    6.740265e+03    2.656888e+03   -1.039134e+03
     159   2    2.413481e+03    7.047213e+03    2.838208e+03   -9.983233e+02
     159   3    2.287836e+03    6.821041e+03    2.732663e+03   -7.456691e+02
     160   1    3.861722e+01    1.041921e+04    3.137347e+03   -1.814213e+02
     160   2   -3.482508e+00    1.032746e+04    3.097193e+03   -5.106414e+01
     160   3   -2.813486e+00    1.017018e+04    3.050209e+03   -4.239951e+01
     161   1    2.439613e+02    1.121638e+04    3.438104e+03   -1.096699e+03
     161   2    1.898398e+02    1.113637e+04    3.397862e+03   -8.892523e+02
     161   3    2.658312e+02    1.102995e+04    3.388735e+03   -1.004899e+03
     162   1    3.187147e+01    1.077785e+04    3.242918e+03   -2.510827e+02
     162   2   -3.300293e+00    1.074304e+04    3.221923e+03   -7.016780e+01
     162   3   -2.254576e+00    1.051865e+04    3.154918e+03   -6.326621e+01
     163   1    1.851944e+02    1.161563e+04    3.540248e+03   -1.250926e+03
     163   2    1.463052e+02    1.154566e+04    3.507589e+03   -1.033328e+03
     163   3    2.091582e+02    1.141098e+04    3.486043e+03   -1.180055e+03
     164   1    2.501992e+01    1.123974e+04    3.379428e+03   -3.091115e+02
     164   2   -2.865836e+00    1.127377e+04    3.381270e+03   -8.550771e+01
     164   3   -1.573061e+00    1.099553e+04    3.298187e+03   -8.015182e+01
     165   1    1.237786e+02    1.204757e+04    3.651403e+03   -1.361980e+03
     165   2    1.008173e+02    1.199570e+04    3.628956e+03   -1.139850e+03
     165   3    1.485198e+02    1.182817e+04    3.593008e+03   -1.312792e+03
     166   1    1.813568e+01    1.178386e+04    3.540597e+03   -3.534279e+02
     166   2   -2.352939e+00    1.189240e+04    3.567015e+03   -9.690839e+01
     166   3   -9.098040e-01    1.157359e+04    3.471805e+03   -9.306796e+01
     167   1    6.090564e+01    1.250330e+04    3.769262e+03   -1.428243e+03
     167   2    5.435959e+01    1.247570e+04    3.759017e+03   -1.207204e+03
     167   3    8.613102e+01    1.227355e+04    3.707904e+03   -1.401367e+03
     168   1    1.128670e+01    1.238804e+04    3.719799e+03   -3.836679e+02
     168   2   -1.785339e+00    1.257257e+04    3.771236e+03   -1.044010e+02
     168   3   -2.635458e-01    1.222627e+04    3.667801e+03   -1.020283e+02
     169   1   -3.450571e+00    1.297221e+04    3.890628e+03   -1.448117e+03
     169   2    6.935641e+00    1.297293e+04    3.893959e+03   -1.234151e+03
     169   3    2.232660e+01    1.273723e+04    3.827867e+03   -1.444306e+03
     170   1    4.429413e+00    1.302977e+04    3.910261e+03   -3.998122e+02
     170   2   -1.184446e+00    1.328846e+04    3.986183e+03   -1.080596e+02
     170   3    3.817035e-01    1.292751e+04    3.878367e+03   -1.071271e+02
     171   1   -8.813425e+01    1.308057e+04    3.897731e+03   -1.749844e+03
     171   2   -9.354502e+01    1.333896e+04    3.973624e+03   -1.551471e+03
     171   3   -4.416724e+01    1.311422e+04    3.921017e+03   -1.573230e+03
     172   1   -2.528122e+00    1.368616e+04    4.105090e+03   -4.017462e+02
     172   2   -5.538486e-01    1.401440e+04    4.204155e+03   -1.078813e+02
     172   3    1.029051e+00    1.365164e+04    4.095801e+03   -1.083971e+02
     173   1   -2.096459e+03    3.040135e+03    2.831026e+02   -2.225520e+03
     173   2   -1.575958e+03    3.439224e+03    5.589799e+02   -2.193217e+03
     173   3   -1.804205e+03    2.935052e+03    3.392540e+02   -1.848801e+03
     174   1   -9.680085e+00    1.433386e+04    4.297255e+03   -3.891589e+02
     174   2    1.089092e-01    1.472437e+04    4.417345e+03   -1.037818e+02
     174   3    1.680938e+00    1.437289e+04    4.312370e+03   -1.057856e+02
     175   1   -5.138958e+01    1.421730e+04    4.249772e+03   -8.713362e+02
     175   2   -2.712035e+01    1.457748e+04    4.365109e+03   -6.257181e+02
     175   3   -1.727192e+01    1.428661e+04    4.280801e+03   -6.503346e+02
     176   1   -1.708362e+01    1.494887e+04    4.479537e+03   -3.615938e+02
     176   2    8.088232e-01    1.539157e+04    4.617715e+03   -9.561805e+01
     176   3    2.333686e+00    1.506487e+04    4.520161e+03   -9.917056e+01
     177   1   -4.258137e+03    5.743404e+03    4.455802e+02   -2.200922e+03
     177   2   -3.180636e+03    4.945009e+03    5.293120e+02   -1.869873e+03
     177   3   -3.514943e+03    6.916574e+03    1.020489e+03   -2.531096e+03
     178   1   -2.472862e+01    1.550643e+04    4.644510e+03   -3.185520e+02
     178   2    1.546649e+00    1.598817e+04    4.796914e+03   -8.322728e+01
     178   3    2.977366e+00    1.570030e+04    4.710982e+03   -8.839417e+01
     179   1   -1.099662e+02    1.516790e+04    4.517380e+03   -6.774427e+02
     179   2   -5.293467e+01    1.557469e+04    4.656526e+03   -4.671446e+02
     179   3   -4.211151e+01    1.534868e+04    4.591969e+03   -5.196886e+02
     180   1   -3.251330e+01    1.598116e+04    4.784593e+03   -2.596257e+02
     180   2    2.318561e+00    1.648537e+04    4.946307e+03   -6.646607e+01
     180   3    3.591462e+00    1.625083e+04    4.876325e+03   -7.329728e+01
     181   1   -5.092288e+02    1.560220e+04    4.527890e+03   -1.724427e-01
     181   2   -5.238800e+02    1.565568e+04    4.539540e+03    1.853358e+02
     181   3   -3.830805e+02    1.577007e+04    4.616098e+03    1.151552e+02
     182   1   -4.021865e+01    1.634746e+04    4.892171e+03   -1.847381e+02
     182   2    3.110059e+00    1.685388e+04    5.057097e+03   -4.528471e+01
     182   3    4.145991e+00    1.668733e+04    5.007444e+03   -5.378830e+01
     183   1   -1.985630e+02    1.590663e+04    4.712420e+03   -2.049145e+02
     183   2   -1.263844e+02    1.612270e+04    4.798895e+03   -1.889384e+02
     183   3   -1.901231e+02    1.581028e+04    4.686046e+03   -3.192571e+02
     184   1   -4.748500e+01    1.658030e+04    4.959846e+03   -9.439366e+01
     184   2    3.898108e+00    1.706480e+04    5.120610e+03   -1.979839e+01
     184   3    4.597421e+00    1.698058e+04    5.095552e+03   -2.990808e+01
     185   1   -1.187970e+03    1.502664e+04    4.151600e+03   -5.732934e+02
     185   2   -9.793252e+02    1.505203e+04    4.221811e+03   -5.593883e+02
     185   3   -1.128494e+03    1.485844e+04    4.118983e+03   -7.936822e+02
     186   1   -5.381085e+01    1.665645e+04    4.980793e+03    1.001389e+01
     186   2    4.645493e+00    1.709112e+04    5.128730e+03    9.617074e+00
     186   3    4.894092e+00    1.710239e+04    5.132185e+03   -1.924471e+00
     187   1   -2.402357e+02    1.595821e+04    4.715392e+03    3.355858e+02
     187   2   -1.552705e+02    1.616821e+04    4.803881e+03    2.183466e+02
     187   3   -2.369494e+02    1.598407e+04    4.724137e+03    1.959909e+02
     188   1   -5.854772e+01    1.655612e+04    4.949273e+03    1.259004e+02
     188   2    5.302865e+00    1.690977e+04    5.074523e+03    4.223846e+01
     188   3    4.974493e+00    1.702744e+04    5.109724e+03    2.958227e+01
     189   1    1.167453e+03    1.879365e+04    5.988330e+03   -4.179138e+03
     189   2    2.242204e+03    1.929639e+04    6.461577e+03   -5.507705e+03
     189   3    1.446280e+03    2.052746e+04    6.592123e+03   -4.082095e+03
     190   1   -6.093676e+01    1.626506e+04    4.861237e+03    2.492287e+02
     190   2    5.806073e+00    1.650421e+04    4.953006e+03    7.691122e+01
     190   3    4.777485e+00    1.673558e+04    5.022106e+03    6.362926e+01
     191   1   -5.502837e+02    1.566605e+04    4.534731e+03    5.783814e+02
     191   2   -4.062171e+02    1.574858e+04    4.602708e+03    4.552972e+02
     191   3   -5.445075e+02    1.566087e+04    4.534910e+03    3.821354e+02
     192   1   -6.017248e+01    1.577692e+04    4.715025e+03    3.743295e+02
     192   2    6.084819e+00    1.586744e+04    4.762059e+03    1.119990e+02
     192   3    4.245505e+00    1.621464e+04    4.865665e+03    9.876736e+01
     193   1   -2.184468e+02    1.500754e+04    4.436729e+03    1.200704e+03
     193   2   -1.462320e+02    1.506260e+04    4.474911e+03    8.930202e+02
     193   3   -2.303857e+02    1.523432e+04    4.501181e+03    1.070571e+03
     194   1   -5.549039e+01    1.509574e+04    4.512076e+03    4.938842e+02
     194   2    6.062898e+00    1.500514e+04    4.503360e+03    1.453714e+02
     194   3    3.340607e+00    1.546358e+04    4.640075e+03    1.330500e+02
     195   1    5.811997e+02    2.141839e+04    6.599878e+03   -1.545813e+03
     195   2    1.078867e+02    2.032156e+04    6.128833e+03   -1.859205e+03
     195   3    8.673690e+02    2.107537e+04    6.582823e+03   -2.761137e+03
     196   1   -4.632914e+01    1.423814e+04    4.257544e+03    5.992397e+02
     196   2    5.669846e+00    1.393849e+04    4.183249e+03    1.745019e+02
     196   3    2.054604e+00    1.449550e+04    4.349266e+03    1.640925e+02
     197   1    2.743677e+03    2.084777e+04    7.077434e+03    1.280085e+03
     197   2    2.858413e+03    2.030335e+04    6.948528e+03    1.179141e+03
     197   3    2.458254e+03    1.950325e+04    6.588452e+03    1.509300e+03
     198   1   -3.246986e+01    1.323496e+04    3.960748e+03    6.809113e+02
     198   2    4.857494e+00    1.270629e+04    3.813344e+03    1.966213e+02
     198   3    4.216788e-01    1.334021e+04    4.002189e+03    1.891967e+02
     199   1    1.800678e+03    1.558531e+04    5.215796e+03    1.092485e+03
     199   2    2.061348e+03    1.612324e+04    5.455377e+03    7.804927e+02
     199   3    1.702606e+03    1.500630e+04    5.012672e+03    7.705725e+02
     200   1   -1.418812e+01    1.213167e+04    3.635245e+03    7.294110e+02
     200   2    3.605346e+00    1.136539e+04    3.410699e+03    2.089647e+02
     200   3   -1.470472e+00    1.204557e+04    3.613231e+03    2.055553e+02
     201   1    7.338617e+01    1.186538e+04    3.581630e+03    1.546584e+03
     201   2    4.785979e+01    1.089458e+04    3.282732e+03    1.167755e+03
     201   3    1.719797e+01    1.139150e+04    3.422610e+03    1.202780e+03
     202   1    7.626694e+00    1.098717e+04    3.298439e+03    7.364881e+02
     202   2    1.908079e+00    9.989190e+03    2.997330e+03    2.091741e+02
     202   3   -3.477936e+00    1.067705e+04    3.202073e+03    2.106002e+02
     203   1    1.642167e+02    1.113563e+04    3.389953e+03    1.411391e+03
     203   2    8.937167e+01    1.002009e+04    3.032839e+03    1.044881e+03
     203   3    5.725288e+01    1.046416e+04    3.156423e+03    1.120266e+03
     204   1    3.148046e+01    9.871652e+03    2.970940e+03    6.967521e+02
     204   2   -3.342774e-01    8.663426e+03    2.598927e+03    1.960146e+02
     204   3   -5.454994e+00    9.315052e+03    2.792879e+03    2.025601e+02
     205   1    5.490860e+02    1.104300e+04    3.477627e+03    8.088560e+02
     205   2    7.403592e+02    1.164281e+04    3.714950e+03    6.137857e+02
     205   3    5.169377e+02    1.061803e+04    3.340491e+03    5.215057e+02
     206   1    5.638950e+01    8.868257e+03    2.677394e+03    6.122173e+02
     206   2   -3.633207e+00    7.481439e+03    2.243342e+03    1.708696e+02
     206   3   -7.227515e+00    8.051080e+03    2.413156e+03    1.819909e+02
     207   1    2.534547e+02    1.052822e+04    3.234503e+03    1.175813e+03
     207   2    1.321696e+02    9.304748e+03    2.831075e+03    8.475548e+02
     207   3    9.898538e+01    9.655361e+03    2.926304e+03    9.625640e+02
     208   1    8.400211e+01    8.060433e+03    2.443331e+03    4.831375e+02
     208   2   -7.907120e+00    6.536982e+03    1.958723e+03    1.342435e+02
     208   3   -8.421603e+00    6.979459e+03    2.091311e+03    1.501854e+02
     209   1    3.353548e+02    9.545295e+03    2.964195e+03    3.404957e+02
     209   2    2.156085e+02    8.569187e+03    2.635439e+03    1.177053e+02
     209   3    1.714115e+02    8.543439e+03    2.614455e+03    3.596425e+02
     210   1    8.886801e+01    7.750501e+03    2.351811e+03    2.842442e+02
     210   2    1.160346e+02    7.752894e+03    2.360679e+03    1.219446e+02
     210   3    3.719695e+01    6.376240e+03    1.924031e+03    9.269580e+01
     211   1    3.134763e+03    1.001047e+04    3.943569e+03   -4.316411e+02
     211   2    3.008894e+03    9.999774e+03    3.902600e+03   -1.145188e+02
     211   3    3.397518e+03    9.998300e+03    4.018746e+03   -1.166945e+02
     212   1    2.716112e+03    1.009161e+04    3.842318e+03   -1.475524e+03
     212   2    2.690522e+03    1.006983e+04    3.828106e+03   -1.233632e+03
     212   3    2.971746e+03    1.004978e+04    3.906457e+03   -1.264581e+03
     213   1    2.091417e+03    1.007232e+04    3.649121e+03   -8.955647e+02
     213   2    1.957482e+03    1.003478e+04    3.597678e+03   -6.376639e+02
     213   3    2.257486e+03    1.002765e+04    3.685541e+03   -6.721574e+02
     214   1    2.447904e+03    1.001600e+04    3.739171e+03   -4.044555e+02
     214   2    2.267362e+03    9.999241e+03    3.679981e+03   -1.066266e+02
     214   3    2.631450e+03    9.997826e+03    3.788783e+03   -1.099618e+02
     215   1    7.157009e+02    1.056766e+04    3.385007e+03   -1.144905e+03
     215   2    5.934208e+02    1.064968e+04    3.372931e+03   -1.113016e+03
     215   3    6.334244e+02    1.049774e+04    3.339348e+03   -9.573113e+02
     216   1    1.814607e+03    1.002163e+04    3.550870e+03   -3.657829e+02
     216   2    1.590577e+03    9.998703e+03    3.476784e+03   -9.556967e+01
     216   3    1.919667e+03    9.997373e+03    3.575112e+03   -1.001173e+02
     217   1    1.567884e+02    1.050435e+04    3.198342e+03   -4.476710e+02
     217   2    1.500931e+02    1.065641e+04    3.241950e+03   -5.319930e+02
     217   3    1.003370e+02    1.053994e+04    3.192083e+03   -3.587106e+02
     218   1    1.253312e+03    1.002740e+04    3.384213e+03   -3.153468e+02
     218   2    1.000110e+03    9.998151e+03    3.299478e+03   -8.115646e+01
     218   3    1.283298e+03    9.996965e+03    3.384079e+03   -8.700210e+01
     219   1    8.281250e+02    1.014264e+04    3.291230e+03   -6.286362e+02
     219   2    8.930331e+02    1.008888e+04    3.294574e+03   -4.922868e+02
     219   3    1.017772e+03    1.013251e+04    3.345086e+03   -6.997808e+02
     220   1    7.823652e+02    1.003316e+04    3.244658e+03   -2.529376e+02
     220   2    5.183575e+02    9.997588e+03    3.154784e+03   -6.327300e+01
     220   3    7.443847e+02    9.996601e+03    3.222296e+03   -7.044594e+01
     221   1    6.215680e+02    1.034890e+04    3.291140e+03   -7.457002e+02
     221   2    5.273556e+02    1.023403e+04    3.228415e+03   -5.451863e+02
     221   3    6.780084e+02    1.021726e+04    3.268579e+03   -6.480088e+02
     222   1    4.192987e+02    1.003901e+04    3.137493e+03   -1.805825e+02
     222   2    1.685103e+02    9.996614e+03    3.049537e+03   -4.227113e+01
     222   3    3.260980e+02    9.996565e+03    3.096799e+03   -5.065039e+01
     223   1    1.724415e+02    1.025064e+04    3.126923e+03   -2.668210e+02
     223   2    1.669415e+02    1.037277e+04    3.161913e+03   -3.568744e+02
     223   3    1.091490e+02    1.028160e+04    3.117225e+03   -2.178480e+02
     224   1    1.739138e+02    1.004484e+04    3.065625e+03   -9.889848e+01
     224   2   -2.794002e+01    9.995348e+03    2.990222e+03   -1.756474e+01
     224   3    5.080914e+01    9.997383e+03    3.014458e+03   -2.752398e+01
     225   1    3.984810e+01    1.003922e+04    3.023721e+03   -1.430931e+01
     225   2   -6.368379e+01    9.994546e+03    2.979259e+03    1.118064e+01
     225   3   -6.666265e+01    1.000114e+04    2.980342e+03   -3.049886e-01
     226   1    6.299892e+01    1.003690e+04    3.029970e+03   -4.644082e+01
     226   2    2.312164e+01    1.001621e+04    3.011799e+03   -2.334166e+01
     226   3    1.365088e+02    1.003292e+04    3.050829e+03   -9.503183e+01
     227   1    3.178764e+03    3.218934e+04    1.061043e+04   -5.991949e+03
     227   2    3.380126e+03    3.029428e+04    1.010232e+04   -6.745243e+03
     227   3    3.069078e+03    3.316861e+04    1.087131e+04   -8.723571e+03
     228   1    3.059449e+03    3.484660e+04    1.137181e+04   -4.040545e+03
     228   2    3.018398e+03    3.378638e+04    1.104143e+04   -5.170910e+03
     228   3    1.994619e+03    3.759647e+04    1.187733e+04   -6.484619e+03
     229   1   -5.926177e+03    2.517673e+02   -1.702323e+03   -1.315413e+03
     229   2   -4.903830e+03    6.993698e+02   -1.261338e+03   -1.431212e+03
     229   3   -5.454983e+03    2.162832e+02   -1.571610e+03   -1.002924e+03
     230   1   -9.154256e+03    6.567739e+02   -2.549245e+03   -8.779273e+02
     230   2   -9.730194e+03    3.168462e+02   -2.824004e+03    2.167193e+02
     230   3   -8.573755e+03    1.162689e+03   -2.223320e+03   -9.004295e+02
     231   1    2.273106e+03    3.603298e+04    1.149182e+04   -3.958383e+03
     231   2    1.879885e+03    4.055855e+04    1.273153e+04   -6.534073e+03
     231   3    1.328983e+03    4.239260e+04    1.311647e+04   -4.879878e+03
     232   1    3.723163e+03    2.687967e+04    9.180850e+03   -2.183319e+02
     232   2    3.790549e+03    2.595498e+04    8.923659e+03    3.238595e+01
     232   3    3.570120e+03    2.459120e+04    8.448396e+03    3.201911e+02
     233   1   -5.020861e+03    2.832591e+02   -1.421281e+03   -6.420265e+02
     233   2   -4.101578e+03    7.518995e+02   -1.004904e+03   -6.892409e+02
     233   3   -4.557232e+03    4.070726e+02   -1.245048e+03   -2.679376e+02
     234   1   -8.039572e+03   -7.441643e+02   -2.635121e+03   -3.748619e+02
     234   2   -7.427137e+03   -6.533170e+02   -2.424136e+03   -9.875560e+01
     234   3   -8.953781e+03   -9.884804e+02   -2.982678e+03   -1.051958e+02
     235   1    1.741361e+03    1.498520e+04    5.017969e+03    5.557535e+02
     235   2    2.114616e+03    1.613358e+04    5.474460e+03    5.515299e+02
     235   3    1.982770e+03    1.556245e+04    5.263567e+03    2.233965e+02
     236   1    9.244625e+02    1.217838e+04    3.930852e+03    3.783234e+02
     236   2    1.082569e+03    1.271566e+04    4.139470e+03    1.000689e+02
     236   3    7.681008e+02    1.154332e+04    3.693427e+03    9.173135e+01
     237   1    4.006928e+03    9.858721e+03    4.159695e+03   -1.903525e+03
     237   2    4.152887e+03    9.914281e+03    4.220150e+03   -1.726201e+03
     237   3    4.388360e+03    9.874875e+03    4.278970e+03   -1.692151e+03
     238   1    3.327496e+03    7.904891e+03    3.369716e+03   -8.705008e+02
     238   2    3.648137e+03    8.162462e+03    3.543180e+03   -8.273591e+02
     238   3    3.510463e+03    7.988559e+03    3.449707e+03   -6.209944e+02
     239   1   -1.396183e+02    1.554261e+04    4.620898e+03   -5.273648e+02
     239   2   -6.596192e+01    1.594887e+04    4.764872e+03   -3.479945e+02
     239   3   -5.494219e+01    1.577289e+04    4.715386e+03   -4.146684e+02
     240   1   -4.568390e+02    1.544974e+04    4.497869e+03   -3.505317e+02
     240   2   -4.777058e+02    1.554750e+04    4.520938e+03   -1.824173e+02
     240   3   -3.462940e+02    1.567901e+04    4.599814e+03   -1.996607e+02
     241   1   -2.283529e+02    1.594622e+04    4.715361e+03    3.845844e+02
     241   2   -1.025508e+02    1.612811e+04    4.807669e+03    3.578838e+02
     241   3   -9.742387e+01    1.625331e+04    4.846765e+03    2.490450e+02
     242   1    1.166630e+03    1.753482e+04    5.610435e+03   -4.517211e+03
     242   2    2.121733e+03    1.582836e+04    5.385028e+03   -5.552167e+03
     242   3    2.662811e+03    1.827651e+04    6.281797e+03   -5.941287e+03
     243   1   -1.501859e+02    1.416244e+04    4.203675e+03    1.379215e+03
     243   2   -5.827960e+01    1.373421e+04    4.102779e+03    1.092737e+03
     243   3   -7.484479e+01    1.418141e+04    4.231971e+03    1.021513e+03
     244   1    2.153152e+03    2.398402e+04    7.841152e+03   -3.781805e+03
     244   2    1.922959e+03    2.240452e+04    7.298243e+03   -4.001759e+03
     244   3    2.640669e+03    2.352978e+04    7.851134e+03   -5.502181e+03
     245   1   -1.093200e+04   -1.134891e+03   -3.620068e+03   -1.734250e+02
     245   2   -8.842871e+03   -8.475549e+02   -2.907128e+03   -4.300406e+02
     245   3   -9.807028e+03   -1.061178e+03   -3.260462e+03   -1.331022e+02
     246   1   -1.147596e+04   -6.549954e+02   -3.639288e+03    4.626996e+01
     246   2   -1.361920e+04   -9.718153e+02   -4.377306e+03    9.031263e+02
     246   3   -1.282187e+04   -7.761440e+02   -4.079404e+03    8.632479e+02
     247   1    3.174781e+03    7.743924e+03    3.275611e+03   -8.121313e+02
     247   2    3.368492e+03    7.853274e+03    3.366530e+03   -5.585247e+02
     247   3    3.057175e+03    7.572284e+03    3.188837e+03   -5.866406e+02
     248   1    6.680424e+03    9.888502e+03    4.970678e+03   -8.200546e+02
     248   2    7.219088e+03    9.925270e+03    5.143307e+03   -5.952289e+02
     248   3    6.876133e+03    9.881297e+03    5.027229e+03   -7.530367e+02
     249   1    8.589170e+03    9.974601e+03    5.569131e+03   -2.117707e+02
     249   2    9.246003e+03    9.985114e+03    5.769335e+03   -7.738950e+01
     249   3    8.734711e+03    9.978056e+03    5.613830e+03   -1.679146e+02
     250   1    8.976745e+03    9.973985e+03    5.685219e+03   -1.183064e+02
     250   2    9.553503e+03    1.000383e+04    5.867200e+03   -3.146145e+01
     250   3    9.657836e+03    1.000049e+04    5.897499e+03   -2.458490e+01
     251   1   -1.487509e+02    1.508383e+04    4.480525e+03    2.520496e+03
     251   2   -1.715691e+02    1.464635e+04    4.342435e+03    2.363474e+03
     251   3   -2.788336e+02    1.519132e+04    4.473745e+03    2.461738e+03
     252   1    3.147566e+03    2.384485e+04    8.097724e+03    5.279734e+02
     252   2    3.305496e+03    2.331809e+04    7.987076e+03    6.201511e+02
     252   3    2.916578e+03    2.217955e+04    7.528838e+03    9.896177e+02
     253   1    4.862005e+01    1.227931e+04    3.698380e+03    1.688641e+03
     253   2    2.063794e+01    1.183674e+04    3.557213e+03    1.331981e+03
     253   3    1.496902e+01    1.263934e+04    3.796293e+03    1.706730e+03
     254   1    1.913961e+03    1.612971e+04    5.413102e+03    1.204422e+03
     254   2    2.268145e+03    1.728984e+04    5.867395e+03    1.168000e+03
     254   3    2.226604e+03    1.670866e+04    5.680580e+03    8.737303e+02
     255   1    5.444924e+02    1.061163e+04    3.346837e+03    3.664406e+02
     255   2    7.669834e+02    1.164522e+04    3.723661e+03    4.427910e+02
     255   3    6.537154e+02    1.102371e+04    3.503228e+03    1.602596e+02
     256   1    3.706059e+02    1.021815e+04    3.176628e+03    8.344565e+02
     256   2    1.745948e+02    8.794354e+03    2.690685e+03    5.498517e+02
     256   3    1.458537e+02    9.064301e+03    2.763046e+03    7.234455e+02
     257   1    1.620720e+03    1.021651e+04    3.551168e+03   -1.294777e+03
     257   2    1.412464e+03    1.023782e+04    3.495085e+03   -1.216338e+03
     257   3    1.560121e+03    1.016793e+04    3.518415e+03   -1.066372e+03
     258   1    1.341962e+02    1.082401e+04    3.287461e+03   -6.146372e+02
     258   2    1.246134e+02    1.101156e+04    3.340852e+03   -6.863926e+02
     258   3    8.418174e+01    1.088491e+04    3.290726e+03   -4.846789e+02
     259   1    1.321220e+02    1.074093e+04    3.261916e+03   -5.238002e+02
     259   2    5.502791e+01    1.075003e+04    3.241517e+03   -4.049243e+02
     259   3    6.431943e+01    1.057539e+04    3.191912e+03   -3.440722e+02
     260   1    1.513525e+03    6.082462e+03    2.278796e+03   -1.124581e+03
     260   2    1.816197e+03    6.413988e+03    2.469056e+03   -1.083717e+03
     260   3    1.688945e+03    6.158265e+03    2.354163e+03   -8.085539e+02
     261   1    8.816305e+02    5.373701e+03    1.876600e+03   -1.211943e+03
     261   2    1.202172e+03    5.730264e+03    2.079731e+03   -1.171009e+03
     261   3    1.067155e+03    5.442012e+03    1.952750e+03   -8.729645e+02
     262   1    8.222630e+01    1.155710e+04    3.491798e+03   -7.730711e+02
     262   2    3.142464e+01    1.165919e+04    3.507185e+03   -5.839493e+02
     262   3    4.064307e+01    1.140085e+04    3.432448e+03   -5.447322e+02
     263   1    1.920873e+02    4.613315e+03    1.441621e+03   -1.300097e+03
     263   2    5.456403e+02    4.995366e+03    1.662302e+03   -1.260103e+03
     263   3    3.949866e+02    4.671311e+03    1.519889e+03   -9.384546e+02
     264   1    5.637884e+01    1.204939e+04    3.631731e+03   -8.557345e+02
     264   2    1.996541e+01    1.220756e+04    3.668258e+03   -6.399225e+02
     264   3    2.897790e+01    1.192174e+04    3.585216e+03   -6.130289e+02
     265   1   -5.904538e+02    3.801743e+03    9.633869e+02   -1.384958e+03
     265   2   -1.844952e+02    4.209219e+03    1.207417e+03   -1.348695e+03
     265   3   -3.615953e+02    3.846244e+03    1.045395e+03   -1.002663e+03
     266   1    3.027637e+01    1.257857e+04    3.782653e+03   -9.076755e+02
     266   2    8.567304e+00    1.279368e+04    3.840676e+03   -6.724948e+02
     266   3    1.749773e+01    1.249056e+04    3.752416e+03   -6.580867e+02
     267   1   -1.512779e+03    2.942629e+03    4.289549e+02   -1.457315e+03
     267   2   -1.028161e+03    3.373931e+03    7.037310e+02   -1.430624e+03
     267   3   -1.247465e+03    2.970054e+03    5.167767e+02   -1.059856e+03
     268   1    3.786865e+00    1.312810e+04    3.939565e+03   -9.281615e+02
     268   2   -2.965771e+00    1.339780e+04    4.018450e+03   -6.813682e+02
     268   3    6.085036e+00    1.308785e+04    3.928181e+03   -6.796260e+02
     269   1   -2.640429e+03    2.045800e+03   -1.783887e+02   -1.498672e+03
     269   2   -2.039427e+03    2.496611e+03    1.371551e+02   -1.492954e+03
     269   3   -2.325125e+03    2.052753e+03   -8.171157e+01   -1.098268e+03
     270   1   -2.336082e+01    1.368045e+04    4.097128e+03   -9.163782e+02
     270   2   -1.482090e+01    1.399945e+04    4.195388e+03   -6.660208e+02
     270   3   -5.446436e+00    1.369347e+04    4.106408e+03   -6.772537e+02
     271   1   -8.034022e+01    1.471961e+04    4.391782e+03   -7.919788e+02
     271   2   -3.987324e+01    1.511003e+04    4.521048e+03   -5.596507e+02
     271   3   -2.949662e+01    1.484573e+04    4.444871e+03   -5.980722e+02
     272   1   -3.934735e+02    1.521294e+04    4.445841e+03   -6.587916e+02
     272   2   -4.182990e+02    1.534965e+04    4.479404e+03   -5.125152e+02
     272   3   -3.006215e+02    1.548509e+04    4.555340e+03   -4.793501e+02
     273   1   -2.165916e+02    1.595942e+04    4.722849e+03   -7.568551e+01
     273   2   -2.229572e+02    1.599759e+04    4.732391e+03    5.326018e+01
     273   3   -1.429713e+02    1.621881e+04    4.822752e+03    4.415195e+00
     274   1   -1.919118e+03    9.834888e+03    2.374731e+03   -3.212685e+03
     274   2   -2.573335e+03    8.455472e+03    1.764641e+03   -2.908827e+03
     274   3   -1.231999e+03    7.732628e+03    1.950189e+03   -3.026308e+03
     275   1   -3.824784e+02    1.490173e+04    4.355776e+03    1.865268e+03
     275   2   -3.304737e+02    1.471869e+04    4.316466e+03    1.992868e+03
     275   3   -2.653077e+02    1.451249e+04    4.274155e+03    1.727517e+03
     276   1   -2.206092e+02    1.532276e+04    4.530645e+03    9.280641e+02
     276   2   -9.514384e+01    1.524046e+04    4.543596e+03    7.668377e+02
     276   3   -9.923082e+01    1.554266e+04    4.633030e+03    6.618772e+02
     277   1   -1.426356e+02    1.409099e+04    4.184507e+03    1.533637e+03
     277   2   -1.179496e+02    1.376279e+04    4.093452e+03    1.608760e+03
     277   3   -8.500986e+01    1.360449e+04    4.055843e+03    1.232705e+03
     278   1   -1.959549e+02    1.471702e+04    4.356319e+03    1.327727e+03
     278   2   -1.775883e+02    1.443319e+04    4.276681e+03    1.435752e+03
     278   3   -1.217673e+02    1.439216e+04    4.281117e+03    1.084752e+03
     279   1    2.566411e+03    7.167948e+03    2.920308e+03   -8.892470e+02
     279   2    2.753548e+03    7.280805e+03    3.010306e+03   -6.129089e+02
     279   3    2.453660e+03    6.973044e+03    2.828011e+03   -6.414878e+02
     280   1    5.766784e+03    9.993483e+03    4.728080e+03   -5.392475e+02
     280   2    5.425773e+03    9.993150e+03    4.625677e+03   -5.498424e+02
     280   3    5.901724e+03    9.996595e+03    4.769496e+03   -2.240430e+02
     281   1    2.713306e+03    7.347770e+03    3.018323e+03   -9.550047e+02
     281   2    3.016891e+03    7.630262e+03    3.194146e+03   -9.135867e+02
     281   3    2.887628e+03    7.431164e+03    3.095638e+03   -6.836240e+02
     282   1    3.048431e+03    1.003893e+04    3.926209e+03   -1.098183e+03
     282   2    2.762211e+03    1.004733e+04    3.842862e+03   -1.072588e+03
     282   3    3.014191e+03    1.002802e+04    3.912662e+03   -8.196958e+02
     283   1    1.969651e+03    6.540684e+03    2.553101e+03   -9.665219e+02
     283   2    2.156580e+03    6.655556e+03    2.643641e+03   -6.671671e+02
     283   3    1.857084e+03    6.321011e+03    2.453429e+03   -6.969089e+02
     284   1    1.314835e+03    1.040893e+04    3.517129e+03   -1.547068e+03
     284   2    1.140608e+03    1.044514e+04    3.475723e+03   -1.445527e+03
     284   3    1.283803e+03    1.034365e+04    3.488236e+03   -1.337518e+03
     285   1    4.340166e+03    1.000189e+04    4.302617e+03   -5.627423e+02
     285   2    3.988340e+03    1.000153e+04    4.196961e+03   -5.600538e+02
     285   3    4.343248e+03    1.000087e+04    4.303234e+03   -2.309132e+02
     286   1    5.331788e+03    9.993920e+03    4.597713e+03   -4.452827e+02
     286   2    5.415682e+03    1.000133e+04    4.625104e+03   -1.199658e+02
     286   3    5.816757e+03    9.999817e+03    4.744972e+03   -1.187297e+02
     287   1    2.202876e+03    1.007006e+04    3.681882e+03   -9.993714e+02
     287   2    2.401067e+03    1.004279e+04    3.733158e+03   -7.687792e+02
     287   3    2.473163e+03    1.006168e+04    3.760453e+03   -1.038255e+03
     288   1    3.247873e+03    1.002979e+04    3.983297e+03   -1.018270e+03
     288   2    3.199659e+03    1.001613e+04    3.964738e+03   -7.391674e+02
     288   3    3.540781e+03    1.000942e+04    4.065059e+03   -7.533551e+02
     289   1   -6.969635e+01    1.344243e+04    4.011820e+03   -1.419917e+03
     289   2   -4.178787e+01    1.347343e+04    4.029494e+03   -1.219398e+03
     289   3   -4.323176e+01    1.320788e+04    3.949393e+03   -1.439991e+03
     290   1   -2.523531e+02    1.453467e+04    4.284695e+03   -1.126998e+03
     290   2   -2.801507e+02    1.473033e+04    4.335054e+03   -1.030860e+03
     290   3   -1.970002e+02    1.484229e+04    4.393586e+03   -9.113491e+02
     291   1    1.127078e+03    1.011555e+04    3.372789e+03   -6.736486e+02
     291   2    9.529017e+02    1.005442e+04    3.302196e+03   -4.600297e+02
     291   3    1.178923e+03    1.004682e+04    3.367723e+03   -5.147791e+02
     292   1    8.559857e+02    1.032783e+04    3.355145e+03   -9.432014e+02
     292   2    6.830028e+02    1.036175e+04    3.313427e+03   -8.493119e+02
     292   3    7.812249e+02    1.025221e+04    3.310030e+03   -7.429047e+02
     293   1    6.047769e+03    9.988387e+03    4.810847e+03   -4.272082e+02
     293   2    6.210832e+03    1.000182e+04    4.863794e+03   -1.157408e+02
     293   3    6.595725e+03    1.000036e+04    4.978827e+03   -1.133685e+02
     294   1    5.052084e+03    9.262426e+03    4.294353e+03   -1.173789e+03
     294   2    5.335391e+03    9.315117e+03    4.395153e+03   -9.848239e+02
     294   3    4.932660e+03    9.140809e+03    4.222041e+03   -1.074138e+03
     295   1    8.329648e+03    9.967890e+03    5.489261e+03   -2.558966e+02
     295   2    8.819618e+03    1.000344e+04    5.646917e+03   -7.209655e+01
     295   3    9.044824e+03    1.000253e+04    5.714205e+03   -6.564385e+01
     296   1    5.608210e+03    9.364488e+03    4.491809e+03   -7.979325e+02
     296   2    5.901887e+03    9.433898e+03    4.600736e+03   -6.250802e+02
     296   3    5.463068e+03    9.264904e+03    4.418392e+03   -6.899499e+02
     297   1    5.289440e+03    9.146041e+03    4.330645e+03   -5.586042e+02
     297   2    5.548648e+03    9.234850e+03    4.435049e+03   -3.772942e+02
     297   3    5.133150e+03    9.042119e+03    4.252581e+03   -4.096998e+02
     298   1    7.054645e+03    9.870056e+03    5.077410e+03   -6.779047e+02
     298   2    7.611880e+03    9.913556e+03    5.257631e+03   -4.852769e+02
     298   3    7.204684e+03    9.862706e+03    5.120217e+03   -6.051795e+02
     299   1    6.224881e+03    9.578451e+03    4.741000e+03   -7.099720e+02
     299   2    6.090143e+03    9.506434e+03    4.678973e+03   -6.309248e+02
     299   3    5.800618e+03    9.452430e+03    4.575915e+03   -8.023847e+02
     300   1    6.189204e+03    9.494764e+03    4.705190e+03   -4.576824e+02
     300   2    6.503709e+03    9.575920e+03    4.823889e+03   -3.060722e+02
     300   3    6.005658e+03    9.413716e+03    4.625812e+03   -3.410965e+02
     301   1   -1.300624e+01    1.265139e+04    3.791515e+03    1.581641e+03
     301   2    7.995367e+00    1.185118e+04    3.557751e+03    1.214703e+03
     301   3   -1.975102e+01    1.236133e+04    3.702473e+03    1.208923e+03
     302   1   -1.771687e+02    1.428425e+04    4.232125e+03    2.174306e+03
     302   2   -1.569964e+02    1.396927e+04    4.143683e+03    1.908952e+03
     302   3   -2.443085e+02    1.449732e+04    4.275904e+03    2.098244e+03
     303   1   -1.191668e+04   -1.141670e+03   -3.917504e+03   -4.474967e+00
     303   2   -1.092750e+04   -1.201619e+03   -3.638735e+03   -2.638505e+01
     303   3   -1.326672e+04   -1.215590e+03   -4.344693e+03    1.675114e+01
     304   1   -1.152190e+04   -8.345106e+02   -3.706925e+03   -1.211735e+02
     304   2   -1.217871e+04   -9.992689e+02   -3.953395e+03   -1.505401e+01
     304   3   -1.341006e+04   -9.267021e+02   -4.301028e+03    6.327000e+02
     305   1    2.926683e+03    1.978946e+04    6.814844e+03    1.011866e+03
     305   2    2.921871e+03    1.916520e+04    6.626122e+03    7.879303e+02
     305   3    2.593941e+03    1.846726e+04    6.318361e+03    1.122381e+03
     306   1    2.495406e+03    1.787926e+04    6.112401e+03    1.043034e+03
     306   2    2.781453e+03    1.853178e+04    6.393971e+03    7.301722e+02
     306   3    2.430083e+03    1.730978e+04    5.921960e+03    7.562764e+02
     307   1    1.842791e+03    1.672258e+04    5.569613e+03    1.646994e+03
     307   2    2.156636e+03    1.726077e+04    5.825222e+03    1.371577e+03
     307   3    1.831868e+03    1.616481e+04    5.399003e+03    1.395352e+03
     308   1    3.187626e+03    2.117112e+04    7.307624e+03    8.788973e+02
     308   2    3.464213e+03    2.283589e+04    7.890032e+03    6.276543e+02
     308   3    3.498473e+03    2.209745e+04    7.678776e+03    5.597133e+02
     309   1    3.125770e+01    1.008148e+04    3.033820e+03   -5.971312e+01
     309   2    3.112273e+01    1.014472e+04    3.052752e+03   -1.016827e+02
     309   3    1.737632e+01    1.002060e+04    3.011394e+03   -2.630415e+01
     310   1    2.794569e+01    1.003459e+04    3.018762e+03   -2.874805e+01
     310   2   -1.068076e+00    9.934422e+03    2.980006e+03    1.358078e+00
     310   3    6.763529e-01    9.939126e+03    2.981941e+03    1.262413e+01
     311   1    1.361974e+03    5.861891e+03    2.167160e+03   -1.045298e+03
     311   2    1.555000e+03    5.977207e+03    2.259662e+03   -7.224033e+02
     311   3    1.244046e+03    5.615414e+03    2.057838e+03   -7.537212e+02
     312   1    2.496677e+03    7.707383e+03    3.061218e+03   -1.897552e+03
     312   2    2.798673e+03    7.945980e+03    3.223396e+03   -1.816904e+03
     312   3    2.706781e+03    7.715983e+03    3.126829e+03   -1.639396e+03
     313   1    7.183786e+02    5.130778e+03    1.754747e+03   -1.125803e+03
     313   2    9.240120e+02    5.244666e+03    1.850603e+03   -7.790063e+02
     313   3    5.879471e+02    4.855106e+03    1.632916e+03   -8.118688e+02
     314   1    1.899220e+03    7.193909e+03    2.727939e+03   -2.058093e+03
     314   2    2.197112e+03    7.449857e+03    2.894091e+03   -1.978932e+03
     314   3    2.107403e+03    7.182582e+03    2.786996e+03   -1.783437e+03
     315   1    9.102575e+00    4.346898e+03    1.306800e+03   -1.206477e+03
     315   2    2.343203e+02    4.456877e+03    1.407359e+03   -8.362372e+02
     315   3   -1.437226e+02    4.039618e+03    1.168769e+03   -8.698433e+02
     316   1    1.293376e+03    6.644771e+03    2.381444e+03   -2.218897e+03
     316   2    1.597506e+03    6.917276e+03    2.554434e+03   -2.139935e+03
     316   3    1.505818e+03    6.608670e+03    2.434346e+03   -1.927769e+03
     317   1   -8.036780e+02    3.511595e+03    8.123751e+02   -1.282627e+03
     317   2   -5.512150e+02    3.614162e+03    9.188840e+02   -8.914126e+02
     317   3   -9.934188e+02    3.170964e+03    6.532636e+02   -9.235694e+02
     318   1   -6.134435e+01    1.293013e+04    3.860635e+03   -1.823089e+03
     318   2   -3.054762e+01    1.295688e+04    3.877901e+03   -1.640037e+03
     318   3   -1.394067e+01    1.271868e+04    3.811422e+03   -1.831213e+03
     319   1   -1.770742e+03    2.630680e+03    2.579816e+02   -1.344109e+03
     319   2   -1.482685e+03    2.720577e+03    3.713678e+02   -9.384252e+02
     319   3   -2.019798e+03    2.256907e+03    7.113290e+01   -9.644181e+02
     320   1   -7.963844e+02    4.798215e+03    1.200549e+03   -2.697465e+03
     320   2   -4.005856e+02    5.117360e+03    1.415032e+03   -2.625752e+03
     320   3   -5.386027e+02    4.653809e+03    1.234562e+03   -2.364045e+03
     321   1   -2.964175e+03    1.718470e+03   -3.737115e+02   -1.370849e+03
     321   2   -2.631454e+03    1.787955e+03   -2.530497e+02   -9.649710e+02
     321   3   -3.308173e+03    1.316500e+03   -5.975018e+02   -9.754037e+02
     322   1   -1.111352e+03    3.838944e+03    8.182776e+02   -2.136101e+03
     322   2   -6.770941e+02    4.218503e+03    1.062423e+03   -2.084928e+03
     322   3   -8.520610e+02    3.769613e+03    8.752655e+02   -1.764986e+03
     323   1   -4.486676e+03    8.050658e+02   -1.104483e+03   -1.320789e+03
     323   2   -4.101265e+03    8.438373e+02   -9.772282e+02   -9.455242e+02
     323   3   -4.978191e+03    3.937602e+02   -1.375329e+03   -9.194441e+02
     324   1   -8.244469e+03    1.357895e+03   -2.065972e+03   -6.545366e+02
     324   2   -9.865670e+03    6.082757e+01   -2.941453e+03    6.657040e+02
     324   3   -8.579687e+03    6.376022e+02   -2.382625e+03    4.300327e+02
     325   1   -9.642891e+01    1.477131e+04    4.402464e+03   -8.353758e+02
     325   2   -1.070718e+02    1.499357e+04    4.465948e+03   -7.751268e+02
     325   3   -6.610649e+01    1.512540e+04    4.517788e+03   -6.062228e+02
     326   1   -7.568338e+01    1.453416e+04    4.337543e+03   -8.893822e+02
     326   2   -4.571549e+01    1.462446e+04    4.373623e+03   -6.866937e+02
     326   3   -6.508533e+01    1.428774e+04    4.266798e+03   -9.311207e+02
     327   1   -1.600558e+02    1.555108e+04    4.617308e+03   -5.288615e+02
     327   2   -1.697984e+02    1.569802e+04    4.658466e+03   -4.315989e+02
     327   3   -1.072182e+02    1.589555e+04    4.736500e+03   -3.567524e+02
     328   1   -1.387738e+02    1.538776e+04    4.574697e+03   -6.223595e+02
     328   2   -8.680512e+01    1.555624e+04    4.640830e+03   -4.962280e+02
     328   3   -1.283686e+02    1.519866e+04    4.521089e+03   -7.013252e+02
     329   1   -1.940366e+02    1.599556e+04    4.740457e+03   -1.253214e+02
     329   2   -8.937044e+01    1.633863e+04    4.874778e+03   -3.389642e+01
     329   3   -7.953640e+01    1.629605e+04    4.864953e+03   -1.264771e+02
     330   1   -2.968792e+03    3.086768e+03    3.539272e+01   -2.818905e+03
     330   2   -2.673176e+03    2.874961e+03    6.053570e+01   -2.484762e+03
     330   3   -3.266270e+03    2.482386e+03   -2.351652e+02   -2.498015e+03
     331   1   -2.683240e+03    1.338856e+04    3.211597e+03   -2.880453e+03
     331   2   -3.179168e+03    1.201416e+04    2.650498e+03   -2.997653e+03
     331   3   -2.293118e+03    1.177686e+04    2.845124e+03   -3.170201e+03
     332   1   -2.481486e+02    1.587377e+04    4.687687e+03    4.866929e+02
     332   2   -2.473504e+02    1.578017e+04    4.659846e+03    6.312449e+02
     332   3   -1.612911e+02    1.596002e+04    4.739620e+03    4.452496e+02
     333   1   -1.940686e+02    1.480182e+04    4.382324e+03    1.174706e+03
     333   2   -8.069576e+01    1.455413e+04    4.342030e+03    9.476512e+02
     333   3   -9.081599e+01    1.493593e+04    4.453534e+03    8.554305e+02
     334   1   -5.499849e+02    1.557409e+04    4.507230e+03    9.795219e+02
     334   2   -4.106049e+02    1.560877e+04    4.559449e+03    8.067456e+02
     334   3   -5.557870e+02    1.561945e+04    4.519099e+03    7.816239e+02
     335   1    1.451379e+02    1.156513e+04    3.513080e+03    1.570815e+03
     335   2    8.336854e+01    1.096258e+04    3.313786e+03    1.260191e+03
     335   3    1.102442e+02    1.190096e+04    3.603362e+03    1.641562e+03
     336   1    1.316859e+02    1.356657e+04    4.109477e+03    2.208736e+03
     336   2    2.164822e+02    1.333369e+04    4.065053e+03    2.148456e+03
     336   3    1.296364e+02    1.278217e+04    3.873542e+03    1.943382e+03
     337   1    1.031071e+03    1.408760e+04    4.535601e+03    1.694382e+03
     337   2    1.023769e+03    1.349333e+04    4.355129e+03    1.366510e+03
     337   3    8.295908e+02    1.309111e+04    4.176210e+03    1.522988e+03
     338   1    2.090210e+02    1.123147e+04    3.432148e+03    1.467809e+03
     338   2    2.416497e+02    1.094959e+04    3.357373e+03    1.343392e+03
     338   3    1.480987e+02    1.018497e+04    3.099921e+03    1.104883e+03
     339   1    4.281691e+02    9.979063e+03    3.122169e+03    2.608604e+02
     339   2    5.075503e+02    1.036801e+04    3.262668e+03    6.631099e+01
     339   3    2.812062e+02    9.064856e+03    2.803819e+03    5.523841e+01
     340   1    4.065244e+02    1.038824e+04    3.238430e+03    7.732212e+02
     340   2    3.799815e+02    9.978988e+03    3.107691e+03    5.063539e+02
     340   3    2.593862e+02    9.080476e+03    2.801959e+03    5.049112e+02
     341   1    1.215368e+03    1.026884e+04    3.445261e+03   -1.128327e+03
     341   2    1.031074e+03    1.029078e+04    3.396558e+03   -1.038847e+03
     341   3    1.143643e+03    1.020694e+04    3.405175e+03   -9.124812e+02
     342   1    1.934711e+03    1.008464e+04    3.605807e+03   -9.509707e+02
     342   2    1.686462e+03    1.009303e+04    3.533849e+03   -8.989094e+02
     342   3    1.833382e+03    1.005773e+04    3.567333e+03   -6.967050e+02
     343   1    1.490232e+02    1.044058e+04    3.176881e+03   -3.645533e+02
     343   2    6.682209e+01    1.042339e+04    3.147062e+03   -2.859286e+02
     343   3    7.162088e+01    1.030016e+04    3.111534e+03   -2.183242e+02
     344   1    3.991314e+02    1.042776e+04    3.248067e+03   -6.370720e+02
     344   2    5.248809e+02    1.045460e+04    3.293845e+03   -7.874552e+02
     344   3    3.985410e+02    1.054555e+04    3.283228e+03   -7.547875e+02
     345   1    1.505392e+02    1.021038e+04    3.108276e+03   -1.985236e+02
     345   2    7.294374e+01    1.019839e+04    3.081399e+03   -1.554933e+02
     345   3    6.002238e+01    1.012422e+04    3.055273e+03   -9.132317e+01
     346   1    4.401699e+02    1.015759e+04    3.179329e+03   -3.705023e+02
     346   2    2.945592e+02    1.007313e+04    3.110308e+03   -2.166114e+02
     346   3    4.214443e+02    1.006830e+04    3.146924e+03   -2.865909e+02
     347   1    7.477578e+02    1.014015e+04    3.266372e+03   -5.346954e+02
     347   2    5.770758e+02    1.006514e+04    3.192664e+03   -3.463997e+02
     347   3    7.545231e+02    1.005720e+04    3.243517e+03   -4.099143e+02
     348   1    9.595611e+02    1.028428e+04    3.373151e+03   -9.358263e+02
     348   2    8.492854e+02    1.020045e+04    3.314921e+03   -7.331350e+02
     348   3    1.032293e+03    1.017840e+04    3.363208e+03   -8.184095e+02
     349   1    3.548381e+02    1.032438e+04    3.203766e+03   -4.838293e+02
     349   2    2.646307e+02    1.024020e+04    3.151449e+03   -3.264728e+02
     349   3    3.872298e+02    1.023395e+04    3.186353e+03   -4.343160e+02
     350   1    5.039577e+02    1.016525e+04    3.200761e+03   -4.576736e+02
     350   2    5.435387e+02    1.010411e+04    3.194295e+03   -3.626241e+02
     350   3    6.600496e+02    1.015811e+04    3.245448e+03   -5.436395e+02
     351   1    1.863822e+03    2.137327e+04    6.971129e+03   -4.513294e+03
     351   2    2.747529e+03    2.041029e+04    6.947347e+03   -6.066420e+03
     351   3    3.075553e+03    2.286933e+04    7.783464e+03   -6.178297e+03
     352   1    2.382663e+03    2.491294e+04    8.188682e+03   -4.178562e+03
     352   2    3.027067e+03    2.494968e+04    8.393025e+03   -6.008766e+03
     352   3    3.193677e+03    2.721302e+04    9.122009e+03   -5.824796e+03
     353   1   -2.738269e+03    7.243103e+03    1.351450e+03   -2.646721e+03
     353   2   -2.532624e+03    4.938478e+03    7.217561e+02   -1.968667e+03
     353   3   -1.310206e+03    6.528116e+03    1.565373e+03   -2.680546e+03
     354   1   -1.134931e+03    1.026572e+04    2.739236e+03   -3.457351e+03
     354   2   -5.193812e+02    7.919461e+03    2.220024e+03   -3.309072e+03
     354   3    5.102017e+02    9.846948e+03    3.107145e+03   -4.010156e+03
     355   1   -6.458770e+03    2.767591e+03   -1.107354e+03   -1.102278e+03
     355   2   -7.445953e+03    1.076774e+03   -1.910754e+03    1.875269e+02
     355   3   -6.023899e+03    1.959281e+03   -1.219386e+03   -2.853174e+02
     356   1   -4.551392e+03    4.708868e+03    4.724261e+01   -1.810310e+03
     356   2   -4.898880e+03    2.676468e+03   -6.667236e+02   -7.472834e+02
     356   3   -3.526224e+03    3.882378e+03    1.068461e+02   -1.371040e+03
     357   1    1.667699e+02    1.374578e+04    4.173765e+03   -4.122545e+03
     357   2    1.056546e+03    1.157665e+04    3.789959e+03   -4.576381e+03
     357   3    1.824925e+03    1.383133e+04    4.696877e+03   -5.160260e+03
     358   1   -9.143358e+02    1.552180e+04    4.382239e+03    3.200955e+02
     358   2   -7.269896e+02    1.554284e+04    4.444754e+03    2.529361e+02
     358   3   -8.942663e+02    1.543539e+04    4.362339e+03    9.104933e+01
     359   1    5.760257e+02    1.680909e+04    5.215536e+03   -4.096645e+03
     359   2    1.738398e+02    1.509506e+04    4.580671e+03   -4.000272e+03
     359   3    1.503554e+03    1.504590e+04    4.964837e+03   -5.014304e+03
     360   1   -8.662799e+02    1.561194e+04    4.423700e+03    1.492308e+03
     360   2   -8.182070e+02    1.559043e+04    4.431666e+03    1.706794e+03
     360   3   -6.779519e+02    1.543322e+04    4.426581e+03    1.544297e+03
     361   1    2.940135e+03    2.792584e+04    9.259791e+03   -2.723691e+03
     361   2    2.843106e+03    3.018670e+04    9.908941e+03   -3.830488e+03
     361   3    3.160197e+03    2.867014e+04    9.549102e+03   -2.139584e+03
     362   1   -3.394818e+02    1.509713e+04    4.427296e+03    2.375508e+03
     362   2   -1.972954e+02    1.457714e+04    4.313953e+03    2.293893e+03
     362   3   -3.153609e+02    1.476839e+04    4.335909e+03    2.211413e+03
     363   1   -8.776900e+02    1.448868e+04    4.083296e+03   -1.229304e+03
     363   2   -7.656511e+02    1.472852e+04    4.188860e+03   -9.994241e+02
     363   3   -6.879466e+02    1.457328e+04    4.165601e+03   -1.166846e+03
     364   1   -7.631174e+02    1.513015e+04    4.310109e+03   -5.465585e+02
     364   2   -5.958093e+02    1.520614e+04    4.383098e+03   -5.324937e+02
     364   3   -7.206007e+02    1.498490e+04    4.279290e+03   -7.342513e+02
     365   1   -1.617328e+03    1.393537e+04    3.695413e+03   -1.857241e+03
     365   2   -1.744546e+03    1.416105e+04    3.724951e+03   -1.662571e+03
     365   3   -1.512508e+03    1.420115e+04    3.806593e+03   -1.581119e+03
     366   1   -7.022558e+03    2.567347e+03   -1.336563e+03   -1.245862e+03
     366   2   -7.784528e+03    1.897917e+03   -1.765983e+03   -1.074760e+03
     366   3   -7.679275e+03    1.325659e+03   -1.906085e+03   -1.041654e+02
     367   1   -4.744389e+02    1.903229e+04    5.567357e+03   -2.098392e+03
     367   2   -9.586681e+02    1.773686e+04    5.033457e+03   -2.392809e+03
     367   3   -6.027244e+01    1.807096e+04    5.403206e+03   -3.123345e+03
     368   1   -1.094407e+03    1.677796e+04    4.705067e+03    2.163615e+03
     368   2   -8.794887e+02    1.691269e+04    4.809960e+03    2.324641e+03
     368   3   -8.592189e+02    1.647951e+04    4.686086e+03    2.323096e+03
     369   1    7.027861e+03    9.798110e+03    5.047791e+03   -5.932448e+02
     369   2    7.125793e+03    9.778976e+03    5.071431e+03   -4.823842e+02
     369   3    6.653741e+03    9.700566e+03    4.906292e+03   -6.362917e+02
     370   1    7.639127e+03    9.853467e+03    5.247778e+03   -3.222224e+02
     370   2    8.286760e+03    9.922002e+03    5.462629e+03   -2.076420e+02
     370   3    7.984682e+03    9.881396e+03    5.359823e+03   -1.980764e+02
     371   1    1.974230e+02    1.015871e+04    3.106839e+03   -1.930011e+02
     371   2    1.021683e+02    1.006197e+04    3.049242e+03   -7.675106e+01
     371   3    1.838226e+02    1.007752e+04    3.078403e+03   -1.486890e+02
     372   1    2.402341e+02    1.018058e+04    3.126243e+03   -2.671329e+02
     372   2    2.767833e+02    1.011436e+04    3.117343e+03   -2.169229e+02
     372   3    3.669102e+02    1.017656e+04    3.163041e+03   -3.626581e+02
     373   1    3.684861e+02    1.061990e+04    3.296514e+03    1.008969e+03
     373   2    2.187226e+02    9.611347e+03    2.949021e+03    8.669026e+02
     373   3    3.173080e+02    1.072306e+04    3.312111e+03    1.186543e+03
     374   1    7.320599e+02    1.250591e+04    3.971390e+03    1.366372e+03
     374   2    8.988835e+02    1.287284e+04    4.131517e+03    1.226738e+03
     374   3    6.224341e+02    1.169611e+04    3.695563e+03    1.093383e+03
     375   1    3.285491e+03    2.891987e+04    9.661608e+03   -1.597924e+03
     375   2    3.039217e+03    3.141706e+04    1.033688e+04   -2.276751e+03
     375   3    3.585787e+03    2.893731e+04    9.756930e+03   -9.839690e+02
     376   1    3.470240e+03    2.925570e+04    9.817782e+03   -9.083273e+02
     376   2    3.366884e+03    3.273763e+04    1.083135e+04   -2.107119e+03
     376   3    3.424807e+03    3.155482e+04    1.049389e+04   -1.170862e+03
     377   1    2.714503e+03    2.772734e+04    9.132552e+03   -3.398904e+03
     377   2    3.094131e+03    2.900448e+04    9.629583e+03   -5.293510e+03
     377   3    3.143713e+03    3.070159e+04    1.015359e+04   -4.792000e+03
     378   1    3.019163e+03    2.934036e+04    9.707856e+03   -2.215748e+03
     378   2    3.132109e+03    3.189185e+04    1.050719e+04   -3.917392e+03
     378   3    3.143084e+03    3.252887e+04    1.070159e+04   -3.149065e+03
     379   1   -9.429543e+03   -6.405290e+02   -3.021022e+03   -6.945480e+02
     379   2   -1.122250e+04   -1.005856e+03   -3.668507e+03   -2.216099e+02
     379   3   -1.048584e+04   -6.687323e+02   -3.346371e+03   -4.660321e+02
     380   1   -9.655510e+03    3.118483e+02   -2.803099e+03   -5.015637e+02
     380   2   -1.189857e+04   -6.077345e+02   -3.751892e+03    8.119771e+02
     380   3   -1.081993e+04   -2.064855e+02   -3.307924e+03    6.785067e+02
     381   1    1.139390e+03    1.338622e+04    4.357682e+03    1.008437e+03
     381   2    1.353256e+03    1.387888e+04    4.569640e+03    7.438791e+02
     381   3    1.030005e+03    1.277631e+04    4.141895e+03    6.935770e+02
     382   1    4.537307e+02    1.252816e+04    3.894567e+03    1.766673e+03
     382   2    3.528109e+02    1.155104e+04    3.571156e+03    1.494478e+03
     382   3    2.655349e+02    1.180821e+04    3.622122e+03    1.643485e+03
     383   1   -4.067438e+03    1.131776e+03   -8.806986e+02   -1.470574e+03
     383   2   -3.295075e+03    1.593560e+03   -5.104545e+02   -1.509588e+03
     383   3   -3.685598e+03    1.117350e+03   -7.704744e+02   -1.094252e+03
     384   1   -6.486035e+03   -4.036672e+01   -1.957921e+03   -1.134335e+03
     384   2   -6.047199e+03   -5.222454e+01   -1.829827e+03   -8.400376e+02
     384   3   -7.220017e+03   -4.207725e+02   -2.292237e+03   -7.496096e+02
     385   1    4.485038e+03    9.986972e+03    4.341603e+03   -1.038334e+03
     385   2    4.551079e+03    9.997953e+03    4.364710e+03   -7.644869e+02
     385   3    4.898853e+03    9.991264e+03    4.467035e+03   -7.583361e+02
     386   1    8.142210e+02    1.070398e+04    3.455459e+03   -1.484958e+03
     386   2    8.236336e+02    1.058741e+04    3.423313e+03   -1.314171e+03
     386   3    9.504617e+02    1.055497e+04    3.451630e+03   -1.426700e+03
     387   1    8.430003e+03    9.974167e+03    5.521251e+03   -2.587194e+02
     387   2    8.263898e+03    9.974381e+03    5.471484e+03   -2.973358e+02
     387   3    8.914130e+03    9.986582e+03    5.670213e+03   -1.146136e+02
     388   1    8.191047e+03    9.940930e+03    5.439593e+03   -2.910161e+02
     388   2    8.340598e+03    9.941044e+03    5.484492e+03   -2.259326e+02
     388   3    7.666206e+03    9.854722e+03    5.256279e+03   -3.517440e+02
     389   1    6.724334e+03    9.982981e+03    5.012195e+03   -3.982462e+02
     389   2    6.968496e+03    1.000228e+04    5.091233e+03   -1.086018e+02
     389   3    7.327234e+03    1.000092e+04    5.198447e+03   -1.051373e+02
     390   1    4.226727e+03    8.717621e+03    3.883304e+03   -1.118325e+03
     390   2    4.591243e+03    8.923440e+03    4.054405e+03   -1.045277e+03
     390   3    4.454259e+03    8.776687e+03    3.969284e+03   -8.994485e+02
     391   1    7.342154e+03    9.977850e+03    5.196001e+03   -3.594326e+02
     391   2    7.668512e+03    1.000268e+04    5.301359e+03   -9.879230e+01
     391   3    7.991555e+03    1.000157e+04    5.397939e+03   -9.437830e+01
     392   1    6.698514e+03    9.901396e+03    4.979973e+03   -7.822611e+02
     392   2    7.035642e+03    9.961927e+03    5.099271e+03   -5.936437e+02
     392   3    7.285069e+03    9.955962e+03    5.172309e+03   -5.518436e+02
     393   1    5.977673e+03    9.587651e+03    4.669597e+03   -9.320548e+02
     393   2    6.193215e+03    9.597975e+03    4.737357e+03   -7.809330e+02
     393   3    5.774742e+03    9.473198e+03    4.574382e+03   -8.805748e+02
     394   1    6.724108e+03    9.818621e+03    4.962819e+03   -7.906377e+02
     394   2    6.868168e+03    9.800908e+03    5.000723e+03   -6.973752e+02
     394   3    6.280475e+03    9.693651e+03    4.792238e+03   -8.937130e+02
     395   1    1.332714e+03    1.023520e+04    3.470373e+03   -1.111842e+03
     395   2    1.229970e+03    1.016527e+04    3.418572e+03   -8.937811e+02
     395   3    1.445733e+03    1.014486e+04    3.477177e+03   -9.704865e+02
     396   1    3.296899e+02    1.043445e+04    3.229242e+03   -5.729197e+02
     396   2    3.304740e+02    1.055102e+04    3.264449e+03   -6.824303e+02
     396   3    2.531611e+02    1.048033e+04    3.220048e+03   -5.145272e+02
     397   1    5.096101e+03    9.965419e+03    4.518456e+03   -1.009693e+03
     397   2    5.225881e+03    9.988888e+03    4.564431e+03   -7.485805e+02
     397   3    5.563919e+03    9.982283e+03    4.663861e+03   -7.323204e+02
     398   1    4.782793e+03    9.895249e+03    4.403413e+03   -1.459742e+03
     398   2    4.951427e+03    9.943121e+03    4.468364e+03   -1.253399e+03
     398   3    5.224559e+03    9.922175e+03    4.544020e+03   -1.221153e+03
     399   1    6.438583e+03    9.989356e+03    4.928382e+03   -5.067555e+02
     399   2    6.116402e+03    9.989048e+03    4.831635e+03   -5.236752e+02
     399   3    6.643509e+03    9.994494e+03    4.991401e+03   -2.120251e+02
     400   1    6.763647e+03    9.985068e+03    5.024615e+03   -4.842028e+02
     400   2    7.333970e+03    9.992440e+03    5.197923e+03   -1.947031e+02
     400   3    7.057422e+03    9.985330e+03    5.112825e+03   -4.616240e+02
     401   1    1.757211e+03    1.018709e+04    3.583289e+03   -1.265555e+03
     401   2    1.670671e+03    1.013294e+04    3.541082e+03   -1.035811e+03
     401   3    1.913872e+03    1.011282e+04    3.608008e+03   -1.098336e+03
     402   1    7.868211e+02    1.049926e+04    3.385823e+03   -1.128526e+03
     402   2    6.926675e+02    1.043649e+04    3.338746e+03   -9.390960e+02
     402   3    8.543764e+02    1.038621e+04    3.372177e+03   -1.043242e+03
     403   1    2.221237e+03    1.013944e+04    3.708203e+03   -1.387886e+03
     403   2    2.160950e+03    1.010129e+04    3.678673e+03   -1.149929e+03
     403   3    2.426226e+03    1.008123e+04    3.752237e+03   -1.196858e+03
     404   1    1.078922e+03    1.044117e+04    3.456028e+03   -1.340240e+03
     404   2    1.019913e+03    1.035976e+04    3.413902e+03   -1.140485e+03
     404   3    1.196389e+03    1.032201e+04    3.455520e+03   -1.239949e+03
     405   1    2.066864e+03    1.016507e+04    3.669582e+03   -1.430920e+03
     405   2    1.840936e+03    1.018592e+04    3.608056e+03   -1.368229e+03
     405   3    2.026369e+03    1.012974e+04    3.646833e+03   -1.193271e+03
     406   1    6.017941e+02    1.105900e+04    3.498238e+03   -1.691968e+03
     406   2    5.362513e+02    1.103006e+04    3.469893e+03   -1.497836e+03
     406   3    6.752824e+02    1.088665e+04    3.468579e+03   -1.577864e+03
     407   1    2.966171e+02    1.085654e+04    3.345946e+03   -9.032102e+02
     407   2    2.296060e+02    1.077645e+04    3.301818e+03   -7.136775e+02
     407   3    3.144396e+02    1.069307e+04    3.302251e+03   -7.954217e+02
     408   1    3.032821e+02    1.062638e+04    3.278899e+03   -6.970070e+02
     408   2    1.994842e+02    1.067726e+04    3.263023e+03   -6.233942e+02
     408   3    2.156169e+02    1.052962e+04    3.223570e+03   -5.251992e+02
     409   1    3.231898e+03    1.004330e+04    3.982559e+03   -1.526920e+03
     409   2    3.247624e+03    1.003839e+04    3.985803e+03   -1.286125e+03
     409   3    3.538228e+03    1.001821e+04    4.066933e+03   -1.300722e+03
     410   1    1.688935e+03    1.032407e+04    3.603903e+03   -1.727685e+03
     410   2    1.498330e+03    1.036096e+04    3.557788e+03   -1.642776e+03
     410   3    1.674238e+03    1.027467e+04    3.584672e+03   -1.512801e+03
     411   1    4.790309e+03    9.003425e+03    4.138120e+03   -9.512939e+02
     411   2    5.047811e+03    9.078588e+03    4.237920e+03   -7.529369e+02
     411   3    4.665049e+03    8.878292e+03    4.063002e+03   -8.103242e+02
     412   1    4.971516e+03    9.116874e+03    4.226517e+03   -9.701044e+02
     412   2    5.382364e+03    9.294672e+03    4.403111e+03   -8.871417e+02
     412   3    5.223734e+03    9.173669e+03    4.319221e+03   -7.733659e+02
     413   1    4.064439e+03    8.585238e+03    3.794903e+03   -1.087866e+03
     413   2    4.298648e+03    8.664170e+03    3.888845e+03   -8.666861e+02
     413   3    3.952794e+03    8.434080e+03    3.716062e+03   -9.202471e+02
     414   1    4.634262e+03    9.291813e+03    4.177822e+03   -1.561541e+03
     414   2    5.034546e+03    9.443126e+03    4.343302e+03   -1.426703e+03
     414   3    4.931792e+03    9.318213e+03    4.275002e+03   -1.360170e+03
     415   1    2.620917e+02    1.095344e+04    3.364659e+03   -9.045458e+02
     415   2    1.652592e+02    1.102681e+04    3.357620e+03   -7.978603e+02
     415   3    1.880947e+02    1.084543e+04    3.310057e+03   -7.128751e+02
     416   1    4.551499e+02    1.098545e+04    3.432181e+03   -1.298141e+03
     416   2    3.794080e+02    1.093536e+04    3.394430e+03   -1.096630e+03
     416   3    4.870959e+02    1.082115e+04    3.392472e+03   -1.172620e+03
     417   1    3.402933e+03    8.114888e+03    3.455346e+03   -1.214306e+03
     417   2    3.620138e+03    8.193565e+03    3.544111e+03   -9.722187e+02
     417   3    3.300632e+03    7.936482e+03    3.371134e+03   -1.023280e+03
     418   1    3.552385e+03    8.266143e+03    3.545558e+03   -1.253950e+03
     418   2    3.883490e+03    8.496185e+03    3.713903e+03   -1.186999e+03
     418   3    3.761021e+03    8.322745e+03    3.625130e+03   -1.015037e+03
     419   1    2.782961e+03    7.595880e+03    3.113652e+03   -1.335133e+03
     419   2    2.990328e+03    7.671271e+03    3.198480e+03   -1.072488e+03
     419   3    2.686341e+03    7.388607e+03    3.022484e+03   -1.122858e+03
     420   1    3.757472e+03    9.994394e+03    4.125560e+03   -1.541011e+03
     420   2    3.819564e+03    1.000678e+04    4.147903e+03   -1.306725e+03
     420   3    4.112612e+03    9.986460e+03    4.229722e+03   -1.304725e+03
     421   1    4.504205e+02    5.321049e+03    1.731441e+03   -1.890686e+03
     421   2    7.852616e+02    5.658703e+03    1.933189e+03   -1.828982e+03
     421   3    6.633264e+02    5.309172e+03    1.791750e+03   -1.552295e+03
     422   1    2.108718e+02    1.132836e+04    3.461771e+03   -1.081278e+03
     422   2    1.282756e+02    1.143349e+04    3.468530e+03   -9.431042e+02
     422   3    1.522456e+02    1.122339e+04    3.412691e+03   -8.729462e+02
     423   1    2.924876e+03    7.766556e+03    3.207430e+03   -1.382392e+03
     423   2    3.234513e+03    8.019236e+03    3.376125e+03   -1.319013e+03
     423   3    3.121573e+03    7.816847e+03    3.281526e+03   -1.123842e+03
     424   1    2.183187e+03    7.030304e+03    2.764047e+03   -1.454116e+03
     424   2    2.387438e+03    7.099580e+03    2.846105e+03   -1.170837e+03
     424   3    2.088430e+03    6.791965e+03    2.664119e+03   -1.221915e+03
     425   1    1.553005e+02    1.174252e+04    3.569347e+03   -1.218739e+03
     425   2    9.018579e+01    1.188643e+04    3.592985e+03   -1.053477e+03
     425   3    1.148671e+02    1.165285e+04    3.530315e+03   -1.001478e+03
     426   1    1.124154e+03    1.059326e+04    3.515224e+03   -1.728767e+03
     426   2    1.104667e+03    1.051642e+04    3.486326e+03   -1.540372e+03
     426   3    1.271763e+03    1.046435e+04    3.520835e+03   -1.647944e+03
     427   1    2.322488e+03    7.221267e+03    2.863127e+03   -1.507910e+03
     427   2    2.621512e+03    7.495608e+03    3.035136e+03   -1.446146e+03
     427   3    2.513842e+03    7.261702e+03    2.932663e+03   -1.229667e+03
     428   1    1.582475e+03    6.419161e+03    2.400491e+03   -1.573925e+03
     428   2    1.789966e+03    6.479378e+03    2.480803e+03   -1.269732e+03
     428   3    1.485072e+03    6.146899e+03    2.289591e+03   -1.322452e+03
     429   1    9.780962e+01    1.218851e+04    3.685895e+03   -1.314301e+03
     429   2    5.159336e+01    1.237436e+04    3.727786e+03   -1.126701e+03
     429   3    7.661585e+01    1.212394e+04    3.660167e+03   -1.093822e+03
     430   1    2.614913e+02    1.170930e+04    3.591238e+03   -1.663987e+03
     430   2    2.273306e+02    1.167744e+04    3.571432e+03   -1.458846e+03
     430   3    3.048834e+02    1.151852e+04    3.547021e+03   -1.592123e+03
     431   1    1.724220e+03    6.631617e+03    2.506751e+03   -1.633612e+03
     431   2    2.023333e+03    6.927122e+03    2.685136e+03   -1.572105e+03
     431   3    1.916533e+03    6.658608e+03    2.572542e+03   -1.335387e+03
     432   1    9.584601e+02    5.762737e+03    2.016359e+03   -1.695847e+03
     432   2    1.175299e+03    5.810573e+03    2.095762e+03   -1.370582e+03
     432   3    8.526155e+02    5.453094e+03    1.891713e+03   -1.425218e+03
     433   1    3.899129e+01    1.265622e+04    3.808563e+03   -1.366479e+03
     433   2    1.244772e+01    1.288383e+04    3.868883e+03   -1.161652e+03
     433   3    3.792238e+01    1.262398e+04    3.798570e+03   -1.148553e+03
     434   1    1.572488e+02    1.210306e+04    3.678093e+03   -1.770995e+03
     434   2    1.438891e+02    1.208841e+04    3.669688e+03   -1.569109e+03
     434   3    2.020052e+02    1.190253e+04    3.631362e+03   -1.724518e+03
     435   1    1.108250e+03    5.998148e+03    2.131919e+03   -1.761264e+03
     435   2    1.418798e+03    6.314692e+03    2.320047e+03   -1.699403e+03
     435   3    1.307722e+03    6.007838e+03    2.194668e+03   -1.442822e+03
     436   1    2.859481e+02    5.061155e+03    1.604131e+03   -1.819092e+03
     436   2    5.180338e+02    5.092677e+03    1.683213e+03   -1.473237e+03
     436   3    1.636782e+02    4.710286e+03    1.462189e+03   -1.528996e+03
     437   1   -2.135880e+01    1.313394e+04    3.933775e+03   -1.373759e+03
     437   2   -2.762307e+01    1.340018e+04    4.011766e+03   -1.157209e+03
     437   3   -1.414745e+00    1.313884e+04    3.941228e+03   -1.164514e+03
     438   1    4.970054e+01    1.251230e+04    3.768599e+03   -1.824875e+03
     438   2    5.796697e+01    1.251775e+04    3.772716e+03   -1.630207e+03
     438   3    9.572064e+01    1.230465e+04    3.720111e+03   -1.805087e+03
     439   1   -2.695691e+02    1.447971e+04    4.263044e+03    1.974625e+03
     439   2   -1.495575e+02    1.398782e+04    4.151479e+03    1.800219e+03
     439   3   -2.064756e+02    1.430222e+04    4.228723e+03    1.711975e+03
     440   1   -3.865827e+02    1.490410e+04    4.355256e+03    1.729100e+03
     440   2   -2.356673e+02    1.456465e+04    4.298696e+03    1.606007e+03
     440   3   -2.759139e+02    1.483911e+04    4.368959e+03    1.478676e+03
     441   1   -4.651913e+02    1.524867e+04    4.435043e+03    1.410644e+03
     441   2   -2.961134e+02    1.505495e+04    4.427652e+03    1.341598e+03
     441   3   -3.196379e+02    1.527676e+04    4.487137e+03    1.187749e+03
     442   1   -1.101645e+03    1.765505e+04    4.966021e+03    2.008184e+03
     442   2   -7.826299e+02    1.791317e+04    5.139163e+03    2.140187e+03
     442   3   -8.445927e+02    1.739384e+04    4.964773e+03    2.246965e+03
     443   1   -4.977045e+02    1.567910e+04    4.554418e+03    2.836411e+02
     443   2   -3.360206e+02    1.583158e+04    4.648667e+03    3.652474e+02
     443   3   -3.214305e+02    1.586227e+04    4.662252e+03    1.989793e+02
     444   1   -4.594551e+02    1.561258e+04    4.545937e+03   -7.617410e+01
     444   2   -3.140438e+02    1.584091e+04    4.658059e+03    4.570099e+01
     444   3   -2.923300e+02    1.580931e+04    4.655094e+03   -1.082221e+02
     445   1   -8.376802e+02    1.557517e+04    4.421247e+03    1.366569e+03
     445   2   -6.251427e+02    1.543758e+04    4.443730e+03    1.428772e+03
     445   3   -6.558749e+02    1.552855e+04    4.461801e+03    1.223850e+03
     446   1   -5.156270e+02    1.564176e+04    4.537840e+03    6.639192e+02
     446   2   -3.432034e+02    1.569749e+04    4.606285e+03    6.993913e+02
     446   3   -3.385484e+02    1.579343e+04    4.636464e+03    5.276485e+02
     447   1   -4.796764e+02    1.523341e+04    4.426119e+03    1.549070e+03
     447   2   -4.440182e+02    1.509070e+04    4.394004e+03    1.714116e+03
     447   3   -3.434613e+02    1.498033e+04    4.391061e+03    1.466363e+03
     448   1   -5.361577e+02    1.547584e+04    4.481905e+03    1.178648e+03
     448   2   -5.163371e+02    1.538019e+04    4.459157e+03    1.366801e+03
     448   3   -3.910884e+02    1.535052e+04    4.487829e+03    1.151158e+03
     449   1   -4.071671e+02    1.544944e+04    4.512683e+03   -4.025238e+02
     449   2   -2.815218e+02    1.573286e+04    4.635400e+03   -2.469126e+02
     449   3   -2.553466e+02    1.564408e+04    4.616621e+03   -3.836906e+02
     450   1   -8.527687e+02    1.535760e+04    4.351448e+03   -1.324268e+02
     450   2   -6.717441e+02    1.541221e+04    4.422139e+03   -1.589637e+02
     450   3   -8.192634e+02    1.523972e+04    4.326138e+03   -3.440442e+02
     451   1   -4.652384e+02    4.315119e+03    1.154964e+03   -1.939396e+03
     451   2   -2.123529e+02    4.325595e+03    1.233973e+03   -1.574987e+03
     451   3   -6.155464e+02    3.919321e+03    9.911325e+02   -1.629201e+03
     452   1   -1.973018e+02    1.350151e+04    3.991263e+03   -1.676261e+03
     452   2   -1.777527e+02    1.378028e+04    4.080759e+03   -1.468241e+03
     452   3   -1.265644e+02    1.356251e+04    4.030784e+03   -1.517336e+03
     453   1   -5.067551e+02    1.549749e+04    4.497220e+03    1.046970e+03
     453   2   -3.311537e+02    1.543694e+04    4.531736e+03    1.031629e+03
     453   3   -3.393912e+02    1.559780e+04    4.577521e+03    8.634073e+02
     454   1   -8.716196e+02    1.554363e+04    4.401602e+03    4.487829e+02
     454   2   -6.750655e+02    1.561121e+04    4.480843e+03    5.857618e+02
     454   3   -6.592030e+02    1.561034e+04    4.485340e+03    3.712181e+02
     455   1   -3.461923e+02    1.520016e+04    4.456191e+03   -6.866835e+02
     455   2   -2.423475e+02    1.551869e+04    4.582902e+03   -5.041961e+02
     455   3   -2.137795e+02    1.537981e+04    4.549809e+03   -6.207540e+02
     456   1   -5.365952e+03    6.695849e+03    3.989690e+02   -2.932031e+03
     456   2   -4.931952e+03    6.288270e+03    4.068955e+02   -2.557570e+03
     456   3   -4.905912e+03    7.868817e+03    8.888716e+02   -2.974707e+03
     457   1   -2.807792e+02    1.487735e+04    4.378973e+03   -9.234744e+02
     457   2   -1.995685e+02    1.521278e+04    4.503963e+03   -7.209977e+02
     457   3   -1.702152e+02    1.503178e+04    4.458471e+03   -8.157565e+02
     458   1   -6.553981e+02    1.484725e+04    4.257554e+03   -9.103839e+02
     458   2   -5.069458e+02    1.493352e+04    4.327973e+03   -8.576419e+02
     458   3   -6.075296e+02    1.467925e+04    4.221515e+03   -1.070015e+03
     459   1   -2.140299e+02    1.449490e+04    4.284261e+03   -1.110484e+03
     459   2   -1.555112e+02    1.483104e+04    4.402657e+03   -8.948368e+02
     459   3   -1.264155e+02    1.461668e+04    4.347078e+03   -9.671971e+02
     460   1   -5.377164e+02    1.451793e+04    4.194063e+03   -1.216512e+03
     460   2   -4.113424e+02    1.460481e+04    4.258041e+03   -1.128418e+03
     460   3   -4.873189e+02    1.433202e+04    4.153410e+03   -1.345847e+03
     461   1   -2.777221e+02    4.600711e+03    1.296897e+03   -2.018522e+03
     461   2    9.696078e+01    4.959552e+03    1.516954e+03   -1.959349e+03
     461   3   -4.488984e+01    4.562615e+03    1.355318e+03   -1.661738e+03
     462   1   -1.332995e+03    3.527522e+03    6.583579e+02   -2.046641e+03
     462   2   -1.054756e+03    3.511050e+03    7.368884e+02   -1.668711e+03
     462   3   -1.529007e+03    3.084224e+03    4.665651e+02   -1.715459e+03
     463   1    9.367379e+00    1.381232e+04    4.146507e+03    2.232493e+03
     463   2   -2.257543e+01    1.338025e+04    4.007302e+03    1.986918e+03
     463   3   -6.955715e+01    1.404307e+04    4.192054e+03    2.220402e+03
     464   1    3.958560e+02    1.473119e+04    4.538113e+03    2.452311e+03
     464   2    5.470618e+02    1.458909e+04    4.540846e+03    2.333897e+03
     464   3    3.773015e+02    1.394286e+04    4.296047e+03    2.263910e+03
     465   1   -1.479527e+02    1.406724e+04    4.175785e+03   -1.247248e+03
     465   2   -1.116921e+02    1.439038e+04    4.283606e+03   -1.025019e+03
     465   3   -8.344808e+01    1.415152e+04    4.220421e+03   -1.075139e+03
     466   1   -4.161547e+02    1.415186e+04    4.120711e+03   -1.461153e+03
     466   2   -3.135490e+02    1.423129e+04    4.175322e+03   -1.341977e+03
     466   3   -3.652243e+02    1.395287e+04    4.076294e+03   -1.559394e+03
     467   1    6.581688e+02    6.061488e+03    2.015897e+03   -2.381091e+03
     467   2    9.795872e+02    6.349944e+03    2.198859e+03   -2.302129e+03
     467   3    8.806695e+02    5.995275e+03    2.062783e+03   -2.073919e+03
     468   1   -8.361905e+01    1.360884e+04    4.057566e+03   -1.334550e+03
     468   2   -6.896573e+01    1.390780e+04    4.151651e+03   -1.112106e+03
     468   3   -4.177831e+01    1.365336e+04    4.083473e+03   -1.140487e+03
     469   1    1.676438e+03    1.817827e+04    5.956413e+03    2.053001e+03
     469   2    1.904544e+03    1.925331e+04    6.347357e+03    1.886842e+03
     469   3    2.081838e+03    1.881032e+04    6.267648e+03    1.782867e+03
     470   1   -1.169022e+02    1.399847e+04    4.164469e+03    2.120089e+03
     470   2   -4.053525e+01    1.335461e+04    3.994223e+03    1.900741e+03
     470   3   -1.120081e+02    1.369210e+04    4.074029e+03    1.863150e+03
     471   1    1.307223e+03    1.641845e+04    5.317701e+03    2.153460e+03
     471   2    1.490922e+03    1.727348e+04    5.629320e+03    2.127717e+03
     471   3    1.595619e+03    1.677948e+04    5.512529e+03    1.952346e+03
     472   1    3.433368e+02    1.310173e+04    4.033520e+03    2.050178e+03
     472   2    4.266250e+02    1.288676e+04    3.994014e+03    1.916685e+03
     472   3    2.882594e+02    1.222253e+04    3.753238e+03    1.771030e+03
     473   1   -2.367746e+03    2.704845e+03    1.011297e+02   -2.120412e+03
     473   2   -2.061512e+03    2.654710e+03    1.779594e+02   -1.739544e+03
     473   3   -2.637114e+03    2.214847e+03   -1.266802e+02   -1.766927e+03
     474   1   -5.467060e+02    5.762267e+03    1.564668e+03   -3.134325e+03
     474   2   -1.792913e+02    6.018381e+03    1.751727e+03   -3.048366e+03
     474   3   -2.895088e+02    5.564730e+03    1.582566e+03   -2.846114e+03
     475   1   -1.808274e+02    1.411994e+04    4.181733e+03   -1.282830e+03
     475   2   -2.085646e+02    1.433509e+04    4.237957e+03   -1.212573e+03
     475   3   -1.440120e+02    1.442394e+04    4.283978e+03   -1.059205e+03
     476   1   -1.381205e+02    1.390119e+04    4.128922e+03   -1.341917e+03
     476   2   -9.210674e+01    1.396230e+04    4.161058e+03   -1.161542e+03
     476   3   -1.109315e+02    1.367314e+04    4.068663e+03   -1.386720e+03
     477   1    6.390251e+01    1.348851e+04    4.065725e+03    2.141995e+03
     477   2    8.510930e+01    1.270327e+04    3.836513e+03    1.888724e+03
     477   3    3.471071e+00    1.304271e+04    3.913856e+03    1.910378e+03
     478   1   -1.846275e+02    1.919928e+04    5.704396e+03    1.769491e+03
     478   2    9.974038e+01    1.881817e+04    5.675373e+03    2.111257e+03
     478   3   -4.187972e+02    1.850333e+04    5.425360e+03    2.072143e+03
     479   1   -3.634837e+03    1.863479e+03   -5.314074e+02   -2.122485e+03
     479   2   -3.305198e+03    1.770153e+03   -4.605135e+02   -1.758142e+03
     479   3   -4.023741e+03    1.331860e+03   -8.075644e+02   -1.741370e+03
     480   1   -1.673975e+03    4.122225e+03    7.344751e+02   -2.830514e+03
     480   2   -1.215283e+03    4.456389e+03    9.723317e+02   -2.773297e+03
     480   3   -1.393478e+03    3.929564e+03    7.608260e+02   -2.491630e+03
     481   1    3.646935e+03    1.001621e+04    4.098943e+03   -1.130348e+03
     481   2    3.351309e+03    1.002466e+04    4.012790e+03   -1.118254e+03
     481   3    3.657302e+03    1.001328e+04    4.101173e+03   -8.494252e+02
     482   1    3.956283e+03    1.000189e+04    4.187452e+03   -1.135954e+03
     482   2    4.314486e+03    9.998478e+03    4.293889e+03   -8.578384e+02
     482   3    4.254403e+03    9.993399e+03    4.274341e+03   -1.134409e+03
     483   1    2.110248e+03    1.983226e+04    6.582752e+03    1.711346e+03
     483   2    2.514322e+03    2.063275e+04    6.944123e+03    1.419805e+03
     483   3    2.302848e+03    1.945938e+04    6.528667e+03    1.641794e+03
     484   1    2.423911e+03    1.895367e+04    6.413274e+03    1.490329e+03
     484   2    2.777434e+03    1.968008e+04    6.737255e+03    1.196186e+03
     484   3    2.488103e+03    1.845795e+04    6.283815e+03    1.297995e+03
     485   1    1.807756e+03    2.229574e+04    7.231050e+03    7.622886e+02
     485   2    2.211377e+03    2.341943e+04    7.689243e+03    2.813268e+02
     485   3    2.192297e+03    2.239355e+04    7.375753e+03    9.289509e+02
     486   1    3.259161e+03    2.480635e+04    8.419654e+03    1.965159e+02
     486   2    3.479428e+03    2.633419e+04    8.944085e+03   -1.822521e+02
     486   3    3.503312e+03    2.445660e+04    8.387973e+03    3.758547e+02
     487   1    9.422026e+02    1.281946e+04    4.128499e+03    1.066853e+03
     487   2    8.662660e+02    1.220430e+04    3.921169e+03    7.453136e+02
     487   3    6.376968e+02    1.158020e+04    3.665369e+03    9.509448e+02
     488   1    6.001900e+02    1.214239e+04    3.822774e+03    1.396897e+03
     488   2    5.104899e+02    1.128206e+04    3.537765e+03    1.112532e+03
     488   3    3.970773e+02    1.134494e+04    3.522604e+03    1.331775e+03
     489   1   -8.209877e+03   -4.410855e+02   -2.595289e+03   -9.648096e+02
     489   2   -6.986515e+03   -1.017458e+02   -2.126478e+03   -1.184195e+03
     489   3   -7.791575e+03   -5.562471e+02   -2.504347e+03   -7.670090e+02
     490   1   -6.800301e+03    5.886369e+02   -1.863499e+03   -1.832550e+03
     490   2   -5.636504e+03    1.022270e+03   -1.384270e+03   -2.066394e+03
     490   3   -6.325388e+03    3.730213e+02   -1.785710e+03   -1.599692e+03
     491   1    2.705453e+03    2.686268e+04    8.870439e+03   -3.142409e+03
     491   2    2.518445e+03    2.559656e+04    8.434501e+03   -3.550914e+03
     491   3    2.791045e+03    2.734869e+04    9.041919e+03   -4.960250e+03
     492   1    2.729170e+03    2.497726e+04    8.311930e+03   -3.033291e+02
     492   2    2.956350e+03    2.662218e+04    8.873559e+03   -9.182306e+02
     492   3    3.067250e+03    2.510517e+04    8.451727e+03   -6.847477e+00
     493   1    3.070738e+02    1.037000e+04    3.203121e+03   -4.820254e+02
     493   2    2.201775e+02    1.039555e+04    3.184719e+03   -4.276222e+02
     493   3    2.270618e+02    1.027648e+04    3.151062e+03   -3.247935e+02
     494   1    4.194096e+02    1.035842e+04    3.233348e+03   -5.840903e+02
     494   2    4.751100e+02    1.027603e+04    3.225343e+03   -5.318247e+02
     494   3    5.376630e+02    1.037728e+04    3.274482e+03   -7.279819e+02
     495   1    6.778061e+03    9.756106e+03    4.960250e+03   -6.867741e+02
     495   2    6.444319e+03    9.675058e+03    4.835813e+03   -7.358694e+02
     495   3    6.234699e+03    9.665360e+03    4.770018e+03   -8.782059e+02
     496   1    6.505781e+03    9.646647e+03    4.845728e+03   -6.254632e+02
     496   2    6.942920e+03    9.728089e+03    5.001303e+03   -4.755223e+02
     496   3    6.387172e+03    9.590548e+03    4.793316e+03   -5.544484e+02
     497   1    5.908521e+02    1.246640e+04    3.917175e+03    1.562959e+03
     497   2    4.376058e+02    1.173788e+04    3.652645e+03    1.475231e+03
     497   3    5.381842e+02    1.267805e+04    3.964870e+03    1.748595e+03
     498   1    9.269001e+02    1.400776e+04    4.480399e+03    1.809520e+03
     498   2    7.408243e+02    1.304486e+04    4.135705e+03    1.641912e+03
     498   3    6.383292e+02    1.323695e+04    4.162583e+03    1.837347e+03
     499   1    3.147924e+03    2.542123e+04    8.570747e+03   -7.172617e+01
     499   2    3.300267e+03    2.754996e+04    9.255070e+03   -9.668278e+02
     499   3    3.462526e+03    2.720302e+04    9.199663e+03   -5.585241e+02
     500   1    2.487360e+03    2.225143e+04    7.421636e+03    1.013267e+03
     500   2    2.861999e+03    2.338911e+04    7.875333e+03    6.268262e+02
     500   3    2.766966e+03    2.204104e+04    7.442403e+03    1.090086e+03
     501   1    5.722668e+03    9.695385e+03    4.625416e+03   -1.212330e+03
     501   2    5.353033e+03    9.599260e+03    4.485688e+03   -1.355423e+03
     501   3    5.435424e+03    9.693063e+03    4.538546e+03   -1.353685e+03
     502   1    5.925957e+03    9.756917e+03    4.704862e+03   -1.131392e+03
     502   2    5.638142e+03    9.752773e+03    4.617275e+03   -1.272656e+03
     502   3    6.156308e+03    9.819935e+03    4.792873e+03   -1.032610e+03
     503   1    1.203965e+03    1.456298e+04    4.730083e+03    1.654288e+03
     503   2    1.491977e+03    1.503940e+04    4.959414e+03    1.397877e+03
     503   3    1.186378e+03    1.398490e+04    4.551382e+03    1.338647e+03
     504   1    6.053228e+02    1.427471e+04    4.464011e+03    2.217128e+03
     504   2    5.413940e+02    1.341500e+04    4.186919e+03    2.024476e+03
     504   3    3.925763e+02    1.360193e+04    4.198351e+03    2.166455e+03
     505   1    1.898967e+02    1.485582e+04    4.513714e+03    2.520096e+03
     505   2    9.168463e+01    1.430117e+04    4.317856e+03    2.394266e+03
     505   3    3.898434e+01    1.496456e+04    4.501064e+03    2.540382e+03
     506   1    2.417754e+03    2.471682e+04    8.140373e+03   -5.588228e+02
     506   2    2.043501e+03    2.418490e+04    7.868520e+03   -8.664958e+02
     506   3    2.380922e+03    2.567099e+04    8.415573e+03   -1.706711e+03
     507   1   -9.849089e+03    3.552060e+01   -2.944071e+03   -6.642312e+02
     507   2   -1.064878e+04   -4.180958e+02   -3.320063e+03   -3.391501e+02
     507   3   -1.161507e+04   -4.661503e+02   -3.624366e+03    4.722440e+02
     508   1   -6.311807e+03    4.524600e+03   -5.361622e+02   -2.702616e+03
     508   2   -6.242269e+03    4.145512e+03   -6.290269e+02   -2.165596e+03
     508   3   -5.905780e+03    5.509115e+03   -1.189994e+02   -2.802440e+03
     509   1    1.908286e+03    1.724231e+04    5.745179e+03    1.721837e+03
     509   2    2.204051e+03    1.836695e+04    6.171300e+03    1.633497e+03
     509   3    2.271986e+03    1.783228e+04    6.031280e+03    1.421053e+03
     510   1    1.610307e+03    1.619449e+04    5.341440e+03    1.755599e+03
     510   2    1.625034e+03    1.561328e+04    5.171494e+03    1.492218e+03
     510   3    1.281339e+03    1.508400e+04    4.909602e+03    1.774152e+03
     511   1   -3.291620e+03    2.216994e+03   -3.223878e+02   -2.253882e+03
     511   2   -2.650508e+03    2.630165e+03   -6.102867e+00   -2.259859e+03
     511   3   -2.964019e+03    2.070743e+03   -2.679828e+02   -1.887445e+03
     512   1   -5.225173e+03    1.045147e+03   -1.254008e+03   -1.994581e+03
     512   2   -4.888971e+03    8.883667e+02   -1.200181e+03   -1.673247e+03
     512   3   -5.806155e+03    4.857023e+02   -1.596136e+03   -1.579421e+03
     513   1   -5.692398e+02    1.531563e+04    4.423918e+03    2.130927e+03
     513   2   -3.884651e+02    1.492718e+04    4.361616e+03    2.098873e+03
     513   3   -4.784751e+02    1.509394e+04    4.384641e+03    1.960382e+03
     514   1    1.131158e+03    2.251432e+04    7.093644e+03   -1.339640e+03
     514   2    1.707960e+03    2.371054e+04    7.625551e+03   -2.321605e+03
     514   3    1.596059e+03    2.342152e+04    7.505273e+03   -1.089270e+03
     515   1   -4.649631e+02    1.942865e+04    5.689107e+03    1.347358e+03
     515   2   -1.013077e+03    1.894947e+04    5.380916e+03    1.294546e+03
     515   3   -7.393350e+02    1.960179e+04    5.658735e+03    7.453511e+02
     516   1   -5.511600e+01    1.483916e+04    4.435214e+03    2.486835e+03
     516   2    3.310880e+01    1.419071e+04    4.267147e+03    2.358226e+03
     516   3   -1.071933e+02    1.439516e+04    4.286389e+03    2.344574e+03
     517   1   -2.958332e+01    5.445382e+03    1.624740e+03   -2.542821e+03
     517   2    3.216649e+02    5.749410e+03    1.821323e+03   -2.465367e+03
     517   3    2.083537e+02    5.343247e+03    1.665480e+03   -2.220977e+03
     518   1   -3.098444e+02    1.391003e+04    4.080056e+03   -1.543466e+03
     518   2   -2.643701e+02    1.420047e+04    4.180830e+03   -1.329969e+03
     518   3   -2.116320e+02    1.399602e+04    4.135317e+03   -1.407175e+03
     519   1   -6.983044e+02    1.399405e+04    3.988724e+03   -1.663792e+03
     519   2   -5.575539e+02    1.406211e+04    4.051366e+03   -1.564732e+03
     519   3   -6.201182e+02    1.379863e+04    3.953553e+03   -1.787035e+03
     520   1   -4.244484e+02    1.429624e+04    4.161538e+03   -1.350016e+03
     520   2   -3.521688e+02    1.458733e+04    4.270550e+03   -1.135568e+03
     520   3   -2.987196e+02    1.440265e+04    4.231179e+03   -1.241288e+03
     521   1   -2.472948e+03    4.354711e+03    5.645290e+02   -3.363975e+03
     521   2   -2.189989e+03    4.059766e+03    5.609332e+02   -3.077840e+03
     521   3   -2.691462e+03    3.735296e+03    3.131504e+02   -3.121402e+03
     522   1   -5.384042e+02    1.464992e+04    4.233456e+03   -1.095670e+03
     522   2   -4.387449e+02    1.492855e+04    4.346941e+03   -8.851816e+02
     522   3   -3.861646e+02    1.477002e+04    4.315158e+03   -1.019092e+03
     523   1   -1.041695e+03    1.470633e+04    4.099389e+03   -9.998452e+02
     523   2   -8.510531e+02    1.475535e+04    4.171290e+03   -9.557242e+02
     523   3   -9.714889e+02    1.452545e+04    4.066190e+03   -1.190545e+03
     524   1   -6.473049e+02    1.496084e+04    4.294062e+03   -7.821239e+02
     524   2   -5.203100e+02    1.521202e+04    4.407514e+03   -5.809411e+02
     524   3   -4.710386e+02    1.508577e+04    4.384420e+03   -7.415973e+02
     525   1   -1.568254e+03    1.626868e+04    4.410126e+03   -2.569601e+03
     525   2   -2.059424e+03    1.489684e+04    3.851223e+03   -2.782175e+03
     525   3   -1.114004e+03    1.489187e+04    4.133359e+03   -3.252864e+03
     526   1   -7.357247e+02    1.547903e+04    4.422991e+03    1.783628e+03
     526   2   -5.319061e+02    1.521973e+04    4.406348e+03    1.800333e+03
     526   3   -5.917343e+02    1.535208e+04    4.428104e+03    1.620893e+03
     527   1   -8.800293e+02    1.559738e+04    4.415207e+03    9.120278e+02
     527   2   -6.707952e+02    1.556977e+04    4.469692e+03    1.014660e+03
     527   3   -6.759002e+02    1.561542e+04    4.481855e+03    7.987107e+02
     528   1   -2.537399e+03    1.693691e+04    4.319854e+03   -1.456403e+03
     528   2   -1.849318e+03    1.722245e+04    4.611940e+03   -1.833901e+03
     528   3   -1.964608e+03    1.791604e+04    4.785430e+03   -1.073189e+03
     529   1   -3.804372e+03    1.053295e+04    2.018575e+03   -3.006554e+03
     529   2   -4.306629e+03    9.240044e+03    1.480025e+03   -3.044677e+03
     529   3   -3.586030e+03    8.879226e+03    1.587959e+03   -2.920956e+03
     530   1   -7.448737e+02    1.521913e+04    4.342277e+03   -4.139061e+02
     530   2   -5.915870e+02    1.542644e+04    4.450456e+03   -2.278214e+02
     530   3   -5.489764e+02    1.533797e+04    4.436699e+03   -4.122227e+02
     531   1   -1.484809e+03    1.475963e+04    3.982445e+03   -9.310609e+02
     531   2   -1.331096e+03    1.494636e+04    4.084579e+03   -6.646788e+02
     531   3   -1.243185e+03    1.479034e+04    4.064145e+03   -8.886250e+02
     532   1   -8.229422e+02    1.541584e+04    4.377870e+03    6.990830e-01
     532   2   -6.458449e+02    1.556199e+04    4.474842e+03    1.654808e+02
     532   3   -6.141225e+02    1.551581e+04    4.470505e+03   -3.766907e+01
     533   1    2.547400e+03    1.011316e+04    3.798168e+03   -2.306490e+03
     533   2    2.616814e+03    1.012203e+04    3.821653e+03   -2.124630e+03
     533   3    2.825224e+03    1.006220e+04    3.866228e+03   -2.146746e+03
     534   1    2.544778e+03    1.011372e+04    3.797550e+03   -1.531822e+03
     534   2    2.304808e+03    1.013454e+04    3.731806e+03   -1.486803e+03
     534   3    2.532115e+03    1.009172e+04    3.787151e+03   -1.289068e+03
     535   1    4.855933e+03    9.970559e+03    4.447948e+03   -1.110492e+03
     535   2    4.562609e+03    9.979020e+03    4.362489e+03   -1.125488e+03
     535   3    4.969413e+03    9.983630e+03    4.485913e+03   -8.449184e+02
     536   1    5.677552e+03    9.943286e+03    4.686252e+03   -9.595760e+02
     536   2    5.876473e+03    9.979870e+03    4.756903e+03   -7.149562e+02
     536   3    6.195796e+03    9.973541e+03    4.850801e+03   -6.889517e+02
     537   1    7.422623e+03    9.865629e+03    5.186476e+03   -5.170249e+02
     537   2    7.891854e+03    9.945944e+03    5.351340e+03   -4.085571e+02
     537   3    8.056649e+03    9.942958e+03    5.399882e+03   -3.489394e+02
     538   1    7.342674e+03    9.850074e+03    5.157825e+03   -5.184366e+02
     538   2    7.913445e+03    9.903811e+03    5.345177e+03   -3.579419e+02
     538   3    7.446535e+03    9.839304e+03    5.185751e+03   -4.278863e+02
     539   1    6.454808e+03    9.901091e+03    4.906770e+03   -8.843641e+02
     539   2    6.218050e+03    9.908861e+03    4.838073e+03   -9.415063e+02
     539   3    6.746955e+03    9.939152e+03    5.005832e+03   -6.865555e+02
     540   1    7.105413e+03    9.883309e+03    5.096617e+03   -6.574383e+02
     540   2    7.504735e+03    9.953538e+03    5.237482e+03   -5.099272e+02
     540   3    7.716777e+03    9.948009e+03    5.299436e+03   -4.572884e+02
     541   1   -5.412467e+02    1.538580e+04    4.453366e+03    2.240619e+03
     541   2   -4.356546e+02    1.530069e+04    4.459511e+03    2.367543e+03
     541   3   -3.931136e+02    1.496490e+04    4.371535e+03    2.193510e+03
     542   1   -6.610705e+02    1.547413e+04    4.443919e+03    2.085494e+03
     542   2   -5.632669e+02    1.523281e+04    4.400864e+03    1.910207e+03
     542   3   -7.382130e+02    1.553004e+04    4.437549e+03    1.906306e+03
     543   1    6.208767e+03    9.919905e+03    4.838602e+03   -8.885870e+02
     543   2    6.484106e+03    9.970923e+03    4.936509e+03   -6.643736e+02
     543   3    6.774938e+03    9.964544e+03    5.021845e+03   -6.289997e+02
     544   1    5.254386e+03    9.369520e+03    4.387172e+03   -1.163490e+03
     544   2    5.743715e+03    9.536716e+03    4.584130e+03   -1.028403e+03
     544   3    5.535759e+03    9.407883e+03    4.483093e+03   -9.741557e+02
     545   1   -9.055245e+03   -7.021754e+02   -2.927226e+03   -7.081432e+02
     545   2   -8.738952e+03   -7.967401e+02   -2.860707e+03   -5.840693e+02
     545   3   -1.053588e+04   -9.544546e+02   -3.447101e+03   -3.047133e+02
     546   1   -7.999072e+03    1.338885e+02   -2.359555e+03   -1.449473e+03
     546   2   -8.726367e+03   -3.645404e+02   -2.727272e+03   -1.005070e+03
     546   3   -9.592991e+03   -3.746829e+02   -2.990302e+03   -7.693075e+02
     547   1    4.284017e+03    8.894117e+03    3.953440e+03   -1.369258e+03
     547   2    4.545146e+03    8.951264e+03    4.048923e+03   -1.160138e+03
     547   3    4.186614e+03    8.748053e+03    3.880400e+03   -1.239569e+03
     548   1    3.965604e+03    9.449982e+03    4.024676e+03   -2.080213e+03
     548   2    4.299166e+03    9.442902e+03    4.122620e+03   -1.887824e+03
     548   3    3.953945e+03    9.311839e+03    3.979735e+03   -2.040426e+03
     549   1    1.434673e+03    1.036256e+04    3.539170e+03   -1.539659e+03
     549   2    1.385278e+03    1.029585e+04    3.504340e+03   -1.330381e+03
     549   3    1.586517e+03    1.025890e+04    3.553624e+03   -1.417329e+03
     550   1    1.824084e+03    1.028205e+04    3.631839e+03   -1.706860e+03
     550   2    1.794318e+03    1.023314e+04    3.608236e+03   -1.493100e+03
     550   3    2.013283e+03    1.019621e+04    3.662847e+03   -1.562691e+03
     551   1    2.238884e+03    1.020046e+04    3.731805e+03   -1.835253e+03
     551   2    2.235362e+03    1.017072e+04    3.721826e+03   -1.620669e+03
     551   3    2.468233e+03    1.013337e+04    3.780480e+03   -1.670768e+03
     552   1    8.599651e+02    1.084486e+04    3.511446e+03   -1.837014e+03
     552   2    8.235303e+02    1.079372e+04    3.485175e+03   -1.661778e+03
     552   3    9.744604e+02    1.071808e+04    3.507763e+03   -1.794366e+03
     553   1    2.672978e+03    1.011734e+04    3.837095e+03   -1.920953e+03
     553   2    2.701121e+03    1.010780e+04    3.842677e+03   -1.709355e+03
     553   3    2.943531e+03    1.006984e+04    3.904012e+03   -1.738797e+03
     554   1    1.086914e+03    1.074274e+04    3.548895e+03   -2.086131e+03
     554   2    1.112568e+03    1.066804e+04    3.534183e+03   -1.915267e+03
     554   3    1.260274e+03    1.059927e+04    3.557864e+03   -2.027534e+03
     555   1    4.280263e+03    9.945034e+03    4.267589e+03   -1.517665e+03
     555   2    4.392742e+03    9.975009e+03    4.310325e+03   -1.295220e+03
     555   3    4.680952e+03    9.954637e+03    4.390677e+03   -1.276758e+03
     556   1    3.105828e+03    8.183357e+03    3.386755e+03   -1.734193e+03
     556   2    3.422349e+03    8.403663e+03    3.547804e+03   -1.649973e+03
     556   3    3.324470e+03    8.207329e+03    3.459540e+03   -1.492484e+03
     557   1    4.447496e+03    9.014878e+03    4.038712e+03   -1.378291e+03
     557   2    4.837227e+03    9.197873e+03    4.210530e+03   -1.275248e+03
     557   3    4.704878e+03    9.055123e+03    4.128000e+03   -1.170042e+03
     558   1    3.600954e+03    8.481894e+03    3.624855e+03   -1.543306e+03
     558   2    3.841138e+03    8.534966e+03    3.712831e+03   -1.316153e+03
     558   3    3.513273e+03    8.306326e+03    3.545880e+03   -1.389924e+03
     559   1    4.775113e+02    1.075875e+04    3.370878e+03   -1.064189e+03
     559   2    3.535292e+02    1.084998e+04    3.361054e+03   -9.953068e+02
     559   3    3.833124e+02    1.069156e+04    3.322461e+03   -8.790654e+02
     560   1    5.273909e+02    1.066288e+04    3.357081e+03   -1.038258e+03
     560   2    4.352164e+02    1.061321e+04    3.314528e+03   -8.528810e+02
     560   3    5.542670e+02    1.050509e+04    3.317808e+03   -8.892430e+02
     561   1    5.831633e+03    9.681600e+03    4.653970e+03   -1.147886e+03
     561   2    5.836828e+03    9.621123e+03    4.637385e+03   -1.077550e+03
     561   3    5.440220e+03    9.575334e+03    4.504666e+03   -1.283594e+03
     562   1    5.284049e+03    9.499251e+03    4.434990e+03   -1.308424e+03
     562   2    5.671076e+03    9.555256e+03    4.567900e+03   -1.106342e+03
     562   3    5.199584e+03    9.395921e+03    4.378651e+03   -1.250149e+03
     563   1    2.968409e+03    8.026786e+03    3.298558e+03   -1.705889e+03
     563   2    3.195017e+03    8.071202e+03    3.379866e+03   -1.461225e+03
     563   3    2.886197e+03    7.818877e+03    3.211522e+03   -1.532137e+03
     564   1    3.257858e+03    8.582007e+03    3.551960e+03   -2.008788e+03
     564   2    3.581017e+03    8.771121e+03    3.705641e+03   -1.906173e+03
     564   3    3.497894e+03    8.585109e+03    3.624901e+03   -1.785642e+03
     565   1    5.433060e+03    9.947322e+03    4.614115e+03   -1.062824e+03
     565   2    5.154416e+03    9.956021e+03    4.533131e+03   -1.088119e+03
     565   3    5.604620e+03    9.968706e+03    4.671998e+03   -8.118886e+02
     566   1    5.711341e+03    9.932440e+03    4.693134e+03   -1.028053e+03
     566   2    6.200930e+03    9.953570e+03    4.846350e+03   -7.602948e+02
     566   3    5.964765e+03    9.922921e+03    4.766306e+03   -9.928129e+02
     567   1    3.621613e+02    1.133562e+04    3.509333e+03   -1.506479e+03
     567   2    3.076601e+02    1.129124e+04    3.479669e+03   -1.301420e+03
     567   3    4.043363e+02    1.115419e+04    3.467559e+03   -1.410103e+03
     568   1    4.057191e+02    1.108808e+04    3.448141e+03   -1.305498e+03
     568   2    2.905046e+02    1.120121e+04    3.447515e+03   -1.205017e+03
     568   3    3.295014e+02    1.102196e+04    3.405439e+03   -1.104960e+03
     569   1    3.045409e+03    1.006200e+04    3.932224e+03   -1.595319e+03
     569   2    2.795716e+03    1.008298e+04    3.863609e+03   -1.568889e+03
     569   3    3.066584e+03    1.005356e+04    3.936044e+03   -1.352374e+03
     570   1    3.304060e+03    1.003090e+04    4.000488e+03   -1.612801e+03
     570   2    3.618015e+03    1.001506e+04    4.089922e+03   -1.382240e+03
     570   3    3.558426e+03    1.000973e+04    4.070447e+03   -1.620048e+03
     571   1    2.363372e+03    7.531006e+03    2.968313e+03   -1.862699e+03
     571   2    2.583565e+03    7.562793e+03    3.043907e+03   -1.600640e+03
     571   3    2.283443e+03    7.287982e+03    2.871428e+03   -1.670887e+03
     572   1    2.618607e+03    9.406600e+03    3.607562e+03   -2.807920e+03
     572   2    2.929726e+03    9.424340e+03    3.706220e+03   -2.644558e+03
     572   3    2.748240e+03    9.319853e+03    3.620428e+03   -2.731582e+03
     573   1   -1.300629e+03    1.531401e+04    4.204013e+03   -9.575772e+01
     573   2   -1.081848e+03    1.530515e+04    4.266991e+03   -1.122237e+02
     573   3   -1.258024e+03    1.516218e+04    4.171247e+03   -3.402308e+02
     574   1   -9.364682e+02    1.561685e+04    4.404116e+03    7.937166e+02
     574   2   -7.524949e+02    1.559147e+04    4.451693e+03    6.883923e+02
     574   3   -9.346872e+02    1.556517e+04    4.389144e+03    5.565193e+02
     575   1    3.139507e+02    1.145017e+04    3.529235e+03   -1.495095e+03
     575   2    2.187368e+02    1.158820e+04    3.542080e+03   -1.369779e+03
     575   3    2.616947e+02    1.139164e+04    3.496001e+03   -1.292044e+03
     576   1    1.326255e+03    1.054167e+04    3.560377e+03   -1.940598e+03
     576   2    1.170895e+03    1.059240e+04    3.528989e+03   -1.832019e+03
     576   3    1.336348e+03    1.047821e+04    3.544368e+03   -1.744640e+03
     577   1    1.765464e+03    6.996636e+03    2.628630e+03   -2.017850e+03
     577   2    1.985802e+03    7.011730e+03    2.699260e+03   -1.738404e+03
     577   3    1.684276e+03    6.715192e+03    2.519840e+03   -1.809574e+03
     578   1    3.107958e+02    1.173111e+04    3.612571e+03   -2.044304e+03
     578   2    2.893312e+02    1.173076e+04    3.606026e+03   -1.855628e+03
     578   3    3.769422e+02    1.155497e+04    3.579574e+03   -1.974872e+03
     579   1    9.544061e+02    1.090934e+04    3.559124e+03   -2.432313e+03
     579   2    1.035120e+03    1.082038e+04    3.556649e+03   -2.263318e+03
     579   3    1.165562e+03    1.072717e+04    3.567820e+03   -2.381476e+03
     580   1    2.184230e+02    1.183433e+04    3.615825e+03   -1.636425e+03
     580   2    1.438335e+02    1.200322e+04    3.644116e+03   -1.488592e+03
     580   3    1.887518e+02    1.179247e+04    3.594366e+03   -1.434193e+03
     581   1    1.154375e+03    6.425295e+03    2.273901e+03   -2.173919e+03
     581   2    1.380856e+03    6.419225e+03    2.340025e+03   -1.877229e+03
     581   3    1.067412e+03    6.101442e+03    2.150656e+03   -1.950142e+03
     582   1    1.561116e+02    1.209156e+04    3.674301e+03   -2.139141e+03
     582   2    1.596605e+02    1.210608e+04    3.679721e+03   -1.957358e+03
     582   3    2.253408e+02    1.190662e+04    3.639589e+03   -2.099511e+03
     583   1    2.045397e+03    7.742681e+03    2.936423e+03   -2.395943e+03
     583   2    2.343085e+03    7.958059e+03    3.090343e+03   -2.302012e+03
     583   3    2.267788e+03    7.702917e+03    2.991212e+03   -2.148398e+03
     584   1    1.194516e+02    1.223863e+04    3.707423e+03   -1.727636e+03
     584   2    6.691309e+01    1.243963e+04    3.751964e+03   -1.559739e+03
     584   3    1.131709e+02    1.221890e+04    3.699620e+03   -1.529718e+03
     585   1    5.084917e+02    5.818314e+03    1.898042e+03   -2.331390e+03
     585   2    7.464997e+02    5.785963e+03    1.959739e+03   -2.018113e+03
     585   3    4.095919e+02    5.447429e+03    1.757106e+03   -2.092450e+03
     586   1   -1.273401e+02    1.313707e+04    3.902919e+03   -1.800448e+03
     586   2   -1.762301e+02    1.334855e+04    3.951695e+03   -1.763257e+03
     586   3   -1.220247e+02    1.339601e+04    3.982195e+03   -1.596532e+03
     587   1    1.446763e+03    7.281388e+03    2.618445e+03   -2.583055e+03
     587   2    1.746642e+03    7.508692e+03    2.776600e+03   -2.490737e+03
     587   3    1.670306e+03    7.211772e+03    2.664623e+03   -2.323440e+03
     588   1    1.735979e+01    1.265666e+04    3.802207e+03   -1.766227e+03
     588   2   -1.207151e+01    1.288833e+04    3.862878e+03   -1.581338e+03
     588   3    3.561163e+01    1.266274e+04    3.809506e+03   -1.576708e+03
     589   1   -1.712060e+03    1.621153e+04    4.349841e+03    1.262850e+03
     589   2   -1.616024e+03    1.637127e+04    4.426573e+03    1.521462e+03
     589   3   -1.454964e+03    1.612480e+04    4.400950e+03    1.496970e+03
     590   1   -9.289573e+02    1.562448e+04    4.408656e+03    1.032194e+03
     590   2   -9.077901e+02    1.563958e+04    4.419536e+03    1.265392e+03
     590   3   -7.389642e+02    1.555468e+04    4.444714e+03    1.127243e+03
     591   1   -1.964734e+02    5.176952e+03    1.494144e+03   -2.487460e+03
     591   2    5.758391e+01    5.112495e+03    1.551024e+03   -2.159405e+03
     591   3   -3.161126e+02    4.754093e+03    1.331394e+03   -2.232951e+03
     592   1    8.282921e+02    6.795751e+03    2.287213e+03   -2.769328e+03
     592   2    1.140067e+03    7.033757e+03    2.452147e+03   -2.677803e+03
     592   3    1.058640e+03    6.690260e+03    2.324670e+03   -2.498333e+03
     593   1   -9.886978e+02    4.503322e+03    1.054387e+03   -2.634013e+03
     593   2   -7.158210e+02    4.399955e+03    1.105240e+03   -2.295097e+03
     593   3   -1.142145e+03    4.023836e+03    8.645073e+02   -2.362467e+03
     594   1    1.706231e+02    6.288440e+03    1.937719e+03   -2.954492e+03
     594   2    5.046353e+02    6.536040e+03    2.112203e+03   -2.864345e+03
     594   3    4.126648e+02    6.140545e+03    1.965963e+03   -2.673559e+03
     595   1    7.539083e+02    1.446421e+04    4.565435e+03    2.173488e+03
     595   2    9.124662e+02    1.435344e+04    4.579773e+03    1.949238e+03
     595   3    6.594796e+02    1.360369e+04    4.278950e+03    1.963181e+03
     596   1    2.737747e+02    1.457588e+04    4.454895e+03    2.442753e+03
     596   2    2.881930e+02    1.379740e+04    4.225679e+03    2.272098e+03
     596   3    1.355118e+02    1.400121e+04    4.241016e+03    2.336081e+03
     597   1   -4.411821e+02    1.341782e+04    3.892993e+03   -1.981732e+03
     597   2   -5.190552e+02    1.361566e+04    3.928981e+03   -1.893142e+03
     597   3   -4.063916e+02    1.368153e+04    3.982541e+03   -1.770894e+03
     598   1   -2.446316e+02    1.355144e+04    3.992043e+03   -1.710506e+03
     598   2   -2.948512e+02    1.375886e+04    4.039202e+03   -1.643183e+03
     598   3   -2.165593e+02    1.382453e+04    4.082391e+03   -1.497724e+03
     599   1   -1.902531e+03    3.800288e+03    5.693268e+02   -2.753943e+03
     599   2   -1.611041e+03    3.650999e+03    6.119873e+02   -2.411787e+03
     599   3   -2.109896e+03    3.261265e+03    3.454107e+02   -2.462022e+03
     600   1   -8.086075e+02    1.347478e+04    3.799852e+03   -2.113840e+03
     600   2   -6.624605e+02    1.354171e+04    3.863775e+03   -2.004022e+03
     600   3   -7.001721e+02    1.327764e+04    3.773239e+03   -2.220367e+03
     601   1    1.265044e+03    1.847316e+04    5.921461e+03    2.213422e+03
     601   2    1.666591e+03    1.909131e+04    6.227372e+03    1.999465e+03
     601   3    1.500338e+03    1.815963e+04    5.897990e+03    2.160267e+03
     602   1    4.279424e+02    1.715003e+04    5.273391e+03    2.562155e+03
     602   2    6.182267e+02    1.666511e+04    5.185002e+03    2.559201e+03
     602   3    2.725956e+02    1.654715e+04    5.045922e+03    2.635731e+03
     603   1   -4.164596e+00    1.246433e+04    3.738050e+03   -2.173780e+03
     603   2    2.528086e+01    1.249465e+04    3.755981e+03   -2.002101e+03
     603   3    6.719063e+01    1.227369e+04    3.702264e+03   -2.164366e+03
     604   1   -4.713888e+01    1.260305e+04    3.766774e+03   -2.115003e+03
     604   2   -7.956221e+01    1.283564e+04    3.826823e+03   -1.941913e+03
     604   3   -5.342826e+00    1.263568e+04    3.789102e+03   -1.949607e+03
     605   1   -3.873258e+03    2.750113e+03   -3.369436e+02   -2.916899e+03
     605   2   -3.241564e+03    3.088343e+03   -4.596651e+01   -2.939160e+03
     605   3   -3.591756e+03    2.417352e+03   -3.523211e+02   -2.594794e+03
     606   1   -4.356710e+03    1.100067e+04    1.993187e+03   -3.709878e+03
     606   2   -4.123088e+03    1.073155e+04    1.982538e+03   -3.832736e+03
     606   3   -4.355081e+03    1.029116e+04    1.780825e+03   -3.898004e+03
     607   1    2.074264e+03    2.028962e+04    6.709165e+03    1.655155e+03
     607   2    2.294908e+03    2.152869e+04    7.147078e+03    1.298770e+03
     607   3    2.538593e+03    2.119647e+04    7.120518e+03    1.311176e+03
     608   1    1.670214e+03    1.772028e+04    5.817147e+03    2.028194e+03
     608   2    2.029086e+03    1.828414e+04    6.093967e+03    1.792787e+03
     608   3    1.778647e+03    1.726168e+04    5.712098e+03    1.869651e+03
     609   1   -7.351273e+03    2.572939e+02   -2.128194e+03   -1.580632e+03
     609   2   -6.950018e+03    6.965027e+01   -2.064110e+03   -1.382153e+03
     609   3   -8.053033e+03   -2.186801e+02   -2.481514e+03   -1.158033e+03
     610   1   -6.700200e+03    2.652194e+03   -1.214402e+03   -2.697518e+03
     610   2   -6.032218e+03    2.977847e+03   -9.163113e+02   -3.028414e+03
     610   3   -6.617357e+03    2.171008e+03   -1.333905e+03   -2.612723e+03
     611   1    1.850406e+03    2.404345e+04    7.768155e+03   -1.302416e+03
     611   2    2.145344e+03    2.480582e+04    8.085350e+03   -2.579197e+03
     611   3    2.497720e+03    2.593392e+04    8.529493e+03   -2.313532e+03
     612   1    9.271975e+02    2.052067e+04    6.434359e+03    1.476795e+03
     612   2    1.291862e+03    2.125525e+04    6.764134e+03    1.176894e+03
     612   3    1.246358e+03    2.048877e+04    6.520540e+03    1.631286e+03
     613   1    2.548144e+03    2.520531e+04    8.326035e+03   -6.869638e+02
     613   2    2.764754e+03    2.676619e+04    8.859282e+03   -1.854466e+03
     613   3    3.018283e+03    2.725067e+04    9.080687e+03   -1.469693e+03
     614   1    2.567767e+03    2.405845e+04    7.987865e+03    1.856118e+02
     614   2    2.861804e+03    2.398799e+04    8.054939e+03    3.581745e+02
     614   3    2.386619e+03    2.265289e+04    7.511852e+03    8.334885e+02
     615   1   -4.474041e+03    8.240358e+03    1.129895e+03   -2.941680e+03
     615   2   -4.609245e+03    6.450422e+03    5.523531e+02   -2.485199e+03
     615   3   -3.775259e+03    7.858573e+03    1.224994e+03   -2.769718e+03
     616   1   -3.298013e+03    1.096451e+04    2.299949e+03   -3.031463e+03
     616   2   -3.144159e+03    9.154026e+03    1.802960e+03   -2.940633e+03
     616   3   -2.349514e+03    1.073765e+04    2.516441e+03   -3.178035e+03
     617   1   -2.163788e+03    1.386621e+04    3.510725e+03   -2.966869e+03
     617   2   -1.788405e+03    1.219540e+04    3.122098e+03   -3.285386e+03
     617   3   -1.067171e+03    1.392205e+04    3.856462e+03   -3.445952e+03
     618   1   -1.364024e+03    1.556224e+04    4.259465e+03    4.171618e+02
     618   2   -1.145728e+03    1.550804e+04    4.308694e+03    3.720127e+02
     618   3   -1.345381e+03    1.543035e+04    4.225490e+03    1.570817e+02
     619   1   -1.065878e+03    1.680958e+04    4.723111e+03   -2.716693e+03
     619   2   -5.850109e+02    1.548467e+04    4.469897e+03   -3.450917e+03
     619   3    5.524703e+01    1.727903e+04    5.200283e+03   -3.505040e+03
     620   1   -1.374071e+03    1.565734e+04    4.284980e+03    6.795767e+02
     620   2   -1.361465e+03    1.576624e+04    4.321432e+03    9.435075e+02
     620   3   -1.156825e+03    1.565544e+04    4.349586e+03    8.737170e+02
     621   1   -4.050312e+01    1.960532e+04    5.869445e+03   -2.282502e+03
     621   2    4.613766e+02    1.886309e+04    5.797340e+03   -3.372981e+03
     621   3    9.998466e+02    2.058397e+04    6.475144e+03   -3.288858e+03
     622   1   -1.469669e+03    1.650635e+04    4.511003e+03    1.757038e+03
     622   2   -1.313647e+03    1.665199e+04    4.601503e+03    1.977010e+03
     622   3   -1.215243e+03    1.631902e+04    4.531134e+03    1.958247e+03
     623   1   -2.602022e+03    1.366340e+04    3.318414e+03   -2.290604e+03
     623   2   -2.766851e+03    1.393796e+04    3.351333e+03   -2.088843e+03
     623   3   -2.503891e+03    1.402219e+04    3.455489e+03   -1.965753e+03
     624   1   -5.585924e+03    5.811844e+03    6.777594e+01   -2.724499e+03
     624   2   -6.095119e+03    4.198041e+03   -5.691233e+02   -2.009080e+03
     624   3   -5.273928e+03    5.350957e+03    2.310860e+01   -2.286973e+03
     625   1    9.397775e+02    2.203923e+04    6.893701e+03   -1.771493e+03
     625   2    1.355687e+03    2.203417e+04    7.016957e+03   -3.045499e+03
     625   3    1.831123e+03    2.356103e+04    7.617646e+03   -2.899138e+03
     626   1   -6.239692e+02    1.610705e+04    4.644923e+03    2.439799e+03
     626   2   -4.458901e+02    1.612132e+04    4.702628e+03    2.551350e+03
     626   3   -4.503899e+02    1.567825e+04    4.568358e+03    2.472735e+03
     627   1    9.171563e+02    2.164725e+04    6.769321e+03    4.764478e+02
     627   2    1.402472e+03    2.269873e+04    7.230360e+03   -1.343917e+02
     627   3    1.394307e+03    2.206418e+04    7.037545e+03    6.319917e+02
     628   1   -3.151701e+02    2.032469e+04    6.002856e+03    1.863816e+02
     628   2    3.471569e+02    2.122960e+04    6.473026e+03   -5.067837e+02
     628   3    3.478959e+02    2.103580e+04    6.415110e+03    3.493386e+02
     629   1   -7.220410e+03    1.410798e+03   -1.742884e+03   -2.170589e+03
     629   2   -7.493867e+03    7.584563e+02   -2.020623e+03   -1.868073e+03
     629   3   -8.265420e+03    7.744585e+02   -2.247288e+03   -1.545271e+03
     630   1   -6.567153e+03    3.805103e+03   -8.286150e+02   -2.444930e+03
     630   2   -7.452021e+03    2.426532e+03   -1.507647e+03   -1.621466e+03
     630   3   -6.744045e+03    3.329227e+03   -1.024445e+03   -1.842979e+03
     631   1   -8.027631e+03    3.513337e+02   -2.302889e+03   -1.515620e+03
     631   2   -9.768252e+03   -2.699715e+02   -3.011467e+03   -7.834932e+02
     631   3   -8.902040e+03    3.682234e+02   -2.560145e+03   -1.192400e+03
     632   1   -6.654368e+03    1.639794e+03   -1.504372e+03   -2.427924e+03
     632   2   -5.950068e+03    1.845850e+03   -1.231265e+03   -2.609322e+03
     632   3   -6.904889e+03    1.001223e+03   -1.771100e+03   -2.080056e+03
     633   1    4.475499e+03    9.186840e+03    4.098702e+03   -1.574644e+03
     633   2    4.773473e+03    9.227948e+03    4.200427e+03   -1.374048e+03
     633   3    4.395355e+03    9.050211e+03    4.033670e+03   -1.483193e+03
     634   1    4.777299e+03    9.533246e+03    4.293163e+03   -1.650512e+03
     634   2    5.206854e+03    9.660215e+03    4.460121e+03   -1.466640e+03
     634   3    5.107954e+03    9.547938e+03    4.396767e+03   -1.461148e+03
     635   1    1.560960e+03    2.035152e+04    6.573745e+03    1.698973e+03
     635   2    1.995551e+03    2.118958e+04    6.955541e+03    1.398479e+03
     635   3    1.872909e+03    2.017838e+04    6.615386e+03    1.749139e+03
     636   1   -3.240126e+02    1.714473e+04    5.046216e+03    2.529778e+03
     636   2   -3.945460e+02    1.660849e+04    4.864184e+03    2.554806e+03
     636   3   -5.914980e+02    1.702996e+04    4.931540e+03    2.444554e+03
     637   1    1.259846e+03    1.592076e+04    5.154181e+03    2.089115e+03
     637   2    1.502261e+03    1.623821e+04    5.322142e+03    1.911830e+03
     637   3    1.212002e+03    1.520289e+04    4.924467e+03    1.912920e+03
     638   1    6.732077e+02    1.598037e+04    4.996073e+03    2.494601e+03
     638   2    6.662646e+02    1.511809e+04    4.735305e+03    2.395425e+03
     638   3    4.290723e+02    1.522327e+04    4.695702e+03    2.512311e+03
     639   1   -2.690210e+03    3.433644e+03    2.230302e+02   -2.918006e+03
     639   2   -2.153949e+03    3.772797e+03    4.856545e+02   -2.888496e+03
     639   3   -2.396256e+03    3.178323e+03    2.346201e+02   -2.581621e+03
     640   1   -4.223108e+03    2.382746e+03   -5.521085e+02   -2.779352e+03
     640   2   -3.957773e+03    2.090739e+03   -5.601099e+02   -2.471530e+03
     640   3   -4.667679e+03    1.721013e+03   -8.839998e+02   -2.416448e+03
     641   1   -3.112231e+02    1.595570e+04    4.693344e+03    2.577245e+03
     641   2   -1.498947e+02    1.542564e+04    4.582725e+03    2.575757e+03
     641   3   -3.465186e+02    1.550461e+04    4.547427e+03    2.514125e+03
     642   1   -6.904103e+02    1.597181e+04    4.584421e+03    2.363795e+03
     642   2   -4.837826e+02    1.556364e+04    4.523959e+03    2.412649e+03
     642   3   -6.422099e+02    1.562612e+04    4.495172e+03    2.280652e+03
     643   1   -9.815881e+02    1.595075e+04    4.490749e+03    2.020799e+03
     643   2   -7.481045e+02    1.566114e+04    4.473910e+03    2.116630e+03
     643   3   -8.622564e+02    1.570118e+04    4.451678e+03    1.930161e+03
     644   1   -1.158030e+03    1.661321e+04    4.636554e+03    2.099361e+03
     644   2   -8.982843e+02    1.632108e+04    4.626839e+03    2.271182e+03
     644   3   -1.084352e+03    1.626598e+04    4.554488e+03    2.092592e+03
     645   1   -1.403648e+03    1.442979e+04    3.907842e+03   -1.310361e+03
     645   2   -1.494972e+03    1.463412e+04    3.941743e+03   -1.096390e+03
     645   3   -1.269709e+03    1.465621e+04    4.015950e+03   -1.045999e+03
     646   1   -7.112900e+02    1.413322e+04    4.026578e+03   -1.541308e+03
     646   2   -6.303799e+02    1.439246e+04    4.128624e+03   -1.316560e+03
     646   3   -5.493405e+02    1.421967e+04    4.101099e+03   -1.452174e+03
     647   1   -3.284622e+03    1.371385e+04    3.128767e+03   -2.370231e+03
     647   2   -3.023289e+03    1.385565e+04    3.249707e+03   -2.225462e+03
     647   3   -3.112739e+03    1.341843e+04    3.091706e+03   -2.566722e+03
     648   1   -1.032121e+03    1.481975e+04    4.136287e+03   -8.526675e+02
     648   2   -8.887619e+02    1.502646e+04    4.241310e+03   -6.221446e+02
     648   3   -8.187895e+02    1.489296e+04    4.222251e+03   -8.189173e+02
     649   1   -5.408238e+02    1.376037e+04    3.965863e+03   -1.785619e+03
     649   2   -4.901393e+02    1.402678e+04    4.060992e+03   -1.569668e+03
     649   3   -4.088528e+02    1.384079e+04    4.029580e+03   -1.672543e+03
     650   1   -3.715784e+02    1.337700e+04    3.901627e+03   -1.961660e+03
     650   2   -3.498780e+02    1.364001e+04    3.987038e+03   -1.757592e+03
     650   3   -2.702453e+02    1.344519e+04    3.952483e+03   -1.827841e+03
     651   1   -1.177879e+03    1.588368e+04    4.411742e+03    1.584018e+03
     651   2   -9.343253e+02    1.570684e+04    4.431755e+03    1.720971e+03
     651   3   -1.003350e+03    1.571938e+04    4.414808e+03    1.497510e+03
     652   1   -1.282081e+03    1.576615e+04    4.345222e+03    1.090137e+03
     652   2   -1.042629e+03    1.569285e+04    4.395066e+03    1.260905e+03
     652   3   -1.069987e+03    1.567509e+04    4.381531e+03    1.017592e+03
     653   1   -2.065898e+02    1.298933e+04    3.834823e+03   -2.070711e+03
     653   2   -2.125642e+02    1.324037e+04    3.908341e+03   -1.881063e+03
     653   3   -1.355194e+02    1.304095e+04    3.871631e+03   -1.919472e+03
     654   1    9.716475e+02    7.493750e+03    2.539619e+03   -3.059049e+03
     654   2    1.275785e+03    7.682760e+03    2.687563e+03   -2.959117e+03
     654   3    1.207411e+03    7.362435e+03    2.570954e+03   -2.826398e+03
     655   1   -1.672489e+03    1.501463e+04    4.002643e+03   -6.250793e+02
     655   2   -1.432892e+03    1.500363e+04    4.071222e+03   -5.959886e+02
     655   3   -1.599748e+03    1.481312e+04    3.964011e+03   -8.689799e+02
     656   1   -1.163964e+03    1.511927e+04    4.186591e+03   -4.181931e+02
     656   2   -9.902235e+02    1.527820e+04    4.286393e+03   -1.923574e+02
     656   3   -9.337160e+02    1.517017e+04    4.270935e+03   -4.140247e+02
     657   1   -2.260281e+03    1.621768e+04    4.187220e+03    6.534618e+02
     657   2   -2.176728e+03    1.646293e+04    4.285860e+03    9.311644e+02
     657   3   -1.988826e+03    1.625780e+04    4.280692e+03    9.734665e+02
     658   1   -1.259913e+03    1.538055e+04    4.236190e+03    6.278818e+01
     658   2   -1.058392e+03    1.547660e+04    4.325461e+03    2.776506e+02
     658   3   -1.022286e+03    1.539705e+04    4.312428e+03    3.800049e+01
     659   1   -9.572247e+02    1.606094e+04    4.531116e+03    2.118727e+03
     659   2   -8.199118e+02    1.609515e+04    4.582573e+03    2.296020e+03
     659   3   -7.505089e+02    1.574979e+04    4.499786e+03    2.201934e+03
     660   1   -1.098355e+03    1.603148e+04    4.479936e+03    1.918251e+03
     660   2   -9.680814e+02    1.577459e+04    4.441954e+03    1.821560e+03
     660   3   -1.191665e+03    1.597323e+04    4.434471e+03    1.693709e+03
     661   1   -1.179623e+03    1.404313e+04    3.859053e+03   -1.685771e+03
     661   2   -1.281973e+03    1.424737e+04    3.889620e+03   -1.506008e+03
     661   3   -1.078770e+03    1.429296e+04    3.964257e+03   -1.434532e+03
     662   1   -7.989889e+02    1.416998e+04    4.011298e+03   -1.522947e+03
     662   2   -8.750235e+02    1.435982e+04    4.045438e+03   -1.365267e+03
     662   3   -7.077159e+02    1.442271e+04    4.114499e+03   -1.292430e+03
     663   1    1.367272e+02    1.592827e+04    4.819499e+03    2.631575e+03
     663   2    2.423355e+02    1.528022e+04    4.656766e+03    2.579582e+03
     663   3    1.300230e+01    1.535532e+04    4.610496e+03    2.601003e+03
     664   1    5.835384e+00    1.612920e+04    4.840511e+03    2.651790e+03
     664   2   -7.912409e+01    1.557354e+04    4.648325e+03    2.601659e+03
     664   3   -2.033129e+02    1.612211e+04    4.775641e+03    2.621360e+03
     665   1    2.089571e+03    1.023783e+04    3.698219e+03   -1.869997e+03
     665   2    1.886974e+03    1.027497e+04    3.648584e+03   -1.804740e+03
     665   3    2.096628e+03    1.020530e+04    3.690577e+03   -1.653350e+03
     666   1    3.118965e+03    1.003253e+04    3.945449e+03   -1.961423e+03
     666   2    3.183060e+03    1.004405e+04    3.968132e+03   -1.757039e+03
     666   3    3.429964e+03    1.000547e+04    4.030630e+03   -1.765042e+03
     667   1    4.072050e+03    9.956990e+03    4.208712e+03   -1.605582e+03
     667   2    3.818902e+03    9.978269e+03    4.139151e+03   -1.617538e+03
     667   3    4.173610e+03    9.976209e+03    4.244946e+03   -1.378176e+03
     668   1    4.621174e+03    9.444319e+03    4.219648e+03   -1.693006e+03
     668   2    4.946087e+03    9.469841e+03    4.324778e+03   -1.507709e+03
     668   3    4.564823e+03    9.327148e+03    4.167591e+03   -1.648189e+03
     669   1    8.532210e+02    1.050715e+04    3.408110e+03   -1.230141e+03
     669   2    9.421605e+02    1.040802e+04    3.405056e+03   -1.138641e+03
     669   3    9.841850e+02    1.048577e+04    3.440987e+03   -1.337375e+03
     670   1    8.548998e+02    1.071660e+04    3.471449e+03   -1.587381e+03
     670   2    1.005906e+03    1.057854e+04    3.475332e+03   -1.524345e+03
     670   3    1.013972e+03    1.065815e+04    3.501636e+03   -1.715023e+03
     671   1    1.445018e+03    1.048399e+04    3.578701e+03   -1.940696e+03
     671   2    1.445284e+03    1.042305e+04    3.560500e+03   -1.747041e+03
     671   3    1.627895e+03    1.036788e+04    3.598733e+03   -1.837538e+03
     672   1    1.795475e+03    1.036457e+04    3.648013e+03   -2.111525e+03
     672   2    1.816040e+03    1.032490e+04    3.642283e+03   -1.917172e+03
     672   3    2.010211e+03    1.026820e+04    3.683522e+03   -1.986867e+03
     673   1    5.243164e+03    9.811292e+03    4.516337e+03   -1.417293e+03
     673   2    5.691216e+03    9.852259e+03    4.663043e+03   -1.186904e+03
     673   3    5.420969e+03    9.778869e+03    4.559951e+03   -1.367204e+03
     674   1    5.630075e+03    9.777964e+03    4.622411e+03   -1.263677e+03
     674   2    5.941086e+03    9.874040e+03    4.744538e+03   -1.092825e+03
     674   3    6.172770e+03    9.854017e+03    4.808036e+03   -1.021932e+03
     675   1    2.166439e+03    1.023997e+04    3.721923e+03   -2.233967e+03
     675   2    2.208863e+03    1.022448e+04    3.730003e+03   -2.044108e+03
     675   3    2.411816e+03    1.016623e+04    3.773413e+03   -2.090781e+03
     676   1    7.709265e+02    1.103039e+04    3.540394e+03   -2.107491e+03
     676   2    8.380767e+02    1.092616e+04    3.529271e+03   -1.993290e+03
     676   3    9.297701e+02    1.087738e+04    3.542145e+03   -2.118292e+03
     677   1    4.429860e+03    9.733986e+03    4.249154e+03   -1.833610e+03
     677   2    4.818649e+03    9.770566e+03    4.376765e+03   -1.624582e+03
     677   3    4.613943e+03    9.705218e+03    4.295748e+03   -1.759802e+03
     678   1    5.243910e+03    9.844087e+03    4.526399e+03   -1.371522e+03
     678   2    5.474708e+03    9.910193e+03    4.615470e+03   -1.185929e+03
     678   3    5.722072e+03    9.888514e+03    4.683176e+03   -1.140556e+03
     679   1    6.155800e+03    9.774915e+03    4.779214e+03   -1.025517e+03
     679   2    6.414167e+03    9.849839e+03    4.879202e+03   -9.322792e+02
     679   3    6.606625e+03    9.835185e+03    4.932543e+03   -8.547266e+02
     680   1    6.093679e+03    9.733312e+03    4.748097e+03   -1.039664e+03
     680   2    6.508607e+03    9.788391e+03    4.889099e+03   -8.706108e+02
     680   3    6.118945e+03    9.691432e+03    4.743113e+03   -9.843030e+02
     681   1    3.567545e+03    9.946303e+03    4.054155e+03   -1.955338e+03
     681   2    3.671105e+03    9.979464e+03    4.095171e+03   -1.762505e+03
     681   3    3.916640e+03    9.940439e+03    4.157124e+03   -1.748894e+03
     682   1    2.642795e+03    8.176974e+03    3.245931e+03   -2.205771e+03
     682   2    2.947947e+03    8.379444e+03    3.398217e+03   -2.108602e+03
     682   3    2.870392e+03    8.161435e+03    3.309548e+03   -1.970533e+03
     683   1    3.769154e+03    8.832353e+03    3.780452e+03   -1.797846e+03
     683   2    4.033415e+03    8.863691e+03    3.869132e+03   -1.585311e+03
     683   3    3.696992e+03    8.665388e+03    3.708714e+03   -1.681907e+03
     684   1    3.912192e+03    8.955387e+03    3.860274e+03   -1.798653e+03
     684   2    4.267478e+03    9.128710e+03    4.018856e+03   -1.684007e+03
     684   3    4.173590e+03    8.971607e+03    3.943559e+03   -1.586597e+03
     685   1    2.510503e+03    1.015007e+04    3.798173e+03   -1.969485e+03
     685   2    2.298724e+03    1.018775e+04    3.745942e+03   -1.925865e+03
     685   3    2.543934e+03    1.013513e+04    3.803719e+03   -1.754772e+03
     686   1    2.727450e+03    1.009887e+04    3.847895e+03   -2.002478e+03
     686   2    3.008503e+03    1.006380e+04    3.921692e+03   -1.814467e+03
     686   3    2.945084e+03    1.006056e+04    3.901693e+03   -2.023113e+03
     687   1    4.570459e+03    9.904011e+03    4.342341e+03   -1.553774e+03
     687   2    4.327110e+03    9.925304e+03    4.275724e+03   -1.583473e+03
     687   3    4.718728e+03    9.937089e+03    4.396745e+03   -1.340907e+03
     688   1    4.810229e+03    9.871459e+03    4.404506e+03   -1.514210e+03
     688   2    5.233430e+03    9.896969e+03    4.539120e+03   -1.275450e+03
     688   3    5.033671e+03    9.849784e+03    4.465036e+03   -1.469039e+03
     689   1   -1.327624e+03    1.583897e+04    4.353403e+03    1.202119e+03
     689   2   -1.277055e+03    1.592285e+04    4.393738e+03    1.455084e+03
     689   3   -1.101433e+03    1.574433e+04    4.392869e+03    1.367226e+03
     690   1   -1.304576e+03    1.559768e+04    4.287930e+03    5.733256e+02
     690   2   -1.080190e+03    1.561597e+04    4.360734e+03    7.700257e+02
     690   3   -1.072122e+03    1.556696e+04    4.348451e+03    5.221697e+02
     691   1    3.125094e+03    8.441890e+03    3.470095e+03   -1.998726e+03
     691   2    3.370074e+03    8.461249e+03    3.549397e+03   -1.773985e+03
     691   3    3.056688e+03    8.242316e+03    3.389701e+03   -1.864344e+03
     692   1    3.243469e+03    9.426467e+03    3.800981e+03   -2.478495e+03
     692   2    3.619007e+03    9.450354e+03    3.920808e+03   -2.273561e+03
     692   3    3.312279e+03    9.318121e+03    3.789120e+03   -2.423958e+03
     693   1    6.764227e+02    1.083136e+04    3.452335e+03   -1.466475e+03
     693   2    5.206975e+02    1.095604e+04    3.443022e+03   -1.393937e+03
     693   3    5.705752e+02    1.079885e+04    3.410828e+03   -1.262512e+03
     694   1    7.316820e+02    1.074458e+04    3.442879e+03   -1.435555e+03
     694   2    6.246814e+02    1.071946e+04    3.403242e+03   -1.229659e+03
     694   3    7.385509e+02    1.062745e+04    3.409801e+03   -1.265213e+03
     695   1    2.515011e+03    8.018999e+03    3.160203e+03   -2.189260e+03
     695   2    2.749528e+03    8.021215e+03    3.231223e+03   -1.951459e+03
     695   3    2.447943e+03    7.782803e+03    3.069224e+03   -2.038827e+03
     696   1    3.424177e+03    9.270829e+03    3.808502e+03   -2.338371e+03
     696   2    3.756107e+03    9.418081e+03    3.952257e+03   -2.197190e+03
     696   3    3.726927e+03    9.258644e+03    3.895671e+03   -2.149209e+03
     697   1    4.578370e+02    1.138811e+04    3.553783e+03   -1.892121e+03
     697   2    4.132457e+02    1.137390e+04    3.536144e+03   -1.700691e+03
     697   3    5.194163e+02    1.122358e+04    3.522898e+03   -1.797474e+03
     698   1    5.310759e+02    1.116742e+04    3.509549e+03   -1.697414e+03
     698   2    4.083594e+02    1.130047e+04    3.512650e+03   -1.608132e+03
     698   3    4.717406e+02    1.112824e+04    3.479993e+03   -1.506674e+03
     699   1    1.918409e+03    7.565476e+03    2.845166e+03   -2.374304e+03
     699   2    2.149546e+03    7.545443e+03    2.908497e+03   -2.123356e+03
     699   3    1.850065e+03    7.288817e+03    2.741664e+03   -2.209989e+03
     700   1    8.615349e+02    1.099319e+04    3.556417e+03   -2.390767e+03
     700   2    7.809596e+02    1.104810e+04    3.548719e+03   -2.205808e+03
     700   3    9.353930e+02    1.089704e+04    3.549729e+03   -2.217156e+03
     701   1    3.978436e+02    1.150025e+04    3.569427e+03   -1.883834e+03
     701   2    2.931383e+02    1.166029e+04    3.586030e+03   -1.772391e+03
     701   3    3.593777e+02    1.147931e+04    3.551606e+03   -1.696107e+03
     702   1    1.699648e+03    1.041781e+04    3.635237e+03   -2.471049e+03
     702   2    1.751166e+03    1.039681e+04    3.644394e+03   -2.300615e+03
     702   3    1.924473e+03    1.031536e+04    3.671951e+03   -2.365610e+03
     703   1    1.316447e+03    7.083745e+03    2.520058e+03   -2.557313e+03
     703   2    1.550308e+03    7.036106e+03    2.575924e+03   -2.293604e+03
     703   3    1.243444e+03    6.762431e+03    2.401763e+03   -2.380938e+03
     704   1    3.271731e+02    1.168979e+04    3.605089e+03   -2.394992e+03
     704   2    3.226984e+02    1.171779e+04    3.612147e+03   -2.221268e+03
     704   3    4.247754e+02    1.152003e+04    3.583441e+03   -2.334036e+03
     705   1    2.166720e+03    8.257717e+03    3.127331e+03   -2.648883e+03
     705   2    2.463159e+03    8.433750e+03    3.269073e+03   -2.543073e+03
     705   3    2.401584e+03    8.198236e+03    3.179946e+03   -2.430011e+03
     706   1    2.555867e+02    1.185365e+04    3.632772e+03   -2.019525e+03
     706   2    1.731290e+02    1.203921e+04    3.663703e+03   -1.885196e+03
     706   3    2.421658e+02    1.184909e+04    3.627377e+03   -1.835402e+03
     707   1    6.901944e+02    6.576432e+03    2.179988e+03   -2.740007e+03
     707   2    9.319862e+02    6.495239e+03    2.228167e+03   -2.464467e+03
     707   3    6.079240e+02    6.205654e+03    2.044073e+03   -2.552834e+03
     708   1    1.128507e+02    1.202608e+04    3.641678e+03   -2.470707e+03
     708   2    1.375639e+02    1.206558e+04    3.660942e+03   -2.306848e+03
     708   3    2.107186e+02    1.185302e+04    3.619122e+03   -2.441187e+03
     709   1    1.575768e+03    7.883193e+03    2.837688e+03   -2.856276e+03
     709   2    1.871912e+03    8.066462e+03    2.981512e+03   -2.753875e+03
     709   3    1.808180e+03    7.790943e+03    2.879737e+03   -2.630031e+03
     710   1    1.067319e+02    1.222316e+04    3.698967e+03   -2.097129e+03
     710   2    4.889182e+01    1.243308e+04    3.744591e+03   -1.942476e+03
     710   3    1.204300e+02    1.223636e+04    3.707038e+03   -1.920731e+03
     711   1   -1.795144e+03    1.538355e+04    4.076521e+03   -1.048812e+02
     711   2   -1.551995e+03    1.532939e+04    4.133220e+03   -9.596220e+01
     711   3   -1.750118e+03    1.518807e+04    4.031386e+03   -3.716486e+02
     712   1   -2.526247e+03    1.457751e+04    3.615379e+03   -1.404196e+03
     712   2   -2.261082e+03    1.459725e+04    3.700850e+03   -1.309180e+03
     712   3   -2.405694e+03    1.430949e+04    3.571139e+03   -1.639775e+03
     713   1    1.963979e+01    6.046033e+03    1.819702e+03   -2.921294e+03
     713   2    2.734843e+02    5.924670e+03    1.859446e+03   -2.635752e+03
     713   3   -7.836085e+01    5.620402e+03    1.662612e+03   -2.723770e+03
     714   1    3.380257e+02    7.093225e+03    2.229375e+03   -3.257995e+03
     714   2    6.588368e+02    7.286215e+03    2.383516e+03   -3.160438e+03
     714   3    5.819009e+02    6.916051e+03    2.249386e+03   -3.020606e+03
     715   1   -7.165900e+02    5.495338e+03    1.433624e+03   -3.095636e+03
     715   2   -4.485456e+02    5.326244e+03    1.463309e+03   -2.803414e+03
     715   3   -8.396180e+02    5.009157e+03    1.250862e+03   -2.886964e+03
     716   1   -3.414449e+02    6.685854e+03    1.903323e+03   -3.450949e+03
     716   2    4.795932e+00    6.880926e+03    2.065716e+03   -3.357347e+03
     716   3   -8.628836e+01    6.455248e+03    1.910688e+03   -3.211437e+03
     717   1    1.160480e+03    1.641945e+04    5.273979e+03    2.271676e+03
     717   2    9.452678e+02    1.663763e+04    5.274870e+03    2.412613e+03
     717   3    1.306348e+03    1.718581e+04    5.547649e+03    2.247528e+03
     718   1    5.551168e+02    1.622922e+04    5.035300e+03    2.566861e+03
     718   2    3.575410e+02    1.549213e+04    4.754901e+03    2.561505e+03
     718   3    2.951280e+02    1.615001e+04    4.933543e+03    2.633904e+03
     719   1   -1.542154e+03    4.926594e+03    1.015332e+03   -3.250350e+03
     719   2   -1.260740e+03    4.702062e+03    1.032397e+03   -2.957165e+03
     719   3   -1.704007e+03    4.374584e+03    8.011732e+02   -3.027618e+03
     720   1   -8.601596e+02    7.249390e+03    1.916769e+03   -3.841412e+03
     720   2   -5.040506e+02    7.382871e+03    2.063646e+03   -3.753422e+03
     720   3   -6.007134e+02    6.940814e+03    1.902030e+03   -3.657487e+03
     721   1    5.128429e+01    1.215641e+04    3.662308e+03   -2.427643e+03
     721   2   -1.262113e+01    1.237336e+04    3.708221e+03   -2.281044e+03
     721   3    8.744195e+01    1.219502e+04    3.684739e+03   -2.269855e+03
     722   1   -1.701890e+02    1.284553e+04    3.802601e+03   -2.146063e+03
     722   2   -1.138047e+02    1.289086e+04    3.833115e+03   -1.987568e+03
     722   3   -9.643546e+01    1.265048e+04    3.766212e+03   -2.168025e+03
     723   1    1.096352e+03    8.133860e+03    2.769064e+03   -3.256834e+03
     723   2    1.393867e+03    8.276751e+03    2.901185e+03   -3.151000e+03
     723   3    1.334735e+03    7.988207e+03    2.796883e+03   -3.062523e+03
     724   1   -2.660120e+02    1.303337e+04    3.830207e+03   -2.108016e+03
     724   2   -3.421345e+02    1.323096e+04    3.866647e+03   -2.053339e+03
     724   3   -2.578635e+02    1.328871e+04    3.909253e+03   -1.911274e+03
     725   1   -2.243579e+03    4.671511e+03    7.283796e+02   -3.427865e+03
     725   2   -1.775530e+03    4.937258e+03    9.485182e+02   -3.373377e+03
     725   3   -1.961615e+03    4.346997e+03    7.156147e+02   -3.140263e+03
     726   1   -2.792113e+03    5.465033e+03    8.018757e+02   -3.885753e+03
     726   2   -2.327311e+03    5.658591e+03    9.993839e+02   -3.846949e+03
     726   3   -2.519709e+03    5.028948e+03    7.527717e+02   -3.671140e+03
     727   1   -5.252074e+03    2.111401e+03   -9.422017e+02   -2.772994e+03
     727   2   -4.504142e+03    2.427504e+03   -6.229914e+02   -2.873837e+03
     727   3   -5.032440e+03    1.680865e+03   -1.005473e+03   -2.473494e+03
     728   1   -3.253425e+03    4.121638e+03    2.604638e+02   -3.487472e+03
     728   2   -2.720227e+03    4.393019e+03    5.018376e+02   -3.474734e+03
     728   3   -2.975278e+03    3.727043e+03    2.255296e+02   -3.215840e+03
     729   1    1.652425e+03    2.244756e+04    7.229997e+03    5.093881e+02
     729   2    1.803528e+03    2.342552e+04    7.568713e+03   -2.676963e+02
     729   3    2.200928e+03    2.380692e+04    7.802354e+03   -7.427206e+01
     730   1    1.603076e+03    2.165009e+04    6.975951e+03    1.116696e+03
     730   2    1.970042e+03    2.162623e+04    7.078883e+03    1.206431e+03
     730   3    1.460487e+03    2.065710e+04    6.635275e+03    1.572004e+03
     731   1    7.228161e+02    2.154523e+04    6.680413e+03    1.813514e+02
     731   2    8.199005e+02    2.198974e+04    6.842893e+03   -6.851917e+02
     731   3    1.353948e+03    2.281325e+04    7.250161e+03   -5.187835e+02
     732   1    4.855693e+02    1.853750e+04    5.706921e+03    2.309037e+03
     732   2    8.142833e+02    1.830439e+04    5.735602e+03    2.337077e+03
     732   3    5.080981e+02    1.782751e+04    5.500681e+03    2.466389e+03
     733   1    1.204231e+03    1.884215e+04    6.013915e+03    2.174128e+03
     733   2    1.366885e+03    1.980656e+04    6.352034e+03    1.915494e+03
     733   3    1.654807e+03    1.954243e+04    6.359170e+03    1.917754e+03
     734   1    1.081131e+03    1.798420e+04    5.719601e+03    2.344356e+03
     734   2    1.299838e+03    1.760084e+04    5.670204e+03    2.255013e+03
     734   3    9.129841e+02    1.699164e+04    5.371388e+03    2.447560e+03
     735   1   -5.735909e+03    1.717947e+03   -1.205389e+03   -2.554687e+03
     735   2   -5.569798e+03    1.325178e+03   -1.273386e+03   -2.299703e+03
     735   3   -6.529624e+03    9.747206e+02   -1.666471e+03   -2.085619e+03
     736   1   -4.682120e+03    3.262810e+03   -4.257927e+02   -3.305808e+03
     736   2   -4.473676e+03    2.800140e+03   -5.020608e+02   -3.073734e+03
     736   3   -5.100284e+03    2.533698e+03   -7.699760e+02   -2.983932e+03
     737   1    1.077573e+03    1.559992e+04    5.003249e+03    2.163922e+03
     737   2    1.061714e+03    1.487179e+04    4.780052e+03    1.994787e+03
     737   3    8.253766e+02    1.494909e+04    4.732341e+03    2.224095e+03
     738   1    1.009003e+03    1.592711e+04    5.080834e+03    2.283734e+03
     738   2    7.925733e+02    1.527684e+04    4.820824e+03    2.328259e+03
     738   3    8.427528e+02    1.618396e+04    5.108015e+03    2.449834e+03
     739   1   -8.782030e+02    1.965473e+04    5.632960e+03   -1.411878e+02
     739   2   -1.408340e+03    1.885163e+04    5.232985e+03   -6.803659e+02
     739   3   -7.793166e+02    1.941210e+04    5.589834e+03   -1.107774e+03
     740   1   -7.082384e+02    1.683342e+04    4.837553e+03    2.409472e+03
     740   2   -4.777566e+02    1.642407e+04    4.783894e+03    2.536433e+03
     740   3   -7.213552e+02    1.638173e+04    4.698111e+03    2.424255e+03
     741   1   -3.523640e+03    3.782572e+03    7.767962e+01   -3.395987e+03
     741   2   -3.256257e+03    3.416401e+03    4.804310e+01   -3.132300e+03
     741   3   -3.820846e+03    3.106219e+03   -2.143880e+02   -3.124652e+03
     742   1   -4.335489e+03    1.296975e+04    2.590278e+03   -2.898274e+03
     742   2   -4.410024e+03    1.315141e+04    2.622415e+03   -2.775056e+03
     742   3   -4.211711e+03    1.366302e+04    2.835393e+03   -2.532063e+03
     743   1    2.475135e+02    1.830425e+04    5.565528e+03    2.336800e+03
     743   2    3.181819e+02    1.769083e+04    5.402704e+03    2.511195e+03
     743   3   -1.358264e+01    1.761774e+04    5.281248e+03    2.494241e+03
     744   1   -1.487976e+02    1.702146e+04    5.061799e+03    2.569291e+03
     744   2    2.780334e+01    1.650809e+04    4.960769e+03    2.642818e+03
     744   3   -2.591297e+02    1.646762e+04    4.862548e+03    2.613757e+03
     745   1   -1.483617e+03    1.636997e+04    4.465905e+03    1.672579e+03
     745   2   -1.212954e+03    1.618644e+04    4.492046e+03    1.881961e+03
     745   3   -1.337387e+03    1.611486e+04    4.433241e+03    1.655258e+03
     746   1   -1.658185e+03    1.716551e+04    4.652196e+03    1.651896e+03
     746   2   -1.421176e+03    1.741517e+04    4.798199e+03    1.850831e+03
     746   3   -1.376354e+03    1.702325e+04    4.694069e+03    1.927552e+03
     747   1   -1.287976e+03    1.438424e+04    3.928880e+03   -1.354937e+03
     747   2   -1.169424e+03    1.460563e+04    4.030861e+03   -1.098289e+03
     747   3   -1.067161e+03    1.443848e+04    4.011396e+03   -1.292060e+03
     748   1   -4.685798e+03    1.099588e+04    1.893025e+03   -3.177431e+03
     748   2   -5.001597e+03    9.660846e+03    1.397775e+03   -3.415234e+03
     748   3   -4.736296e+03    9.497923e+03    1.428488e+03   -3.208326e+03
     749   1   -2.307813e+03    1.552386e+04    3.964814e+03   -1.852818e+02
     749   2   -2.054830e+03    1.544728e+04    4.017736e+03   -1.389709e+02
     749   3   -2.269795e+03    1.527870e+04    3.902672e+03   -4.638172e+02
     750   1   -1.642865e+03    1.512406e+04    4.044358e+03   -4.491534e+02
     750   2   -1.454510e+03    1.526290e+04    4.142516e+03   -1.783892e+02
     750   3   -1.389615e+03    1.512061e+04    4.119299e+03   -4.266807e+02
     751   1   -1.068453e+03    1.400319e+04    3.880422e+03   -1.711931e+03
     751   2   -9.843421e+02    1.424674e+04    3.978720e+03   -1.469044e+03
     751   3   -8.746253e+02    1.407133e+04    3.959011e+03   -1.629136e+03
     752   1   -1.887998e+03    1.436896e+04    3.744287e+03   -1.453983e+03
     752   2   -1.996839e+03    1.460364e+04    3.782041e+03   -1.224989e+03
     752   3   -1.746286e+03    1.461423e+04    3.860383e+03   -1.156561e+03
     753   1   -8.387032e+02    1.362136e+04    3.834796e+03   -1.997453e+03
     753   2   -7.875496e+02    1.387574e+04    3.926458e+03   -1.771202e+03
     753   3   -6.755030e+02    1.369482e+04    3.905796e+03   -1.896076e+03
     754   1   -1.083060e+03    6.275260e+03    1.557660e+03   -3.631018e+03
     754   2   -7.022574e+02    6.471268e+03    1.730703e+03   -3.545581e+03
     754   3   -8.154446e+02    5.983529e+03    1.550425e+03   -3.393286e+03
     755   1   -6.075937e+02    1.324287e+04    3.790584e+03   -2.210212e+03
     755   2   -5.875911e+02    1.349818e+04    3.873177e+03   -2.002575e+03
     755   3   -4.766399e+02    1.331452e+04    3.851364e+03   -2.091944e+03
     756   1   -3.807392e+02    1.287125e+04    3.747152e+03   -2.351051e+03
     756   2   -3.900554e+02    1.311922e+04    3.818750e+03   -2.163291e+03
     756   3   -2.821670e+02    1.293524e+04    3.795923e+03   -2.217868e+03
     757   1   -1.682165e+03    1.609849e+04    4.324897e+03    1.168281e+03
     757   2   -1.416855e+03    1.601370e+04    4.379053e+03    1.406534e+03
     757   3   -1.481508e+03    1.592378e+04    4.332681e+03    1.150638e+03
     758   1   -2.042030e+03    1.668977e+04    4.394322e+03    1.187110e+03
     758   2   -1.883441e+03    1.693465e+04    4.515362e+03    1.436181e+03
     758   3   -1.757541e+03    1.664581e+04    4.466480e+03    1.489770e+03
     759   1   -1.762755e+03    1.579833e+04    4.210671e+03    6.249134e+02
     759   2   -1.515446e+03    1.580089e+04    4.285633e+03    8.827223e+02
     759   3   -1.527085e+03    1.569240e+04    4.249594e+03    6.152748e+02
     760   1   -3.029317e+03    1.585214e+04    3.846846e+03   -1.857243e+03
     760   2   -3.451709e+03    1.462057e+04    3.350658e+03   -2.317336e+03
     760   3   -2.890754e+03    1.472051e+04    3.548926e+03   -2.446157e+03
     761   1    1.662410e+03    1.041872e+04    3.624338e+03   -2.126230e+03
     761   2    1.490398e+03    1.047481e+04    3.589562e+03   -2.039126e+03
     761   3    1.690672e+03    1.037466e+04    3.619598e+03   -1.928805e+03
     762   1    1.055914e+03    1.078986e+04    3.553732e+03   -2.708290e+03
     762   2    8.861535e+02    1.092811e+04    3.544279e+03   -2.768526e+03
     762   3    9.033850e+02    1.095245e+04    3.556751e+03   -2.598011e+03
     763   1    4.091939e+03    9.524272e+03    4.084863e+03   -2.031710e+03
     763   2    4.470598e+03    9.603290e+03    4.222166e+03   -1.838521e+03
     763   3    4.430110e+03    9.514567e+03    4.183403e+03   -1.836065e+03
     764   1    3.384868e+03    9.969453e+03    4.006296e+03   -2.029076e+03
     764   2    3.165702e+03    1.000827e+04    3.952190e+03   -2.032136e+03
     764   3    3.481188e+03    9.991288e+03    4.041743e+03   -1.830774e+03
     765   1    4.792864e+03    9.696525e+03    4.346817e+03   -1.668154e+03
     765   2    5.023093e+03    9.780002e+03    4.440928e+03   -1.541183e+03
     765   3    5.186234e+03    9.724392e+03    4.473188e+03   -1.477692e+03
     766   1    3.898289e+03    9.156667e+03    3.916487e+03   -1.977541e+03
     766   2    4.191382e+03    9.171687e+03    4.008921e+03   -1.779686e+03
     766   3    3.848960e+03    9.004350e+03    3.855993e+03   -1.899946e+03
     767   1    7.073161e+02    1.108650e+04    3.538145e+03   -2.045832e+03
     767   2    6.501287e+02    1.109081e+04    3.522282e+03   -1.870093e+03
     767   3    7.614924e+02    1.097699e+04    3.521543e+03   -1.931782e+03
     768   1    1.374379e+03    1.059231e+04    3.590007e+03   -2.309402e+03
     768   2    1.415844e+03    1.053971e+04    3.586666e+03   -2.132548e+03
     768   3    1.578694e+03    1.046237e+04    3.612318e+03   -2.223421e+03
     769   1    2.932051e+03    9.983725e+03    3.874733e+03   -2.327084e+03
     769   2    3.033130e+03    1.001737e+04    3.915150e+03   -2.156278e+03
     769   3    3.242747e+03    9.956280e+03    3.959708e+03   -2.152874e+03
     770   1    1.338237e+03    9.230727e+03    3.170689e+03   -3.398424e+03
     770   2    1.661660e+03    9.320423e+03    3.294625e+03   -3.267942e+03
     770   3    1.581528e+03    9.075789e+03    3.197195e+03   -3.271228e+03
     771   1    3.313760e+03    9.163016e+03    3.743033e+03   -2.362854e+03
     771   2    3.611457e+03    9.163229e+03    3.832406e+03   -2.175541e+03
     771   3    3.298256e+03    9.009459e+03    3.692315e+03   -2.301361e+03
     772   1    4.423861e+03    9.770120e+03    4.258194e+03   -1.805766e+03
     772   2    4.611883e+03    9.848517e+03    4.338120e+03   -1.650272e+03
     772   3    4.826209e+03    9.807080e+03    4.389987e+03   -1.597288e+03
     773   1    2.021694e+03    1.028906e+04    3.693227e+03   -2.263852e+03
     773   2    1.838395e+03    1.034741e+04    3.655741e+03   -2.201925e+03
     773   3    2.068701e+03    1.026675e+04    3.700636e+03   -2.070086e+03
     774   1    2.205558e+03    1.021538e+04    3.726280e+03   -2.314204e+03
     774   2    2.463032e+03    1.015609e+04    3.785737e+03   -2.164232e+03
     774   3    2.393288e+03    1.015650e+04    3.764936e+03   -2.350928e+03
     775   1    3.819445e+03    9.876875e+03    4.108896e+03   -1.987515e+03
     775   2    3.604101e+03    9.916233e+03    4.056100e+03   -2.013856e+03
     775   3    3.951007e+03    9.917808e+03    4.160645e+03   -1.803425e+03
     776   1    4.030598e+03    9.823101e+03    4.156109e+03   -1.948110e+03
     776   2    4.403023e+03    9.843555e+03    4.273973e+03   -1.733911e+03
     776   3    4.236413e+03    9.783518e+03    4.205979e+03   -1.897676e+03
     777   1    3.248411e+03    8.827991e+03    3.622921e+03   -2.216192e+03
     777   2    3.514112e+03    8.829794e+03    3.703172e+03   -2.011832e+03
     777   3    3.198149e+03    8.644041e+03    3.552657e+03   -2.119665e+03
     778   1    3.373924e+03    8.950730e+03    3.697396e+03   -2.208750e+03
     778   2    3.701203e+03    9.111348e+03    3.843766e+03   -2.088035e+03
     778   3    3.638129e+03    8.939344e+03    3.773242e+03   -2.004416e+03
     779   1    2.639480e+03    8.476487e+03    3.334790e+03   -2.434886e+03
     779   2    2.887603e+03    8.457052e+03    3.403397e+03   -2.222583e+03
     779   3    2.585583e+03    8.256007e+03    3.252477e+03   -2.324931e+03
     780   1    2.760327e+03    8.614230e+03    3.412367e+03   -2.434541e+03
     780   2    3.065189e+03    8.782390e+03    3.554274e+03   -2.324100e+03
     780   3    3.004859e+03    8.581541e+03    3.475920e+03   -2.223340e+03
     781   1    7.760240e+02    1.092532e+04    3.510403e+03   -1.832810e+03
     781   2    6.521754e+02    1.102840e+04    3.504172e+03   -1.777136e+03
     781   3    7.495478e+02    1.086756e+04    3.485131e+03   -1.657709e+03
     782   1    8.988307e+02    1.084455e+04    3.523016e+03   -1.939356e+03
     782   2    1.023855e+03    1.072797e+04    3.525546e+03   -1.892031e+03
     782   3    9.949390e+02    1.080552e+04    3.540138e+03   -2.065316e+03
     783   1    2.046370e+03    8.103337e+03    3.044912e+03   -2.644459e+03
     783   2    2.286395e+03    8.057582e+03    3.103193e+03   -2.423698e+03
     783   3    1.989048e+03    7.842374e+03    2.949427e+03   -2.523100e+03
     784   1    2.636122e+03    9.483086e+03    3.635762e+03   -2.797639e+03
     784   2    2.816214e+03    9.608128e+03    3.727303e+03   -2.700472e+03
     784   3    2.945743e+03    9.490795e+03    3.730962e+03   -2.639932e+03
     785   1    5.341285e+02    1.136812e+04    3.570675e+03   -2.253188e+03
     785   2    4.978059e+02    1.138793e+04    3.565722e+03   -2.071319e+03
     785   3    6.187461e+02    1.121963e+04    3.551514e+03   -2.152511e+03
     786   1    6.403471e+02    1.117780e+04    3.545443e+03   -2.056854e+03
     786   2    5.030909e+02    1.133416e+04    3.551176e+03   -1.982703e+03
     786   3    5.881631e+02    1.117965e+04    3.530345e+03   -1.884508e+03
     787   1   -1.742672e+03    1.547206e+04    4.118816e+03    7.646875e+01
     787   2   -1.522151e+03    1.554944e+04    4.208186e+03    3.448406e+02
     787   3   -1.490326e+03    1.542319e+04    4.179858e+03    8.094019e+01
     788   1   -4.400695e+03    1.260796e+04    2.462181e+03   -3.053176e+03
     788   2   -4.540026e+03    1.220238e+04    2.298707e+03   -3.180469e+03
     788   3   -4.500613e+03    1.278376e+04    2.484943e+03   -2.939154e+03
     789   1    1.452916e+03    7.710887e+03    2.749141e+03   -2.848076e+03
     789   2    1.691748e+03    7.633233e+03    2.797495e+03   -2.619337e+03
     789   3    1.390402e+03    7.405308e+03    2.638713e+03   -2.717548e+03
     790   1    5.820050e+02    1.128954e+04    3.561463e+03   -2.598132e+03
     790   2    5.678693e+02    1.132947e+04    3.569201e+03   -2.428030e+03
     790   3    7.313325e+02    1.111494e+04    3.553881e+03   -2.513621e+03
     791   1    4.609104e+02    1.147991e+04    3.582247e+03   -2.248796e+03
     791   2    3.402641e+02    1.166268e+04    3.600883e+03   -2.144431e+03
     791   3    4.321695e+02    1.149752e+04    3.578907e+03   -2.071930e+03
     792   1    1.548756e+03    1.043382e+04    3.594772e+03   -2.782545e+03
     792   2    1.628611e+03    1.043284e+04    3.618436e+03   -2.636162e+03
     792   3    1.780138e+03    1.032508e+04    3.631565e+03   -2.693932e+03
     793   1    8.428099e+02    7.302544e+03    2.443606e+03   -3.047905e+03
     793   2    1.085782e+03    7.186687e+03    2.481741e+03   -2.812400e+03
     793   3    7.718883e+02    6.947777e+03    2.315900e+03   -2.910308e+03
     794   1   -1.066389e+02    1.237184e+04    3.679560e+03   -2.483330e+03
     794   2   -5.269521e+01    1.242320e+04    3.711151e+03   -2.330370e+03
     794   3   -6.405059e+00    1.219370e+04    3.656188e+03   -2.485357e+03
     795   1    1.686720e+03    8.431396e+03    3.035435e+03   -3.041924e+03
     795   2    1.979909e+03    8.571836e+03    3.165523e+03   -2.929887e+03
     795   3    1.924754e+03    8.326475e+03    3.075369e+03   -2.849710e+03
     796   1    2.575781e+02    1.181389e+04    3.621439e+03   -2.369543e+03
     796   2    1.665300e+02    1.201248e+04    3.653704e+03   -2.243560e+03
     796   3    2.630501e+02    1.183925e+04    3.630689e+03   -2.201464e+03
     797   1   -1.828064e+03    1.589185e+04    4.219136e+03    7.205241e+02
     797   2   -1.787722e+03    1.606570e+04    4.283394e+03    9.980711e+02
     797   3   -1.581730e+03    1.589408e+04    4.293704e+03    9.778482e+02
     798   1   -1.840956e+03    1.573547e+04    4.168354e+03    4.449724e+02
     798   2   -1.608123e+03    1.562784e+04    4.205916e+03    4.367022e+02
     798   3   -1.833718e+03    1.554935e+04    4.114689e+03    1.657679e+02
     799   1   -1.156792e+03    1.332919e+04    3.651718e+03   -2.324692e+03
     799   2   -9.804215e+02    1.340281e+04    3.726716e+03   -2.217925e+03
     799   3   -1.016498e+03    1.312635e+04    3.632957e+03   -2.444272e+03
     800   1   -9.417102e+02    1.365780e+04    3.814826e+03   -1.989733e+03
     800   2   -1.049208e+03    1.385945e+04    3.843072e+03   -1.846339e+03
     800   3   -8.731101e+02    1.391971e+04    3.913979e+03   -1.754836e+03
     801   1    1.992268e+02    6.882114e+03    2.124402e+03   -3.244205e+03
     801   2    4.503878e+02    6.721046e+03    2.151430e+03   -3.003955e+03
     801   3    1.152540e+02    6.472976e+03    1.976469e+03   -3.101034e+03
     802   1   -7.121355e+02    1.275414e+04    3.612600e+03   -2.625389e+03
     802   2   -8.513757e+02    1.294451e+04    3.627940e+03   -2.543371e+03
     802   3   -7.072062e+02    1.302355e+04    3.694902e+03   -2.425129e+03
     803   1    5.849846e+02    1.747363e+04    5.417585e+03    2.503048e+03
     803   2    8.753751e+02    1.788913e+04    5.629351e+03    2.406730e+03
     803   3    7.627009e+02    1.702564e+04    5.336501e+03    2.506999e+03
     804   1    2.572488e+02    1.727322e+04    5.259142e+03    2.572191e+03
     804   2    1.414346e+02    1.670291e+04    5.053303e+03    2.624926e+03
     804   3    1.531931e-01    1.723493e+04    5.170525e+03    2.568356e+03
     805   1   -4.946356e+02    6.453726e+03    1.787727e+03   -3.433794e+03
     805   2   -2.331946e+02    6.239497e+03    1.801891e+03   -3.191951e+03
     805   3   -5.981561e+02    5.984457e+03    1.615890e+03   -3.285453e+03
     806   1   -8.235236e-01    8.297774e+03    2.489085e+03   -3.771478e+03
     806   2    3.143993e+02    8.387996e+03    2.610719e+03   -3.677353e+03
     806   3    2.420275e+02    8.047547e+03    2.486872e+03   -3.626665e+03
     807   1   -4.617516e+02    1.290585e+04    3.733229e+03   -2.378146e+03
     807   2   -5.684462e+02    1.309703e+04    3.758574e+03   -2.307954e+03
     807   3   -4.533599e+02    1.316383e+04    3.813140e+03   -2.181755e+03
     808   1   -1.608995e+02    1.250860e+04    3.704309e+03   -2.422531e+03
     808   2   -1.980251e+02    1.274308e+04    3.763515e+03   -2.255239e+03
     808   3   -9.403142e+01    1.256099e+04    3.740087e+03   -2.276229e+03
     809   1    2.975244e+02    1.160447e+04    3.570597e+03   -2.712937e+03
     809   2    3.163147e+02    1.165420e+04    3.591154e+03   -2.556335e+03
     809   3    4.258844e+02    1.144454e+04    3.561126e+03   -2.665049e+03
     810   1    2.239367e+01    1.191624e+04    3.581590e+03   -2.768371e+03
     810   2    7.082238e+01    1.197825e+04    3.614723e+03   -2.620882e+03
     810   3    1.496481e+02    1.175602e+04    3.571702e+03   -2.748460e+03
     811   1   -1.255744e+03    6.020610e+03    1.429460e+03   -3.608116e+03
     811   2   -9.845102e+02    5.745060e+03    1.428165e+03   -3.369402e+03
     811   3   -1.387923e+03    5.485113e+03    1.229157e+03   -3.453131e+03
     812   1   -1.635950e+02    7.537228e+03    2.212090e+03   -3.658571e+03
     812   2    1.657855e+02    7.676232e+03    2.352605e+03   -3.562877e+03
     812   3    8.690613e+01    7.290421e+03    2.213198e+03   -3.467740e+03
     813   1   -1.280357e+02    1.207193e+04    3.583168e+03   -2.773553e+03
     813   2   -2.591904e+02    1.224013e+04    3.594280e+03   -2.761609e+03
     813   3   -1.798183e+02    1.231193e+04    3.639632e+03   -2.623282e+03
     814   1   -2.301009e+02    1.254421e+04    3.694232e+03   -2.465464e+03
     814   2   -3.337143e+02    1.272892e+04    3.718562e+03   -2.430155e+03
     814   3   -2.495870e+02    1.278995e+04    3.762110e+03   -2.289664e+03
     815   1   -2.095702e+03    5.590076e+03    1.048312e+03   -3.751009e+03
     815   2   -1.821575e+03    5.242698e+03    1.026337e+03   -3.522011e+03
     815   3   -2.265776e+03    4.987090e+03    8.163942e+02   -3.585303e+03
     816   1   -1.183443e+03    1.276258e+04    3.473740e+03   -2.773278e+03
     816   2   -1.013848e+03    1.286099e+04    3.554143e+03   -2.656475e+03
     816   3   -1.010975e+03    1.256961e+04    3.467589e+03   -2.862254e+03
     817   1   -4.904751e+03    3.390011e+03   -4.544220e+02   -3.360591e+03
     817   2   -5.411397e+03    2.582522e+03   -8.486624e+02   -2.997636e+03
     817   3   -5.520355e+03    3.163116e+03   -7.071716e+02   -3.220751e+03
     818   1   -5.497270e+03    7.072121e+03    4.724553e+02   -3.551957e+03
     818   2   -5.489898e+03    6.963741e+03    4.421531e+02   -3.258752e+03
     818   3   -5.265679e+03    8.369258e+03    9.310736e+02   -3.517980e+03
     819   1   -7.274296e+03    2.253441e+03   -1.506257e+03   -2.204057e+03
     819   2   -8.409522e+03    1.065565e+03   -2.203187e+03   -1.394307e+03
     819   3   -7.987449e+03    1.763184e+03   -1.867280e+03   -1.536153e+03
     820   1   -7.160543e+03    2.131811e+03   -1.508620e+03   -2.339865e+03
     820   2   -7.151438e+03    1.745548e+03   -1.621767e+03   -2.284775e+03
     820   3   -8.061454e+03    1.167467e+03   -2.068196e+03   -1.673111e+03
     821   1   -5.119540e+03    8.762378e+03    1.092851e+03   -3.428822e+03
     821   2   -5.398429e+03    7.276122e+03    5.633078e+02   -3.144468e+03
     821   3   -4.946461e+03    8.551364e+03    1.081471e+03   -3.188873e+03
     822   1   -4.427683e+03    1.141118e+04    2.095049e+03   -3.080272e+03
     822   2   -4.523205e+03    9.831498e+03    1.592488e+03   -3.091329e+03
     822   3   -4.001296e+03    1.122037e+04    2.165721e+03   -3.035911e+03
     823   1   -1.578432e+03    1.834414e+04    5.029713e+03   -1.086279e+03
     823   2   -1.388843e+03    1.782097e+04    4.929637e+03   -1.878609e+03
     823   3   -8.125419e+02    1.906076e+04    5.474466e+03   -1.603901e+03
     824   1   -5.438508e+02    2.002669e+04    5.844851e+03   -1.672347e+02
     824   2   -3.046088e+02    2.010756e+04    5.940884e+03   -1.178846e+03
     824   3    2.601268e+02    2.109872e+04    6.407655e+03   -9.321009e+02
     825   1   -4.701816e+03    4.828667e+03    3.805549e+01   -3.815085e+03
     825   2   -4.199349e+03    4.956896e+03    2.272642e+02   -3.880500e+03
     825   3   -4.548425e+03    4.167118e+03   -1.143920e+02   -3.634621e+03
     826   1   -5.653815e+03    6.258405e+03    1.813767e+02   -3.428448e+03
     826   2   -6.128561e+03    5.018480e+03   -3.330244e+02   -2.996771e+03
     826   3   -5.755613e+03    6.106071e+03    1.051375e+02   -3.121112e+03
     827   1   -3.905111e+03    1.337303e+04    2.840377e+03   -2.628184e+03
     827   2   -4.324339e+03    1.225095e+04    2.377983e+03   -2.929458e+03
     827   3   -3.841823e+03    1.210982e+04    2.480398e+03   -2.923057e+03
     828   1   -2.193436e+03    1.505936e+04    3.859776e+03   -7.273541e+02
     828   2   -1.934722e+03    1.503119e+04    3.928941e+03   -6.711243e+02
     828   3   -2.113719e+03    1.481802e+04    3.811290e+03   -9.854194e+02
     829   1   -3.572463e+03    1.377869e+04    3.061867e+03   -2.566036e+03
     829   2   -3.523271e+03    1.248452e+04    2.688375e+03   -2.857490e+03
     829   3   -2.964558e+03    1.391259e+04    3.284411e+03   -2.717008e+03
     830   1   -2.692633e+03    1.626589e+04    4.071978e+03   -1.795095e+03
     830   2   -2.495404e+03    1.524669e+04    3.825385e+03   -2.420143e+03
     830   3   -1.921985e+03    1.661101e+04    4.406709e+03   -2.201222e+03
     831   1    4.509128e+02    1.990752e+04    6.107531e+03    1.678921e+03
     831   2    3.101207e+02    1.918141e+04    5.847460e+03    2.009506e+03
     831   3    4.271692e+01    1.953472e+04    5.873231e+03    1.676008e+03
     832   1   -1.113351e+03    1.841443e+04    5.190325e+03    1.611144e+03
     832   2   -8.173950e+02    1.818224e+04    5.209455e+03    1.977037e+03
     832   3   -1.211325e+03    1.789193e+04    5.004181e+03    1.859335e+03
     833   1   -2.462757e+03    1.775740e+04    4.588392e+03   -1.187305e+02
     833   2   -2.135345e+03    1.808642e+04    4.785323e+03    2.878489e+02
     833   3   -2.504769e+03    1.762150e+04    4.535018e+03    2.106581e+02
     834   1   -2.630519e+03    1.657341e+04    4.182867e+03    4.510008e+02
     834   2   -2.487569e+03    1.689353e+04    4.321788e+03    7.099843e+02
     834   3   -2.337340e+03    1.669171e+04    4.306312e+03    8.327449e+02
     835   1   -5.862283e+03    2.830369e+03   -9.095744e+02   -3.036011e+03
     835   2   -5.787655e+03    2.268975e+03   -1.055604e+03   -2.840023e+03
     835   3   -6.335318e+03    2.115634e+03   -1.265905e+03   -2.674893e+03
     836   1   -5.847947e+03    4.989912e+03   -2.574105e+02   -3.428057e+03
     836   2   -6.083674e+03    4.819362e+03   -3.792937e+02   -3.106632e+03
     836   3   -5.709197e+03    5.941655e+03    6.973746e+01   -3.489402e+03
     837   1    4.690010e+03    9.560806e+03    4.275245e+03   -1.713865e+03
     837   2    4.716791e+03    9.639488e+03    4.306884e+03   -1.709895e+03
     837   3    5.089642e+03    9.673902e+03    4.429063e+03   -1.523484e+03
     838   1    4.401808e+03    9.401760e+03    4.141070e+03   -1.808850e+03
     838   2    4.329104e+03    9.264665e+03    4.078131e+03   -1.756706e+03
     838   3    4.035063e+03    9.261045e+03    3.988832e+03   -1.955923e+03
     839   1   -5.659506e+02    1.788490e+04    5.195685e+03    2.240328e+03
     839   2   -3.299171e+02    1.747969e+04    5.144931e+03    2.451986e+03
     839   3   -6.743288e+02    1.733199e+04    4.997299e+03    2.368155e+03
     840   1   -1.220927e+03    1.743480e+04    4.864163e+03    1.987709e+03
     840   2   -9.420549e+02    1.716349e+04    4.866431e+03    2.238741e+03
     840   3   -1.216590e+03    1.700312e+04    4.735958e+03    2.083120e+03
     841   1   -1.711981e+03    1.698695e+04    4.582492e+03    1.603803e+03
     841   2   -1.419243e+03    1.682695e+04    4.622312e+03    1.886154e+03
     841   3   -1.616254e+03    1.666372e+04    4.514239e+03    1.671062e+03
     842   1   -1.823401e+03    1.768777e+04    4.759312e+03    1.325602e+03
     842   2   -1.511261e+03    1.759080e+04    4.823861e+03    1.693856e+03
     842   3   -1.799059e+03    1.731890e+04    4.655952e+03    1.509706e+03
     843   1   -1.986008e+03    1.475258e+04    3.829973e+03   -1.043567e+03
     843   2   -1.826985e+03    1.494491e+04    3.935378e+03   -7.384475e+02
     843   3   -1.726344e+03    1.475537e+04    3.908707e+03   -9.802394e+02
     844   1   -1.754567e+03    1.431623e+04    3.768498e+03   -1.497819e+03
     844   2   -1.634818e+03    1.454113e+04    3.871892e+03   -1.210644e+03
     844   3   -1.510769e+03    1.435084e+04    3.852020e+03   -1.422704e+03
     845   1   -1.485391e+03    1.389276e+04    3.722212e+03   -1.885252e+03
     845   2   -1.403386e+03    1.413885e+04    3.820638e+03   -1.619867e+03
     845   3   -1.265871e+03    1.394969e+04    3.805146e+03   -1.797792e+03
     846   1   -2.097172e+03    1.382066e+04    3.517046e+03   -2.055057e+03
     846   2   -2.245854e+03    1.407116e+04    3.547593e+03   -1.853060e+03
     846   3   -1.993524e+03    1.412248e+04    3.638688e+03   -1.753241e+03
     847   1    6.115648e+02    1.892850e+04    5.862020e+03    2.164781e+03
     847   2    1.066453e+03    1.956188e+04    6.188499e+03    1.982110e+03
     847   3    9.800794e+02    1.877412e+04    5.926261e+03    2.234315e+03
     848   1    5.604989e+01    1.843278e+04    5.546648e+03    2.271819e+03
     848   2   -1.668218e+02    1.774059e+04    5.272129e+03    2.417902e+03
     848   3   -3.618293e+02    1.816074e+04    5.339673e+03    2.228822e+03
     849   1   -2.039901e+03    1.654330e+04    4.351021e+03    1.119687e+03
     849   2   -1.752755e+03    1.647996e+04    4.418163e+03    1.424805e+03
     849   3   -1.871380e+03    1.631055e+04    4.331750e+03    1.170460e+03
     850   1   -1.718401e+03    1.790445e+04    4.855814e+03    1.314527e+03
     850   2   -1.375661e+03    1.829740e+04    5.076521e+03    1.462149e+03
     850   3   -1.406362e+03    1.786299e+04    4.936990e+03    1.680270e+03
     851   1   -1.899473e+03    5.866880e+03    1.190222e+03   -3.784379e+03
     851   2   -1.477258e+03    6.061292e+03    1.375210e+03   -3.715026e+03
     851   3   -1.623913e+03    5.504227e+03    1.164094e+03   -3.553763e+03
     852   1   -3.015515e+03    5.164424e+03    6.446728e+02   -3.832793e+03
     852   2   -2.753170e+03    4.742595e+03    5.968275e+02   -3.624212e+03
     852   3   -3.240381e+03    4.490841e+03    3.751381e+02   -3.647184e+03
     853   1   -2.891231e+03    1.687379e+04    4.194767e+03    8.159155e+01
     853   2   -2.675783e+03    1.726142e+04    4.375690e+03    2.945857e+02
     853   3   -2.582419e+03    1.712053e+04    4.361432e+03    5.192780e+02
     854   1   -2.157045e+03    1.519784e+04    3.912239e+03   -5.334021e+02
     854   2   -1.958627e+03    1.534541e+04    4.016036e+03   -2.159376e+02
     854   3   -1.893497e+03    1.515856e+04    3.979520e+03   -4.802550e+02
     855   1   -2.210492e+03    1.609693e+04    4.165932e+03    5.771428e+02
     855   2   -1.944007e+03    1.611680e+04    4.251838e+03    8.957085e+02
     855   3   -1.989854e+03    1.594059e+04    4.185222e+03    6.217374e+02
     856   1   -2.277036e+03    1.721055e+04    4.480053e+03    9.345177e+02
     856   2   -2.041909e+03    1.755226e+04    4.653106e+03    1.147513e+03
     856   3   -1.967096e+03    1.725815e+04    4.587317e+03    1.309660e+03
     857   1   -1.196573e+03    1.348554e+04    3.686690e+03   -2.199874e+03
     857   2   -1.149972e+03    1.374237e+04    3.777720e+03   -1.958707e+03
     857   3   -1.006659e+03    1.355608e+04    3.764827e+03   -2.100243e+03
     858   1   -2.420072e+03    6.723641e+03    1.291071e+03   -4.122125e+03
     858   2   -2.006432e+03    6.838048e+03    1.449485e+03   -4.069815e+03
     858   3   -2.162760e+03    6.264869e+03    1.230633e+03   -3.968008e+03
     859   1   -2.328111e+03    1.574661e+04    4.025550e+03    9.155824e+01
     859   2   -2.311307e+03    1.599274e+04    4.104429e+03    3.779380e+02
     859   3   -2.081151e+03    1.585757e+04    4.132924e+03    4.187836e+02
     860   1   -2.806931e+03    1.568196e+04    3.862508e+03   -3.572965e+02
     860   2   -2.560153e+03    1.561199e+04    3.915551e+03   -2.639015e+02
     860   3   -2.788117e+03    1.538510e+04    3.779096e+03   -6.362174e+02
     861   1    1.257487e+03    1.066276e+04    3.576075e+03   -2.301651e+03
     861   2    1.118064e+03    1.073452e+04    3.555774e+03   -2.185695e+03
     861   3    1.302807e+03    1.060490e+04    3.572313e+03   -2.121128e+03
     862   1    2.027843e+03    1.024438e+04    3.681667e+03   -2.580286e+03
     862   2    2.101993e+03    1.024962e+04    3.705485e+03   -2.417135e+03
     862   3    2.279281e+03    1.016644e+04    3.733715e+03   -2.455823e+03
     863   1    2.769918e+03    1.002128e+04    3.837361e+03   -2.385754e+03
     863   2    2.580661e+03    1.008107e+04    3.798519e+03   -2.375070e+03
     863   3    2.866296e+03    1.004308e+04    3.872813e+03   -2.209039e+03
     864   1    3.309386e+03    9.852081e+03    3.948440e+03   -2.296155e+03
     864   2    3.448440e+03    9.910811e+03    4.007775e+03   -2.138239e+03
     864   3    3.653885e+03    9.848480e+03    4.050709e+03   -2.109404e+03
     865   1    3.684349e+03    9.655757e+03    4.002032e+03   -2.234518e+03
     865   2    4.049117e+03    9.688261e+03    4.121214e+03   -2.033446e+03
     865   3    3.871263e+03    9.582038e+03    4.035990e+03   -2.153579e+03
     866   1    4.045241e+03    9.570394e+03    4.084690e+03   -2.057462e+03
     866   2    4.240359e+03    9.693923e+03    4.180285e+03   -1.944758e+03
     866   3    4.416870e+03    9.645708e+03    4.218773e+03   -1.865735e+03
     867   1    2.355494e+03    1.006846e+04    3.727187e+03   -2.635515e+03
     867   2    2.458326e+03    1.009994e+04    3.767479e+03   -2.481351e+03
     867   3    2.636727e+03    1.001482e+04    3.795463e+03   -2.492648e+03
     868   1    2.267646e+03    8.719752e+03    3.296219e+03   -2.816078e+03
     868   2    2.556490e+03    8.852789e+03    3.422784e+03   -2.699334e+03
     868   3    2.509661e+03    8.650312e+03    3.347992e+03   -2.628726e+03
     869   1    2.799699e+03    9.191162e+03    3.597258e+03   -2.673957e+03
     869   2    3.043192e+03    9.184495e+03    3.668306e+03   -2.532577e+03
     869   3    2.769550e+03    9.055217e+03    3.547430e+03   -2.652228e+03
     870   1    3.676786e+03    9.716505e+03    4.017987e+03   -2.210366e+03
     870   2    3.853786e+03    9.802235e+03    4.096806e+03   -2.069594e+03
     870   3    4.049571e+03    9.739593e+03    4.136749e+03   -2.014669e+03
     871   1    3.141522e+03    9.883619e+03    3.907542e+03   -2.368222e+03
     871   2    2.956511e+03    9.944254e+03    3.870229e+03   -2.383048e+03
     871   3    3.269907e+03    9.927913e+03    3.959346e+03   -2.203234e+03
     872   1    3.323615e+03    9.804238e+03    3.938356e+03   -2.338233e+03
     872   2    3.665144e+03    9.810177e+03    4.042596e+03   -2.146523e+03
     872   3    3.505157e+03    9.741555e+03    3.974014e+03   -2.295376e+03
     873   1    1.567994e+03    1.048567e+04    3.616099e+03   -2.482144e+03
     873   2    1.404270e+03    1.056982e+04    3.592227e+03   -2.400832e+03
     873   3    1.623738e+03    1.045665e+04    3.624117e+03   -2.307320e+03
     874   1    1.727119e+03    1.038653e+04    3.634094e+03   -2.551412e+03
     874   2    1.964985e+03    1.030001e+04    3.679499e+03   -2.438622e+03
     874   3    1.889844e+03    1.030473e+04    3.658373e+03   -2.606891e+03
     875   1    2.734002e+03    8.880922e+03    3.484477e+03   -2.597667e+03
     875   2    2.992281e+03    8.854857e+03    3.554141e+03   -2.415682e+03
     875   3    2.694823e+03    8.690195e+03    3.415506e+03   -2.530355e+03
     876   1    2.840655e+03    8.995227e+03    3.550765e+03   -2.582605e+03
     876   2    3.127207e+03    9.131024e+03    3.677469e+03   -2.467210e+03
     876   3    3.099300e+03    8.958827e+03    3.617438e+03   -2.400293e+03
     877   1    2.869684e+03    9.279423e+03    3.644732e+03   -2.655175e+03
     877   2    3.062487e+03    9.396752e+03    3.737772e+03   -2.575872e+03
     877   3    3.116801e+03    9.263540e+03    3.714102e+03   -2.514431e+03
     878   1    2.155262e+03    8.592410e+03    3.224301e+03   -2.828553e+03
     878   2    2.398500e+03    8.530934e+03    3.278830e+03   -2.640998e+03
     878   3    2.105529e+03    8.356479e+03    3.138603e+03   -2.750660e+03
     879   1    1.570353e+03    8.286717e+03    2.957121e+03   -3.050265e+03
     879   2    1.810649e+03    8.189621e+03    3.000081e+03   -2.857326e+03
     879   3    1.515467e+03    8.006789e+03    2.856677e+03   -2.963503e+03
     880   1    1.807656e+03    8.927344e+03    3.220500e+03   -3.136970e+03
     880   2    2.106300e+03    9.018271e+03    3.337371e+03   -3.007391e+03
     880   3    2.037496e+03    8.808312e+03    3.253743e+03   -2.979355e+03
     881   1    7.711859e+02    1.108806e+04    3.557773e+03   -2.419237e+03
     881   2    5.882375e+02    1.128740e+04    3.562692e+03   -2.342207e+03
     881   3    6.979018e+02    1.114931e+04    3.554162e+03   -2.239721e+03
     882   1    1.286568e+03    1.061580e+04    3.570709e+03   -2.718816e+03
     882   2    1.506302e+03    1.050103e+04    3.602198e+03   -2.640036e+03
     882   3    1.424329e+03    1.051178e+04    3.580832e+03   -2.791514e+03
     883   1   -2.241131e+03    1.564745e+04    4.021895e+03    1.522697e+01
     883   2   -2.005696e+03    1.573758e+04    4.119566e+03    3.376599e+02
     883   3   -1.989499e+03    1.555531e+04    4.069743e+03    6.139465e+01
     884   1   -2.724804e+03    1.511548e+04    3.717203e+03   -8.990846e+02
     884   2   -2.460184e+03    1.509496e+04    3.790434e+03   -8.069490e+02
     884   3   -2.646957e+03    1.483188e+04    3.655477e+03   -1.161747e+03
     885   1    9.752622e+02    7.972816e+03    2.684423e+03   -3.261741e+03
     885   2    1.216559e+03    7.834842e+03    2.715420e+03   -3.066358e+03
     885   3    9.120437e+02    7.645678e+03    2.567317e+03   -3.170062e+03
     886   1    6.990675e+02    1.106503e+04    3.529231e+03   -2.844163e+03
     886   2    5.456643e+02    1.120211e+04    3.524331e+03   -2.902798e+03
     886   3    5.651689e+02    1.125846e+04    3.547090e+03   -2.755515e+03
     887   1    4.810668e+02    1.141552e+04    3.568975e+03   -2.588405e+03
     887   2    3.520412e+02    1.160781e+04    3.587955e+03   -2.488805e+03
     887   3    4.784035e+02    1.145052e+04    3.578677e+03   -2.424894e+03
     888   1    2.312895e+03    9.475805e+03    3.536610e+03   -2.964352e+03
     888   2    1.972009e+03    9.475963e+03    3.434392e+03   -3.124720e+03
     888   3    2.181526e+03    9.626650e+03    3.542453e+03   -3.018156e+03
     889   1    3.551269e+02    7.656288e+03    2.403424e+03   -3.464992e+03
     889   2    6.008418e+02    7.470713e+03    2.421467e+03   -3.269938e+03
     889   3    2.797401e+02    7.277607e+03    2.267204e+03   -3.371258e+03
     890   1   -5.109955e+01    1.204653e+04    3.598628e+03   -2.724084e+03
     890   2   -1.223738e+02    1.227075e+04    3.644512e+03   -2.583022e+03
     890   3    8.609470e+00    1.210581e+04    3.634325e+03   -2.582582e+03
     891   1   -9.015649e+02    1.309678e+04    3.658565e+03   -2.439628e+03
     891   2   -8.877439e+02    1.335525e+04    3.740251e+03   -2.223823e+03
     891   3   -7.440656e+02    1.317321e+04    3.728744e+03   -2.328401e+03
     892   1   -6.094494e+02    1.272781e+04    3.635509e+03   -2.605002e+03
     892   2   -6.258593e+02    1.298014e+04    3.706283e+03   -2.414856e+03
     892   3   -4.852437e+02    1.280351e+04    3.695478e+03   -2.482968e+03
     893   1    4.842841e+02    7.833830e+03    2.495434e+03   -3.462402e+03
     893   2    7.939833e+02    7.976171e+03    2.631046e+03   -3.361474e+03
     893   3    7.272051e+02    7.641214e+03    2.510526e+03   -3.268396e+03
     894   1   -3.042464e+02    7.342786e+03    2.111562e+03   -3.659009e+03
     894   2   -5.206886e+01    7.101788e+03    2.114916e+03   -3.467637e+03
     894   3   -3.965033e+02    6.907501e+03    1.953299e+03   -3.564972e+03
     895   1   -3.254103e+02    1.237843e+04    3.615905e+03   -2.698544e+03
     895   2   -3.699228e+02    1.261864e+04    3.674615e+03   -2.533520e+03
     895   3   -2.339822e+02    1.244779e+04    3.664143e+03   -2.566574e+03
     896   1   -6.471877e+02    1.222272e+04    3.472659e+03   -2.983414e+03
     896   2   -8.160193e+02    1.239767e+04    3.474496e+03   -2.930858e+03
     896   3   -6.796935e+02    1.249780e+04    3.545432e+03   -2.808408e+03
     897   1   -1.748671e+03    1.336735e+04    3.485603e+03   -2.399089e+03
     897   2   -1.913598e+03    1.359897e+04    3.505610e+03   -2.234099e+03
     897   3   -1.683573e+03    1.367362e+04    3.597013e+03   -2.128728e+03
     898   1   -1.321752e+03    1.352047e+04    3.659617e+03   -2.188252e+03
     898   2   -1.458734e+03    1.373526e+04    3.682959e+03   -2.030716e+03
     898   3   -1.252334e+03    1.379618e+04    3.763153e+03   -1.936299e+03
     899   1    1.217034e+03    8.711215e+03    2.978474e+03   -3.368327e+03
     899   2    1.517285e+03    8.818302e+03    3.100676e+03   -3.255059e+03
     899   3    1.452243e+03    8.556688e+03    3.002679e+03   -3.211022e+03
     900   1    2.148275e+02    1.172901e+04    3.583150e+03   -2.685475e+03
     900   2    1.169447e+02    1.193537e+04    3.615694e+03   -2.566868e+03
     900   3    2.443704e+02    1.177505e+04    3.605827e+03   -2.534619e+03
     901   1   -1.015911e+03    7.037137e+03    1.806368e+03   -3.838571e+03
     901   2   -7.572129e+02    6.732585e+03    1.792612e+03   -3.655250e+03
     901   3   -1.131110e+03    6.539562e+03    1.622535e+03   -3.744453e+03
     902   1   -1.129151e+03    8.829575e+03    2.310127e+03   -4.106845e+03
     902   2   -7.878175e+02    8.835793e+03    2.414393e+03   -4.040615e+03
     902   3   -8.915304e+02    8.459748e+03    2.270465e+03   -4.040097e+03
     903   1    6.195915e+02    8.496963e+03    2.734966e+03   -3.578212e+03
     903   2    9.217901e+02    8.596510e+03    2.855490e+03   -3.475735e+03
     903   3    8.580579e+02    8.298607e+03    2.746999e+03   -3.425435e+03
     904   1   -4.151089e+02    1.240347e+04    3.596510e+03   -2.733865e+03
     904   2   -5.507340e+02    1.258189e+04    3.609346e+03   -2.687965e+03
     904   3   -4.392814e+02    1.265999e+04    3.666211e+03   -2.559211e+03
     905   1    2.182088e+02    1.147617e+04    3.508315e+03   -2.995691e+03
     905   2    2.607420e+02    1.155035e+04    3.543329e+03   -2.855854e+03
     905   3    3.712843e+02    1.133548e+04    3.512030e+03   -2.956339e+03
     906   1    1.259640e+02    1.159925e+04    3.517563e+03   -2.968466e+03
     906   2    2.056308e+01    1.181472e+04    3.550585e+03   -2.857143e+03
     906   3    1.780814e+02    1.166762e+04    3.553709e+03   -2.833676e+03
     907   1   -1.788528e+03    6.744728e+03    1.486860e+03   -3.992562e+03
     907   2   -1.527713e+03    6.367422e+03    1.451913e+03   -3.822947e+03
     907   3   -1.933660e+03    6.180001e+03    1.273902e+03   -3.896111e+03
     908   1   -6.589228e+02    8.118068e+03    2.237744e+03   -3.947579e+03
     908   2   -3.229955e+02    8.197320e+03    2.362297e+03   -3.862523e+03
     908   3   -4.105149e+02    7.808619e+03    2.219431e+03   -3.814588e+03
     909   1   -3.990440e+03    4.796431e+03    2.417974e+02   -3.826316e+03
     909   2   -3.777969e+03    4.261596e+03    1.450881e+02   -3.640502e+03
     909   3   -4.288685e+03    4.048601e+03   -7.202517e+01   -3.604805e+03
     910   1   -5.056547e+03    7.948080e+03    8.674599e+02   -3.914057e+03
     910   2   -5.107539e+03    6.961344e+03    5.561416e+02   -3.946247e+03
     910   3   -5.339324e+03    7.000186e+03    4.982584e+02   -3.761548e+03
     911   1   -7.011904e+03    2.812971e+03   -1.259680e+03   -2.453902e+03
     911   2   -7.368204e+03    2.472074e+03   -1.468839e+03   -1.847415e+03
     911   3   -6.727583e+03    3.565541e+03   -9.486126e+02   -2.552580e+03
     912   1   -5.988151e+03    4.354674e+03   -4.900430e+02   -3.263352e+03
     912   2   -6.608480e+03    3.268607e+03   -1.001962e+03   -2.772792e+03
     912   3   -6.397628e+03    4.114232e+03   -6.850186e+02   -2.922637e+03
     913   1   -5.929919e+03    4.126315e+03   -5.410812e+02   -3.302403e+03
     913   2   -5.941297e+03    3.432687e+03   -7.525830e+02   -3.191673e+03
     913   3   -6.417635e+03    3.187871e+03   -9.689291e+02   -2.877416e+03
     914   1   -4.467135e+03    6.375498e+03    5.725088e+02   -4.103488e+03
     914   2   -4.802200e+03    5.558438e+03    2.268715e+02   -3.922970e+03
     914   3   -4.879341e+03    6.360482e+03    4.443424e+02   -4.013672e+03
     915   1   -1.598620e+03    1.863661e+04    5.111397e+03    6.111858e+02
     915   2   -1.083825e+03    1.928329e+04    5.459840e+03    5.848274e+02
     915   3   -1.246648e+03    1.882846e+04    5.274543e+03    1.089041e+03
     916   1   -1.737439e+02    1.985590e+04    5.904645e+03    1.205567e+03
     916   2   -4.356889e+02    1.998791e+04    5.865665e+03    6.182871e+02
     916   3    1.850214e+02    2.065804e+04    6.252917e+03    7.498343e+02
     917   1   -4.363053e+03    3.614211e+03   -2.246526e+02   -3.440747e+03
     917   2   -3.773847e+03    3.859559e+03    2.571370e+01   -3.485371e+03
     917   3   -4.125735e+03    3.125688e+03   -3.000141e+02   -3.188751e+03
     918   1   -5.134689e+03    4.697856e+03   -1.310499e+02   -3.699519e+03
     918   2   -5.584794e+03    3.801742e+03   -5.349157e+02   -3.375617e+03
     918   3   -5.626186e+03    4.539721e+03   -3.259397e+02   -3.521291e+03
     919   1   -5.198100e+03    6.336006e+03    3.413719e+02   -3.865742e+03
     919   2   -5.596927e+03    5.370286e+03   -6.799242e+01   -3.599230e+03
     919   3   -5.499934e+03    6.342504e+03    2.527708e+02   -3.689683e+03
     920   1   -3.739831e+03    5.110170e+03    4.111016e+02   -3.909570e+03
     920   2   -3.246628e+03    5.271781e+03    6.075458e+02   -3.911402e+03
     920   3   -3.505389e+03    4.565422e+03    3.180098e+02   -3.709883e+03
     921   1   -2.313133e+03    1.704172e+04    4.418578e+03    9.103430e+02
     921   2   -2.009221e+03    1.703931e+04    4.509027e+03    1.284751e+03
     921   3   -2.199419e+03    1.678076e+04    4.374402e+03    1.048634e+03
     922   1   -2.460643e+03    1.750266e+04    4.512606e+03    4.949925e+02
     922   2   -2.148130e+03    1.762170e+04    4.642071e+03    9.302707e+02
     922   3   -2.424246e+03    1.726062e+04    4.450912e+03    7.429083e+02
     923   1   -2.259784e+03    1.425406e+04    3.598282e+03   -1.677267e+03
     923   2   -2.143343e+03    1.450580e+04    3.708736e+03   -1.359239e+03
     923   3   -2.002352e+03    1.428495e+04    3.684778e+03   -1.581146e+03
     924   1   -1.948288e+03    1.377855e+04    3.549079e+03   -2.079696e+03
     924   2   -1.873212e+03    1.404692e+04    3.652111e+03   -1.790812e+03
     924   3   -1.710579e+03    1.383647e+04    3.637768e+03   -1.979147e+03
     925   1   -3.059450e+03    1.450701e+04    3.434267e+03   -1.645467e+03
     925   2   -2.791745e+03    1.456251e+04    3.531229e+03   -1.518950e+03
     925   3   -2.935435e+03    1.420741e+04    3.381593e+03   -1.879059e+03
     926   1   -2.513566e+03    1.476045e+04    3.674065e+03   -1.209943e+03
     926   2   -2.353190e+03    1.498519e+04    3.789601e+03   -8.666482e+02
     926   3   -2.247430e+03    1.475507e+04    3.752292e+03   -1.116757e+03
     927   1   -1.603956e+03    1.333599e+04    3.519611e+03   -2.409862e+03
     927   2   -1.566798e+03    1.361155e+04    3.613426e+03   -2.152268e+03
     927   3   -1.393286e+03    1.341247e+04    3.605754e+03   -2.304137e+03
     928   1   -1.783932e+03    1.272850e+04    3.283370e+03   -2.902738e+03
     928   2   -1.986024e+03    1.295046e+04    3.289332e+03   -2.774968e+03
     928   3   -1.765624e+03    1.307105e+04    3.391628e+03   -2.654549e+03
     929   1   -2.608390e+03    1.643613e+04    4.148322e+03    4.047050e+02
     929   2   -2.327026e+03    1.650948e+04    4.254737e+03    7.827697e+02
     929   3   -2.424022e+03    1.625847e+04    4.150334e+03    5.165486e+02
     930   1   -2.375695e+03    1.766811e+04    4.587726e+03    4.481711e+02
     930   2   -2.064765e+03    1.809819e+04    4.810028e+03    5.636244e+02
     930   3   -2.045591e+03    1.788623e+04    4.752190e+03    8.908295e+02
     931   1   -3.695393e+03    1.500886e+04    3.394039e+03   -1.495536e+03
     931   2   -3.465251e+03    1.511316e+04    3.494372e+03   -1.316338e+03
     931   3   -3.657962e+03    1.466391e+04    3.301785e+03   -1.729288e+03
     932   1   -2.679031e+03    1.529494e+04    3.784772e+03   -6.911613e+02
     932   2   -2.474051e+03    1.548138e+04    3.902199e+03   -3.284588e+02
     932   3   -2.419573e+03    1.524332e+04    3.847125e+03   -5.980302e+02
     933   1   -2.793595e+03    1.596614e+04    3.951763e+03   -8.731584e+01
     933   2   -2.737458e+03    1.627457e+04    4.061133e+03    1.921658e+02
     933   3   -2.528802e+03    1.614477e+04    4.084791e+03    2.941351e+02
     934   1   -3.533516e+03    1.583148e+04    3.689389e+03   -1.463631e+03
     934   2   -3.167645e+03    1.633023e+04    3.948776e+03   -1.342831e+03
     934   3   -3.242337e+03    1.654657e+04    3.991270e+03   -9.743474e+02
     935   1   -1.614701e+03    6.975662e+03    1.608288e+03   -4.001718e+03
     935   2   -1.226928e+03    7.101306e+03    1.762313e+03   -3.926737e+03
     935   3   -1.348960e+03    6.596592e+03    1.574290e+03   -3.829478e+03
     936   1   -2.612821e+03    6.472929e+03    1.158032e+03   -4.100502e+03
     936   2   -2.366867e+03    6.012591e+03    1.093717e+03   -3.952355e+03
     936   3   -2.800809e+03    5.832302e+03    9.094479e+02   -3.995634e+03
     937   1   -2.721842e+03    1.585423e+04    3.939718e+03   -1.426385e+02
     937   2   -2.475004e+03    1.599038e+04    4.054612e+03    2.319015e+02
     937   3   -2.488656e+03    1.574563e+04    3.977093e+03   -4.433788e+01
     938   1   -3.236564e+03    1.512461e+04    3.566414e+03   -1.152778e+03
     938   2   -2.981261e+03    1.514399e+04    3.648818e+03   -1.019200e+03
     938   3   -3.172514e+03    1.480172e+04    3.488762e+03   -1.409682e+03
     939   1    2.210843e+03    1.012235e+04    3.699959e+03   -2.677845e+03
     939   2    2.049306e+03    1.020487e+04    3.676252e+03   -2.649097e+03
     939   3    2.310653e+03    1.014180e+04    3.735737e+03   -2.517545e+03
     940   1    2.674658e+03    9.886921e+03    3.768474e+03   -2.637823e+03
     940   2    2.813222e+03    9.946835e+03    3.828017e+03   -2.492409e+03
     940   3    2.986934e+03    9.859935e+03    3.854061e+03   -2.476377e+03
     941   1    2.980201e+03    9.633249e+03    3.784035e+03   -2.605873e+03
     941   2    3.318014e+03    9.642826e+03    3.888252e+03   -2.424430e+03
     941   3    3.123004e+03    9.545914e+03    3.800675e+03   -2.549096e+03
     942   1    3.286537e+03    9.508511e+03    3.838514e+03   -2.456855e+03
     942   2    3.499969e+03    9.624856e+03    3.937448e+03   -2.342550e+03
     942   3    3.672365e+03    9.519044e+03    3.957423e+03   -2.255063e+03
     943   1    2.491953e+03    9.532589e+03    3.607363e+03   -2.874528e+03
     943   2    2.346076e+03    9.649556e+03    3.598690e+03   -2.927693e+03
     943   3    2.660709e+03    9.638956e+03    3.689900e+03   -2.767974e+03
     944   1    2.989291e+03    9.700195e+03    3.806846e+03   -2.577518e+03
     944   2    3.160497e+03    9.790140e+03    3.885191e+03   -2.447620e+03
     944   3    3.329710e+03    9.699158e+03    3.908660e+03   -2.401556e+03
     945   1    1.140306e+03    1.074978e+04    3.567027e+03   -2.631099e+03
     945   2    9.721722e+02    1.088241e+04    3.556374e+03   -2.528350e+03
     945   3    1.198333e+03    1.071701e+04    3.574602e+03   -2.470121e+03
     946   1    1.818233e+03    1.021254e+04    3.609233e+03   -2.882525e+03
     946   2    1.931800e+03    1.023564e+04    3.650232e+03   -2.739906e+03
     946   3    2.081688e+03    1.012588e+04    3.662271e+03   -2.769835e+03
     947   1    2.524702e+03    9.934612e+03    3.737794e+03   -2.695783e+03
     947   2    2.368112e+03    1.002000e+04    3.716432e+03   -2.692594e+03
     947   3    2.655343e+03    9.980100e+03    3.790633e+03   -2.542945e+03
     948   1    2.677513e+03    9.828963e+03    3.751943e+03   -2.681050e+03
     948   2    2.991797e+03    9.814215e+03    3.841804e+03   -2.513170e+03
     948   3    2.833431e+03    9.741369e+03    3.772440e+03   -2.651765e+03
     949   1    2.276404e+03    9.022683e+03    3.389726e+03   -2.915178e+03
     949   2    2.492965e+03    8.943649e+03    3.430984e+03   -2.769997e+03
     949   3    2.211140e+03    8.813619e+03    3.307428e+03   -2.888562e+03
     950   1    2.379774e+03    9.109872e+03    3.446894e+03   -2.885062e+03
     950   2    2.635601e+03    9.175391e+03    3.543298e+03   -2.762832e+03
     950   3    2.599268e+03    9.033150e+03    3.489725e+03   -2.738321e+03
     951   1    2.085021e+03    9.908040e+03    3.597918e+03   -2.968774e+03
     951   2    2.375375e+03    9.865344e+03    3.672216e+03   -2.829712e+03
     951   3    2.217312e+03    9.789263e+03    3.601972e+03   -2.959625e+03
     952   1    1.690793e+03    8.812784e+03    3.151073e+03   -3.164256e+03
     952   2    1.917837e+03    8.691881e+03    3.182915e+03   -3.008161e+03
     952   3    1.629196e+03    8.553379e+03    3.054773e+03   -3.121759e+03
     953   1    1.098606e+03    8.577060e+03    2.902700e+03   -3.388575e+03
     953   2    1.332302e+03    8.422880e+03    2.926554e+03   -3.232130e+03
     953   3    1.037355e+03    8.281087e+03    2.795533e+03   -3.339429e+03
     954   1    1.536825e+03    1.006235e+04    3.479753e+03   -3.190640e+03
     954   2    1.805839e+03    9.983146e+03    3.536695e+03   -3.086049e+03
     954   3    1.639146e+03    9.918702e+03    3.467354e+03   -3.207679e+03
     955   1    4.973009e+02    8.351593e+03    2.654668e+03   -3.594720e+03
     955   2    7.342656e+02    8.152804e+03    2.666121e+03   -3.442705e+03
     955   3    4.264240e+02    8.011261e+03    2.531306e+03   -3.544795e+03
     956   1   -1.140967e+02    1.176019e+04    3.493827e+03   -3.037049e+03
     956   2   -4.246554e+01    1.184722e+04    3.541426e+03   -2.903279e+03
     956   3    4.286391e+01    1.161313e+04    3.496797e+03   -3.024043e+03
     957   1   -1.318436e+02    8.140477e+03    2.402590e+03   -3.785799e+03
     957   2    1.083148e+02    7.887553e+03    2.398760e+03   -3.642228e+03
     957   3   -2.182443e+02    7.749759e+03    2.259454e+03   -3.738560e+03
     958   1   -1.031799e+02    1.141438e+04    3.393359e+03   -3.272839e+03
     958   2   -2.906472e+02    1.154923e+04    3.377575e+03   -3.282068e+03
     958   3   -1.984838e+02    1.166647e+04    3.440397e+03   -3.159615e+03
     959   1    4.449211e+02    1.131795e+04    3.528861e+03   -2.889265e+03
     959   2    3.143765e+02    1.151353e+04    3.548373e+03   -2.798440e+03
     959   3    4.736334e+02    1.136744e+04    3.552323e+03   -2.746209e+03
     960   1    1.036870e+03    1.068374e+04    3.516182e+03   -3.011399e+03
     960   2    1.077038e+03    1.057703e+04    3.496222e+03   -3.104530e+03
     960   3    8.764042e+02    1.075456e+04    3.489290e+03   -3.086583e+03
     961   1   -1.245902e+03    1.292739e+04    3.504446e+03   -2.664854e+03
     961   2   -1.242944e+03    1.320183e+04    3.587667e+03   -2.439189e+03
     961   3   -1.066484e+03    1.301454e+04    3.584416e+03   -2.553703e+03
     962   1   -2.086393e+03    1.162281e+04    2.860926e+03   -3.583479e+03
     962   2   -2.343936e+03    1.179452e+04    2.835176e+03   -3.516538e+03
     962   3   -2.146067e+03    1.204646e+04    2.970119e+03   -3.378392e+03
     963   1   -8.020782e+02    7.948184e+03    2.143832e+03   -3.959721e+03
     963   2   -5.588057e+02    7.632821e+03    2.122205e+03   -3.829051e+03
     963   3   -9.088950e+02    7.501921e+03    1.977908e+03   -3.917060e+03
     964   1   -6.984085e+02    1.183710e+04    3.341608e+03   -3.257271e+03
     964   2   -5.741659e+02    1.196344e+04    3.416782e+03   -3.136301e+03
     964   3   -5.027548e+02    1.168614e+04    3.355015e+03   -3.278193e+03
     965   1   -8.876086e+02    1.255221e+04    3.499381e+03   -2.845048e+03
     965   2   -9.153534e+02    1.281857e+04    3.570966e+03   -2.650763e+03
     965   3   -7.412658e+02    1.264316e+04    3.570568e+03   -2.728259e+03
     966   1   -5.375099e+02    1.220870e+04    3.501357e+03   -2.952819e+03
     966   2   -5.930111e+02    1.246146e+04    3.560535e+03   -2.788481e+03
     966   3   -4.242674e+02    1.229726e+04    3.561899e+03   -2.830339e+03
     967   1   -1.995675e+02    1.189265e+04    3.507925e+03   -2.992455e+03
     967   2   -2.807209e+02    1.212817e+04    3.554234e+03   -2.855824e+03
     967   3   -1.180833e+02    1.197352e+04    3.556630e+03   -2.864059e+03
     968   1    1.533611e+02    8.960414e+03    2.734133e+03   -3.804150e+03
     968   2    4.547701e+02    9.010255e+03    2.839507e+03   -3.713573e+03
     968   3    3.869838e+02    8.715633e+03    2.730785e+03   -3.700907e+03
     969   1   -7.909856e+02    1.198923e+04    3.359472e+03   -3.193395e+03
     969   2   -8.614729e+02    1.226295e+04    3.420443e+03   -3.030364e+03
     969   3   -6.597468e+02    1.210214e+04    3.432717e+03   -3.076750e+03
     970   1   -1.381477e+03    1.295053e+04    3.470717e+03   -2.668180e+03
     970   2   -1.553449e+03    1.316263e+04    3.482754e+03   -2.541414e+03
     970   3   -1.351905e+03    1.325284e+04    3.570282e+03   -2.430276e+03
     971   1    8.399270e+02    9.569534e+03    3.122838e+03   -3.592933e+03
     971   2    1.099970e+03    9.607569e+03    3.212262e+03   -3.496945e+03
     971   3    1.080792e+03    9.387125e+03    3.140375e+03   -3.507118e+03
     972   1    7.471088e+02    9.079280e+03    2.947917e+03   -3.616246e+03
     972   2    1.041814e+03    9.145842e+03    3.056297e+03   -3.513077e+03
     972   3    9.825472e+02    8.883134e+03    2.959704e+03   -3.500360e+03
     973   1    2.802875e+02    9.531352e+03    2.943492e+03   -3.774670e+03
     973   2    5.688362e+02    9.537406e+03    3.031873e+03   -3.686994e+03
     973   3    5.155309e+02    9.292039e+03    2.942271e+03   -3.704662e+03
     974   1   -2.954749e+02    1.190562e+04    3.483045e+03   -3.035793e+03
     974   2   -4.585658e+02    1.206519e+04    3.481987e+03   -3.017248e+03
     974   3   -3.552945e+02    1.216121e+04    3.541776e+03   -2.889217e+03
     975   1   -1.520923e+03    7.780594e+03    1.877901e+03   -4.109450e+03
     975   2   -1.277316e+03    7.394138e+03    1.835047e+03   -3.996980e+03
     975   3   -1.652998e+03    7.273671e+03    1.686202e+03   -4.071349e+03
     976   1   -1.719980e+03    1.203006e+04    3.093024e+03   -3.339285e+03
     976   2   -1.954092e+03    1.222815e+04    3.082218e+03   -3.252403e+03
     976   3   -1.749422e+03    1.240123e+04    3.195544e+03   -3.127188e+03
     977   1   -3.248514e+03    6.528589e+03    9.840226e+02   -4.184603e+03
     977   2   -2.826037e+03    6.606479e+03    1.134133e+03   -4.162040e+03
     977   3   -3.031293e+03    5.957114e+03    8.777464e+02   -4.048705e+03
     978   1   -5.087195e+03    8.352324e+03    9.795386e+02   -3.836275e+03
     978   2   -5.371736e+03    7.440326e+03    6.205769e+02   -3.682873e+03
     978   3   -5.170046e+03    8.687066e+03    1.055106e+03   -3.661260e+03
     979   1   -3.458237e+03    6.268469e+03    8.430696e+02   -4.143506e+03
     979   2   -3.260831e+03    5.686528e+03    7.277089e+02   -4.018939e+03
     979   3   -3.702934e+03    5.546504e+03    5.530709e+02   -4.019465e+03
     980   1   -2.102841e+03    7.845379e+03    1.722761e+03   -4.219609e+03
     980   2   -1.725976e+03    7.890896e+03    1.849476e+03   -4.165949e+03
     980   3   -1.861423e+03    7.389881e+03    1.658537e+03   -4.125735e+03
     981   1    5.165746e+02    2.030337e+04    6.245982e+03    1.411086e+03
     981   2    4.302842e+01    1.990344e+04    5.983941e+03    1.413680e+03
     981   3    4.143411e+02    2.069954e+04    6.334166e+03    9.553043e+02
     982   1   -4.781728e+02    1.913918e+04    5.598301e+03    1.648681e+03
     982   2   -6.414474e+02    1.850710e+04    5.359694e+03    1.919481e+03
     982   3   -9.274084e+02    1.870086e+04    5.332036e+03    1.561721e+03
     983   1    7.722805e+02    1.103854e+04    3.543245e+03   -2.762037e+03
     983   2    6.176461e+02    1.120950e+04    3.548144e+03   -2.684250e+03
     983   3    8.009780e+02    1.105122e+04    3.555660e+03   -2.593187e+03
     984   1    6.499565e+02    1.093984e+04    3.476939e+03   -3.104559e+03
     984   2    4.761564e+02    1.105351e+04    3.458900e+03   -3.161984e+03
     984   3    5.127494e+02    1.114101e+04    3.496129e+03   -3.034019e+03
     985   1   -4.975713e+03    4.495090e+03   -1.441869e+02   -3.684173e+03
     985   2   -4.855785e+03    3.844044e+03   -3.035221e+02   -3.526739e+03
     985   3   -5.349492e+03    3.666172e+03   -5.049959e+02   -3.398031e+03
     986   1   -5.071301e+03    5.236700e+03    4.961978e+01   -3.824228e+03
     986   2   -5.449587e+03    5.125102e+03   -9.734572e+01   -3.652546e+03
     986   3   -5.108828e+03    6.047858e+03    2.817089e+02   -3.890444e+03
     987   1   -4.270746e+03    1.139395e+04    2.136961e+03   -3.589264e+03
     987   2   -4.055118e+03    1.182659e+04    2.331442e+03   -3.473167e+03
     987   3   -4.066051e+03    1.110381e+04    2.111327e+03   -3.738723e+03
     988   1   -2.513779e+03    1.288484e+04    3.111318e+03   -2.894378e+03
     988   2   -2.507781e+03    1.325058e+04    3.222839e+03   -2.612330e+03
     988   3   -2.282820e+03    1.301742e+04    3.220380e+03   -2.764251e+03
     989   1   -1.742431e+03    1.857347e+04    5.049312e+03    2.881520e+02
     989   2   -1.658752e+03    1.869840e+04    5.111896e+03   -3.156253e+02
     989   3   -1.125384e+03    1.930933e+04    5.455183e+03    1.666572e+02
     990   1   -1.791146e+03    1.838070e+04    4.976866e+03    7.409948e+02
     990   2   -1.445756e+03    1.843998e+04    5.098267e+03    1.212330e+03
     990   3   -1.851388e+03    1.801573e+04    4.849302e+03    1.097879e+03
     991   1   -2.783658e+03    1.415689e+04    3.411969e+03   -1.905829e+03
     991   2   -2.673840e+03    1.446009e+04    3.535874e+03   -1.560322e+03
     991   3   -2.522923e+03    1.420520e+04    3.504684e+03   -1.783475e+03
     992   1   -2.441053e+03    1.362770e+04    3.355995e+03   -2.307747e+03
     992   2   -2.376822e+03    1.393922e+04    3.468719e+03   -1.997792e+03
     992   3   -2.193514e+03    1.370368e+04    3.453049e+03   -2.188826e+03
     993   1   -2.047907e+03    1.314708e+04    3.329752e+03   -2.639437e+03
     993   2   -2.024525e+03    1.345877e+04    3.430273e+03   -2.367088e+03
     993   3   -1.823342e+03    1.324280e+04    3.425836e+03   -2.522441e+03
     994   1   -3.153175e+03    1.246978e+04    2.794981e+03   -3.192432e+03
     994   2   -3.379219e+03    1.275420e+04    2.812494e+03   -3.032643e+03
     994   3   -3.134055e+03    1.298832e+04    2.956278e+03   -2.883450e+03
     995   1   -2.909732e+03    1.673910e+04    4.148809e+03    7.929800e+01
     995   2   -2.621389e+03    1.690947e+04    4.286423e+03    5.102163e+02
     995   3   -2.788326e+03    1.657885e+04    4.137157e+03    2.726700e+02
     996   1   -2.735143e+03    1.727411e+04    4.361691e+03   -6.071815e+02
     996   2   -3.091119e+03    1.682972e+04    4.121580e+03   -7.392191e+02
     996   3   -2.907229e+03    1.679987e+04    4.167793e+03   -1.155033e+03
     997   1   -4.080941e+03    6.411492e+03    6.991653e+02   -4.163311e+03
     997   2   -3.653114e+03    6.453038e+03    8.399771e+02   -4.184507e+03
     997   3   -3.923243e+03    5.723109e+03    5.399598e+02   -4.048154e+03
     998   1   -4.476083e+03    7.712168e+03    9.708258e+02   -4.161109e+03
     998   2   -4.420149e+03    6.898665e+03    7.435548e+02   -4.165616e+03
     998   3   -4.770426e+03    6.911999e+03    6.424720e+02   -4.067740e+03
     999   1   -3.462335e+03    1.614128e+04    3.803685e+03   -8.442059e+02
     999   2   -3.265127e+03    1.655810e+04    3.987891e+03   -6.345972e+02
     999   3   -3.171483e+03    1.659813e+04    4.027994e+03   -3.738848e+02
    1000   1   -3.042425e+03    1.473378e+04    3.507408e+03   -1.443003e+03
    1000   2   -2.883349e+03    1.501956e+04    3.640862e+03   -1.065976e+03
    1000   3   -2.782947e+03    1.474573e+04    3.588836e+03   -1.314555e+03
    1001   1   -3.144766e+03    1.602500e+04    3.864071e+03   -4.158317e+02
    1001   2   -2.890872e+03    1.624485e+04    4.006194e+03    4.609547e+00
    1001   3   -2.952329e+03    1.593418e+04    3.894555e+03   -2.563871e+02
    1002   1   -3.464582e+03    1.605865e+04    3.778220e+03   -8.284582e+02
    1002   2   -3.206039e+03    1.641335e+04    3.962193e+03   -3.692939e+02
    1002   3   -3.337834e+03    1.603899e+04    3.810348e+03   -5.942901e+02
    1003   1   -3.176991e+03    1.535701e+04    3.654006e+03   -9.367775e+02
    1003   2   -2.968203e+03    1.561513e+04    3.794079e+03   -5.343954e+02
    1003   3   -2.938794e+03    1.532291e+04    3.715236e+03   -7.972558e+02
    1004   1   -3.567603e+03    1.433521e+04    3.230283e+03   -1.946600e+03
    1004   2   -3.312264e+03    1.445651e+04    3.343273e+03   -1.791474e+03
    1004   3   -3.451001e+03    1.401095e+04    3.167985e+03   -2.170740e+03
    1005   1   -3.187684e+03    1.613486e+04    3.884153e+03   -3.906303e+02
    1005   2   -3.073940e+03    1.650159e+04    4.028294e+03   -1.367563e+02
    1005   3   -2.909037e+03    1.642301e+04    4.054192e+03    3.884842e+01
    1006   1   -3.254669e+03    1.578939e+04    3.760416e+03   -6.369808e+02
    1006   2   -3.033114e+03    1.576448e+04    3.819411e+03   -4.889037e+02
    1006   3   -3.270923e+03    1.544474e+04    3.652145e+03   -9.028202e+02
    1007   1    1.688733e+03    1.028394e+04    3.591802e+03   -2.906669e+03
    1007   2    1.558195e+03    1.038860e+04    3.584038e+03   -2.853791e+03
    1007   3    1.800141e+03    1.029594e+04    3.628824e+03   -2.757882e+03
    1008   1    2.092696e+03    9.977111e+03    3.620942e+03   -2.921791e+03
    1008   2    2.233379e+03    1.003302e+04    3.679919e+03   -2.787704e+03
    1008   3    2.377731e+03    9.919145e+03    3.689063e+03   -2.790333e+03
    1009   1    2.357782e+03    9.729497e+03    3.626184e+03   -2.899722e+03
    1009   2    2.525367e+03    9.822463e+03    3.704349e+03   -2.778628e+03
    1009   3    2.668286e+03    9.704791e+03    3.711923e+03   -2.747756e+03
    1010   1    1.837697e+03    9.299564e+03    3.341178e+03   -3.182944e+03
    1010   2    2.050255e+03    9.137952e+03    3.356462e+03   -3.061138e+03
    1010   3    1.761417e+03    9.051784e+03    3.243960e+03   -3.187606e+03
    1011   1    1.737011e+03    9.736583e+03    3.442078e+03   -3.206119e+03
    1011   2    2.032844e+03    9.683399e+03    3.514873e+03   -3.074257e+03
    1011   3    1.832414e+03    9.554015e+03    3.415929e+03   -3.192008e+03
    1012   1    1.956050e+03    1.004350e+04    3.599865e+03   -2.963689e+03
    1012   2    1.819187e+03    1.015600e+04    3.592556e+03   -2.942474e+03
    1012   3    2.091538e+03    1.008558e+04    3.653136e+03   -2.822106e+03
    1013   1    1.268824e+03    1.065369e+04    3.576753e+03   -2.637836e+03
    1013   2    1.321207e+03    1.063192e+04    3.585938e+03   -2.481899e+03
    1013   3    1.473803e+03    1.052262e+04    3.598927e+03   -2.566562e+03
    1014   1    9.718140e+02    1.076209e+04    3.520172e+03   -2.963129e+03
    1014   2    8.307084e+02    1.084167e+04    3.501714e+03   -3.034806e+03
    1014   3    8.501039e+02    1.090546e+04    3.526669e+03   -2.905755e+03
    1015   1    1.216443e+03    9.114747e+03    3.099357e+03   -3.435891e+03
    1015   2    1.453885e+03    8.955919e+03    3.122941e+03   -3.311564e+03
    1015   3    1.160646e+03    8.851838e+03    3.003745e+03   -3.424907e+03
    1016   1    6.646897e+02    1.075799e+04    3.426803e+03   -3.268905e+03
    1016   2    5.015746e+02    1.095176e+04    3.436000e+03   -3.223441e+03
    1016   3    6.999195e+02    1.084983e+04    3.464925e+03   -3.160529e+03
    1017   1    6.308655e+02    8.961858e+03    2.877817e+03   -3.644772e+03
    1017   2    8.614040e+02    8.760794e+03    2.886659e+03   -3.531146e+03
    1017   3    5.643198e+02    8.663428e+03    2.768324e+03   -3.632946e+03
    1018   1    3.904237e+02    1.015620e+04    3.163989e+03   -3.653610e+03
    1018   2    5.729909e+02    1.027382e+04    3.254043e+03   -3.560325e+03
    1018   3    6.467863e+02    1.006023e+04    3.212106e+03   -3.591813e+03
    1019   1   -1.363211e+03    7.963792e+03    1.980174e+03   -4.100902e+03
    1019   2   -1.002352e+03    8.029185e+03    2.108050e+03   -4.028215e+03
    1019   3   -1.110843e+03    7.586921e+03    1.942823e+03   -3.984451e+03
    1020   1   -2.274131e+03    7.648914e+03    1.612435e+03   -4.221146e+03
    1020   2   -2.046073e+03    7.179007e+03    1.539880e+03   -4.133491e+03
    1020   3   -2.438365e+03    7.073738e+03    1.390612e+03   -4.184624e+03
    1021   1   -2.208588e+03    1.317040e+04    3.288545e+03   -2.633408e+03
    1021   2   -2.398332e+03    1.341885e+04    3.306155e+03   -2.467854e+03
    1021   3   -2.152504e+03    1.352470e+04    3.411659e+03   -2.346509e+03
    1022   1   -1.630295e+03    1.271511e+04    3.325444e+03   -2.897109e+03
    1022   2   -1.642666e+03    1.301974e+04    3.413123e+03   -2.662690e+03
    1022   3   -1.434622e+03    1.282319e+04    3.416570e+03   -2.781055e+03
    1023   1    3.040304e+01    8.836896e+03    2.660190e+03   -3.829448e+03
    1023   2    2.578305e+02    8.583769e+03    2.652480e+03   -3.728941e+03
    1023   3   -5.224003e+01    8.495746e+03    2.533052e+03   -3.821468e+03
    1024   1    1.000237e+02    1.129090e+04    3.417277e+03   -3.248046e+03
    1024   2    1.624205e+02    1.139559e+04    3.467403e+03   -3.122544e+03
    1024   3    2.803480e+02    1.116782e+04    3.434451e+03   -3.211795e+03
    1025   1   -5.990458e+02    8.740844e+03    2.442540e+03   -3.990716e+03
    1025   2   -3.748642e+02    8.428356e+03    2.416047e+03   -3.907959e+03
    1025   3   -7.037855e+02    8.352089e+03    2.294491e+03   -3.990337e+03
    1026   1   -4.879386e+02    1.126018e+04    3.231673e+03   -3.509581e+03
    1026   2   -3.862706e+02    1.142404e+04    3.311330e+03   -3.393635e+03
    1026   3   -2.726337e+02    1.115519e+04    3.264766e+03   -3.492399e+03
    1027   1    3.680451e+02    1.116654e+04    3.460374e+03   -3.152217e+03
    1027   2    2.304267e+02    1.137362e+04    3.481214e+03   -3.072314e+03
    1027   3    4.121620e+02    1.124585e+04    3.497405e+03   -3.028146e+03
    1028   1    7.285420e+02    1.093362e+04    3.498648e+03   -3.037113e+03
    1028   2    5.724266e+02    1.111399e+04    3.505924e+03   -2.976023e+03
    1028   3    7.543192e+02    1.099128e+04    3.523680e+03   -2.910648e+03
    1029   1   -1.207118e+03    1.233029e+04    3.336953e+03   -3.080833e+03
    1029   2   -1.250578e+03    1.262180e+04    3.411368e+03   -2.883262e+03
    1029   3   -1.043290e+03    1.244382e+04    3.420158e+03   -2.964996e+03
    1030   1   -2.626335e+03    1.199376e+04    2.810228e+03   -3.431572e+03
    1030   2   -2.884882e+03    1.222564e+04    2.802227e+03   -3.317634e+03
    1030   3   -2.657984e+03    1.247797e+04    2.945995e+03   -3.169645e+03
    1031   1   -3.889146e+02    1.168703e+04    3.389435e+03   -3.238699e+03
    1031   2   -4.833286e+02    1.193959e+04    3.436879e+03   -3.107350e+03
    1031   3   -2.892959e+02    1.179337e+04    3.451221e+03   -3.120639e+03
    1032   1   -3.462076e+00    1.141542e+04    3.423589e+03   -3.222932e+03
    1032   2   -1.196591e+02    1.164558e+04    3.457777e+03   -3.119403e+03
    1032   3    6.671054e+01    1.151130e+04    3.473404e+03   -3.101805e+03
    1033   1   -8.856583e+02    9.529462e+03    2.593141e+03   -4.037131e+03
    1033   2   -5.855211e+02    9.502730e+03    2.675163e+03   -3.986031e+03
    1033   3   -6.769070e+02    9.194894e+03    2.555396e+03   -4.015976e+03
    1034   1   -1.121657e+03    1.216288e+04    3.312366e+03   -3.167418e+03
    1034   2   -9.643633e+02    1.229301e+04    3.398595e+03   -3.047344e+03
    1034   3   -9.195096e+02    1.199038e+04    3.321263e+03   -3.222039e+03
    1035   1    3.740329e+02    1.084224e+04    3.364882e+03   -3.387146e+03
    1035   2    4.291822e+02    1.096080e+04    3.416993e+03   -3.275780e+03
    1035   3    5.745389e+02    1.074602e+04    3.396169e+03   -3.329733e+03
    1036   1   -1.174774e+02    1.056818e+04    3.135210e+03   -3.689021e+03
    1036   2    8.790554e+01    1.054401e+04    3.189574e+03   -3.638530e+03
    1036   3    1.311601e+02    1.030513e+04    3.130887e+03   -3.695628e+03
    1037   1   -9.682997e+02    1.152265e+04    3.166306e+03   -3.494688e+03
    1037   2   -8.267569e+02    1.169895e+04    3.261658e+03   -3.373347e+03
    1037   3   -7.316572e+02    1.138281e+04    3.195345e+03   -3.511027e+03
    1038   1   -1.349389e+03    1.233617e+04    3.296034e+03   -3.098109e+03
    1038   2   -1.554597e+03    1.253247e+04    3.293361e+03   -3.007799e+03
    1038   3   -1.364585e+03    1.266113e+04    3.388963e+03   -2.887767e+03
    1039   1   -4.658979e+02    8.871163e+03    2.521579e+03   -3.967754e+03
    1039   2   -1.502682e+02    8.905476e+03    2.626562e+03   -3.889471e+03
    1039   3   -2.327758e+02    8.572051e+03    2.501782e+03   -3.881124e+03
    1040   1   -1.274126e+03    8.693906e+03    2.225934e+03   -4.126936e+03
    1040   2   -1.050553e+03    8.302792e+03    2.175672e+03   -4.066257e+03
    1040   3   -1.400262e+03    8.242138e+03    2.052563e+03   -4.134931e+03
    1041   1   -3.029647e+03    7.553728e+03    1.357225e+03   -4.277766e+03
    1041   2   -2.842940e+03    6.998148e+03    1.246562e+03   -4.220129e+03
    1041   3   -3.232957e+03    6.934532e+03    1.110473e+03   -4.238667e+03
    1042   1   -2.686561e+03    1.289297e+04    3.061924e+03   -2.895860e+03
    1042   2   -2.896243e+03    1.315427e+04    3.077409e+03   -2.735780e+03
    1042   3   -2.643155e+03    1.331303e+04    3.200963e+03   -2.597503e+03
    1043   1    1.044191e+03    1.074527e+04    3.536837e+03   -2.896187e+03
    1043   2    9.094988e+02    1.086972e+04    3.533765e+03   -2.845684e+03
    1043   3    1.101343e+03    1.074738e+04    3.554616e+03   -2.777215e+03
    1044   1    1.010062e+03    1.056331e+04    3.472011e+03   -3.169085e+03
    1044   2    7.954834e+02    1.065502e+04    3.435151e+03   -3.257255e+03
    1044   3    8.230146e+02    1.075592e+04    3.473681e+03   -3.144911e+03
    1045   1    7.915581e+02    2.065255e+04    6.433231e+03    1.296864e+03
    1045   2    7.374802e+02    2.114960e+04    6.566123e+03    8.550690e+02
    1045   3    1.209479e+03    2.149875e+04    6.812469e+03    9.493757e+02
    1046   1    7.146607e+02    2.003801e+04    6.225800e+03    1.712335e+03
    1046   2    1.034694e+03    1.992035e+04    6.286512e+03    1.827360e+03
    1046   3    5.189858e+02    1.920087e+04    5.915958e+03    2.060835e+03
    1047   1    1.356399e+03    9.670071e+03    3.307941e+03   -3.384868e+03
    1047   2    1.574405e+03    9.748046e+03    3.396735e+03   -3.284826e+03
    1047   3    1.654117e+03    9.529564e+03    3.355104e+03   -3.268361e+03
    1048   1    1.197755e+03    9.950251e+03    3.344402e+03   -3.398041e+03
    1048   2    1.455481e+03    9.846301e+03    3.390535e+03   -3.311645e+03
    1048   3    1.245533e+03    9.779321e+03    3.307456e+03   -3.420453e+03
    1049   1   -4.305797e+03    6.139711e+03    5.501742e+02   -4.091749e+03
    1049   2   -4.177080e+03    5.433973e+03    3.770677e+02   -3.994105e+03
    1049   3   -4.603114e+03    5.337936e+03    2.204466e+02   -3.929229e+03
    1050   1   -4.594167e+03    8.013113e+03    1.025684e+03   -4.121938e+03
    1050   2   -4.899152e+03    7.242519e+03    7.030099e+02   -4.025225e+03
    1050   3   -4.889837e+03    8.166270e+03    9.829300e+02   -4.011874e+03
    1051   1   -3.605094e+03    1.185943e+04    2.476302e+03   -3.497178e+03
    1051   2   -3.838376e+03    1.216161e+04    2.496971e+03   -3.339554e+03
    1051   3   -3.605024e+03    1.250316e+04    2.669441e+03   -3.188067e+03
    1052   1   -2.945870e+03    1.339760e+04    3.135519e+03   -2.574364e+03
    1052   2   -2.895205e+03    1.377404e+04    3.263651e+03   -2.249740e+03
    1052   3   -2.697532e+03    1.351377e+04    3.244872e+03   -2.435841e+03
    1053   1   -3.774180e+03    1.334030e+04    2.869837e+03   -2.687126e+03
    1053   2   -3.526597e+03    1.357043e+04    3.013149e+03   -2.526345e+03
    1053   3   -3.602245e+03    1.303587e+04    2.830087e+03   -2.872522e+03
    1054   1   -3.302123e+03    1.397501e+04    3.201867e+03   -2.185130e+03
    1054   2   -3.201750e+03    1.435372e+04    3.345590e+03   -1.821958e+03
    1054   3   -3.050724e+03    1.406590e+04    3.304553e+03   -2.037783e+03
    1055   1   -2.498587e+03    1.754469e+04    4.513830e+03   -6.162591e+02
    1055   2   -2.682126e+03    1.701744e+04    4.300595e+03   -1.152378e+03
    1055   3   -2.141806e+03    1.794920e+04    4.742218e+03   -7.905607e+02
    1056   1   -3.055690e+03    1.689188e+04    4.150856e+03   -4.299744e+02
    1056   2   -2.777334e+03    1.721171e+04    4.330313e+03    3.750568e+01
    1056   3   -3.033236e+03    1.680626e+04    4.131906e+03   -1.399918e+02
    1057   1   -4.119993e+03    1.437407e+04    3.076223e+03   -2.204047e+03
    1057   2   -3.894969e+03    1.506247e+04    3.350249e+03   -1.841560e+03
    1057   3   -4.076558e+03    1.467447e+04    3.179374e+03   -1.978105e+03
    1058   1   -3.542214e+03    1.461363e+04    3.321425e+03   -1.743199e+03
    1058   2   -3.386045e+03    1.498796e+04    3.480574e+03   -1.344866e+03
    1058   3   -3.305743e+03    1.467222e+04    3.409944e+03   -1.581408e+03
    1059   1   -3.679587e+03    1.536839e+04    3.506640e+03   -1.276793e+03
    1059   2   -3.608621e+03    1.574254e+04    3.640175e+03   -1.045490e+03
    1059   3   -3.432034e+03    1.582470e+04    3.717801e+03   -8.308191e+02
    1060   1   -3.947019e+03    1.500018e+04    3.315949e+03   -1.734096e+03
    1060   2   -3.731645e+03    1.553872e+04    3.542121e+03   -1.290410e+03
    1060   3   -3.814340e+03    1.515979e+04    3.403634e+03   -1.488704e+03
    1061   1   -2.042765e+03    1.243331e+04    3.117162e+03   -3.142505e+03
    1061   2   -2.074306e+03    1.278281e+04    3.212550e+03   -2.903350e+03
    1061   3   -1.837041e+03    1.257606e+04    3.221707e+03   -3.019379e+03
    1062   1   -3.361990e+03    8.598153e+03    1.570849e+03   -4.282515e+03
    1062   2   -3.208476e+03    8.097798e+03    1.466797e+03   -4.306658e+03
    1062   3   -3.547473e+03    8.130939e+03    1.375040e+03   -4.295188e+03
    1063   1   -3.614734e+03    1.530525e+04    3.507154e+03   -1.281431e+03
    1063   2   -3.402097e+03    1.567362e+04    3.681456e+03   -8.481732e+02
    1063   3   -3.417497e+03    1.532951e+04    3.573605e+03   -1.089695e+03
    1064   1   -4.025201e+03    1.395241e+04    2.978162e+03   -2.319567e+03
    1064   2   -3.793021e+03    1.420851e+04    3.124646e+03   -2.124299e+03
    1064   3   -3.926477e+03    1.364738e+04    2.916271e+03   -2.509316e+03
    1065   1   -2.848098e+03    7.756705e+03    1.472582e+03   -4.287428e+03
    1065   2   -2.472112e+03    7.790415e+03    1.595491e+03   -4.261109e+03
    1065   3   -2.642743e+03    7.222915e+03    1.374052e+03   -4.220826e+03
    1066   1   -3.925149e+03    7.803959e+03    1.163643e+03   -4.262371e+03
    1066   2   -4.189256e+03    7.144485e+03    8.865685e+02   -4.203816e+03
    1066   3   -4.281720e+03    7.905820e+03    1.087230e+03   -4.216678e+03
    1067   1    1.293947e+03    1.043687e+04    3.519245e+03   -3.066923e+03
    1067   2    1.437160e+03    1.043678e+04    3.562182e+03   -2.930803e+03
    1067   3    1.555927e+03    1.030433e+04    3.558076e+03   -2.984819e+03
    1068   1    1.554262e+03    1.013696e+04    3.507367e+03   -3.140443e+03
    1068   2    1.690923e+03    1.018303e+04    3.562187e+03   -3.021900e+03
    1068   3    1.815068e+03    1.004075e+04    3.556746e+03   -3.043338e+03
    1069   1    2.479597e+03    9.361827e+03    3.552427e+03   -2.875754e+03
    1069   2    2.600901e+03    9.254916e+03    3.556745e+03   -2.798673e+03
    1069   3    2.351355e+03    9.193454e+03    3.463443e+03   -2.917718e+03
    1070   1    2.320468e+03    9.382803e+03    3.510982e+03   -2.955691e+03
    1070   2    2.193963e+03    9.228399e+03    3.426709e+03   -3.001774e+03
    1070   3    1.970277e+03    9.367477e+03    3.401326e+03   -3.127165e+03
    1071   1    1.766181e+03    9.837341e+03    3.481057e+03   -3.166876e+03
    1071   2    1.939095e+03    9.915812e+03    3.556472e+03   -3.053562e+03
    1071   3    2.057473e+03    9.764592e+03    3.546620e+03   -3.043807e+03
    1072   1    1.280864e+03    9.568156e+03    3.254706e+03   -3.423413e+03
    1072   2    1.578897e+03    9.440047e+03    3.305683e+03   -3.304805e+03
    1072   3    1.268947e+03    9.356456e+03    3.187621e+03   -3.437169e+03
    1073   1    8.796781e+02    1.039929e+04    3.383689e+03   -3.369622e+03
    1073   2    6.919689e+02    1.041351e+04    3.331645e+03   -3.457769e+03
    1073   3    7.400004e+02    1.055804e+04    3.389413e+03   -3.357075e+03
    1074   1    1.421648e+03    1.022734e+04    3.494695e+03   -3.165996e+03
    1074   2    1.284289e+03    1.037522e+04    3.497852e+03   -3.129844e+03
    1074   3    1.557226e+03    1.026029e+04    3.545255e+03   -3.039923e+03
    1075   1    7.415873e+02    9.478918e+03    3.066151e+03   -3.628963e+03
    1075   2    9.763211e+02    9.292592e+03    3.080674e+03   -3.545773e+03
    1075   3    6.903161e+02    9.229674e+03    2.975997e+03   -3.648099e+03
    1076   1    9.512921e+02    1.029993e+04    3.375368e+03   -3.386488e+03
    1076   2    9.971197e+02    1.014807e+04    3.343556e+03   -3.423140e+03
    1076   3    7.516672e+02    1.030851e+04    3.318054e+03   -3.472954e+03
    1077   1   -1.992330e+03    8.685928e+03    2.008079e+03   -4.227783e+03
    1077   2   -1.768516e+03    8.210704e+03    1.932656e+03   -4.194273e+03
    1077   3   -2.129070e+03    8.172173e+03    1.812931e+03   -4.242624e+03
    1078   1   -1.224985e+03    1.167208e+04    3.134128e+03   -3.462592e+03
    1078   2   -1.461101e+03    1.185173e+04    3.117187e+03   -3.406163e+03
    1078   3   -1.285564e+03    1.202515e+04    3.221876e+03   -3.285425e+03
    1079   1    1.688446e+02    9.439194e+03    2.882412e+03   -3.808037e+03
    1079   2    3.951637e+02    9.189022e+03    2.875256e+03   -3.741979e+03
    1079   3    1.018990e+02    9.142587e+03    2.773346e+03   -3.829816e+03
    1080   1    8.889010e+02    9.937420e+03    3.247896e+03   -3.527111e+03
    1080   2    1.060552e+03    9.983462e+03    3.313204e+03   -3.452528e+03
    1080   3    1.099521e+03    9.793603e+03    3.267937e+03   -3.472663e+03
    1081   1   -4.148468e+02    9.403602e+03    2.696627e+03   -3.953411e+03
    1081   2   -2.007213e+02    9.111276e+03    2.673166e+03   -3.909419e+03
    1081   3   -5.075019e+02    9.080698e+03    2.571959e+03   -3.983751e+03
    1082   1   -4.660700e+01    1.104677e+04    3.300049e+03   -3.467317e+03
    1082   2    2.891779e+01    1.118234e+04    3.363378e+03   -3.359389e+03
    1082   3    1.550850e+02    1.093955e+04    3.328390e+03   -3.434734e+03
    1083   1   -2.211432e+03    1.243168e+04    3.066076e+03   -3.153086e+03
    1083   2   -2.440762e+03    1.266033e+04    3.065869e+03   -3.030027e+03
    1083   3   -2.208495e+03    1.282872e+04    3.186067e+03   -2.898746e+03
    1084   1   -1.561499e+03    1.204004e+04    3.143562e+03   -3.319536e+03
    1084   2   -1.621939e+03    1.236937e+04    3.224229e+03   -3.121198e+03
    1084   3   -1.382965e+03    1.218766e+04    3.241407e+03   -3.201591e+03
    1085   1    2.551037e+02    1.095478e+04    3.362966e+03   -3.382181e+03
    1085   2    1.097128e+02    1.117463e+04    3.385304e+03   -3.315729e+03
    1085   3    3.165931e+02    1.106349e+04    3.414024e+03   -3.274143e+03
    1086   1    5.685987e+02    1.049836e+04    3.320087e+03   -3.473966e+03
    1086   2    3.968468e+02    1.072078e+04    3.335289e+03   -3.440330e+03
    1086   3    6.217939e+02    1.063633e+04    3.377438e+03   -3.376061e+03
    1087   1   -1.771474e+02    1.072017e+04    3.162906e+03   -3.654376e+03
    1087   2   -1.171566e+02    1.090984e+04    3.237804e+03   -3.558279e+03
    1087   3    1.934315e+01    1.069179e+04    3.213340e+03   -3.602663e+03
    1088   1   -1.614328e+02    1.117423e+04    3.303839e+03   -3.446198e+03
    1088   2   -2.954171e+02    1.142003e+04    3.337384e+03   -3.356497e+03
    1088   3   -8.078400e+01    1.129707e+04    3.364885e+03   -3.341653e+03
    1089   1   -6.636196e+02    1.063543e+04    2.991542e+03   -3.792875e+03
    1089   2   -3.728172e+02    1.059578e+04    3.066889e+03   -3.746069e+03
    1089   3   -4.124863e+02    1.033754e+04    2.977516e+03   -3.822197e+03
    1090   1   -6.008370e+02    1.140371e+04    3.240862e+03   -3.471281e+03
    1090   2   -7.211553e+02    1.169024e+04    3.290725e+03   -3.344845e+03
    1090   3   -4.960701e+02    1.155196e+04    3.316768e+03   -3.358681e+03
    1091   1   -1.077968e+03    1.168966e+04    3.183507e+03   -3.432905e+03
    1091   2   -1.167757e+03    1.200441e+04    3.250995e+03   -3.268819e+03
    1091   3   -9.334651e+02    1.184577e+04    3.273692e+03   -3.314712e+03
    1092   1   -2.203096e+03    1.056920e+04    2.509832e+03   -3.973353e+03
    1092   2   -1.962810e+03    1.010987e+04    2.444118e+03   -4.076589e+03
    1092   3   -2.335584e+03    1.014894e+04    2.344006e+03   -4.088262e+03
    1093   1   -7.011706e+02    1.082094e+04    3.035929e+03   -3.741138e+03
    1093   2   -5.827298e+02    1.107287e+04    3.147041e+03   -3.617821e+03
    1093   3   -4.227926e+02    1.077696e+04    3.106251e+03   -3.695602e+03
    1094   1   -1.275373e+03    1.112582e+04    2.955134e+03   -3.717889e+03
    1094   2   -1.113166e+03    1.133369e+04    3.066157e+03   -3.611123e+03
    1094   3   -9.961911e+02    1.092964e+04    2.980035e+03   -3.750331e+03
    1095   1   -2.937916e+02    9.504478e+03    2.763206e+03   -3.923108e+03
    1095   2   -3.166203e+00    9.514569e+03    2.853421e+03   -3.853813e+03
    1095   3   -6.992651e+01    9.226033e+03    2.746832e+03   -3.874870e+03
    1096   1   -1.019407e+03    9.440875e+03    2.526440e+03   -4.064777e+03
    1096   2   -8.271173e+02    9.077716e+03    2.475180e+03   -4.050439e+03
    1096   3   -1.155391e+03    9.077478e+03    2.376626e+03   -4.110205e+03
    1097   1   -1.837115e+03    8.835637e+03    2.099557e+03   -4.211840e+03
    1097   2   -1.472316e+03    8.819728e+03    2.204224e+03   -4.163024e+03
    1097   3   -1.596496e+03    8.383716e+03    2.036166e+03   -4.170947e+03
    1098   1   -2.724510e+03    8.667524e+03    1.782904e+03   -4.280973e+03
    1098   2   -2.504527e+03    8.146482e+03    1.692587e+03   -4.277692e+03
    1098   3   -2.857875e+03    8.122329e+03    1.579336e+03   -4.299015e+03
    1099   1   -4.596485e+03    9.735175e+03    1.541607e+03   -3.926762e+03
    1099   2   -4.837003e+03    9.124450e+03    1.286234e+03   -3.920283e+03
    1099   3   -4.773894e+03    1.001509e+04    1.572358e+03   -3.792515e+03
    1100   1   -3.253536e+03    1.057240e+04    2.195659e+03   -3.977583e+03
    1100   2   -3.377042e+03    1.124926e+04    2.361665e+03   -3.758065e+03
    1100   3   -3.047565e+03    1.103328e+04    2.395713e+03   -3.840674e+03
    1101   1   -4.875401e+03    9.976996e+03    1.530479e+03   -3.723458e+03
    1101   2   -4.977393e+03    8.975870e+03    1.199543e+03   -3.853034e+03
    1101   3   -5.071761e+03    9.339403e+03    1.280292e+03   -3.637881e+03
    1102   1   -4.783465e+03    1.111424e+04    1.899231e+03   -3.336715e+03
    1102   2   -4.972813e+03    1.005524e+04    1.524728e+03   -3.434185e+03
    1102   3   -4.698788e+03    1.137677e+04    2.003396e+03   -3.211625e+03
    1103   1   -2.342398e+03    1.786075e+04    4.655506e+03   -2.879073e+02
    1103   2   -2.007552e+03    1.822043e+04    4.863864e+03   -4.325904e+02
    1103   3   -1.987857e+03    1.832010e+04    4.899672e+03    1.460512e+02
    1104   1   -2.706093e+03    1.742237e+04    4.414884e+03   -2.995279e+02
    1104   2   -2.678393e+03    1.741851e+04    4.422036e+03    3.558251e+00
    1104   3   -2.990520e+03    1.699475e+04    4.201270e+03   -4.756058e+02
    1105   1    9.754560e+02    1.042216e+04    3.419283e+03   -3.304845e+03
    1105   2    8.235298e+02    1.056705e+04    3.417173e+03   -3.298256e+03
    1105   3    1.061356e+03    1.048664e+04    3.464399e+03   -3.204967e+03
    1106   1    3.907537e+02    1.001966e+04    3.123123e+03   -3.684140e+03
    1106   2    6.631205e+02    9.939219e+03    3.180702e+03   -3.610683e+03
    1106   3    6.190313e+02    9.770430e+03    3.116838e+03   -3.650584e+03
    1107   1   -3.577162e+03    7.757382e+03    1.254066e+03   -4.294364e+03
    1107   2   -3.209316e+03    7.737713e+03    1.358519e+03   -4.298323e+03
    1107   3   -3.421656e+03    7.132974e+03    1.113396e+03   -4.254558e+03
    1108   1   -3.767266e+03    7.563804e+03    1.138962e+03   -4.267486e+03
    1108   2   -3.639332e+03    6.902194e+03    9.788585e+02   -4.240889e+03
    1108   3   -4.020880e+03    6.881692e+03    8.582435e+02   -4.212881e+03
    1109   1   -3.437220e+03    1.304025e+04    2.880910e+03   -2.871252e+03
    1109   2   -3.404177e+03    1.350270e+04    3.029558e+03   -2.543170e+03
    1109   3   -3.201941e+03    1.322099e+04    3.005714e+03   -2.719888e+03
    1110   1   -2.973598e+03    1.248717e+04    2.854070e+03   -3.182892e+03
    1110   2   -2.997924e+03    1.293946e+04    2.982460e+03   -2.892732e+03
    1110   3   -2.754077e+03    1.269310e+04    2.981706e+03   -3.035168e+03
    1111   1   -4.559525e+03    1.257617e+04    2.404992e+03   -2.991359e+03
    1111   2   -4.626594e+03    1.198611e+04    2.207853e+03   -3.237820e+03
    1111   3   -4.682133e+03    1.178360e+04    2.130440e+03   -3.263800e+03
    1112   1   -3.790234e+03    1.364803e+04    2.957340e+03   -2.505836e+03
    1112   2   -3.697945e+03    1.412831e+04    3.129111e+03   -2.137809e+03
    1112   3   -3.560038e+03    1.381342e+04    3.076014e+03   -2.339254e+03
    1113   1   -2.448780e+03    1.202343e+04    2.872395e+03   -3.411993e+03
    1113   2   -2.519836e+03    1.245072e+04    2.979264e+03   -3.167240e+03
    1113   3   -2.256440e+03    1.223692e+04    2.994144e+03   -3.275092e+03
    1114   1   -2.393054e+03    1.075790e+04    2.509455e+03   -3.928593e+03
    1114   2   -2.521926e+03    1.035785e+04    2.350778e+03   -4.040959e+03
    1114   3   -2.719094e+03    1.088506e+04    2.449791e+03   -3.894893e+03
    1115   1   -3.652053e+03    1.539101e+04    3.521687e+03   -1.736674e+03
    1115   2   -3.636126e+03    1.482269e+04    3.355971e+03   -2.133431e+03
    1115   3   -3.210268e+03    1.592631e+04    3.814813e+03   -1.691051e+03
    1116   1   -3.629507e+03    1.579682e+04    3.650194e+03   -1.395455e+03
    1116   2   -3.363184e+03    1.636401e+04    3.900248e+03   -9.119784e+02
    1116   3   -3.596367e+03    1.593328e+04    3.701073e+03   -1.080944e+03
    1117   1   -4.323555e+03    1.346661e+04    2.742915e+03   -2.598139e+03
    1117   2   -4.494966e+03    1.302327e+04    2.558492e+03   -2.779251e+03
    1117   3   -4.467222e+03    1.253412e+04    2.420070e+03   -2.922159e+03
    1118   1   -3.985203e+03    1.428840e+04    3.090960e+03   -2.125362e+03
    1118   2   -3.828530e+03    1.480187e+04    3.292003e+03   -1.713212e+03
    1118   3   -3.785377e+03    1.445838e+04    3.201900e+03   -1.919037e+03
    1119   1   -3.963592e+03    1.500045e+04    3.311056e+03   -1.766892e+03
    1119   2   -3.816410e+03    1.537242e+04    3.466803e+03   -1.596684e+03
    1119   3   -3.710101e+03    1.565808e+04    3.584393e+03   -1.309174e+03
    1120   1   -4.057292e+03    1.463084e+04    3.172064e+03   -1.937394e+03
    1120   2   -3.875568e+03    1.489690e+04    3.306401e+03   -1.709740e+03
    1120   3   -4.073422e+03    1.428941e+04    3.064797e+03   -2.138140e+03
    1121   1    1.238402e+03    1.003502e+04    3.382026e+03   -3.354858e+03
    1121   2    1.400971e+03    1.008981e+04    3.447235e+03   -3.257442e+03
    1121   3    1.490189e+03    9.915401e+03    3.421677e+03   -3.273979e+03
    1122   1    8.194325e+02    9.865905e+03    3.205601e+03   -3.565547e+03
    1122   2    1.029407e+03    9.724902e+03    3.226293e+03   -3.510896e+03
    1122   3    7.793318e+02    9.691340e+03    3.141202e+03   -3.607987e+03
    1123   1   -1.718610e+03    9.640777e+03    2.376650e+03   -4.133217e+03
    1123   2   -1.514901e+03    9.128618e+03    2.284115e+03   -4.160207e+03
    1123   3   -1.861709e+03    9.152564e+03    2.187256e+03   -4.198644e+03
    1124   1   -1.116888e+03    1.041966e+04    2.790832e+03   -3.921647e+03
    1124   2   -9.029063e+02    1.060338e+04    2.910142e+03   -3.845191e+03
    1124   3   -8.853207e+02    1.026659e+04    2.814382e+03   -3.927309e+03
    1125   1    2.908205e+02    9.976073e+03    3.080068e+03   -3.722395e+03
    1125   2    5.049652e+02    9.705019e+03    3.062995e+03   -3.694922e+03
    1125   3    2.292601e+02    9.704609e+03    2.980161e+03   -3.777627e+03
    1126   1    7.935802e+02    1.005395e+04    3.254258e+03   -3.541001e+03
    1126   2    7.086670e+02    1.024181e+04    3.285144e+03   -3.513524e+03
    1126   3    9.605804e+02    1.009189e+04    3.315740e+03   -3.459868e+03
    1127   1   -2.564888e+03    8.838867e+03    1.882194e+03   -4.271116e+03
    1127   2   -2.191993e+03    8.834850e+03    1.992857e+03   -4.247617e+03
    1127   3   -2.328694e+03    8.335480e+03    1.802036e+03   -4.260754e+03
    1128   1   -3.503385e+03    8.824789e+03    1.596421e+03   -4.262061e+03
    1128   2   -3.690412e+03    8.387471e+03    1.409118e+03   -4.275213e+03
    1128   3   -3.781686e+03    9.041805e+03    1.578036e+03   -4.223230e+03
    1129   1   -1.722514e+02    1.006357e+04    2.967396e+03   -3.829684e+03
    1129   2    1.227391e+02    1.006096e+04    3.055110e+03   -3.757476e+03
    1129   3    5.936059e+01    9.797017e+03    2.956913e+03   -3.810582e+03
    1130   1    2.315406e+02    1.048758e+04    3.215737e+03   -3.608968e+03
    1130   2    4.697777e+02    1.037438e+04    3.253248e+03   -3.562095e+03
    1130   3    2.840647e+02    1.027158e+04    3.166693e+03   -3.661283e+03
    1131   1   -1.922296e+03    1.165744e+04    2.920543e+03   -3.558066e+03
    1131   2   -2.013781e+03    1.203490e+04    3.006336e+03   -3.366825e+03
    1131   3   -1.748079e+03    1.185079e+04    3.030814e+03   -3.441424e+03
    1132   1   -3.084046e+03    9.928698e+03    2.053396e+03   -4.137543e+03
    1132   2   -2.678198e+03    9.875671e+03    2.159242e+03   -4.151833e+03
    1132   3   -2.805473e+03    9.371822e+03    1.969905e+03   -4.221642e+03
    1133   1    1.140089e+02    1.072465e+04    3.251597e+03   -3.558010e+03
    1133   2   -3.447282e+01    1.092816e+04    3.268105e+03   -3.518832e+03
    1133   3    1.884305e+02    1.083073e+04    3.305747e+03   -3.481513e+03
    1134   1    2.426632e+02    1.060580e+04    3.254539e+03   -3.560702e+03
    1134   2    3.109663e+02    1.072458e+04    3.310665e+03   -3.482156e+03
    1134   3    4.646767e+02    1.047680e+04    3.282443e+03   -3.524179e+03
    1135   1   -2.314360e+02    1.023905e+04    3.002285e+03   -3.809141e+03
    1135   2   -1.951180e+02    1.049275e+04    3.089289e+03   -3.731093e+03
    1135   3    5.409483e+01    1.023257e+04    3.085998e+03   -3.736978e+03
    1136   1   -3.017908e+02    1.082896e+04    3.158149e+03   -3.646140e+03
    1136   2   -4.776856e+02    1.110702e+04    3.188801e+03   -3.575143e+03
    1136   3   -2.404356e+02    1.101086e+04    3.231128e+03   -3.552746e+03
    1137   1   -2.855630e+02    9.973772e+03    2.906463e+03   -3.869077e+03
    1137   2   -6.182728e+01    9.699612e+03    2.891335e+03   -3.853246e+03
    1137   3   -3.424721e+02    9.693364e+03    2.805268e+03   -3.919826e+03
    1138   1   -6.663942e+02    1.003881e+04    2.811724e+03   -3.933359e+03
    1138   2   -4.359885e+02    1.005827e+04    2.886686e+03   -3.889721e+03
    1138   3   -4.930623e+02    9.782237e+03    2.786752e+03   -3.939419e+03
    1139   1   -1.406008e+03    1.132600e+04    2.975998e+03   -3.655047e+03
    1139   2   -1.506985e+03    1.166958e+04    3.048780e+03   -3.504725e+03
    1139   3   -1.239569e+03    1.150438e+04    3.079445e+03   -3.550419e+03
    1140   1   -1.826746e+03    1.064339e+04    2.644993e+03   -3.936176e+03
    1140   2   -1.837891e+03    1.023343e+04    2.518661e+03   -4.039037e+03
    1140   3   -2.082396e+03    1.068351e+04    2.580336e+03   -3.938492e+03
    1141   1   -7.279849e+02    1.023244e+04    2.851335e+03   -3.910267e+03
    1141   2   -7.571666e+02    1.054186e+04    2.935408e+03   -3.835341e+03
    1141   3   -5.025317e+02    1.024765e+04    2.923534e+03   -3.863216e+03
    1142   1   -8.424281e+02    1.097288e+04    3.039136e+03   -3.711996e+03
    1142   2   -9.888073e+02    1.133428e+04    3.103641e+03   -3.585732e+03
    1142   3   -7.229869e+02    1.120654e+04    3.145065e+03   -3.591999e+03
    1143   1   -1.426662e+03    1.039427e+04    2.690282e+03   -3.964259e+03
    1143   2   -1.665831e+03    1.018038e+04    2.554365e+03   -4.039543e+03
    1143   3   -1.666558e+03    1.056223e+04    2.668700e+03   -3.944815e+03
    1144   1   -1.561974e+03    1.129173e+04    2.918928e+03   -3.682645e+03
    1144   2   -1.809764e+03    1.145367e+04    2.893171e+03   -3.638061e+03
    1144   3   -1.634132e+03    1.167954e+04    3.013621e+03   -3.519893e+03
    1145   1   -4.519865e+03    9.397997e+03    1.463439e+03   -4.018386e+03
    1145   2   -4.523548e+03    8.538464e+03    1.204475e+03   -4.128265e+03
    1145   3   -4.785047e+03    8.715318e+03    1.179081e+03   -3.996662e+03
    1146   1   -4.514209e+03    1.128739e+04    2.031954e+03   -3.554626e+03
    1146   2   -4.682235e+03    1.086228e+04    1.854012e+03   -3.612781e+03
    1146   3   -4.607285e+03    1.153346e+04    2.077853e+03   -3.432644e+03
    1147   1   -1.568679e+03    9.722795e+03    2.446235e+03   -4.109405e+03
    1147   2   -1.203514e+03    9.590804e+03    2.516187e+03   -4.080263e+03
    1147   3   -1.338833e+03    9.255464e+03    2.374989e+03   -4.125601e+03
    1148   1   -2.402679e+03    1.104699e+04    2.593295e+03   -3.835997e+03
    1148   2   -2.705711e+03    1.118187e+04    2.542846e+03   -3.790757e+03
    1148   3   -2.516052e+03    1.152917e+04    2.703935e+03   -3.648748e+03
    1149   1   -4.827133e+03    1.086709e+04    1.811987e+03   -3.439353e+03
    1149   2   -4.868817e+03    1.040795e+04    1.661738e+03   -3.604099e+03
    1149   3   -4.980163e+03    9.881778e+03    1.470485e+03   -3.561218e+03
    1150   1   -4.533519e+03    1.266128e+04    2.438330e+03   -2.956675e+03
    1150   2   -4.694604e+03    1.175767e+04    2.118921e+03   -3.213974e+03
    1150   3   -4.622727e+03    1.202447e+04    2.220523e+03   -3.047909e+03
    1151   1    1.097449e+03    1.033413e+04    3.429474e+03   -3.286711e+03
    1151   2    1.176997e+03    1.041054e+04    3.476262e+03   -3.188482e+03
    1151   3    1.300772e+03    1.023191e+04    3.459805e+03   -3.227775e+03
    1152   1    1.084139e+03    1.025713e+04    3.402381e+03   -3.335346e+03
    1152   2    1.296694e+03    1.016968e+04    3.439911e+03   -3.269292e+03
    1152   3    1.137975e+03    1.012414e+04    3.378636e+03   -3.372650e+03
    1153   1   -4.295058e+03    1.237389e+04    2.423650e+03   -3.196973e+03
    1153   2   -4.124513e+03    1.211170e+04    2.396157e+03   -3.332650e+03
    1153   3   -4.323047e+03    1.174055e+04    2.225250e+03   -3.455673e+03
    1154   1   -4.656772e+03    1.157175e+04    2.074493e+03   -3.392490e+03
    1154   2   -4.760588e+03    1.082029e+04    1.817910e+03   -3.570674e+03
    1154   3   -4.763391e+03    1.129797e+04    1.960372e+03   -3.390500e+03
    1155   1   -4.191976e+03    1.366819e+04    2.842865e+03   -2.535085e+03
    1155   2   -4.374483e+03    1.262178e+04    2.474189e+03   -2.832647e+03
    1155   3   -3.999190e+03    1.376085e+04    2.928499e+03   -2.532536e+03
    1156   1   -4.346331e+03    1.353791e+04    2.757475e+03   -2.602641e+03
    1156   2   -4.171298e+03    1.429289e+04    3.036477e+03   -2.183441e+03
    1156   3   -4.192206e+03    1.394905e+04    2.927053e+03   -2.345921e+03
    1157   1   -3.939406e+03    8.968587e+03    1.508754e+03   -4.204808e+03
    1157   2   -3.883091e+03    8.248692e+03    1.309680e+03   -4.269841e+03
    1157   3   -4.203932e+03    8.372602e+03    1.250601e+03   -4.205768e+03
    1158   1   -4.064028e+03    9.254636e+03    1.557183e+03   -4.149070e+03
    1158   2   -4.321714e+03    8.708798e+03    1.316125e+03   -4.157037e+03
    1158   3   -4.360958e+03    9.483852e+03    1.536868e+03   -4.062163e+03
    1159   1   -3.902229e+03    1.249511e+04    2.577864e+03   -3.182207e+03
    1159   2   -3.880765e+03    1.306557e+04    2.755440e+03   -2.864956e+03
    1159   3   -3.682514e+03    1.277319e+04    2.727204e+03   -3.027435e+03
    1160   1   -3.421038e+03    1.191050e+04    2.546838e+03   -3.484311e+03
    1160   2   -3.470828e+03    1.247496e+04    2.701240e+03   -3.196780e+03
    1160   3   -3.208645e+03    1.220805e+04    2.699821e+03   -3.334396e+03
    1161   1   -3.025253e+03    1.137105e+04    2.503739e+03   -3.721893e+03
    1161   2   -3.315446e+03    1.160578e+04    2.487100e+03   -3.615218e+03
    1161   3   -3.092539e+03    1.195715e+04    2.659382e+03   -3.465788e+03
    1162   1   -3.464377e+03    1.047118e+04    2.102042e+03   -3.995355e+03
    1162   2   -3.775514e+03    1.081248e+04    2.111089e+03   -3.862601e+03
    1162   3   -3.535487e+03    1.123478e+04    2.309788e+03   -3.753771e+03
    1163   1   -3.091124e+03    1.028797e+04    2.159055e+03   -4.059452e+03
    1163   2   -2.878248e+03    1.079436e+04    2.374834e+03   -3.920412e+03
    1163   3   -2.710824e+03    1.022639e+04    2.254669e+03   -4.079600e+03
    1164   1   -2.836334e+03    1.143477e+04    2.579532e+03   -3.696529e+03
    1164   2   -2.948472e+03    1.195639e+04    2.702376e+03   -3.460034e+03
    1164   3   -2.655550e+03    1.173978e+04    2.725268e+03   -3.555447e+03
    1165   1   -2.306711e+03    9.839751e+03    2.259912e+03   -4.146783e+03
    1165   2   -1.918991e+03    9.805221e+03    2.365869e+03   -4.130299e+03
    1165   3   -2.058476e+03    9.340074e+03    2.184479e+03   -4.194574e+03
    1166   1   -2.466717e+03    9.693201e+03    2.167945e+03   -4.172162e+03
    1166   2   -2.236890e+03    9.170254e+03    2.080009e+03   -4.227926e+03
    1166   3   -2.592190e+03    9.180876e+03    1.976606e+03   -4.245949e+03
    1167   1   -7.808805e+02    9.962693e+03    2.754544e+03   -3.965274e+03
    1167   2   -6.160215e+02    9.692672e+03    2.722995e+03   -3.975035e+03
    1167   3   -9.011982e+02    9.726067e+03    2.647461e+03   -4.020593e+03
    1168   1   -1.388394e+03    1.057622e+04    2.756347e+03   -3.913164e+03
    1168   2   -1.609335e+03    1.076301e+04    2.746103e+03   -3.880252e+03
    1168   3   -1.453419e+03    1.095702e+04    2.851080e+03   -3.804176e+03
    1169   1   -2.236366e+03    1.111670e+04    2.664100e+03   -3.803211e+03
    1169   2   -2.379517e+03    1.155685e+04    2.753199e+03   -3.629060e+03
    1169   3   -2.094778e+03    1.139609e+04    2.790394e+03   -3.682971e+03
    1170   1   -1.867175e+03    1.089056e+04    2.707017e+03   -3.859976e+03
    1170   2   -2.111680e+03    1.093472e+04    2.646913e+03   -3.861545e+03
    1170   3   -1.964218e+03    1.123968e+04    2.782638e+03   -3.740480e+03
    1171   1   -1.726527e+03    1.094626e+04    2.765919e+03   -3.831197e+03
    1171   2   -1.842079e+03    1.126593e+04    2.827156e+03   -3.719750e+03
    1171   3   -1.568074e+03    1.111641e+04    2.864499e+03   -3.754601e+03
    1172   1   -1.225268e+03    1.059702e+04    2.811527e+03   -3.890982e+03
    1172   2   -1.317327e+03    1.093300e+04    2.884702e+03   -3.794185e+03
    1172   3   -1.004540e+03    1.075834e+04    2.926141e+03   -3.809996e+03
    1173   1   -4.084324e+03    1.425089e+04    3.049969e+03   -2.289171e+03
    1173   2   -3.873017e+03    1.434928e+04    3.142878e+03   -2.285513e+03
    1173   3   -3.827129e+03    1.504434e+04    3.365163e+03   -1.907973e+03
    1174   1   -4.267789e+03    1.392769e+04    2.897969e+03   -2.389756e+03
    1174   2   -4.166321e+03    1.434249e+04    3.052852e+03   -2.185859e+03
    1174   3   -4.388882e+03    1.346956e+04    2.724205e+03   -2.621244e+03
    1175   1   -4.024514e+03    1.042864e+04    1.921239e+03   -3.938485e+03
    1175   2   -4.010012e+03    9.670060e+03    1.698014e+03   -4.106738e+03
    1175   3   -4.273997e+03    9.926699e+03    1.695811e+03   -3.992495e+03
    1176   1   -3.888987e+03    1.118246e+04    2.188041e+03   -3.737909e+03
    1176   2   -3.924934e+03    1.182192e+04    2.369097e+03   -3.491595e+03
    1176   3   -3.656923e+03    1.153938e+04    2.364737e+03   -3.624658e+03
    1177   1   -3.242376e+03    9.131744e+03    1.766810e+03   -4.254266e+03
    1177   2   -3.225440e+03    9.740890e+03    1.954635e+03   -4.163600e+03
    1177   3   -2.953500e+03    9.181315e+03    1.868344e+03   -4.249528e+03
    1178   1   -3.504507e+03    1.012256e+04    1.985417e+03   -4.067866e+03
    1178   2   -3.796273e+03    9.758579e+03    1.788692e+03   -4.117467e+03
    1178   3   -3.858469e+03    1.042857e+04    1.971029e+03   -3.967252e+03
    1179   1   -1.165396e+03    1.022507e+04    2.717901e+03   -3.973628e+03
    1179   2   -9.147557e+02    1.009044e+04    2.752705e+03   -3.965915e+03
    1179   3   -1.036099e+03    9.873835e+03    2.651321e+03   -4.021906e+03
    1180   1   -1.311135e+03    1.022070e+04    2.672870e+03   -3.994258e+03
    1180   2   -1.207631e+03    9.824576e+03    2.585083e+03   -4.053504e+03
    1180   3   -1.544319e+03    9.977902e+03    2.530075e+03   -4.063244e+03
    1181   1   -3.205036e+03    8.759190e+03    1.666246e+03   -4.281964e+03
    1181   2   -2.897582e+03    8.819766e+03    1.776655e+03   -4.283712e+03
    1181   3   -3.033989e+03    8.280783e+03    1.574038e+03   -4.298382e+03
    1182   1   -3.434172e+03    9.177274e+03    1.722930e+03   -4.237765e+03
    1182   2   -3.696599e+03    9.419457e+03    1.716857e+03   -4.177730e+03
    1182   3   -3.395650e+03    9.836643e+03    1.932298e+03   -4.142426e+03
    1183   1   -4.476209e+03    1.098428e+04    1.952421e+03   -3.673802e+03
    1183   2   -4.516095e+03    1.019005e+04    1.702186e+03   -3.876285e+03
    1183   3   -4.680546e+03    1.049098e+04    1.743131e+03   -3.713416e+03
    1184   1   -4.377817e+03    1.235160e+04    2.392135e+03   -3.184093e+03
    1184   2   -4.441451e+03    1.165471e+04    2.163978e+03   -3.457734e+03
    1184   3   -4.525406e+03    1.191323e+04    2.216348e+03   -3.311161e+03
    1185   1    1.151422e+03    1.065734e+04    3.542627e+03   -2.897188e+03
    1185   2    1.204018e+03    1.066875e+04    3.561831e+03   -2.780892e+03
    1185   3    1.330773e+03    1.053963e+04    3.561120e+03   -2.856156e+03
    1186   1    1.147812e+03    1.061728e+04    3.529529e+03   -2.969604e+03
    1186   2    1.332115e+03    1.051054e+04    3.552797e+03   -2.924178e+03
    1186   3    1.194213e+03    1.051963e+04    3.514154e+03   -3.066126e+03
    1187   1   -4.218065e+03    1.305609e+04    2.651409e+03   -2.866397e+03
    1187   2   -4.136462e+03    1.366351e+04    2.858114e+03   -2.519108e+03
    1187   3   -4.023466e+03    1.336222e+04    2.801628e+03   -2.684220e+03
    1188   1   -4.205959e+03    1.271444e+04    2.552545e+03   -3.033871e+03
    1188   2   -3.989280e+03    1.309209e+04    2.730843e+03   -2.857057e+03
    1188   3   -4.054430e+03    1.244368e+04    2.516776e+03   -3.192962e+03


************************************************************************
**  Load case #02
************************************************************************

Assembling global stiffness matrix:  =======================
Applying loading & boundary conditions:  -------
Reading data...
Generating load vector...
Done.


Performing numeric assembly:  ------------------
Start element loop...
  Done.


Solving the matrix:  =======================================
Perform general LU decomposition...
  Done.

Matrix profile summary:
  number of equations        =        4884
  number of matrix elements  =      836906
  matrix density             =   3.5085[%]

Performing forward/backward substitution...
  Done.


Post-processing:  ==========================================
Nodal displacement result:  --------------------
     nid          x-disp          y-disp
       1    0.000000e+00    9.519950e-01
       2    0.000000e+00    1.100000e+00
       3   -4.823932e-01    2.015147e-01
       4   -4.046011e-01    4.787977e-01
       5   -3.326412e-01    6.340466e-01
       6   -2.557216e-01    7.599161e-01
       7   -1.794266e-01    8.544127e-01
       8   -7.020535e-02    9.365870e-01
       9   -4.988858e-01    0.000000e+00
      10   -6.569611e-01    0.000000e+00
      11   -1.322800e-01    1.100000e+00
      12    0.000000e+00    9.632207e-01
      13    0.000000e+00    9.693523e-01
      14    0.000000e+00    9.730679e-01
      15    0.000000e+00    9.760460e-01
      16    0.000000e+00    9.791087e-01
      17    0.000000e+00    9.826894e-01
      18    0.000000e+00    9.869959e-01
      19    0.000000e+00    9.921080e-01
      20    0.000000e+00    9.980331e-01
      21    0.000000e+00    1.004739e+00
      22    0.000000e+00    1.012170e+00
      23    0.000000e+00    1.020263e+00
      24    0.000000e+00    1.028944e+00
      25    0.000000e+00    1.038141e+00
      26    0.000000e+00    1.047779e+00
      27    0.000000e+00    1.057784e+00
      28    0.000000e+00    1.068083e+00
      29    0.000000e+00    1.078600e+00
      30    0.000000e+00    1.089264e+00
      31   -4.950159e-01    1.014860e-01
      32   -4.623492e-01    2.986701e-01
      33   -4.359393e-01    3.914439e-01
      34   -3.697428e-01    5.598833e-01
      35   -2.943601e-01    7.008257e-01
      36   -2.172909e-01    8.111395e-01
      37   -1.422900e-01    8.897189e-01
      38   -1.059279e-01    9.171020e-01
      39   -3.490324e-02    9.482634e-01
      40   -6.482686e-01    0.000000e+00
      41   -6.377303e-01    0.000000e+00
      42   -6.262230e-01    0.000000e+00
      43   -6.142362e-01    0.000000e+00
      44   -6.019065e-01    0.000000e+00
      45   -5.889931e-01    0.000000e+00
      46   -5.747370e-01    0.000000e+00
      47   -5.575470e-01    0.000000e+00
      48   -5.342217e-01    0.000000e+00
      49   -1.326376e-01    1.063114e+00
      50   -1.336980e-01    1.026107e+00
      51   -1.355098e-01    9.888408e-01
      52   -1.381323e-01    9.512003e-01
      53   -1.416525e-01    9.130704e-01
      54   -1.461806e-01    8.743469e-01
      55   -1.518498e-01    8.349393e-01
      56   -1.588140e-01    7.947745e-01
      57   -1.672460e-01    7.538015e-01
      58   -1.773332e-01    7.119965e-01
      59   -1.892726e-01    6.693687e-01
      60   -2.032632e-01    6.259666e-01
      61   -2.194966e-01    5.818839e-01
      62   -2.381440e-01    5.372661e-01
      63   -2.593410e-01    4.923153e-01
      64   -2.831684e-01    4.472936e-01
      65   -3.096303e-01    4.025231e-01
      66   -3.386302e-01    3.583824e-01
      67   -3.699462e-01    3.152969e-01
      68   -4.032080e-01    2.737223e-01
      69   -4.378780e-01    2.341206e-01
      70   -4.732418e-01    1.969280e-01
      71   -5.084119e-01    1.625163e-01
      72   -5.423485e-01    1.311509e-01
      73   -5.739014e-01    1.029483e-01
      74   -6.018721e-01    7.784238e-02
      75   -6.250946e-01    5.556227e-02
      76   -6.425269e-01    3.562439e-02
      77   -6.533480e-01    1.737404e-02
      78    1.239805e-03    1.100000e+00
      79    2.292221e-03    1.100000e+00
      80    2.979216e-03    1.100000e+00
      81    3.128596e-03    1.100000e+00
      82    2.583887e-03    1.100000e+00
      83    1.205997e-03    1.100000e+00
      84   -1.124026e-03    1.100000e+00
      85   -4.503056e-03    1.100000e+00
      86   -9.005219e-03    1.100000e+00
      87   -1.468190e-02    1.100000e+00
      88   -2.156226e-02    1.100000e+00
      89   -2.965421e-02    1.100000e+00
      90   -3.894535e-02    1.100000e+00
      91   -4.940371e-02    1.100000e+00
      92   -6.097804e-02    1.100000e+00
      93   -7.359727e-02    1.100000e+00
      94   -8.716878e-02    1.100000e+00
      95   -1.015752e-01    1.100000e+00
      96   -1.166699e-01    1.100000e+00
      97   -1.636235e-01    8.156740e-01
      98   -2.423458e-01    6.966214e-01
      99   -3.307658e-01    5.513241e-01
     100   -3.759262e-01    4.716398e-01
     101    1.120603e-03    1.085265e+00
     102   -3.962825e-03    9.750072e-01
     103   -2.399055e-03    9.785724e-01
     104   -1.331302e-03    9.827658e-01
     105   -5.919377e-04    9.877149e-01
     106   -7.463446e-05    9.934561e-01
     107    2.895811e-04    9.999751e-01
     108    5.464054e-04    1.007229e+00
     109    7.267943e-04    1.015160e+00
     110    8.522398e-04    1.023701e+00
     111    9.380452e-04    1.032782e+00
     112    9.953583e-04    1.042332e+00
     113    1.032458e-03    1.052278e+00
     114    1.061374e-03    1.062577e+00
     115    1.112974e-03    1.073590e+00
     116   -4.571786e-01    3.063586e-01
     117   -4.187983e-01    3.894878e-01
     118   -2.859399e-01    6.270123e-01
     119   -2.016951e-01    7.600728e-01
     120   -1.282006e-01    8.635304e-01
     121   -9.489774e-02    9.023361e-01
     122   -4.431793e-02    9.478290e-01
     123   -6.047374e-01    3.412950e-02
     124   -5.920622e-01    3.740575e-02
     125   -5.782822e-01    4.257932e-02
     126   -5.621070e-01    4.988337e-02
     127   -5.398853e-01    6.360102e-02
     128   -1.203873e-01    1.009369e+00
     129   -1.226762e-01    9.728759e-01
     130   -1.257513e-01    9.357461e-01
     131   -1.295909e-01    8.982618e-01
     132   -1.344438e-01    8.602589e-01
     133   -1.404827e-01    8.216532e-01
     134   -1.478828e-01    7.823910e-01
     135   -1.568351e-01    7.424413e-01
     136   -1.675448e-01    7.017987e-01
     137   -1.802237e-01    6.604881e-01
     138   -1.950829e-01    6.185696e-01
     139   -2.123225e-01    5.761398e-01
     140   -2.321165e-01    5.333378e-01
     141   -2.545949e-01    4.903473e-01
     142   -2.798223e-01    4.473965e-01
     143   -3.077738e-01    4.047554e-01
     144   -3.383081e-01    3.627299e-01
     145   -3.711407e-01    3.216515e-01
     146   -4.058216e-01    2.818594e-01
     147   -4.417150e-01    2.436851e-01
     148   -4.779964e-01    2.074216e-01
     149   -5.136642e-01    1.732937e-01
     150   -5.475692e-01    1.414311e-01
     151   -5.784633e-01    1.118538e-01
     152   -6.051424e-01    8.441049e-02
     153   -6.267859e-01    5.811971e-02
     154   -6.421832e-01    3.165669e-02
     155   -2.557763e-02    1.078918e+00
     156   -3.429040e-02    1.077343e+00
     157   -4.418809e-02    1.075790e+00
     158   -5.522887e-02    1.074283e+00
     159   -6.735166e-02    1.072848e+00
     160   -8.052264e-02    1.071259e+00
     161   -9.514187e-02    1.069038e+00
     162   -1.114148e-01    1.067729e+00
     163   -4.890639e-01    2.239580e-01
     164   -6.641453e-02    9.311669e-01
     165   -5.154085e-01    1.424309e-01
     166   -6.225067e-03    9.718491e-01
     167   -6.168909e-01    3.158893e-02
     168   -1.807249e-02    1.080491e+00
     169   -2.272275e-01    5.315084e-01
     170   -3.391350e-01    3.667480e-01
     171   -4.829619e-01    2.136371e-01
     172   -9.964549e-03    9.682766e-01
     173    1.894227e-03    1.045706e+00
     174    1.967156e-03    1.090951e+00
     175   -5.597173e-01    9.032596e-02
     176   -6.063489e-01    8.439764e-02
     177   -6.287084e-01    2.803980e-02
     178   -5.007520e-02    1.049992e+00
     179   -1.139081e-01    9.219671e-01
     180   -1.180359e-01    8.853657e-01
     181   -1.232429e-01    8.482845e-01
     182   -1.297000e-01    8.106634e-01
     183   -1.375982e-01    7.724589e-01
     184   -1.471451e-01    7.336482e-01
     185   -1.878818e-01    6.137300e-01
     186   -2.776972e-01    4.486506e-01
     187   -3.733646e-01    3.267572e-01
     188   -4.461157e-01    2.499778e-01
     189    1.793195e-03    1.035600e+00
     190    1.642248e-03    1.025897e+00
     191    1.421999e-03    1.016665e+00
     192   -1.177792e-02    1.082038e+00
     193   -3.017974e-02    1.056233e+00
     194   -1.585598e-01    6.942335e-01
     195   -6.173471e-02    1.046856e+00
     196   -6.676115e-03    1.083533e+00
     197    3.121306e-03    1.089060e+00
     198    1.964207e-03    1.056120e+00
     199    2.027999e-03    1.066977e+00
     200   -5.186962e-01    1.788773e-01
     201   -1.965399e-02    9.613824e-01
     202   -5.880555e-01    7.186388e-02
     203   -5.747518e-01    7.931776e-02
     204   -1.203199e-01    1.039855e+00
     205    1.106356e-03    1.007969e+00
     206    6.594180e-04    9.998696e-01
     207    3.055004e-05    9.924215e-01
     208   -8.534655e-04    9.856686e-01
     209   -2.100930e-03    9.796363e-01
     210   -3.875225e-03    9.743179e-01
     211   -6.428857e-03    9.696490e-01
     212   -1.720660e-01    6.542417e-01
     213   -2.062138e-01    5.727774e-01
     214   -2.510445e-01    4.900679e-01
     215   -3.071293e-01    4.074601e-01
     216   -4.092723e-01    2.877513e-01
     217   -5.520492e-01    1.457949e-01
     218   -5.816538e-01    1.144293e-01
     219   -6.387981e-01    2.232258e-02
     220   -3.954490e-02    1.053085e+00
     221   -1.105182e-01    9.584265e-01
     222   -1.080380e-01    9.942855e-01
     223   -7.452318e-02    1.042807e+00
     224   -8.854998e-02    1.039169e+00
     225   -3.935716e-01    3.964744e-01
     226   -1.964936e-01    7.059633e-01
     227   -8.910243e-02    8.762345e-01
     228   -2.418151e-01    6.342573e-01
     229   -2.908880e-01    5.576672e-01
     230   -4.407031e-01    3.185449e-01
     231   -1.562255e-01    7.715893e-01
     232   -1.209024e-01    8.282674e-01
     233   -3.424343e-01    4.777622e-01
     234    2.182209e-03    1.079377e+00
     235   -1.052372e-01    1.032937e+00
     236   -6.253599e-01    5.287766e-02
     237   -5.412264e-01    1.084451e-01
     238   -5.139167e-01    1.742056e-01
     239   -3.877225e-02    9.462797e-01
     240   -6.002546e-01    6.688138e-02
     241   -1.012085e-02    9.655387e-01
     242   -2.201267e-02    1.059393e+00
     243    2.692929e-03    1.089709e+00
     244   -2.727490e-03    1.084951e+00
     245    1.981162e-03    1.087403e+00
     246    2.935203e-03    1.088252e+00
     247   -8.317762e-02    1.006900e+00
     248   -9.308220e-03    1.065579e+00
     249    1.299049e-04    1.086256e+00
     250   -6.889370e-02    1.016698e+00
     251   -5.674038e-02    1.022161e+00
     252   -4.550867e-02    1.027107e+00
     253   -9.671414e-02    9.807653e-01
     254   -3.544688e-02    1.031888e+00
     255    2.656317e-03    1.059883e+00
     256    2.564531e-03    1.048676e+00
     257   -9.928902e-02    9.455313e-01
     258    2.422988e-03    1.037790e+00
     259    2.214567e-03    1.027267e+00
     260   -1.026722e-01    9.100804e-01
     261    1.913122e-03    1.017143e+00
     262   -1.070896e-01    8.744511e-01
     263    1.484643e-03    1.007467e+00
     264   -1.126683e-01    8.384278e-01
     265    8.835605e-04    9.982876e-01
     266   -1.195755e-01    8.019118e-01
     267    4.723200e-05    9.896512e-01
     268   -1.280119e-01    7.648532e-01
     269   -4.505726e-01    2.532697e-01
     270   -4.130272e-01    2.914184e-01
     271   -2.764147e-01    4.505495e-01
     272   -3.072531e-01    4.101898e-01
     273   -3.760955e-01    3.304207e-01
     274   -2.483744e-01    4.909644e-01
     275   -1.112598e-03    9.815940e-01
     276   -3.406269e-01    3.700775e-01
     277   -2.232356e-01    5.312764e-01
     278   -2.009909e-01    5.713428e-01
     279   -1.815439e-01    6.110467e-01
     280   -2.723166e-03    9.741408e-01
     281   -5.838986e-01    1.114107e-01
     282   -1.647344e-01    6.502993e-01
     283   -1.381971e-01    7.272295e-01
     284   -4.876818e-01    2.161399e-01
     285   -5.557772e-01    1.451186e-01
     286   -4.971320e-03    9.672981e-01
     287   -1.503607e-01    6.890387e-01
     288   -5.231913e-01    1.800806e-01
     289   -8.138700e-03    9.610393e-01
     290   -1.505733e-02    1.062524e+00
     291   -5.647429e-01    1.128447e-01
     292   -5.506986e-01    1.248189e-01
     293   -6.127605e-01    6.033683e-02
     294   -1.563391e-02    9.615112e-01
     295   -4.806010e-01    2.447790e-01
     296   -9.603815e-02    1.010735e+00
     297    2.676650e-03    1.070171e+00
     298   -6.048327e-01    8.173637e-02
     299   -5.342231e-01    1.435505e-01
     300    3.023417e-03    1.065710e+00
     301   -5.879649e-01    9.933670e-02
     302   -5.203849e-01    1.749435e-01
     303   -5.833988e-02    9.176669e-01
     304   -5.773502e-01    1.040392e-01
     305   -1.264793e-02    9.552739e-01
     306   -4.547736e-01    2.540899e-01
     307   -4.919613e-01    2.156257e-01
     308   -1.428685e-01    6.859913e-01
     309   -1.581075e-01    6.483892e-01
     310   -1.758965e-01    6.102160e-01
     311   -1.964322e-01    5.715063e-01
     312   -3.789389e-01    3.327660e-01
     313   -3.423706e-01    3.726952e-01
     314   -2.198619e-01    5.323177e-01
     315   -2.462617e-01    4.927297e-01
     316   -2.657868e-02    1.036656e+00
     317   -4.736622e-03    1.068490e+00
     318    2.945046e-03    1.078624e+00
     319    3.076392e-03    1.077375e+00
     320   -4.167277e-01    2.931687e-01
     321    1.118401e-03    1.073148e+00
     322   -2.233993e-02    9.580650e-01
     323    2.892742e-03    1.051925e+00
     324   -6.403284e-02    9.928104e-01
     325   -5.225350e-02    9.993298e-01
     326   -4.147095e-02    1.005816e+00
     327   -1.247431e-02    1.046068e+00
     328    2.707540e-03    1.039774e+00
     329   -8.563354e-02    9.692071e-01
     330    2.528808e-03    1.075511e+00
     331    2.441959e-03    1.028211e+00
     332   -1.279598e-03    1.071033e+00
     333   -8.808247e-02    9.347438e-01
     334   -1.891962e-02    1.041402e+00
     335    2.062843e-03    1.017023e+00
     336   -2.756117e-01    4.528400e-01
     337   -9.199043e-02    8.999843e-01
     338    1.529710e-03    1.006197e+00
     339   -9.678461e-02    8.654962e-01
     340    7.901597e-04    9.957635e-01
     341   -1.027613e-01    8.306494e-01
     342   -2.258189e-04    9.857505e-01
     343   -1.101343e-01    7.953154e-01
     344   -3.077577e-01    4.127744e-01
     345   -1.613998e-03    9.761820e-01
     346   -3.508381e-03    9.670727e-01
     347   -5.596281e-01    1.392822e-01
     348   -1.299537e-01    7.230072e-01
     349   -6.099600e-03    9.584280e-01
     350   -5.274302e-01    1.773623e-01
     351   -1.191221e-01    7.594432e-01
     352   -9.666415e-03    9.502350e-01
     353   -5.353347e-01    1.573799e-01
     354   -1.930041e-02    9.494828e-01
     355   -4.636719e-01    2.658021e-01
     356   -5.018076e-01    2.031787e-01
     357   -1.570803e-01    7.226412e-01
     358   -2.026289e-01    6.491893e-01
     359   -2.530098e-01    5.714721e-01
     360   -3.075219e-01    4.913577e-01
     361   -1.192415e-01    7.879613e-01
     362   -3.633117e-01    4.111947e-01
     363   -4.163818e-01    3.356448e-01
     364   -8.856263e-02    8.427437e-01
     365   -3.107766e-02    9.419524e-01
     366    2.724648e-03    1.055170e+00
     367   -5.005327e-01    2.056807e-01
     368   -5.493247e-01    1.437218e-01
     369   -1.458649e-02    9.423939e-01
     370   -4.585906e-01    2.531461e-01
     371   -4.201711e-01    2.935661e-01
     372   -1.707462e-01    6.110402e-01
     373   -1.923035e-01    5.730865e-01
     374   -1.359707e-01    6.849118e-01
     375   -3.440903e-01    3.748273e-01
     376   -1.223358e-01    7.208343e-01
     377   -2.168387e-01    5.344843e-01
     378   -2.444139e-01    4.952724e-01
     379   -3.816511e-01    3.341790e-01
     380   -1.520342e-01    6.483142e-01
     381   -4.952959e-01    2.134168e-01
     382   -3.186215e-02    1.012226e+00
     383   -7.228535e-03    1.050556e+00
     384   -7.473567e-02    9.890698e-01
     385   -6.001851e-02    9.701514e-01
     386    1.885285e-03    1.060149e+00
     387   -4.869790e-02    9.774736e-01
     388   -1.830273e-04    1.058212e+00
     389    2.837135e-03    1.066859e+00
     390   -1.626455e-02    1.024926e+00
     391    2.514443e-03    1.041892e+00
     392   -2.345590e-02    1.018610e+00
     393   -3.157127e-03    1.054677e+00
     394   -3.083337e-01    4.153251e-01
     395    2.204636e-03    1.029065e+00
     396   -7.348050e-02    9.604872e-01
     397    1.758004e-03    1.016682e+00
     398   -7.815637e-02    9.246684e-01
     399    1.125292e-03    1.004590e+00
     400   -8.209217e-02    8.921150e-01
     401    2.532394e-04    9.927790e-01
     402   -8.712157e-02    8.588105e-01
     403   -9.312501e-04    9.812638e-01
     404   -9.351268e-02    8.249963e-01
     405   -2.749817e-01    4.555153e-01
     406   -2.527032e-03    9.700528e-01
     407   -4.668667e-03    9.591450e-01
     408   -5.306383e-01    1.720080e-01
     409   -7.541155e-03    9.485344e-01
     410   -1.013548e-01    7.908135e-01
     411   -1.108807e-01    7.561190e-01
     412   -1.140601e-02    9.382037e-01
     413   -2.139842e-02    9.347360e-01
     414   -4.843032e-01    2.291640e-01
     415   -4.429286e-01    2.859571e-01
     416   -5.150839e-01    1.883128e-01
     417   -3.127192e-02    9.261809e-01
     418   -5.624080e-01    1.313376e-01
     419   -4.231889e-01    2.935082e-01
     420   -1.660873e-02    9.280885e-01
     421   -4.621508e-01    2.511069e-01
     422   -3.840806e-01    3.353455e-01
     423   -1.883852e-01    5.760576e-01
     424   -2.139344e-01    5.378086e-01
     425   -1.659008e-01    6.134440e-01
     426   -1.463461e-01    6.499812e-01
     427   -1.152394e-01    7.206068e-01
     428   -3.456239e-01    3.769686e-01
     429   -3.087935e-01    4.181796e-01
     430   -3.818339e-02    9.855820e-01
     431   -1.028776e-02    1.031070e+00
     432    4.374862e-04    1.047427e+00
     433   -5.742868e-02    9.475002e-01
     434   -2.078601e-02    1.002083e+00
     435   -1.851449e-03    1.042281e+00
     436   -2.882521e-02    9.939617e-01
     437   -5.489909e-03    1.036874e+00
     438    1.330737e-03    1.030022e+00
     439    8.686206e-04    1.016297e+00
     440   -6.723872e-02    9.441233e-01
     441    1.699031e-04    1.002963e+00
     442   -6.855765e-02    9.190554e-01
     443   -2.425986e-01    4.987074e-01
     444   -8.209357e-04    9.897404e-01
     445   -7.213024e-02    8.877062e-01
     446   -2.166105e-03    9.766611e-01
     447   -7.794706e-02    8.543521e-01
     448   -2.743024e-01    4.587990e-01
     449   -1.295351e-01    6.856885e-01
     450   -3.960288e-03    9.637414e-01
     451   -4.957988e-01    2.127632e-01
     452   -6.334595e-03    9.509701e-01
     453   -1.032163e-01    7.547788e-01
     454   -8.487163e-02    8.213950e-01
     455   -9.465078e-03    9.383260e-01
     456   -9.318443e-02    7.883285e-01
     457   -1.359226e-02    9.257761e-01
     458   -2.360450e-02    9.182398e-01
     459   -4.446316e-02    9.154328e-01
     460   -1.225225e-01    7.432640e-01
     461   -3.296397e-01    4.341208e-01
     462   -9.002638e-02    8.087934e-01
     463   -1.681570e-01    6.655622e-01
     464   -2.180525e-01    5.919700e-01
     465   -3.882228e-01    3.544038e-01
     466   -2.718041e-01    5.103188e-01
     467   -4.606137e-02    8.963663e-01
     468    1.692083e-03    1.044508e+00
     469   -4.274810e-01    2.921326e-01
     470   -3.863634e-01    3.370650e-01
     471   -1.845023e-01    5.805417e-01
     472   -1.611862e-01    6.174892e-01
     473   -4.725066e-01    2.406824e-01
     474   -3.469263e-01    3.798980e-01
     475   -1.903810e-02    9.132817e-01
     476   -2.109816e-01    5.424999e-01
     477   -3.090559e-01    4.219406e-01
     478   -1.408897e-01    6.533922e-01
     479   -2.734577e-01    4.631378e-01
     480   -4.593630e-02    9.562261e-01
     481   -1.402750e-02    1.009899e+00
     482   -5.452523e-04    1.031127e+00
     483   -2.617823e-02    9.775686e-01
     484   -4.130183e-03    1.024142e+00
     485   -8.530032e-03    1.017197e+00
     486   -3.522937e-02    9.674547e-01
     487   -7.399801e-04    1.015512e+00
     488   -1.349898e-03    1.001702e+00
     489   -2.461383e-03    9.872011e-01
     490   -5.646392e-02    9.202928e-01
     491   -2.406698e-01    5.033502e-01
     492   -3.981352e-03    9.724075e-01
     493   -6.311890e-02    8.835721e-01
     494   -5.974408e-03    9.577120e-01
     495   -1.085549e-01    7.222704e-01
     496   -8.575472e-03    9.430572e-01
     497   -9.603783e-02    7.553740e-01
     498   -1.234237e-01    6.882967e-01
     499   -6.964185e-02    8.511440e-01
     500   -1.195593e-02    9.283825e-01
     501   -8.559501e-02    7.877259e-01
     502   -7.690538e-02    8.195563e-01
     503   -1.633866e-02    9.136263e-01
     504   -2.616141e-02    9.009611e-01
     505   -6.344926e-02    8.862895e-01
     506   -6.554892e-02    8.580629e-01
     507   -3.879102e-01    3.417234e-01
     508   -3.321278e-02    9.076487e-01
     509   -3.565276e-02    8.878202e-01
     510   -3.470950e-01    3.859209e-01
     511   -1.564762e-01    6.233618e-01
     512   -1.805451e-01    5.868138e-01
     513   -1.355374e-01    6.586595e-01
     514   -3.087690e-01    4.279481e-01
     515   -2.079008e-01    5.489436e-01
     516   -2.723606e-01    4.693295e-01
     517   -2.201342e-02    8.987394e-01
     518   -2.385649e-01    5.097533e-01
     519   -1.857344e-02    9.869639e-01
     520   -3.328803e-03    1.011639e+00
     521   -7.177719e-03    1.004037e+00
     522   -3.278082e-02    9.511745e-01
     523   -1.226942e-02    9.955797e-01
     524   -3.001147e-03    1.001575e+00
     525   -4.477828e-03    9.869219e-01
     526   -6.397330e-03    9.695016e-01
     527   -8.596900e-03    9.525065e-01
     528   -1.141833e-02    9.358496e-01
     529   -5.563681e-02    8.794843e-01
     530   -1.175173e-01    6.927905e-01
     531   -1.504152e-02    9.191647e-01
     532   -8.925614e-02    7.578886e-01
     533   -7.848085e-02    7.890587e-01
     534   -1.021788e-01    7.258332e-01
     535   -6.210368e-02    8.495232e-01
     536   -6.953369e-02    8.195433e-01
     537   -1.967742e-02    9.022737e-01
     538   -6.743800e-02    8.314288e-01
     539   -2.922672e-02    8.839090e-01
     540   -4.317897e-01    2.923301e-01
     541   -4.958450e-02    9.093609e-01
     542   -4.841653e-02    8.732138e-01
     543   -8.998323e-02    7.824272e-01
     544   -3.440285e-01    3.995816e-01
     545   -1.517172e-01    6.313635e-01
     546   -1.302116e-01    6.659940e-01
     547   -3.072561e-01    4.382897e-01
     548   -3.845266e-02    8.683968e-01
     549   -1.764964e-01    5.952950e-01
     550   -2.709230e-01    4.785865e-01
     551   -2.047168e-01    5.577194e-01
     552   -2.363131e-01    5.187364e-01
     553   -2.428514e-02    9.616494e-01
     554   -1.089141e-02    9.821737e-01
     555   -1.693862e-02    9.722783e-01
     556   -4.274885e-02    9.387994e-01
     557   -9.720365e-03    9.689271e-01
     558   -1.198873e-02    9.482026e-01
     559   -2.558892e-02    8.850855e-01
     560   -1.117332e-01    6.992994e-01
     561   -1.491670e-02    9.295895e-01
     562   -1.873188e-02    9.109961e-01
     563   -4.872040e-02    8.780477e-01
     564   -9.602105e-02    7.313799e-01
     565   -6.266826e-02    8.214394e-01
     566   -7.177459e-02    7.923202e-01
     567   -5.509460e-02    8.499582e-01
     568   -8.279833e-02    7.623428e-01
     569   -2.356376e-02    8.922100e-01
     570   -3.294954e-02    8.678285e-01
     571   -4.320316e-02    9.053953e-01
     572   -4.672132e-01    2.496920e-01
     573   -3.700294e-02    9.044033e-01
     574   -5.065683e-02    8.512161e-01
     575   -1.249039e-01    6.756974e-01
     576   -1.470735e-01    6.416876e-01
     577   -2.690744e-01    4.926275e-01
     578   -1.727163e-01    6.061599e-01
     579   -2.334423e-01    5.322946e-01
     580   -1.060363e-01    7.080301e-01
     581   -2.014665e-01    5.698854e-01
     582   -4.165060e-02    8.512675e-01
     583   -3.200260e-02    9.320419e-01
     584   -6.067207e-03    9.926933e-01
     585   -1.600723e-02    9.581549e-01
     586   -2.289865e-02    9.472595e-01
     587   -1.652677e-02    9.426431e-01
     588   -2.996855e-02    8.721424e-01
     589   -1.916265e-02    9.239267e-01
     590   -2.338766e-02    9.029149e-01
     591   -9.003787e-02    7.390320e-01
     592   -4.243342e-02    8.783481e-01
     593   -4.878616e-02    8.523676e-01
     594   -5.568148e-02    8.266964e-01
     595   -7.658570e-02    7.688031e-01
     596   -6.490190e-02    7.985122e-01
     597   -2.803278e-02    8.833048e-01
     598   -3.803455e-02    8.514036e-01
     599   -6.841469e-02    8.098850e-01
     600   -1.129130e-01    7.330413e-01
     601   -3.038387e-01    4.538071e-01
     602   -3.089301e-02    9.054291e-01
     603   -5.280160e-02    8.329110e-01
     604   -1.196943e-01    6.880315e-01
     605   -1.426852e-01    6.547970e-01
     606   -9.950357e-02    7.209236e-01
     607   -2.294801e-01    5.529869e-01
     608   -1.680151e-01    6.223725e-01
     609   -1.968851e-01    5.883012e-01
     610   -2.250113e-02    9.334934e-01
     611   -3.420151e-02    8.627354e-01
     612   -2.317899e-02    9.204829e-01
     613   -4.722992e-02    8.322501e-01
     614   -2.941482e-02    8.949832e-01
     615   -8.306601e-02    7.512459e-01
     616   -3.815408e-02    8.784470e-01
     617   -4.171780e-02    8.602205e-01
     618   -3.398306e-02    8.727376e-01
     619   -7.051045e-02    7.777938e-01
     620   -4.758555e-02    8.365913e-01
     621   -5.948604e-02    8.043388e-01
     622   -8.882881e-02    7.651243e-01
     623   -4.486108e-02    8.339793e-01
     624   -1.385177e-01    6.961750e-01
     625   -2.867593e-02    9.245796e-01
     626   -1.319064e-01    6.931802e-01
     627   -1.607504e-01    6.488871e-01
     628   -6.909847e-02    7.947737e-01
     629   -1.146225e-01    7.035460e-01
     630   -9.293696e-02    7.369747e-01
     631   -7.551591e-02    7.673884e-01
     632   -5.483732e-02    8.114105e-01
     633   -3.743800e-02    8.580629e-01
     634   -6.316877e-02    7.921522e-01
     635   -5.619148e-02    8.086395e-01
     636   -1.933824e-01    6.089880e-01
     637   -8.951657e-02    7.512597e-01
     638   -6.769840e-02    7.881429e-01
     639   -4.599047e-02    8.341358e-01
     640   -5.488349e-02    8.201813e-01
     641   -1.114399e-01    7.197453e-01
     642   -3.968121e-02    9.273912e-01
     643   -1.370412e-01    6.736253e-01
     644   -8.406767e-02    9.242607e-01
     645   -1.004392e-01    9.106162e-01
     646   -8.073719e-02    9.179254e-01
     647   -2.776516e-03    9.746507e-01
     648    0.000000e+00    9.745833e-01
     649   -3.485803e-03    9.731400e-01
     650   -2.084509e-01    7.856322e-01
     651   -2.364003e-01    7.864175e-01
     652   -2.271488e-01    7.588355e-01
     653   -2.407672e-01    5.111235e-01
     654   -2.430126e-01    5.118537e-01
     655   -2.295443e-01    5.321946e-01
     656   -3.551277e-01    3.444691e-01
     657   -3.544584e-01    3.420515e-01
     658   -3.386104e-01    3.648065e-01
     659   -3.536557e-01    5.126242e-01
     660   -3.500953e-01    5.542321e-01
     661   -3.714426e-01    5.133127e-01
     662   -4.985425e-01    1.936145e-01
     663   -4.959747e-01    1.900795e-01
     664   -4.804863e-01    2.110305e-01
     665   -5.381591e-01    3.335279e-02
     666   -5.469589e-01    0.000000e+00
     667   -5.499463e-01    2.978041e-02
     668    5.700086e-04    1.087304e+00
     669    0.000000e+00    1.083918e+00
     670    5.681470e-04    1.081954e+00
     671    0.000000e+00    9.586016e-01
     672   -1.743431e-02    9.511212e-01
     673   -1.395523e-02    9.574270e-01
     674   -2.616560e-02    9.562247e-01
     675   -4.091265e-02    9.492576e-01
     676   -3.046884e-02    9.552879e-01
     677   -5.550015e-02    9.403618e-01
     678   -5.582249e-02    9.425672e-01
     679   -6.881102e-02    9.349031e-01
     680   -7.878496e-03    9.701401e-01
     681   -4.476217e-03    9.714917e-01
     682   -1.565357e-02    9.523619e-01
     683   -1.149764e-02    9.608191e-01
     684   -1.431408e-02    9.583482e-01
     685   -1.352964e-03    9.793636e-01
     686   -1.743432e-03    9.776905e-01
     687   -3.104488e-03    9.767237e-01
     688   -7.655609e-04    9.831811e-01
     689   -1.031520e-03    9.811860e-01
     690   -1.815222e-03    9.805798e-01
     691   -3.610875e-04    9.877481e-01
     692   -5.448030e-04    9.853655e-01
     693   -9.282807e-04    9.851422e-01
     694   -7.938522e-05    9.931216e-01
     695   -2.075986e-04    9.903333e-01
     696   -3.105870e-04    9.904867e-01
     697    1.182747e-04    9.992970e-01
     698    2.824577e-05    9.961109e-01
     699    1.232184e-04    9.966208e-01
     700    2.573527e-04    1.006236e+00
     701    1.940506e-04    1.002674e+00
     702    4.290944e-04    1.003514e+00
     703    3.549575e-04    1.013880e+00
     704    3.106347e-04    1.009973e+00
     705    6.445244e-04    1.011114e+00
     706    4.228694e-04    1.022163e+00
     707    3.921570e-04    1.017946e+00
     708    7.952115e-04    1.019358e+00
     709   -1.975495e-02    1.090051e+00
     710   -1.797055e-02    1.100000e+00
     711   -1.631255e-02    1.090442e+00
     712    4.694079e-04    1.031014e+00
     713    4.484905e-04    1.026522e+00
     714    8.992323e-04    1.028178e+00
     715    5.005901e-04    1.040360e+00
     716    4.866939e-04    1.035630e+00
     717    9.696139e-04    1.037503e+00
     718    5.208573e-04    1.050126e+00
     719    5.119254e-04    1.045195e+00
     720    1.015934e-03    1.047260e+00
     721    1.494482e-03    1.049144e+00
     722    1.465601e-03    1.044099e+00
     723    1.616067e-03    1.095526e+00
     724    1.179539e-03    1.092615e+00
     725    1.558914e-03    1.088093e+00
     726   -4.980657e-01    5.081135e-02
     727   -5.188128e-01    0.000000e+00
     728   -5.171117e-01    4.385125e-02
     729   -5.559368e-01    1.081306e-01
     730   -5.674519e-01    8.434687e-02
     731   -5.635859e-01    1.014385e-01
     732   -4.758510e-01    2.576691e-01
     733   -4.730766e-01    2.505459e-01
     734   -4.879123e-01    2.141392e-01
     735   -4.283878e-01    3.898898e-01
     736   -4.460062e-01    3.454643e-01
     737   -4.385784e-01    3.486703e-01
     738   -3.085892e-01    6.291017e-01
     739   -3.301620e-01    5.908875e-01
     740   -3.085548e-01    5.904126e-01
     741   -2.476867e-01    7.277529e-01
     742   -2.221346e-01    7.296855e-01
     743   -1.517842e-01    8.584026e-01
     744   -1.708300e-01    8.354778e-01
     745   -1.459953e-01    8.409182e-01
     746   -1.163753e-01    8.957903e-01
     747   -1.349301e-01    8.773373e-01
     748   -1.115608e-01    8.841762e-01
     749   -5.251672e-02    9.433372e-01
     750   -6.519861e-01    1.033843e-02
     751   -6.529480e-01    0.000000e+00
     752   -6.560588e-01    8.635984e-03
     753   -6.481482e-01    2.420033e-02
     754   -6.487729e-01    2.634778e-02
     755   -6.428681e-01    3.475160e-02
     756   -6.065641e-01    6.363710e-02
     757   -6.094747e-01    4.876754e-02
     758   -6.156307e-01    4.637713e-02
     759   -6.228584e-01    2.984764e-02
     760   -6.224419e-01    1.534977e-02
     761   -6.283060e-01    1.446554e-02
     762   -6.164275e-01    1.622494e-02
     763   -6.202718e-01    0.000000e+00
     764   -5.978853e-01    1.818813e-02
     765   -6.041780e-01    1.751587e-02
     766   -5.984687e-01    3.569309e-02
     767   -5.846186e-01    2.060381e-02
     768   -5.914156e-01    1.924971e-02
     769   -5.853312e-01    3.979905e-02
     770   -5.694912e-01    2.388841e-02
     771   -5.774872e-01    2.204405e-02
     772   -5.705549e-01    4.586399e-02
     773   -5.608886e-01    2.602800e-02
     774   -5.518254e-01    5.586892e-02
     775   -1.245114e-01    1.081762e+00
     776   -1.323705e-01    1.081565e+00
     777   -1.244284e-01    1.100000e+00
     778   -1.219157e-01    1.065393e+00
     779   -1.139702e-01    1.083785e+00
     780   -3.189888e-02    1.088870e+00
     781   -2.754906e-02    1.089263e+00
     782   -2.978395e-02    1.078129e+00
     783   -5.257948e-02    1.061954e+00
     784   -4.956889e-02    1.075029e+00
     785   -4.704753e-02    1.063086e+00
     786   -1.216349e-01    9.101627e-01
     787   -1.275496e-01    9.170672e-01
     788   -1.197635e-01    9.286368e-01
     789   -1.237444e-01    8.915704e-01
     790   -1.158456e-01    9.037247e-01
     791   -1.287702e-01    8.540069e-01
     792   -1.261152e-01    8.728579e-01
     793   -1.204937e-01    8.668907e-01
     794   -1.350128e-01    8.158747e-01
     795   -1.317279e-01    8.350160e-01
     796   -1.263035e-01    8.295453e-01
     797   -1.426554e-01    7.771261e-01
     798   -1.386466e-01    7.965798e-01
     799   -1.334564e-01    7.916362e-01
     800   -1.518977e-01    7.377358e-01
     801   -1.470629e-01    7.575126e-01
     802   -1.421521e-01    7.531299e-01
     803   -1.619542e-01    7.477887e-01
     804   -1.574135e-01    7.681237e-01
     805   -1.521525e-01    7.625032e-01
     806   -1.723404e-01    7.065513e-01
     807   -1.669219e-01    7.272644e-01
     808   -1.619571e-01    7.222060e-01
     809   -1.990468e-01    6.219207e-01
     810   -1.915643e-01    6.433286e-01
     811   -1.873671e-01    6.396004e-01
     812   -2.157690e-01    5.786813e-01
     813   -2.071071e-01    6.003655e-01
     814   -2.033925e-01    5.974116e-01
     815   -1.909255e-01    5.912467e-01
     816   -2.035063e-01    5.718408e-01
     817   -1.937262e-01    5.920395e-01
     818   -2.349761e-01    5.350027e-01
     819   -2.250518e-01    5.568851e-01
     820   -2.218895e-01    5.547756e-01
     821   -2.813212e-01    4.471602e-01
     822   -2.687222e-01    4.691007e-01
     823   -2.668620e-01    4.688518e-01
     824   -3.085243e-01    4.035403e-01
     825   -2.945901e-01    4.252903e-01
     826   -2.934610e-01    4.260196e-01
     827   -2.926418e-01    4.269480e-01
     828   -2.786311e-01    4.479152e-01
     829   -3.382945e-01    3.605624e-01
     830   -3.230986e-01    3.819459e-01
     831   -3.227296e-01    3.836461e-01
     832   -4.043737e-01    2.780572e-01
     833   -3.871675e-01    2.981267e-01
     834   -3.882828e-01    3.015736e-01
     835   -3.721597e-01    3.243767e-01
     836   -3.560003e-01    3.466454e-01
     837   -4.396889e-01    2.393149e-01
     838   -4.219058e-01    2.584351e-01
     839   -4.236613e-01    2.625507e-01
     840   -2.662350e-01    5.969087e-01
     841   -2.630756e-01    6.297668e-01
     842   -2.873776e-01    5.909744e-01
     843   -5.450237e-01    1.371063e-01
     844   -5.282840e-01    1.525164e-01
     845   -5.309131e-01    1.570747e-01
     846   -5.763240e-01    1.083050e-01
     847   -5.610845e-01    1.223686e-01
     848   -5.634720e-01    1.263624e-01
     849   -6.037340e-01    8.209514e-02
     850   -5.905789e-01    9.488138e-02
     851   -5.924203e-01    9.788311e-02
     852   -6.262818e-01    5.788837e-02
     853   -6.155754e-01    6.985990e-02
     854   -6.167778e-01    7.107109e-02
     855   -6.351142e-01    4.662306e-02
     856   -6.355232e-01    4.472019e-02
     857    6.266651e-04    1.100000e+00
     858    0.000000e+00    1.094626e+00
     859    6.313898e-04    1.094611e+00
     860    1.678938e-03    1.076488e+00
     861    1.596378e-03    1.070383e+00
     862    2.105962e-03    1.073133e+00
     863    1.684309e-03    1.082415e+00
     864    1.118002e-03    1.079407e+00
     865    1.429700e-03    1.039147e+00
     866    1.385383e-03    1.034295e+00
     867    2.562670e-03    1.087844e+00
     868    2.316783e-03    1.093837e+00
     869    2.788320e-03    1.094001e+00
     870    1.848814e-03    1.040607e+00
     871    2.952275e-03    1.100000e+00
     872    3.059688e-03    1.094242e+00
     873    2.586913e-03    1.033955e+00
     874    2.616021e-03    1.038795e+00
     875    2.507706e-03    1.033225e+00
     876   -1.650828e-02    1.071317e+00
     877   -1.477440e-02    1.081270e+00
     878   -1.334969e-02    1.072479e+00
     879   -2.167337e-02    1.079707e+00
     880   -2.350056e-02    1.089658e+00
     881   -1.317243e-02    1.090828e+00
     882   -1.169431e-02    1.100000e+00
     883   -1.033229e-02    1.091209e+00
     884   -3.216934e-02    1.066595e+00
     885   -2.780098e-02    1.067778e+00
     886   -4.149006e-02    1.088089e+00
     887   -3.654722e-02    1.088478e+00
     888   -3.909324e-02    1.076562e+00
     889   -5.223724e-02    1.087329e+00
     890   -4.672220e-02    1.087706e+00
     891   -6.408425e-02    1.086602e+00
     892   -5.802754e-02    1.086961e+00
     893   -6.115952e-02    1.073555e+00
     894   -7.697734e-02    1.085797e+00
     895   -7.039717e-02    1.086254e+00
     896   -7.381706e-02    1.072042e+00
     897   -9.106444e-02    1.084686e+00
     898   -8.376745e-02    1.085474e+00
     899   -8.771886e-02    1.070139e+00
     900   -1.127054e-01    1.036273e+00
     901   -1.157967e-01    1.053890e+00
     902   -1.082352e-01    1.050207e+00
     903   -1.629520e-01    6.977036e-01
     904   -1.571838e-01    7.177999e-01
     905   -1.526049e-01    7.140156e-01
     906   -1.982316e-01    8.336739e-01
     907   -1.886147e-01    8.125151e-01
     908   -2.749798e-01    7.312401e-01
     909   -2.671521e-01    6.973454e-01
     910   -2.886562e-01    6.628133e-01
     911   -3.135131e-01    6.682756e-01
     912   -3.513063e-01    5.977571e-01
     913   -3.874166e-01    5.200686e-01
     914   -3.906963e-01    4.741311e-01
     915   -4.106373e-01    4.311058e-01
     916   -4.206617e-01    4.357670e-01
     917   -4.755573e-01    2.027336e-01
     918   -4.576049e-01    2.207319e-01
     919   -4.598639e-01    2.252984e-01
     920    5.642536e-04    1.070887e+00
     921    5.409911e-04    1.065418e+00
     922    1.088299e-03    1.068052e+00
     923    5.365601e-04    1.060255e+00
     924    5.280168e-04    1.055144e+00
     925    1.048234e-03    1.057391e+00
     926   -1.846362e-01    6.645766e-01
     927   -1.782367e-01    6.856538e-01
     928   -1.736244e-01    6.812245e-01
     929    0.000000e+00    9.775317e-01
     930   -2.218727e-03    9.761289e-01
     931   -1.532727e-01    7.882696e-01
     932   -1.495098e-01    8.082296e-01
     933   -1.440011e-01    8.021069e-01
     934    0.000000e+00    9.808170e-01
     935   -1.460994e-01    8.280070e-01
     936   -1.430210e-01    8.476091e-01
     937   -1.373044e-01    8.410357e-01
     938    0.000000e+00    9.847447e-01
     939   -1.402523e-01    8.670404e-01
     940   -1.377724e-01    8.863140e-01
     941   -1.318787e-01    8.793325e-01
     942    0.000000e+00    9.894497e-01
     943   -1.355667e-01    9.054320e-01
     944   -1.336001e-01    9.244224e-01
     945    0.000000e+00    9.949704e-01
     946   -1.318898e-01    9.432677e-01
     947   -1.303118e-01    9.620613e-01
     948   -1.241059e-01    9.543660e-01
     949    0.000000e+00    1.001292e+00
     950   -1.290414e-01    9.806788e-01
     951   -1.278652e-01    9.991401e-01
     952   -1.214364e-01    9.911654e-01
     953    0.000000e+00    1.008368e+00
     954   -5.839500e-02    1.060758e+00
     955   -5.576943e-02    1.048409e+00
     956    0.000000e+00    1.016139e+00
     957   -9.079763e-03    1.082794e+00
     958   -7.788535e-03    1.091583e+00
     959    0.000000e+00    1.024534e+00
     960    3.147839e-03    1.094427e+00
     961    3.115767e-03    1.088679e+00
     962    0.000000e+00    1.033483e+00
     963    2.852214e-03    1.094778e+00
     964    2.692760e-03    1.100000e+00
     965    2.507319e-03    1.094921e+00
     966    0.000000e+00    1.042910e+00
     967    1.520038e-03    1.054256e+00
     968    1.932661e-03    1.050874e+00
     969    0.000000e+00    1.052740e+00
     970    1.567549e-03    1.064813e+00
     971    1.540883e-03    1.059474e+00
     972    1.997869e-03    1.061515e+00
     973    0.000000e+00    1.062901e+00
     974    5.666551e-04    1.076163e+00
     975    0.000000e+00    1.073318e+00
     976   -4.496896e-01    3.456082e-01
     977   -4.613334e-01    3.027346e-01
     978   -5.162358e-01    1.766799e-01
     979   -5.010431e-01    1.960527e-01
     980   -5.110341e-01    1.686019e-01
     981   -4.934059e-01    1.853451e-01
     982   -3.977985e-01    4.315280e-01
     983   -3.703805e-01    3.186034e-01
     984   -3.540669e-01    3.394286e-01
     985   -2.642907e-01    6.631275e-01
     986   -2.568022e-01    4.910801e-01
     987   -2.455546e-01    5.130565e-01
     988   -1.827529e-01    7.891969e-01
     989   -1.607286e-01    8.729686e-01
     990   -1.407263e-01    8.215604e-01
     991   -1.592567e-01    7.936135e-01
     992   -1.383150e-01    8.011645e-01
     993   -9.329205e-03    9.433379e-01
     994   -6.768619e-03    9.535618e-01
     995   -8.485546e-03    9.488965e-01
     996   -1.239901e-01    9.043092e-01
     997   -1.086018e-02    9.635643e-01
     998   -8.797303e-02    9.277570e-01
     999   -6.081178e-01    0.000000e+00
    1000   -6.103607e-01    1.661929e-02
    1001   -5.690464e-01    1.296016e-01
    1002   -5.673920e-01    1.299215e-01
    1003   -5.540410e-01    1.459815e-01
    1004   -5.773470e-01    6.151884e-02
    1005   -5.843429e-01    5.776459e-02
    1006   -5.955532e-01    0.000000e+00
    1007   -5.417176e-01    8.741075e-02
    1008   -5.526958e-01    7.798319e-02
    1009   -5.821032e-01    0.000000e+00
    1010   -5.618405e-01    7.094306e-02
    1011   -5.699696e-01    6.565328e-02
    1012   -5.666518e-01    0.000000e+00
    1013   -5.081297e-01    1.249560e-01
    1014   -5.204098e-01    7.903241e-02
    1015   -5.286713e-01    1.011601e-01
    1016   -1.345029e-01    1.007512e+00
    1017   -1.269894e-01    1.017582e+00
    1018   -1.264162e-01    1.051346e+00
    1019    1.277863e-03    1.012246e+00
    1020    1.089856e-03    1.016069e+00
    1021    9.751229e-04    1.011851e+00
    1022   -1.367105e-01    9.700734e-01
    1023   -1.082132e-01    9.157957e-01
    1024   -1.064809e-01    9.338352e-01
    1025   -1.008646e-01    9.278512e-01
    1026   -1.397700e-01    9.322016e-01
    1027   -1.124835e-01    8.796613e-01
    1028   -1.102277e-01    8.978016e-01
    1029   -1.047480e-01    8.923198e-01
    1030   -1.437794e-01    8.937868e-01
    1031   -1.178739e-01    8.430933e-01
    1032   -1.150312e-01    8.614437e-01
    1033   -1.097251e-01    8.565003e-01
    1034   -1.488608e-01    8.547312e-01
    1035   -1.245531e-01    8.060125e-01
    1036   -1.210408e-01    8.246223e-01
    1037   -1.159441e-01    8.202359e-01
    1038   -1.551578e-01    8.149526e-01
    1039   -1.327172e-01    7.683729e-01
    1040   -1.284360e-01    7.872657e-01
    1041   -1.235893e-01    7.834522e-01
    1042   -1.628343e-01    7.743884e-01
    1043   -1.284972e-01    7.434389e-01
    1044   -1.328716e-01    7.461127e-01
    1045   -1.234826e-01    7.618802e-01
    1046   -1.720710e-01    7.330004e-01
    1047   -6.416933e-03    9.641004e-01
    1048   -4.441763e-03    9.710945e-01
    1049   -5.759395e-03    9.683175e-01
    1050   -1.830607e-01    6.907806e-01
    1051   -1.692256e-01    6.774553e-01
    1052   -1.960027e-01    6.477571e-01
    1053   -1.775863e-01    7.652268e-01
    1054   -1.981900e-01    7.325827e-01
    1055   -1.761203e-01    7.399754e-01
    1056   -2.110935e-01    6.040003e-01
    1057   -1.999367e-01    5.950760e-01
    1058   -1.913663e-01    6.158564e-01
    1059   -2.285163e-01    5.596291e-01
    1060   -2.620341e-01    4.707606e-01
    1061   -2.769762e-01    4.495376e-01
    1062   -2.629410e-01    4.699584e-01
    1063   -2.484266e-01    5.148169e-01
    1064   -2.526897e-01    4.900319e-01
    1065   -2.387801e-01    5.107990e-01
    1066   -2.709350e-01    4.697954e-01
    1067   -2.183244e-01    5.332585e-01
    1068   -2.059526e-01    5.527581e-01
    1069   -2.041911e-01    5.538659e-01
    1070   -2.960867e-01    4.248569e-01
    1071   -3.073288e-01    4.060810e-01
    1072   -2.920737e-01    4.280121e-01
    1073   -3.238385e-01    3.803528e-01
    1074   -3.592077e-01    4.739926e-01
    1075   -3.840147e-01    4.317453e-01
    1076   -3.682386e-01    4.376715e-01
    1077   -3.540339e-01    3.366865e-01
    1078   -3.071229e-01    4.088352e-01
    1079   -2.917110e-01    4.291553e-01
    1080   -2.914958e-01    4.303510e-01
    1081   -3.863793e-01    2.943009e-01
    1082   -4.074795e-01    2.850885e-01
    1083   -3.896365e-01    3.045729e-01
    1084   -3.911489e-01    3.071152e-01
    1085   -4.204223e-01    2.536583e-01
    1086   -3.901283e-01    3.735252e-01
    1087   -3.784932e-01    4.034460e-01
    1088   -4.047112e-01    3.639788e-01
    1089   -4.555373e-01    2.152121e-01
    1090   -5.704494e-01    9.651178e-02
    1091   -5.578528e-01    1.184073e-01
    1092   -4.909216e-01    1.793711e-01
    1093   -6.033458e-01    5.091480e-02
    1094   -6.108553e-01    3.286131e-02
    1095   -5.256080e-01    1.464591e-01
    1096   -5.655983e-01    1.288005e-01
    1097   -5.499194e-01    1.442818e-01
    1098   -5.584949e-01    1.166717e-01
    1099   -5.937852e-01    9.927774e-02
    1100   -5.802283e-01    1.138652e-01
    1101   -5.883995e-01    9.003751e-02
    1102   -6.278826e-01    4.104599e-02
    1103   -6.338478e-01    2.516100e-02
    1104   -6.331340e-01    3.724895e-02
    1105   -6.141287e-01    6.638955e-02
    1106   -6.170101e-01    7.095044e-02
    1107   -6.059797e-01    8.515489e-02
    1108   -6.345675e-01    4.535068e-02
    1109   -6.442934e-01    1.047210e-02
    1110   -6.469791e-01    1.591429e-02
    1111   -6.408497e-01    2.758919e-02
    1112   -2.545702e-02    1.100000e+00
    1113   -2.831750e-02    1.046253e+00
    1114   -2.594512e-02    1.057813e+00
    1115   -2.421221e-02    1.048231e+00
    1116   -4.179699e-02    1.064248e+00
    1117   -3.683630e-02    1.065414e+00
    1118   -3.415136e-02    1.100000e+00
    1119   -8.009176e-02    9.792496e-01
    1120   -8.429437e-02    9.880964e-01
    1121   -7.887830e-02    9.977892e-01
    1122   -4.403131e-02    1.100000e+00
    1123   -1.091812e-01    9.763981e-01
    1124   -1.165323e-01    9.654552e-01
    1125   -1.152594e-01    9.836465e-01
    1126   -5.505528e-02    1.100000e+00
    1127   -7.084370e-02    1.058014e+00
    1128   -6.446794e-02    1.059677e+00
    1129   -6.800174e-02    1.044823e+00
    1130   -6.716221e-02    1.100000e+00
    1131   -8.577040e-02    1.022867e+00
    1132   -8.141818e-02    1.040964e+00
    1133   -7.872151e-02    1.025079e+00
    1134   -8.027059e-02    1.100000e+00
    1135   -1.065341e-01    1.013668e+00
    1136   -1.141482e-01    1.001657e+00
    1137   -1.127020e-01    1.021261e+00
    1138   -9.828060e-02    1.084392e+00
    1139   -9.427614e-02    1.100000e+00
    1140   -1.090483e-01    1.100000e+00
    1141   -1.063955e-01    1.084030e+00
    1142   -1.031760e-01    1.068357e+00
    1143   -4.738053e-01    2.655003e-01
    1144   -5.030162e-01    1.828141e-01
    1145   -5.000642e-01    1.683145e-01
    1146   -1.259665e-02    9.635322e-01
    1147   -8.401356e-03    9.692530e-01
    1148   -1.049161e-02    9.674829e-01
    1149   -7.454711e-02    9.100787e-01
    1150   -9.195586e-02    8.899012e-01
    1151   -7.318925e-02    8.984572e-01
    1152   -4.894828e-01    1.518240e-01
    1153   -5.509206e-01    9.841756e-02
    1154   -4.980805e-03    9.734098e-01
    1155    0.000000e+00    9.713697e-01
    1156   -5.593840e-03    9.696229e-01
    1157   -6.320573e-01    0.000000e+00
    1158   -6.340839e-01    1.352366e-02
    1159   -6.315925e-03    1.043537e+00
    1160   -5.050717e-03    1.052646e+00
    1161   -4.255314e-03    1.045964e+00
    1162    1.724888e-03    1.030694e+00
    1163    1.331275e-03    1.029552e+00
    1164   -2.190073e-01    5.532256e-01
    1165   -2.091454e-01    5.741911e-01
    1166   -2.354388e-01    5.111436e-01
    1167   -2.496214e-01    4.903907e-01
    1168   -2.370191e-01    5.108185e-01
    1169   -3.226625e-01    3.853567e-01
    1170   -3.356739e-01    5.127326e-01
    1171   -4.622221e-01    2.289062e-01
    1172   -4.438813e-01    2.472263e-01
    1173   -4.176284e-01    3.579020e-01
    1174   -4.066281e-01    3.924807e-01
    1175   -4.293614e-01    3.514855e-01
    1176   -1.404426e-02    9.651933e-01
    1177   -8.649587e-03    9.666272e-01
    1178   -4.157898e-02    9.475201e-01
    1179   -5.105464e-02    9.391029e-01
    1180    1.265326e-03    1.024928e+00
    1181    2.762319e-03    1.082003e+00
    1182    3.031166e-03    1.082698e+00
    1183    2.894749e-03    1.076486e+00
    1184    2.134091e-03    1.095443e+00
    1185    2.363389e-03    1.090358e+00
    1186    1.801797e-03    1.100000e+00
    1187   -4.898886e-01    2.162029e-01
    1188   -4.714556e-01    2.349701e-01
    1189   -4.735591e-01    2.347681e-01
    1190   -5.478633e-01    1.161562e-01
    1191   -5.427027e-01    1.333559e-01
    1192   -5.334222e-01    1.602261e-01
    1193   -5.357488e-01    1.621295e-01
    1194   -5.942082e-01    6.932410e-02
    1195   -5.972895e-01    5.250017e-02
    1196   -6.389446e-01    1.147928e-02
    1197   -6.342313e-01    4.186146e-02
    1198   -6.264593e-01    5.642414e-02
    1199   -5.098485e-02    1.024618e+00
    1200   -5.331220e-02    1.036276e+00
    1201   -4.772179e-02    1.038364e+00
    1202   -1.121012e-01    9.402509e-01
    1203   -1.180272e-01    9.471423e-01
    1204    9.018216e-04    1.003841e+00
    1205    8.378054e-04    1.007786e+00
    1206    6.744163e-04    1.003880e+00
    1207    3.714276e-04    9.960612e-01
    1208    4.797471e-04    1.000142e+00
    1209    2.486316e-04    9.965787e-01
    1210   -3.739978e-04    9.889563e-01
    1211   -2.628102e-05    9.931958e-01
    1212   -3.528219e-04    9.899986e-01
    1213   -1.423219e-03    9.825622e-01
    1214   -7.416275e-04    9.869909e-01
    1215   -1.204747e-03    9.841746e-01
    1216   -2.908818e-03    9.768907e-01
    1217   -1.758017e-03    9.815487e-01
    1218   -2.420087e-03    9.791107e-01
    1219   -5.033263e-03    9.719097e-01
    1220   -3.215418e-03    9.768496e-01
    1221   -4.173253e-03    9.747553e-01
    1222   -1.834065e-01    6.365219e-01
    1223   -1.760365e-01    6.570570e-01
    1224   -2.117545e-01    5.513489e-01
    1225   -2.251382e-01    5.312146e-01
    1226   -2.139692e-01    5.515636e-01
    1227   -2.640157e-01    4.693447e-01
    1228   -2.653106e-01    4.689542e-01
    1229   -2.189471e-01    6.711988e-01
    1230   -2.182917e-01    7.005200e-01
    1231   -2.410790e-01    6.645754e-01
    1232   -4.317830e-01    2.722268e-01
    1233   -4.483614e-01    2.519680e-01
    1234   -4.297116e-01    2.707645e-01
    1235   -4.646035e-01    2.316169e-01
    1236   -4.276295e-01    2.686969e-01
    1237   -4.255965e-01    2.659627e-01
    1238    1.185783e-03    1.020431e+00
    1239   -4.560890e-03    1.084253e+00
    1240   -5.536159e-03    1.091948e+00
    1241   -3.568777e-03    1.092302e+00
    1242    1.542048e-03    1.021218e+00
    1243   -2.373374e-02    1.068962e+00
    1244   -5.801143e-02    9.960442e-01
    1245   -6.028257e-02    1.007680e+00
    1246   -5.442479e-02    1.010564e+00
    1247   -6.609892e-03    1.100000e+00
    1248   -3.471424e-02    1.054653e+00
    1249   -1.996935e-02    1.070143e+00
    1250   -1.425801e-01    7.301529e-01
    1251   -1.374215e-01    7.493373e-01
    1252   -1.728206e-01    6.307343e-01
    1253   -1.846160e-01    6.121384e-01
    1254   -1.761483e-01    6.321308e-01
    1255   -7.589680e-02    1.011818e+00
    1256   -7.163048e-02    1.029577e+00
    1257   -2.677126e-03    1.100000e+00
    1258   -1.878554e-03    1.092645e+00
    1259    2.839263e-03    1.056072e+00
    1260    2.615668e-03    1.054248e+00
    1261    2.781052e-03    1.050289e+00
    1262    3.131347e-03    1.100000e+00
    1263    3.071286e-03    1.094622e+00
    1264    2.383208e-03    1.063560e+00
    1265    2.346468e-03    1.058015e+00
    1266    3.124950e-03    1.083323e+00
    1267    3.052597e-03    1.083749e+00
    1268    3.089208e-03    1.078045e+00
    1269    2.381451e-03    1.068581e+00
    1270    2.669491e-03    1.065016e+00
    1271   -4.853713e-01    2.153075e-01
    1272   -4.669653e-01    2.334733e-01
    1273   -4.692534e-01    2.345696e-01
    1274    0.000000e+00    9.667360e-01
    1275   -2.951215e-02    9.551612e-01
    1276   -5.908741e-01    5.508269e-02
    1277   -5.815057e-01    7.536595e-02
    1278   -5.834145e-01    8.830980e-02
    1279   -5.895912e-01    8.498361e-02
    1280   -1.202929e-01    1.024616e+00
    1281   -1.269585e-01    1.032998e+00
    1282   -1.330733e-01    1.044635e+00
    1283    1.818169e-03    1.011564e+00
    1284    2.037864e-03    1.017132e+00
    1285    1.817591e-03    1.011963e+00
    1286    1.189266e-03    1.000930e+00
    1287    1.556538e-03    1.006900e+00
    1288    1.248335e-03    1.001948e+00
    1289    3.215946e-04    9.907028e-01
    1290    8.851039e-04    9.971121e-01
    1291    4.581919e-04    9.923968e-01
    1292   -1.189150e-01    7.801851e-01
    1293   -1.144124e-01    7.774484e-01
    1294   -4.702051e-03    9.626940e-01
    1295   -3.080243e-03    9.707567e-01
    1296   -4.196467e-03    9.668322e-01
    1297   -5.332313e-03    9.728005e-01
    1298   -3.752597e-03    9.706449e-01
    1299   -2.408756e-03    9.771332e-01
    1300   -3.336913e-03    9.740328e-01
    1301   -6.723002e-03    9.709873e-01
    1302   -1.069421e-01    8.696675e-01
    1303   -1.796711e-01    6.340471e-01
    1304   -1.650371e-01    6.743075e-01
    1305   -2.163753e-01    5.521747e-01
    1306   -1.967210e-01    5.933025e-01
    1307   -1.105832e-02    9.524115e-01
    1308   -1.018863e-02    9.581037e-01
    1309   -1.364214e-02    9.490881e-01
    1310   -2.274126e-01    6.111076e-01
    1311   -2.213814e-01    6.412167e-01
    1312   -2.466936e-01    6.017279e-01
    1313   -3.228268e-01    3.870293e-01
    1314   -3.398279e-01    3.685032e-01
    1315   -3.231745e-01    3.886120e-01
    1316   -3.236448e-01    3.900903e-01
    1317   -5.399481e-01    1.624497e-01
    1318   -5.379197e-01    1.628358e-01
    1319   -6.013708e-01    7.932997e-02
    1320   -6.092946e-01    7.133641e-02
    1321   -5.965608e-01    9.042043e-02
    1322   -5.947099e-01    9.925764e-02
    1323   -6.431599e-01    0.000000e+00
    1324   -6.268940e-02    1.019414e+00
    1325   -6.521496e-02    1.031969e+00
    1326   -5.916369e-02    1.034330e+00
    1327   -4.466727e-02    1.051527e+00
    1328   -8.951943e-02    1.008696e+00
    1329   -8.981138e-02    9.940045e-01
    1330   -9.631068e-02    9.957522e-01
    1331   -9.176434e-02    1.053950e+00
    1332   -8.443666e-02    1.055395e+00
    1333   -7.744297e-02    1.056866e+00
    1334   -1.005666e-01    1.021668e+00
    1335   -9.676766e-02    1.036034e+00
    1336   -9.221738e-02    1.025078e+00
    1337   -4.497920e-01    3.124154e-01
    1338   -1.241754e-01    8.462443e-01
    1339   -3.104280e-01    5.536597e-01
    1340   -2.759764e-01    4.516476e-01
    1341   -2.612607e-01    4.717146e-01
    1342   -2.605732e-01    4.728153e-01
    1343   -3.166963e-01    5.184978e-01
    1344   -3.604499e-01    3.527012e-01
    1345   -3.775234e-01    3.317363e-01
    1346   -3.592906e-01    3.515509e-01
    1347   -4.860217e-01    2.349319e-01
    1348   -5.019704e-01    1.964946e-01
    1349   -4.980348e-01    2.091333e-01
    1350   -4.527169e-01    2.539469e-01
    1351   -1.834400e-01    5.913489e-01
    1352   -1.858091e-01    5.909259e-01
    1353   -1.732739e-01    6.104245e-01
    1354   -2.214907e-01    5.316480e-01
    1355   -2.097030e-01    5.514904e-01
    1356   -2.077770e-01    5.519685e-01
    1357   -1.506688e-01    6.355716e-01
    1358   -1.635390e-01    6.152477e-01
    1359   -1.532055e-01    6.334745e-01
    1360   -1.046966e-01    8.535307e-01
    1361   -3.354168e-01    4.515669e-01
    1362   -3.246942e-01    4.840325e-01
    1363   -3.523587e-01    4.425243e-01
    1364   -4.036119e-01    3.144581e-01
    1365   -4.217185e-01    2.935564e-01
    1366   -4.022917e-01    3.141297e-01
    1367    2.631893e-03    1.079060e+00
    1368    2.454095e-03    1.074866e+00
    1369    2.821935e-03    1.074338e+00
    1370    2.076469e-03    1.085182e+00
    1371   -1.000660e-01    1.051188e+00
    1372   -6.169194e-01    6.864197e-02
    1373   -6.191685e-01    5.679162e-02
    1374   -6.156998e-01    6.683928e-02
    1375   -5.160306e-01    1.594749e-01
    1376   -5.292505e-01    1.232661e-01
    1377   -5.284755e-01    1.404321e-01
    1378   -4.689056e-01    2.729405e-01
    1379   -2.152994e-02    9.602882e-01
    1380   -2.972814e-02    9.525728e-01
    1381   -6.237438e-02    9.251048e-01
    1382   -6.216252e-01    4.371829e-02
    1383   -5.954787e-01    9.765351e-02
    1384   -5.829477e-01    1.134632e-01
    1385   -8.096578e-03    9.675463e-01
    1386   -1.316703e-02    9.655300e-01
    1387   -1.049152e-02    1.073623e+00
    1388   -7.930258e-03    1.074746e+00
    1389   -7.403218e-02    9.747022e-01
    1390   -6.929754e-02    9.908959e-01
    1391   -6.861990e-02    9.768789e-01
    1392    2.973602e-03    1.089410e+00
    1393    2.455675e-03    1.084464e+00
    1394   -4.563975e-04    1.092969e+00
    1395    1.667108e-04    1.100000e+00
    1396    7.087251e-04    1.093282e+00
    1397    2.500824e-03    1.043194e+00
    1398    2.265948e-03    1.047228e+00
    1399    2.210907e-03    1.041938e+00
    1400    1.628245e-03    1.093559e+00
    1401    2.007147e-03    1.100000e+00
    1402    2.288370e-03    1.081311e+00
    1403    2.913929e-03    1.068054e+00
    1404    2.893393e-03    1.062735e+00
    1405    3.011460e-03    1.072275e+00
    1406    3.071288e-03    1.071422e+00
    1407   -1.023052e-01    9.873477e-01
    1408   -1.019646e-01    1.002571e+00
    1409   -5.660005e-03    1.075834e+00
    1410   -3.676786e-03    1.076900e+00
    1411   -3.905366e-03    1.061412e+00
    1412   -2.868907e-03    1.069782e+00
    1413   -2.159441e-03    1.063036e+00
    1414   -1.167135e-03    1.085618e+00
    1415    1.174951e-03    1.086846e+00
    1416   -4.243537e-02    1.040298e+00
    1417   -7.174012e-02    1.003007e+00
    1418   -3.742974e-02    1.042296e+00
    1419   -3.272557e-02    1.044266e+00
    1420   -6.639067e-02    1.004585e+00
    1421   -4.033221e-02    1.029486e+00
    1422   -8.303154e-02    9.294823e-01
    1423   -8.061734e-02    9.477827e-01
    1424   -7.568977e-02    9.426682e-01
    1425   -1.048303e-01    9.517769e-01
    1426   -1.035089e-01    9.696900e-01
    1427   -9.790015e-02    9.631865e-01
    1428   -2.040928e-02    1.050207e+00
    1429   -1.838332e-02    1.060965e+00
    1430   -1.691019e-02    1.052168e+00
    1431   -4.672039e-02    1.002554e+00
    1432   -4.877788e-02    1.013423e+00
    1433   -4.342157e-02    1.016275e+00
    1434    2.311367e-03    1.052558e+00
    1435    2.144262e-03    1.036752e+00
    1436    2.630550e-03    1.048499e+00
    1437    2.880465e-03    1.053497e+00
    1438    2.791531e-03    1.047118e+00
    1439   -9.359830e-02    9.399137e-01
    1440   -9.233740e-02    9.574929e-01
    1441   -8.675147e-02    9.520022e-01
    1442    2.062744e-03    1.031654e+00
    1443    1.964046e-03    1.026661e+00
    1444    2.328500e-03    1.032483e+00
    1445    1.845085e-03    1.021775e+00
    1446    1.702224e-03    1.017005e+00
    1447   -1.371403e-02    1.054109e+00
    1448   -1.203305e-02    1.064065e+00
    1449   -1.081908e-02    1.056023e+00
    1450   -4.857184e-04    9.855486e-01
    1451    6.378790e-05    9.912146e-01
    1452   -4.082065e-04    9.874454e-01
    1453    2.077156e-03    1.022152e+00
    1454    1.531672e-03    1.012359e+00
    1455    1.328410e-03    1.007843e+00
    1456   -6.195382e-02    9.813175e-01
    1457   -5.601959e-02    9.849475e-01
    1458    1.717013e-03    1.012246e+00
    1459    1.087280e-03    1.003464e+00
    1460    8.013926e-04    9.992290e-01
    1461   -1.018521e-01    8.697254e-01
    1462   -9.940198e-02    8.873204e-01
    1463   -9.424794e-02    8.827938e-01
    1464    1.208806e-03    1.002812e+00
    1465    4.634408e-04    9.951439e-01
    1466   -1.076298e-01    8.342804e-01
    1467   -1.045814e-01    8.520621e-01
    1468   -9.961094e-02    8.481321e-01
    1469    4.992646e-04    9.938993e-01
    1470   -9.663494e-04    9.838405e-01
    1471   -1.147700e-01    7.983484e-01
    1472   -1.110163e-01    8.163804e-01
    1473   -1.062601e-01    8.130471e-01
    1474   -4.111392e-01    2.898464e-01
    1475   -3.927666e-01    3.091883e-01
    1476   -3.746962e-01    3.287644e-01
    1477   -4.069507e-01    3.146804e-01
    1478   -4.253572e-01    2.927194e-01
    1479   -4.049643e-01    3.148158e-01
    1480   -3.581327e-01    3.501800e-01
    1481   -3.414892e-01    3.714638e-01
    1482   -3.944255e-01    3.108252e-01
    1483   -3.570245e-01    3.485448e-01
    1484   -2.472698e-01    4.917454e-01
    1485   -2.340103e-01    5.117307e-01
    1486   -2.326878e-01    5.125687e-01
    1487   -1.626442e-03    9.804030e-01
    1488   -1.399929e-01    7.061274e-01
    1489   -1.440167e-01    7.082048e-01
    1490   -1.339921e-01    7.248525e-01
    1491   -2.913928e-01    4.315693e-01
    1492   -1.365131e-01    7.794883e-01
    1493   -1.560341e-01    7.467093e-01
    1494   -1.376509e-01    7.564181e-01
    1495   -1.986452e-01    5.712362e-01
    1496   -1.882965e-01    5.908836e-01
    1497   -1.683043e-01    6.519999e-01
    1498   -1.786474e-01    6.104119e-01
    1499   -1.696682e-01    6.298240e-01
    1500   -1.666692e-01    6.293728e-01
    1501   -1.851776e-03    9.777915e-01
    1502   -5.210298e-01    1.799595e-01
    1503   -5.034420e-01    1.974717e-01
    1504   -5.057256e-01    1.979633e-01
    1505   -5.441168e-01    1.581976e-01
    1506   -5.578499e-01    1.426233e-01
    1507   -5.419146e-01    1.610019e-01
    1508   -1.610511e-01    6.717451e-01
    1509   -1.543664e-01    6.913539e-01
    1510   -1.613433e-01    6.491019e-01
    1511   -1.536385e-01    6.682511e-01
    1512   -1.501825e-01    6.672632e-01
    1513   -8.664925e-04    9.809097e-01
    1514   -4.321316e-05    9.878068e-01
    1515   -6.312550e-04    9.833450e-01
    1516   -1.482173e-01    7.108264e-01
    1517   -5.424273e-01    1.501996e-01
    1518   -5.508000e-01    1.345816e-01
    1519   -5.575804e-01    1.285965e-01
    1520   -5.559378e-01    1.373747e-01
    1521   -5.640376e-01    1.234195e-01
    1522   -5.703425e-01    1.178782e-01
    1523   -5.704690e-01    1.281254e-01
    1524   -7.337702e-03    9.656823e-01
    1525   -5.999561e-03    9.538049e-01
    1526   -4.032126e-03    9.631757e-01
    1527   -5.296153e-03    9.583223e-01
    1528   -1.572562e-01    6.697364e-01
    1529   -4.525169e-01    2.656024e-01
    1530   -4.503174e-01    2.664697e-01
    1531   -4.296450e-01    2.919298e-01
    1532   -9.229385e-03    9.631791e-01
    1533   -7.738783e-03    9.542787e-01
    1534   -5.511106e-03    9.630399e-01
    1535   -7.061609e-03    9.593830e-01
    1536   -5.436060e-01    1.414978e-01
    1537   -5.772422e-01    9.183229e-02
    1538   -4.935322e-01    2.164716e-01
    1539   -5.113032e-01    1.879256e-01
    1540   -5.030172e-01    2.016422e-01
    1541   -5.385981e-01    1.267940e-01
    1542   -6.057380e-01    8.348794e-02
    1543   -1.869580e-02    9.598655e-01
    1544   -1.573985e-02    9.639266e-01
    1545   -2.451693e-02    9.457778e-01
    1546   -1.767988e-02    9.560227e-01
    1547   -2.267610e-02    9.528098e-01
    1548   -4.613059e-01    2.817499e-01
    1549   -5.087033e-01    1.892982e-01
    1550   -5.244678e-01    1.573539e-01
    1551   -5.188478e-01    1.728080e-01
    1552   -5.949916e-01    9.643915e-02
    1553   -5.862074e-01    1.059043e-01
    1554   -5.279412e-01    1.597382e-01
    1555   -5.363273e-01    1.493088e-01
    1556    2.786953e-03    1.060992e+00
    1557    2.398384e-03    1.057537e+00
    1558    2.458742e-03    1.063640e+00
    1559    2.242882e-03    1.067965e+00
    1560    2.708592e-03    1.071084e+00
    1561   -5.949671e-01    8.352557e-02
    1562   -5.720714e-01    1.250811e-01
    1563   -5.254121e-01    1.791074e-01
    1564   -5.078550e-01    1.976548e-01
    1565   -5.100779e-01    1.964017e-01
    1566   -4.834113e-01    2.342210e-01
    1567   -4.727878e-01    2.555057e-01
    1568   -4.914205e-01    2.221419e-01
    1569   -4.880224e-02    9.335214e-01
    1570   -1.034952e-01    8.353435e-01
    1571   -1.196328e-01    8.080502e-01
    1572   -1.034440e-01    8.165036e-01
    1573   -5.711200e-01    1.082654e-01
    1574   -5.827232e-01    1.017818e-01
    1575   -4.338218e-01    2.731250e-01
    1576   -4.149012e-01    2.925005e-01
    1577   -4.289436e-01    3.269367e-01
    1578   -4.521771e-01    2.901847e-01
    1579   -4.406033e-01    3.007608e-01
    1580   -4.099568e-01    3.171873e-01
    1581   -3.879892e-01    3.471135e-01
    1582   -4.102707e-01    3.220489e-01
    1583   -2.487932e-03    9.715699e-01
    1584   -1.321096e-03    9.790148e-01
    1585   -2.130184e-03    9.748183e-01
    1586   -1.465335e-01    6.872575e-01
    1587   -1.550142e-01    6.481265e-01
    1588   -1.468701e-01    6.667512e-01
    1589   -1.436839e-01    6.666981e-01
    1590   -1.282848e-02    9.398109e-01
    1591   -1.192233e-02    9.462751e-01
    1592   -1.556511e-02    9.353604e-01
    1593   -1.943308e-01    5.721205e-01
    1594   -1.811578e-01    5.921480e-01
    1595   -2.800185e-01    5.319623e-01
    1596   -2.713589e-01    5.640101e-01
    1597   -2.985480e-01    5.229641e-01
    1598   -3.960968e-01    3.120445e-01
    1599   -3.241981e-01    3.914530e-01
    1600   -3.074815e-01    4.114952e-01
    1601   -2.891247e-01    5.003675e-01
    1602   -3.182764e-01    4.611747e-01
    1603   -3.004815e-01    4.725075e-01
    1604   -1.793365e-01    6.869186e-01
    1605   -1.757120e-01    7.138962e-01
    1606   -1.988798e-01    6.768523e-01
    1607   -2.024748e-01    5.552842e-01
    1608   -1.903328e-01    5.743896e-01
    1609   -2.206552e-02    1.010158e+00
    1610   -1.970809e-02    1.021780e+00
    1611   -1.842640e-02    1.013722e+00
    1612   -3.086313e-02    1.034268e+00
    1613   -6.877261e-03    1.067053e+00
    1614   -1.961379e-03    1.077822e+00
    1615   -5.271800e-04    1.078810e+00
    1616    2.837194e-03    1.084245e+00
    1617    1.938651e-03    1.074371e+00
    1618    1.588905e-03    1.080423e+00
    1619   -4.357844e-01    2.735569e-01
    1620   -3.977340e-01    3.129155e-01
    1621    6.629829e-04    1.079538e+00
    1622    2.966485e-03    1.058785e+00
    1623   -2.702962e-02    9.509085e-01
    1624   -3.475781e-02    9.443777e-01
    1625    2.704483e-03    1.044420e+00
    1626    7.277894e-04    1.038098e+00
    1627    1.529672e-03    1.037236e+00
    1628    5.154464e-04    1.030469e+00
    1629   -3.835925e-02    1.019061e+00
    1630   -3.359103e-02    1.021868e+00
    1631   -2.912485e-02    1.024653e+00
    1632   -7.028747e-02    9.521160e-01
    1633   -6.660407e-02    9.652890e-01
    1634   -6.353751e-02    9.572823e-01
    1635   -2.495896e-02    1.027443e+00
    1636   -2.259743e-02    1.039034e+00
    1637   -2.109721e-02    1.030217e+00
    1638   -5.865207e-02    9.586848e-01
    1639   -5.422683e-02    9.737737e-01
    1640   -5.292216e-02    9.627233e-01
    1641   -8.221664e-03    1.057887e+00
    1642   -5.917255e-03    1.059713e+00
    1643    2.268729e-03    1.022575e+00
    1644    2.378438e-03    1.027771e+00
    1645    2.223129e-03    1.022401e+00
    1646    2.809464e-03    1.045814e+00
    1647   -9.109144e-02    9.747924e-01
    1648    3.009164e-03    1.066281e+00
    1649    2.960938e-03    1.060651e+00
    1650    2.000211e-03    1.022836e+00
    1651    2.388743e-03    1.028626e+00
    1652    2.200260e-03    1.022703e+00
    1653    4.969376e-05    1.072113e+00
    1654   -9.724580e-02    9.047956e-01
    1655   -9.524218e-02    9.225257e-01
    1656   -8.991233e-02    9.174147e-01
    1657   -1.554554e-02    1.043749e+00
    1658   -4.608004e-03    1.002360e+00
    1659   -3.144666e-03    1.006505e+00
    1660   -4.440785e-03    9.972164e-01
    1661   -2.453234e-01    4.938972e-01
    1662   -2.314465e-01    5.136375e-01
    1663   -2.302452e-01    5.149515e-01
    1664   -2.913503e-01    4.328201e-01
    1665   -5.040571e-02    9.882301e-01
    1666   -9.186752e-02    8.619103e-01
    1667   -8.928849e-02    8.789344e-01
    1668   -8.446021e-02    8.755138e-01
    1669   -5.684020e-02    9.337525e-01
    1670   -5.153950e-02    9.518095e-01
    1671   -5.098367e-02    9.385930e-01
    1672   -9.805344e-02    8.275713e-01
    1673   -9.478371e-02    8.448542e-01
    1674   -9.014519e-02    8.419644e-01
    1675    7.226439e-04    9.986476e-01
    1676    1.389470e-03    1.005410e+00
    1677    1.018319e-03    9.998128e-01
    1678   -1.242923e-01    7.412973e-01
    1679   -2.949473e-04    9.869834e-01
    1680    5.831687e-04    9.943007e-01
    1681    7.497280e-05    9.888790e-01
    1682   -3.269507e-01    3.976420e-01
    1683   -3.448854e-01    3.758558e-01
    1684   -3.264770e-01    3.963128e-01
    1685   -3.247816e-01    3.927273e-01
    1686   -1.670777e-03    9.756201e-01
    1687   -5.178686e-04    9.835491e-01
    1688   -1.208127e-03    9.783128e-01
    1689   -3.519873e-03    9.645616e-01
    1690   -2.011376e-03    9.731716e-01
    1691   -2.945520e-03    9.681257e-01
    1692   -5.747112e-01    1.192029e-01
    1693   -1.288649e-01    7.029553e-01
    1694   -1.393550e-01    6.852107e-01
    1695   -1.324304e-01    7.035205e-01
    1696   -1.361352e-01    7.045727e-01
    1697   -8.896772e-03    9.558476e-01
    1698   -1.327062e-01    6.850668e-01
    1699   -1.254211e-01    7.028675e-01
    1700   -1.220876e-01    7.032435e-01
    1701   -5.256415e-01    1.731359e-01
    1702   -5.328616e-01    1.655660e-01
    1703   -5.136559e-01    1.919135e-01
    1704   -5.134770e-01    1.927291e-01
    1705   -4.955974e-01    2.131366e-01
    1706   -1.056640e-01    7.928090e-01
    1707   -1.016606e-01    8.102752e-01
    1708   -9.723595e-02    8.079720e-01
    1709   -1.100708e-01    7.752445e-01
    1710   -1.770394e-02    9.385454e-01
    1711   -1.667609e-02    9.457867e-01
    1712   -9.996522e-02    7.357597e-01
    1713   -8.904373e-02    7.577758e-01
    1714   -9.980292e-02    7.426958e-01
    1715   -5.279992e-01    1.655278e-01
    1716   -5.405153e-02    8.913149e-01
    1717   -4.526696e-02    9.060794e-01
    1718   -5.350565e-02    9.016125e-01
    1719   -4.759562e-01    2.395558e-01
    1720   -4.925400e-01    2.166455e-01
    1721   -4.842492e-01    2.273414e-01
    1722   -2.752935e-01    4.541169e-01
    1723   -2.599434e-01    4.740549e-01
    1724   -2.593317e-01    4.754562e-01
    1725   -2.913274e-01    4.354681e-01
    1726   -3.080533e-01    4.140349e-01
    1727   -2.913428e-01    4.341051e-01
    1728   -3.646954e-01    3.562063e-01
    1729   -3.828980e-01    3.347504e-01
    1730   -3.637359e-01    3.553169e-01
    1731   -1.405662e-01    6.488566e-01
    1732   -1.541058e-01    6.270672e-01
    1733   -1.431024e-01    6.447233e-01
    1734   -4.394677e-01    2.733254e-01
    1735   -4.567339e-01    2.537890e-01
    1736   -4.376743e-01    2.735840e-01
    1737   -4.536048e-01    2.758943e-01
    1738   -4.741138e-01    2.461765e-01
    1739   -4.641520e-01    2.574354e-01
    1740   -4.023398e-01    3.446764e-01
    1741   -4.297004e-01    3.092272e-01
    1742   -4.159944e-01    3.203170e-01
    1743   -3.767086e-02    9.296655e-01
    1744   -4.310293e-02    9.306203e-01
    1745   -5.081186e-02    9.164611e-01
    1746   -8.866762e-02    8.597723e-01
    1747   -3.734978e-02    9.209077e-01
    1748   -3.130370e-02    9.343761e-01
    1749    2.680192e-03    1.040802e+00
    1750    1.803402e-03    1.052287e+00
    1751    2.310948e-03    1.050049e+00
    1752   -5.109108e-01    1.906405e-01
    1753   -5.185890e-01    1.810601e-01
    1754   -4.604180e-01    2.521843e-01
    1755   -4.411243e-01    2.729305e-01
    1756   -4.428182e-01    2.723120e-01
    1757   -5.756521e-01    1.148946e-01
    1758   -5.454935e-01    1.552112e-01
    1759   -5.291508e-01    1.749964e-01
    1760   -2.042107e-02    9.424077e-01
    1761   -4.755362e-01    2.340861e-01
    1762   -4.184878e-01    2.934937e-01
    1763   -3.993301e-01    3.134854e-01
    1764   -3.803226e-01    3.335526e-01
    1765   -4.008496e-01    3.138611e-01
    1766   -1.767646e-01    5.948602e-01
    1767   -1.789438e-01    5.933113e-01
    1768   -1.638035e-01    6.293553e-01
    1769   -1.493923e-01    6.361764e-01
    1770   -1.380358e-01    6.535897e-01
    1771   -1.355670e-01    6.588906e-01
    1772   -1.260735e-01    7.216701e-01
    1773   -3.615946e-01    3.536622e-01
    1774   -3.432482e-01    3.737939e-01
    1775   -3.253755e-01    3.939257e-01
    1776   -1.202462e-01    7.396757e-01
    1777   -1.149250e-01    7.575257e-01
    1778   -3.000519e-03    9.701804e-01
    1779   -1.478362e-03    9.789494e-01
    1780   -2.264972e-03    9.728913e-01
    1781   -2.153864e-01    5.359883e-01
    1782   -2.007695e-01    5.570421e-01
    1783   -2.909286e-01    4.426601e-01
    1784   -3.089489e-01    4.198992e-01
    1785   -2.911039e-01    4.404455e-01
    1786   -3.626901e-01    3.545128e-01
    1787   -1.557661e-01    6.318196e-01
    1788   -1.682998e-01    6.120387e-01
    1789   -1.583736e-01    6.305831e-01
    1790   -1.610447e-01    6.297632e-01
    1791   -5.116892e-01    1.950200e-01
    1792   -4.937001e-01    2.147354e-01
    1793   -4.771991e-01    2.332420e-01
    1794   -3.651928e-02    1.009011e+00
    1795   -1.753905e-02    1.032976e+00
    1796   -1.428498e-02    1.035705e+00
    1797   -9.702865e-03    1.048335e+00
    1798    2.188128e-03    1.043123e+00
    1799   -4.496381e-02    9.918707e-01
    1800   -3.976104e-02    9.955181e-01
    1801   -3.490746e-02    9.991314e-01
    1802    5.204412e-04    1.065849e+00
    1803    1.543577e-03    1.066459e+00
    1804    9.962540e-04    1.059193e+00
    1805   -3.028269e-02    1.002907e+00
    1806   -2.750830e-02    1.015419e+00
    1807   -2.603414e-02    1.006507e+00
    1808   -6.782661e-02    9.315727e-01
    1809   -6.224890e-02    9.457268e-01
    1810   -6.284002e-02    9.334948e-01
    1811   -9.590410e-04    1.050417e+00
    1812    1.473615e-04    1.052711e+00
    1813   -6.065556e-04    1.044916e+00
    1814   -6.952643e-04    1.064462e+00
    1815    2.984209e-03    1.072213e+00
    1816   -1.133326e-02    1.038386e+00
    1817   -8.680833e-03    1.041014e+00
    1818    1.466861e-03    1.010600e+00
    1819    1.973248e-03    1.016855e+00
    1820    1.705870e-03    1.011094e+00
    1821    2.548931e-03    1.034650e+00
    1822    2.373969e-03    1.035442e+00
    1823   -1.536012e-03    1.056477e+00
    1824   -3.259423e-01    3.951062e-01
    1825   -1.810991e-03    1.021681e+00
    1826   -6.160396e-04    1.023220e+00
    1827   -1.928324e-03    1.013567e+00
    1828   -7.944419e-02    9.646082e-01
    1829    4.195756e-04    1.023028e+00
    1830   -8.695508e-02    8.958193e-01
    1831   -8.493427e-02    9.124544e-01
    1832   -8.000247e-02    9.084352e-01
    1833   -6.237251e-02    9.194411e-01
    1834   -3.664165e-02    9.763350e-01
    1835   -3.335108e-02    9.897686e-01
    1836   -3.190194e-02    9.809397e-01
    1837   -8.244911e-02    8.563387e-01
    1838   -7.944568e-02    8.734270e-01
    1839   -7.487374e-02    8.710981e-01
    1840   -2.888072e-04    9.963255e-01
    1841    7.203063e-04    1.003748e+00
    1842    2.920725e-04    9.974780e-01
    1843   -8.911288e-02    8.229490e-01
    1844   -8.555452e-02    8.398216e-01
    1845   -8.122616e-02    8.379434e-01
    1846   -1.445370e-03    9.831774e-01
    1847   -2.127207e-04    9.912398e-01
    1848   -7.980741e-04    9.850687e-01
    1849   -2.435164e-01    4.968587e-01
    1850   -2.290666e-01    5.165136e-01
    1851   -2.278775e-01    5.183629e-01
    1852   -1.825394e-01    5.834259e-01
    1853   -1.702921e-01    6.019519e-01
    1854   -1.681055e-01    6.052516e-01
    1855   -5.065645e-03    9.573382e-01
    1856   -3.174159e-03    9.668897e-01
    1857   -4.223262e-03    9.609446e-01
    1858   -7.792359e-03    9.446351e-01
    1859   -5.433228e-03    9.550545e-01
    1860   -6.827956e-03    9.492177e-01
    1861   -5.471788e-01    1.514117e-01
    1862   -5.404036e-01    1.581820e-01
    1863   -1.049216e-02    9.443166e-01
    1864   -1.400570e-02    9.210196e-01
    1865   -1.063711e-02    9.332903e-01
    1866   -1.262281e-02    9.264622e-01
    1867   -9.293669e-02    8.062403e-01
    1868   -1.058911e-01    7.735392e-01
    1869   -4.910723e-03    9.650550e-01
    1870   -2.997816e-03    9.744741e-01
    1871   -3.881281e-03    9.675491e-01
    1872   -1.163509e-01    7.385547e-01
    1873   -1.380938e-02    9.331251e-01
    1874   -2.234743e-02    9.071272e-01
    1875   -1.776111e-02    9.206955e-01
    1876   -2.103295e-02    9.151704e-01
    1877   -2.590259e-02    9.304838e-01
    1878   -2.490440e-02    9.387371e-01
    1879   -1.983503e-02    9.231501e-01
    1880   -1.874534e-02    9.310285e-01
    1881   -4.944144e-01    2.140380e-01
    1882   -5.056473e-01    2.007078e-01
    1883   -4.843391e-01    2.262139e-01
    1884   -5.079119e-01    1.965097e-01
    1885   -5.229778e-01    1.798662e-01
    1886   -2.691303e-02    9.220006e-01
    1887   -3.224713e-02    9.170896e-01
    1888   -5.611391e-01    1.355542e-01
    1889   -3.590289e-01    3.939021e-01
    1890   -3.462968e-01    4.224729e-01
    1891   -3.755773e-01    3.806552e-01
    1892   -2.248649e-02    9.266367e-01
    1893   -1.483948e-01    6.612879e-01
    1894   -1.642479e-01    6.349248e-01
    1895   -1.521718e-01    6.481566e-01
    1896   -4.792461e-01    2.318846e-01
    1897   -4.673881e-01    2.459330e-01
    1898   -4.790077e-01    2.318240e-01
    1899   -3.665104e-01    3.585763e-01
    1900   -3.852427e-01    3.360648e-01
    1901   -3.656161e-01    3.572426e-01
    1902   -1.445151e-01    7.054766e-01
    1903   -1.386843e-01    7.327130e-01
    1904   -1.620303e-01    6.932717e-01
    1905   -2.416566e-01    5.008452e-01
    1906   -2.266715e-01    5.205246e-01
    1907   -2.254261e-01    5.230627e-01
    1908   -1.491546e-01    6.489272e-01
    1909   -1.724538e-01    5.991521e-01
    1910   -1.864507e-01    5.780918e-01
    1911   -1.746112e-01    5.967929e-01
    1912   -1.406039e-01    6.670941e-01
    1913   -1.138590e-02    9.320437e-01
    1914   -8.436219e-03    9.434304e-01
    1915   -1.029163e-02    9.376910e-01
    1916   -1.187308e-01    7.204784e-01
    1917   -1.125927e-01    7.379260e-01
    1918   -1.069829e-01    7.552019e-01
    1919   -3.085878e-01    4.166800e-01
    1920   -3.277425e-01    4.010266e-01
    1921   -3.462970e-01    3.782822e-01
    1922   -3.273815e-01    3.991620e-01
    1923   -2.912968e-01    4.369326e-01
    1924   -2.746603e-01    4.570549e-01
    1925   -2.444922e-01    5.513871e-01
    1926   -2.349079e-01    5.814472e-01
    1927   -2.618850e-01    5.392889e-01
    1928   -4.329436e-02    9.815073e-01
    1929   -4.602789e-02    9.242581e-01
    1930   -5.292025e-02    9.145219e-01
    1931   -4.939059e-02    9.295980e-01
    1932   -2.021696e-05    1.039358e+00
    1933    1.131957e-03    1.045885e+00
    1934   -1.312504e-02    1.028023e+00
    1935    1.241070e-03    1.053983e+00
    1936    2.034340e-03    1.036197e+00
    1937    1.852794e-03    1.029489e+00
    1938   -7.327119e-02    9.216601e-01
    1939   -7.259725e-02    9.344942e-01
    1940   -4.724482e-02    9.666815e-01
    1941   -4.191636e-02    9.711550e-01
    1942   -1.509634e-02    1.017228e+00
    1943   -1.206570e-02    1.020698e+00
    1944   -1.075930e-02    9.585395e-01
    1945   -7.954835e-03    9.689878e-01
    1946   -8.987552e-03    9.591762e-01
    1947    1.121056e-03    1.023117e+00
    1948    1.533869e-04    1.015846e+00
    1949   -2.465226e-03    1.048310e+00
    1950   -2.465217e-02    9.980312e-01
    1951   -7.740367e-03    1.034007e+00
    1952   -3.528838e-03    1.039625e+00
    1953    1.652004e-03    1.022938e+00
    1954    1.390308e-03    1.016452e+00
    1955    1.089314e-03    1.010104e+00
    1956    5.467111e-04    1.009597e+00
    1957   -6.581971e-03    9.981827e-01
    1958   -5.121458e-03    1.007890e+00
    1959   -7.701882e-02    8.896773e-01
    1960   -7.516525e-02    9.057543e-01
    1961   -7.021604e-02    9.034040e-01
    1962   -2.587211e-01    4.770368e-01
    1963   -1.343971e-01    6.830920e-01
    1964   -1.459409e-01    6.713652e-01
    1965   -6.753077e-02    8.853896e-01
    1966   -6.404289e-02    9.042751e-01
    1967   -5.959715e-02    9.020713e-01
    1968   -3.394391e-02    9.591369e-01
    1969   -3.054732e-02    9.725146e-01
    1970   -2.934159e-02    9.646113e-01
    1971   -9.719664e-02    7.893227e-01
    1972   -8.882062e-02    8.049356e-01
    1973   -3.168541e-03    9.797967e-01
    1974   -1.565422e-03    9.884060e-01
    1975   -2.235070e-03    9.814003e-01
    1976   -2.912201e-01    4.385736e-01
    1977   -2.580805e-01    4.788499e-01
    1978   -1.264495e-01    6.867567e-01
    1979   -1.188438e-01    7.040880e-01
    1980   -1.156793e-01    7.053963e-01
    1981   -1.376104e-01    6.679371e-01
    1982   -1.020196e-01    7.389239e-01
    1983   -1.118549e-01    7.211976e-01
    1984   -1.054389e-01    7.381162e-01
    1985   -1.311710e-02    9.275304e-01
    1986   -9.920391e-03    9.393468e-01
    1987   -1.156199e-02    9.315109e-01
    1988   -1.089603e-01    7.377810e-01
    1989   -1.018522e-01    7.723519e-01
    1990   -7.371340e-02    8.525057e-01
    1991   -7.033578e-02    8.691444e-01
    1992   -6.620631e-02    8.674487e-01
    1993   -8.081586e-02    8.202326e-01
    1994   -7.706927e-02    8.364295e-01
    1995   -7.308505e-02    8.354274e-01
    1996   -1.243425e-02    9.319931e-01
    1997   -1.015602e-02    9.357270e-01
    1998   -7.380817e-03    9.469538e-01
    1999   -8.900302e-03    9.401179e-01
    2000   -8.103563e-02    8.037232e-01
    2001   -8.932599e-02    7.877831e-01
    2002   -8.485425e-02    8.040916e-01
    2003   -9.796385e-02    7.716344e-01
    2004   -1.490723e-02    9.263362e-01
    2005   -1.053373e-01    7.238042e-01
    2006   -9.868523e-02    7.402137e-01
    2007   -9.543224e-02    7.419778e-01
    2008   -3.829117e-02    9.121366e-01
    2009   -3.914307e-02    9.020528e-01
    2010   -1.036771e-01    7.983761e-01
    2011   -1.203721e-01    7.650989e-01
    2012   -1.056754e-01    7.770586e-01
    2013   -6.108175e-02    9.027795e-01
    2014   -7.515396e-02    8.811799e-01
    2015   -1.844456e-01    6.569208e-01
    2016   -4.158646e-02    8.805940e-01
    2017   -3.437277e-02    8.977649e-01
    2018   -4.039673e-02    8.912558e-01
    2019   -8.903517e-02    8.256758e-01
    2020   -1.924386e-01    6.295200e-01
    2021   -2.098665e-01    6.196288e-01
    2022   -2.124743e-01    5.399584e-01
    2023   -1.990671e-01    5.591499e-01
    2024   -1.973397e-01    5.616600e-01
    2025   -4.699196e-01    2.447950e-01
    2026   -4.497682e-01    2.711046e-01
    2027   -4.079195e-01    3.162174e-01
    2028   -3.871309e-01    3.390285e-01
    2029   -3.239017e-01    4.264442e-01
    2030   -3.254256e-01    4.191003e-01
    2031   -3.054942e-01    4.455336e-01
    2032   -2.902379e-01    4.487933e-01
    2033   -3.089205e-01    4.246554e-01
    2034   -2.906781e-01    4.453469e-01
    2035   -7.622027e-02    8.504086e-01
    2036   -7.730607e-02    8.344071e-01
    2037   -4.450710e-01    2.710631e-01
    2038   -3.668497e-01    3.609750e-01
    2039   -3.470135e-01    3.825851e-01
    2040   -1.436008e-01    6.514583e-01
    2041   -1.456246e-01    6.411661e-01
    2042   -1.588386e-01    6.201756e-01
    2043   -1.481489e-01    6.381203e-01
    2044   -4.868760e-01    2.234528e-01
    2045   -3.673837e-01    3.639821e-01
    2046   -1.612423e-02    9.195292e-01
    2047   -2.482393e-02    9.096212e-01
    2048   -2.887795e-01    4.586133e-01
    2049   -3.079887e-01    4.326628e-01
    2050   -2.897976e-01    4.529236e-01
    2051   -2.739050e-01    4.607965e-01
    2052   -3.276934e-01    4.070825e-01
    2053   -3.278856e-01    4.035343e-01
    2054   -1.346868e-01    6.692246e-01
    2055   -2.538817e-02    8.913570e-01
    2056   -2.045148e-02    9.059328e-01
    2057   -2.378542e-02    8.991673e-01
    2058   -2.566869e-01    4.833755e-01
    2059   -2.574106e-01    4.809328e-01
    2060   -2.396366e-01    5.062895e-01
    2061   -2.241490e-01    5.260249e-01
    2062   -2.228189e-01    5.295173e-01
    2063   -2.744308e-02    9.855783e-01
    2064   -2.336675e-02    9.900509e-01
    2065   -1.725462e-02    1.006012e+00
    2066   -9.365103e-03    1.023955e+00
    2067   -6.923276e-03    1.027248e+00
    2068   -2.913622e-03    1.033412e+00
    2069   -1.147353e-03    1.036492e+00
    2070   -2.158028e-03    1.027710e+00
    2071   -1.962703e-02    9.943378e-01
    2072   -1.619148e-02    9.986558e-01
    2073   -1.866590e-03    9.944412e-01
    2074   -5.145517e-04    1.002270e+00
    2075   -1.001187e-03    9.953715e-01
    2076   -1.788385e-03    1.008719e+00
    2077   -1.019227e-03    1.008563e+00
    2078   -2.124230e-03    1.001571e+00
    2079   -4.770481e-03    1.030333e+00
    2080   -1.113113e-02    1.013579e+00
    2081   -6.181608e-03    1.020716e+00
    2082   -4.041973e-02    9.618394e-01
    2083   -1.154394e-04    1.009257e+00
    2084   -5.372613e-03    9.782470e-01
    2085   -3.399028e-03    9.869365e-01
    2086   -4.258541e-03    9.786455e-01
    2087   -3.884305e-02    9.533658e-01
    2088   -3.761312e-02    9.449896e-01
    2089   -2.094611e-01    5.454661e-01
    2090   -1.955912e-01    5.646013e-01
    2091   -1.938051e-01    5.680473e-01
    2092   -4.892153e-03    9.606682e-01
    2093   -5.246327e-02    8.945354e-01
    2094   -5.929458e-02    8.812835e-01
    2095   -5.615357e-02    8.966338e-01
    2096   -7.761722e-03    9.810402e-01
    2097   -1.024523e-02    9.752908e-01
    2098   -8.330948e-03    9.875085e-01
    2099   -6.052857e-03    9.537999e-01
    2100   -9.957343e-02    7.548327e-01
    2101   -7.189330e-03    9.503849e-01
    2102   -9.421009e-02    7.713910e-01
    2103   -8.361751e-02    7.735763e-01
    2104   -9.260468e-02    7.563853e-01
    2105   -8.704513e-02    7.723669e-01
    2106   -1.261744e-01    6.758692e-01
    2107   -1.382098e-01    6.557768e-01
    2108   -1.289824e-01    6.731745e-01
    2109   -1.318154e-01    6.709670e-01
    2110   -7.421427e-03    9.610071e-01
    2111   -5.107425e-03    9.708312e-01
    2112   -6.095707e-03    9.627899e-01
    2113   -1.489225e-02    9.196307e-01
    2114   -2.658043e-02    8.822561e-01
    2115   -2.155011e-02    8.970740e-01
    2116   -2.450588e-02    8.876355e-01
    2117   -9.916565e-03    9.441905e-01
    2118   -7.206652e-03    9.550016e-01
    2119   -8.478149e-03    9.471472e-01
    2120   -9.057217e-02    7.716408e-01
    2121   -6.579830e-02    8.500945e-01
    2122   -6.244202e-02    8.654921e-01
    2123   -5.870258e-02    8.645925e-01
    2124   -6.930547e-02    8.347107e-01
    2125   -1.748634e-02    9.127913e-01
    2126   -1.721774e-02    9.107533e-01
    2127   -1.342403e-02    9.236600e-01
    2128   -1.553822e-02    9.157634e-01
    2129   -2.923834e-02    9.037592e-01
    2130   -2.803218e-02    9.129666e-01
    2131   -7.827310e-02    8.075933e-01
    2132   -7.801224e-02    8.202675e-01
    2133   -8.972586e-02    7.951935e-01
    2134   -7.555367e-02    8.656214e-01
    2135   -6.441156e-02    8.723412e-01
    2136   -5.535045e-02    8.781359e-01
    2137   -4.942077e-02    8.620798e-01
    2138   -5.748372e-02    8.531127e-01
    2139   -5.850365e-02    8.414560e-01
    2140   -3.660111e-01    3.772504e-01
    2141   -3.660832e-01    3.700077e-01
    2142   -4.373983e-01    2.888552e-01
    2143   -4.716845e-02    8.848561e-01
    2144   -5.636884e-02    8.656977e-01
    2145   -6.632920e-02    8.446182e-01
    2146   -3.057240e-02    8.944316e-01
    2147   -3.271905e-01    4.116671e-01
    2148   -1.785319e-01    5.907403e-01
    2149   -1.659056e-01    6.090809e-01
    2150   -1.636824e-01    6.135172e-01
    2151   -1.204541e-01    6.902951e-01
    2152   -1.035470e-01    7.154884e-01
    2153   -1.146169e-01    6.957746e-01
    2154   -1.065197e-01    7.122073e-01
    2155   -2.729236e-01    4.659611e-01
    2156   -3.455327e-01    3.921355e-01
    2157   -2.030631e-01    5.633467e-01
    2158   -1.884902e-01    5.818681e-01
    2159   -1.866303e-01    5.882232e-01
    2160   -2.550765e-01    4.897053e-01
    2161   -2.559225e-01    4.862460e-01
    2162   -2.500840e-01    5.318945e-01
    2163   -2.701657e-01    5.004943e-01
    2164   -2.490798e-01    5.225554e-01
    2165   -1.899209e-02    9.062072e-01
    2166   -2.761583e-02    8.923447e-01
    2167   -2.063157e-01    5.529932e-01
    2168   -1.919995e-01    5.720465e-01
    2169   -1.901679e-01    5.767009e-01
    2170   -2.222389e-02    9.822780e-01
    2171   -1.310054e-02    1.002552e+00
    2172   -1.029685e-02    1.006612e+00
    2173   -5.555445e-03    1.014317e+00
    2174   -3.697147e-03    1.017732e+00
    2175   -8.921724e-03    9.933341e-01
    2176   -7.811899e-03    1.010436e+00
    2177   -4.427039e-02    9.473199e-01
    2178   -2.517441e-02    9.694291e-01
    2179   -2.129300e-02    9.745556e-01
    2180   -1.527283e-02    9.912894e-01
    2181   -9.578674e-03    9.998488e-01
    2182   -2.782816e-03    9.945407e-01
    2183   -3.698711e-03    9.942974e-01
    2184   -1.448051e-02    9.841672e-01
    2185   -1.153201e-02    9.886806e-01
    2186   -1.376307e-02    9.772476e-01
    2187   -1.976861e-02    9.600273e-01
    2188   -1.642206e-02    9.650398e-01
    2189   -1.930836e-02    9.526998e-01
    2190   -7.315461e-02    8.193090e-01
    2191   -6.562837e-02    8.346156e-01
    2192   -5.868894e-02    8.357880e-01
    2193   -6.604353e-02    8.202516e-01
    2194   -6.209901e-02    8.349381e-01
    2195   -3.574272e-02    9.295887e-01
    2196   -3.738010e-02    9.189714e-01
    2197   -4.136206e-02    9.164392e-01
    2198   -1.125782e-01    7.071770e-01
    2199   -7.651074e-02    7.646456e-01
    2200   -8.653173e-02    7.448511e-01
    2201   -7.996283e-02    7.586274e-01
    2202   -1.793418e-02    9.078243e-01
    2203   -7.508172e-02    7.904428e-01
    2204   -7.034912e-02    8.054283e-01
    2205   -6.699832e-02    8.069784e-01
    2206   -8.198373e-02    7.881489e-01
    2207   -7.735744e-02    8.037973e-01
    2208   -1.670801e-02    9.203248e-01
    2209   -1.308881e-02    9.325750e-01
    2210   -1.483018e-02    9.237841e-01
    2211   -8.027921e-02    7.752707e-01
    2212   -1.095283e-01    7.094428e-01
    2213   -1.775986e-02    9.332777e-01
    2214   -1.415964e-02    9.452924e-01
    2215   -1.535381e-02    9.363908e-01
    2216   -1.335640e-02    9.389064e-01
    2217   -1.020567e-02    9.502021e-01
    2218   -1.153575e-02    9.413870e-01
    2219   -2.114930e-02    9.134753e-01
    2220   -1.695950e-02    9.266019e-01
    2221   -1.889304e-02    9.166078e-01
    2222   -7.378803e-02    8.043917e-01
    2223   -2.065025e-02    8.998284e-01
    2224   -2.372628e-02    8.917709e-01
    2225   -8.301190e-02    7.540641e-01
    2226   -9.301244e-02    7.349249e-01
    2227   -8.603271e-02    7.502569e-01
    2228   -3.355132e-02    8.762173e-01
    2229   -3.193576e-02    8.852985e-01
    2230   -1.053082e-01    7.633221e-01
    2231   -3.696275e-02    8.779928e-01
    2232   -2.905151e-02    8.765157e-01
    2233   -2.714112e-02    8.837808e-01
    2234   -4.552194e-01    2.670254e-01
    2235   -4.582256e-02    8.918143e-01
    2236   -5.210314e-02    8.785367e-01
    2237   -4.922257e-02    8.926223e-01
    2238   -1.129407e-01    7.112370e-01
    2239   -1.016713e-01    7.276777e-01
    2240   -1.178429e-01    6.871176e-01
    2241   -1.206065e-01    6.828112e-01
    2242   -1.088769e-01    7.033647e-01
    2243   -3.367613e-01    4.157314e-01
    2244   -1.328765e-01    6.620454e-01
    2245   -1.233863e-01    6.790678e-01
    2246   -1.091604e-01    7.046951e-01
    2247   -1.222810e-01    6.815072e-01
    2248   -1.118520e-01    6.984812e-01
    2249   -2.716249e-01    4.735504e-01
    2250   -2.862178e-01    4.733909e-01
    2251   -2.877293e-01    4.812862e-01
    2252   -4.417198e-02    8.599061e-01
    2253   -4.275808e-02    8.702005e-01
    2254   -5.915034e-02    8.311083e-01
    2255   -6.774567e-02    8.203117e-01
    2256   -2.508529e-01    5.126656e-01
    2257   -2.699218e-01    4.850235e-01
    2258   -2.520398e-01    5.051750e-01
    2259   -2.542272e-01    4.937914e-01
    2260   -2.374356e-01    5.138759e-01
    2261   -2.532240e-01    4.988499e-01
    2262   -2.348293e-01    5.249966e-01
    2263   -2.214806e-01    5.335856e-01
    2264   -1.745939e-01    6.003375e-01
    2265   -1.615274e-01    6.184947e-01
    2266   -1.594399e-01    6.241300e-01
    2267   -2.200832e-01    5.384217e-01
    2268   -2.838466e-02    9.563994e-01
    2269   -1.770344e-02    9.794329e-01
    2270   -6.891121e-03    9.781981e-01
    2271   -1.329883e-02    9.704380e-01
    2272   -1.268177e-02    9.635223e-01
    2273   -2.045774e-02    9.669745e-01
    2274   -4.631789e-02    9.071601e-01
    2275   -4.450191e-02    9.184671e-01
    2276   -4.265446e-02    8.914297e-01
    2277   -4.002789e-02    9.046889e-01
    2278   -3.008101e-02    8.999387e-01
    2279   -2.690443e-02    9.129818e-01
    2280   -2.613050e-02    9.079186e-01
    2281   -2.245395e-02    8.937256e-01
    2282   -3.100799e-02    8.757036e-01
    2283   -9.907938e-02    7.283452e-01
    2284   -1.681270e-02    9.149293e-01
    2285   -5.853099e-02    8.495051e-01
    2286   -5.520440e-02    8.639777e-01
    2287   -5.174170e-02    8.640894e-01
    2288   -1.903116e-02    9.060707e-01
    2289   -5.912064e-02    8.238320e-01
    2290   -5.549565e-02    8.371182e-01
    2291   -5.205607e-02    8.395968e-01
    2292   -9.224389e-02    7.442358e-01
    2293   -8.599389e-02    7.598623e-01
    2294   -9.091277e-02    7.362655e-01
    2295   -1.027551e-01    7.141516e-01
    2296   -9.419043e-02    7.298584e-01
    2297   -3.095395e-02    8.730963e-01
    2298   -2.573252e-02    8.875805e-01
    2299   -2.859961e-02    8.778147e-01
    2300   -7.702917e-02    7.774464e-01
    2301   -4.550702e-02    8.779732e-01
    2302   -3.957642e-02    8.914666e-01
    2303   -3.984315e-02    8.693164e-01
    2304   -3.365384e-02    8.867078e-01
    2305   -3.523213e-02    8.780159e-01
    2306   -6.829466e-02    7.951502e-01
    2307   -6.345879e-02    8.097330e-01
    2308   -6.005491e-02    8.127077e-01
    2309   -8.911645e-02    7.469931e-01
    2310   -2.100635e-02    9.016498e-01
    2311   -2.770442e-02    8.784260e-01
    2312   -3.509914e-02    8.680748e-01
    2313   -3.996751e-02    8.596365e-01
    2314   -1.150873e-01    6.920444e-01
    2315   -1.275554e-01    6.705220e-01
    2316   -4.116476e-02    9.329437e-01
    2317   -3.436255e-02    9.183322e-01
    2318   -1.621238e-02    9.502802e-01
    2319   -1.288465e-02    9.561803e-01
    2320   -1.908498e-02    9.460989e-01
    2321   -1.940256e-02    9.380132e-01
    2322   -7.856953e-02    7.964043e-01
    2323   -1.032704e-01    7.205184e-01
    2324   -1.171114e-01    6.953894e-01
    2325   -1.058826e-01    7.127652e-01
    2326   -1.448483e-01    6.478323e-01
    2327   -1.330663e-01    6.649627e-01
    2328   -1.307289e-01    6.716242e-01
    2329   -3.165428e-01    4.438904e-01
    2330   -2.880911e-01    4.650813e-01
    2331   -2.111557e-01    5.810749e-01
    2332   -2.127200e-01    5.708245e-01
    2333   -1.950026e-01    5.981164e-01
    2334   -2.170155e-01    5.512899e-01
    2335   -2.187014e-01    5.441435e-01
    2336   -2.149184e-01    5.601829e-01
    2337   -1.990969e-01    5.785202e-01
    2338   -1.006060e-01    7.193075e-01
    2339   -4.798779e-02    8.360664e-01
    2340   -4.692131e-02    8.421922e-01
    2341   -5.378126e-02    8.263448e-01
    2342   -1.703136e-01    6.137582e-01
    2343   -1.574056e-01    6.305205e-01
    2344   -1.548835e-01    6.387635e-01
    2345   -3.705470e-02    8.596036e-01
    2346   -5.161866e-02    8.418077e-01
    2347   -6.016850e-02    8.215893e-01
    2348   -3.231927e-02    9.414494e-01
    2349   -2.795251e-02    9.471555e-01
    2350   -2.353721e-02    9.542816e-01
    2351   -5.225099e-03    9.896272e-01
    2352   -2.970652e-02    9.149714e-01
    2353   -3.386438e-02    9.046785e-01
    2354   -3.270289e-02    9.146397e-01
    2355   -2.727256e-02    9.396940e-01
    2356   -2.550042e-02    9.290006e-01
    2357   -2.648563e-02    9.197698e-01
    2358   -3.144195e-02    8.687230e-01
    2359   -3.541053e-02    8.594264e-01
    2360   -7.046677e-02    7.838027e-01
    2361   -7.966321e-02    7.653021e-01
    2362   -7.357438e-02    7.806234e-01
    2363   -2.097968e-02    9.067899e-01
    2364   -2.279499e-02    9.269095e-01
    2365   -1.969371e-02    9.317973e-01
    2366   -2.311754e-02    8.974967e-01
    2367   -5.188222e-02    8.509488e-01
    2368   -4.854905e-02    8.643579e-01
    2369   -4.545188e-02    8.654501e-01
    2370   -9.769437e-02    7.236945e-01
    2371   -3.642843e-02    8.921172e-01
    2372   -4.518700e-02    8.561157e-01
    2373   -4.328999e-02    8.656022e-01
    2374   -4.446529e-02    8.483877e-01
    2375   -3.775810e-02    8.663323e-01
    2376   -4.042087e-02    8.550857e-01
    2377   -5.352366e-02    8.135703e-01
    2378   -4.955263e-02    8.227334e-01
    2379   -5.893245e-02    8.015478e-01
    2380   -5.155826e-02    8.313424e-01
    2381   -4.841242e-02    8.437544e-01
    2382   -6.215661e-02    8.011579e-01
    2383   -5.589007e-02    8.178460e-01
    2384   -5.321536e-02    8.207027e-01
    2385   -2.557743e-02    8.931385e-01
    2386   -3.202672e-02    8.672123e-01
    2387   -3.376953e-02    8.618665e-01
    2388   -3.969614e-02    8.505337e-01
    2389   -4.435746e-02    8.415975e-01
    2390   -8.918418e-02    7.732926e-01
    2391   -1.011067e-01    7.580691e-01
    2392   -1.002850e-01    7.493782e-01
    2393   -7.977293e-02    7.629941e-01
    2394   -8.379091e-02    7.523916e-01
    2395   -7.153166e-02    7.773606e-01
    2396   -1.172703e-01    7.375529e-01
    2397   -1.302837e-01    7.194844e-01
    2398   -1.527724e-01    6.810472e-01
    2399   -3.028438e-02    9.281154e-01
    2400   -2.111417e-02    9.220749e-01
    2401   -2.399605e-02    9.098109e-01
    2402   -4.528408e-02    8.511436e-01
    2403   -1.350502e-01    6.944464e-01
    2404   -1.494220e-01    6.723776e-01
    2405   -6.468903e-02    7.898593e-01
    2406   -6.904166e-02    7.798747e-01
    2407   -2.235331e-01    5.715532e-01
    2408   -2.313350e-01    5.419320e-01
    2409   -1.765657e-01    6.292365e-01
    2410   -1.639697e-01    6.562849e-01
    2411   -1.805096e-01    6.369107e-01
    2412   -1.844632e-01    5.960962e-01
    2413   -1.819807e-01    6.055248e-01
    2414   -2.265056e-02    9.402403e-01
    2415   -3.698497e-02    8.535428e-01
    2416   -4.135602e-02    8.424243e-01
    2417   -4.673104e-02    8.350790e-01
    2418   -4.237045e-02    8.473240e-01
    2419   -4.152837e-02    8.462708e-01
    2420   -2.630383e-02    8.987337e-01
    2421   -4.237367e-02    8.418817e-01
    2422   -6.063691e-02    8.141912e-01
    2423   -6.167138e-02    8.077182e-01
    2424   -3.154468e-02    8.838443e-01
    2425   -2.839980e-02    8.881862e-01
    2426   -3.435266e-02    8.921320e-01
    2427   -7.352148e-02    7.730377e-01
    2428   -6.088378e-02    7.998267e-01
    2429   -5.094376e-02    8.216290e-01
    2430   -5.688034e-02    8.108279e-01
    2431   -4.025235e-02    8.782429e-01
    2432   -3.093095e-02    8.778694e-01
    2433   -3.562144e-02    8.653600e-01
    2434   -3.253839e-02    8.709130e-01
    2435   -6.775818e-02    7.867743e-01
    2436   -5.038059e-02    8.212994e-01
    2437   -5.954189e-02    8.003983e-01
    2438   -4.536892e-02    8.337590e-01
    2439   -5.088144e-02    8.215730e-01
    2440   -6.475205e-02    7.912027e-01
    2441   -7.825532e-02    7.879045e-01
    2442   -1.120011e-01    7.259646e-01
    2443   -1.222233e-01    7.131635e-01
    2444   -1.213156e-01    7.066297e-01
    2445   -3.921264e-02    8.486042e-01
    2446   -7.925414e-02    7.590147e-01
    2447   -7.273305e-02    7.720145e-01
    2448   -1.253029e-01    7.149478e-01
    2449   -2.566974e-02    9.361005e-01
    2450   -1.253769e-01    6.887655e-01
    2451   -1.239163e-01    6.968955e-01
    2452   -2.053072e-01    6.003484e-01
    2453   -1.784552e-01    6.186155e-01
    2454   -6.862325e-02    8.019583e-01
    2455   -7.844667e-02    7.802302e-01
    2456   -1.282877e-01    6.793493e-01
    2457   -9.618461e-02    7.285909e-01
    2458   -8.706071e-02    7.444805e-01
    2459   -7.797713e-02    7.701055e-01
    2460   -9.115264e-02    7.437159e-01
    2461   -4.597041e-02    8.319299e-01
    2462   -3.578405e-02    8.602247e-01
    2463   -5.781510e-02    8.063039e-01
    2464   -5.252229e-02    8.193841e-01
    2465   -6.680144e-02    7.847458e-01
    2466   -6.312764e-02    7.934080e-01
    2467   -7.895368e-02    7.733129e-01
    2468   -6.110621e-02    8.041888e-01
    2469   -5.087727e-02    8.261820e-01
    2470   -6.826742e-02    7.910612e-01
    2471   -3.986397e-02    8.486313e-01
    2472   -3.611424e-02    9.394653e-01
    2473   -1.397984e-01    6.637577e-01


Element stress result:  ------------------------
     eid  ip           str11           str22           str33           str12
       1   1   -2.461018e+03   -1.567569e+02   -7.853325e+02    3.275090e+02
       1   2   -2.666243e+03   -2.071400e+02   -8.620147e+02    6.464552e+02
       1   3   -2.251438e+03   -1.411583e+02   -7.177788e+02    3.327558e+02
       2   1   -8.394668e+02   -9.463005e+00   -2.546789e+02   -9.636641e+01
       2   2   -7.389719e+02    2.251064e+01   -2.149384e+02   -2.355444e+01
       2   3   -9.661752e+02   -6.268494e+01   -3.086580e+02   -2.563414e+01
       3   1   -3.150025e+02    6.865917e+02    1.114768e+02   -3.010291e+02
       3   2   -3.239403e+02    4.987216e+01   -8.222044e+01    5.316680e+01
       3   3    6.143548e+01    3.042716e+02    1.097121e+02   -2.012667e+02
       4   1   -3.307977e+01    4.815577e+03    1.434749e+03   -1.297574e+01
       4   2   -1.574328e+01    4.923450e+03    1.472312e+03   -1.523628e-01
       4   3   -1.308881e+01    4.919476e+03    1.471916e+03   -1.596857e+01
       5   1   -5.060635e+01    4.656019e+03    1.381624e+03    1.959015e+02
       5   2   -2.272678e+01    4.682384e+03    1.397897e+03    1.618254e+02
       5   3   -2.199568e+01    4.746952e+03    1.417487e+03    1.377010e+02
       6   1    8.568453e+02    4.523000e+03    1.613954e+03   -1.760064e+03
       6   2    8.299796e+02    3.918493e+03    1.424542e+03   -1.646257e+03
       6   3    1.267578e+03    3.869737e+03    1.541195e+03   -2.111245e+03
       7   1   -2.025441e+01    4.037784e+03    1.205259e+03    3.888917e+02
       7   2   -6.485276e+00    3.898271e+03    1.167536e+03    3.019707e+02
       7   3   -1.176589e+01    4.024419e+03    1.203796e+03    2.924199e+02
       8   1    8.786247e+02    8.419379e+03    2.789401e+03   -1.642733e+02
       8   2    8.568038e+02    8.880054e+03    2.921057e+03   -4.419523e+01
       8   3    9.820831e+02    8.015117e+03    2.699160e+03   -2.781314e+01
       9   1    8.224957e+02    1.588370e+03    7.232596e+02   -8.640642e+00
       9   2    8.279150e+02    1.589825e+03    7.253220e+02   -1.908318e+00
       9   3    8.239925e+02    1.581784e+03    7.217329e+02   -3.133213e+00
      10   1   -3.080240e+03   -1.918930e+02   -9.816399e+02    3.559486e+01
      10   2   -3.843323e+03   -5.651724e+01   -1.169952e+03    5.460798e+01
      10   3   -3.790630e+03   -6.690975e+01   -1.157262e+03    2.083864e+02
      11   1   -2.533506e+03   -2.215980e+02   -8.265311e+02    7.548869e+01
      11   2   -3.373172e+03   -1.384799e+02   -1.053496e+03    2.865763e+02
      11   3   -2.819148e+03   -1.878555e+02   -9.021011e+02    2.031895e+02
      12   1   -2.681676e+03   -1.931707e+02   -8.624540e+02    3.192518e+02
      12   2   -2.831488e+03   -1.922941e+02   -9.071347e+02    2.887249e+02
      12   3   -3.184320e+03   -1.454037e+02   -9.989172e+02    5.329307e+02
      13   1   -1.221423e+03   -1.165106e+02   -4.013800e+02   -9.810455e+01
      13   2   -9.524658e+02   -3.627739e+01   -2.966230e+02   -1.184637e+02
      13   3   -1.088315e+03   -1.004861e+02   -3.566403e+02   -4.364544e+01
      14   1   -6.881892e+02    3.020866e+02   -1.158308e+02   -4.240573e+02
      14   2   -5.183217e+02    3.847750e+02   -4.006401e+01   -4.364325e+02
      14   3   -6.113018e+02    2.477376e+02   -1.090692e+02   -3.559949e+02
      15   1   -2.336184e+02    3.182802e+02    2.539854e+01   -1.336806e+02
      15   2   -3.037472e+02    2.475966e+02   -1.684517e+01   -5.328477e+01
      15   3   -3.774927e+02    2.261521e+02   -4.540219e+01   -1.315399e+02
      16   1   -1.231588e+00    4.962645e+02    1.485099e+02   -1.272988e+02
      16   2   -5.407285e+01    4.294755e+02    1.126208e+02   -5.137564e+01
      16   3   -1.103630e+02    4.082857e+02    8.937682e+01   -1.287083e+02
      17   1    1.783243e+02    6.631045e+02    2.524286e+02   -1.176159e+02
      17   2    1.376586e+02    6.017560e+02    2.218244e+02   -4.781358e+01
      17   3    9.382408e+01    5.815899e+02    2.026242e+02   -1.208108e+02
      18   1    3.194304e+02    8.158363e+02    3.405800e+02   -1.066367e+02
      18   2    2.876001e+02    7.603867e+02    3.143961e+02   -4.355261e+01
      18   3    2.529105e+02    7.417319e+02    2.983927e+02   -1.106470e+02
      19   1    4.317811e+02    9.534768e+02    4.155774e+02   -9.541157e+01
      19   2    4.065488e+02    9.038445e+02    3.931180e+02   -3.909754e+01
      19   3    3.787509e+02    8.869932e+02    3.797232e+02   -9.971236e+01
      20   1    5.220653e+02    1.076059e+03    4.794372e+02   -8.445660e+01
      20   2    5.018952e+02    1.031915e+03    4.601431e+02   -3.470267e+01
      20   3    4.794220e+02    1.017041e+03    4.489390e+02   -8.877680e+01
      21   1    5.950068e+02    1.184092e+03    5.337296e+02   -7.399385e+01
      21   2    5.788191e+02    1.145018e+03    5.171512e+02   -3.048312e+01
      21   3    5.605551e+02    1.132226e+03    5.078342e+02   -7.820394e+01
      22   1    6.540198e+02    1.278271e+03    5.796873e+02   -6.408667e+01
      22   2    6.410371e+02    1.243839e+03    5.654629e+02   -2.647861e+01
      22   3    6.261692e+02    1.233190e+03    5.578077e+02   -6.813574e+01
      23   1    3.913135e+02    2.767061e+03    9.475122e+02   -3.574074e+01
      23   2    3.762509e+02    2.812316e+03    9.565701e+02   -8.855285e+00
      23   3    4.072483e+02    2.721456e+03    9.386114e+02   -9.061720e+00
      24   1    7.016253e+02    1.359321e+03    6.182839e+02   -5.471639e+01
      24   2    6.912759e+02    1.329130e+03    6.061217e+02   -2.268917e+01
      24   3    6.791996e+02    1.320664e+03    5.999591e+02   -5.859532e+01
      25   1    7.397173e+02    1.427912e+03    6.502887e+02   -4.582525e+01
      25   2    7.315736e+02    1.401606e+03    6.399539e+02   -1.909531e+01
      25   3    7.218320e+02    1.395357e+03    6.351566e+02   -4.954601e+01
      26   1    7.697373e+02    1.484633e+03    6.763110e+02   -3.733734e+01
      26   2    7.634731e+02    1.461901e+03    6.676121e+02   -1.566923e+01
      26   3    7.557171e+02    1.457899e+03    6.640849e+02   -4.092432e+01
      27   1    7.519811e+02    1.492217e+03    6.732593e+02   -7.745777e+01
      27   2    7.669340e+02    1.492242e+03    6.777527e+02   -5.139219e+01
      27   3    7.526832e+02    1.465409e+03    6.654278e+02   -5.783470e+01
      28   1    8.186470e+02    1.618279e+03    7.310778e+02   -1.175240e+01
      28   2    8.241611e+02    1.610912e+03    7.305219e+02   -3.612031e+00
      28   3    8.226693e+02    1.605698e+03    7.285103e+02   -1.148040e+01
      29   1    2.058630e+02    1.132997e+04    3.460751e+03   -6.428447e+02
      29   2    1.728335e+02    1.146923e+04    3.492619e+03   -1.669949e+02
      29   3    6.004326e+02    1.001439e+04    3.184445e+03   -1.172750e+02
      30   1    7.465137e+02    5.849219e+03    1.978720e+03    2.778126e+02
      30   2    8.344766e+02    6.093063e+03    2.078262e+03    1.985250e+02
      30   3    7.839583e+02    5.744825e+03    1.958635e+03    2.617569e+02
      31   1    6.847421e+02    8.705313e+03    2.817016e+03   -1.607135e+03
      31   2    7.699347e+02    9.258632e+03    3.008570e+03   -2.370420e+03
      31   3    6.005482e+02    9.983786e+03    3.175300e+03   -2.067167e+03
      32   1    9.306388e+02    6.601384e+03    2.259607e+03   -1.901218e+03
      32   2    1.060901e+03    7.048862e+03    2.432929e+03   -2.494438e+03
      32   3    8.727247e+02    7.214236e+03    2.426088e+03   -1.824066e+03
      33   1    5.982226e+02    2.727726e+03    9.977845e+02   -1.299194e+03
      33   2    1.093723e+03    2.510949e+03    1.081402e+03   -1.605946e+03
      33   3    6.865644e+02    3.256216e+03    1.182834e+03   -1.469882e+03
      34   1   -2.560666e+02    9.883477e+02    2.196843e+02   -4.637614e+02
      34   2    1.586528e+02    6.426799e+02    2.403998e+02   -4.263210e+02
      34   3   -4.384220e+01    1.300125e+03    3.768847e+02   -6.578832e+02
      35   1   -1.419365e+03    1.180477e+02   -3.903952e+02    1.648197e+02
      35   2   -1.277607e+03   -1.284540e+02   -4.218184e+02    4.376560e+02
      35   3   -1.148915e+03    2.340046e+02   -2.744730e+02    5.554952e+01
      36   1   -1.984036e+03   -6.417023e+01   -6.144618e+02    2.977588e+02
      36   2   -2.014518e+03   -2.190361e+02   -6.700661e+02    6.254096e+02
      36   3   -1.732805e+03   -1.722939e+01   -5.250104e+02    2.593202e+02
      37   1   -3.040084e+03   -1.568349e+02   -9.590758e+02    3.153627e+02
      37   2   -3.718084e+03   -1.031584e+02   -1.146373e+03    4.317873e+02
      37   3   -3.530894e+03   -1.486899e+02   -1.103875e+03    5.751124e+02
      38   1   -1.921659e-01    2.143424e+03    6.429695e+02    1.286893e+01
      38   2    2.217731e+01    2.522327e+03    7.633511e+02    9.116210e+00
      38   3    4.299539e+00    2.121793e+03    6.378278e+02    4.299539e+00
      39   1    2.557584e+01    2.555570e+03    7.743437e+02    7.334580e+01
      39   2   -5.492089e+00    2.178208e+03    6.518149e+02    2.201814e+01
      39   3   -1.402973e+00    2.249856e+03    6.745358e+02    2.572854e+01
      40   1    3.173808e+02    4.071846e+03    1.316768e+03    2.910274e+02
      40   2    4.018113e+02    4.329893e+03    1.419511e+03    3.029145e+02
      40   3    3.850140e+02    4.193910e+03    1.373677e+03    2.194880e+02
      41   1    2.676700e+02    3.793931e+03    1.218480e+03    1.262158e+02
      41   2    3.527913e+02    4.056360e+03    1.322745e+03    1.356184e+02
      41   3    3.206259e+02    3.924846e+03    1.273641e+03    5.276462e+01
      42   1    4.048122e+02    4.186857e+03    1.377501e+03    1.112153e+02
      42   2    4.543590e+02    4.313880e+03    1.430472e+03    2.931868e+01
      42   3    3.615629e+02    4.051921e+03    1.324045e+03    2.739609e+01
      43   1    7.259246e+02    5.148123e+03    1.762214e+03    1.316877e+02
      43   2    6.952467e+02    5.000110e+03    1.708607e+03    5.507060e+01
      43   3    6.312120e+02    4.852845e+03    1.645217e+03    1.407990e+02
      44   1    8.937518e+02    5.824742e+03    2.015548e+03    1.023730e+02
      44   2    8.704372e+02    5.641580e+03    1.953605e+03    4.615395e+01
      44   3    8.114790e+02    5.463203e+03    1.882405e+03    1.242793e+02
      45   1    1.003823e+03    6.721359e+03    2.317555e+03    2.999101e+01
      45   2    9.924668e+02    6.461242e+03    2.236113e+03    2.400262e+01
      45   3    9.526428e+02    6.226864e+03    2.153852e+03    8.027318e+01
      46   1    9.771871e+02    8.054201e+03    2.709416e+03   -1.444471e+02
      46   2    9.859628e+02    7.609973e+03    2.578781e+03   -2.712424e+01
      46   3    9.974274e+02    7.290410e+03    2.486351e+03   -2.449575e+01
      47   1    3.031488e+00    4.194451e+03    1.259245e+03   -1.168526e+00
      47   2    3.151627e-01    4.242242e+03    1.272767e+03   -2.178124e+00
      47   3    5.605586e-01    4.238761e+03    1.271797e+03   -5.605586e-01
      48   1    7.470177e+00    4.153557e+03    1.248308e+03   -1.127643e+01
      48   2    6.520302e-01    4.224359e+03    1.267503e+03   -4.451520e+00
      48   3    6.114595e+00    4.171725e+03    1.253352e+03   -3.861451e+00
      49   1    2.842984e+02    3.088731e+03    1.011909e+03   -4.249306e+01
      49   2    3.006392e+02    3.042522e+03    1.002948e+03   -1.718119e+01
      49   3    3.140525e+02    2.996554e+03    9.931821e+02   -4.330747e+01
      50   1    1.847413e+02    3.411875e+03    1.078985e+03   -7.544594e+01
      50   2    1.729618e+02    3.453330e+03    1.087888e+03   -5.184725e+01
      50   3    1.990095e+02    3.363782e+03    1.068837e+03   -5.409625e+01
      51   1    1.155587e+01    4.244337e+03    1.276768e+03   -8.568028e+01
      51   2    4.622521e+00    4.317827e+03    1.296735e+03   -6.553089e+01
      51   3    5.141023e+00    4.288980e+03    1.288236e+03   -6.012984e+01
      52   1    1.094903e+01    4.261070e+03    1.281606e+03   -1.039233e+02
      52   2    7.357225e+00    4.313390e+03    1.296224e+03   -7.595921e+01
      52   3    1.168422e+01    4.234535e+03    1.273866e+03   -9.715355e+01
      53   1    8.599503e+00    4.320232e+03    1.298650e+03   -1.158776e+02
      53   2    5.889067e+00    4.375588e+03    1.314443e+03   -8.552419e+01
      53   3    9.515180e+00    4.290368e+03    1.289965e+03   -1.104680e+02
      54   1    5.683624e+00    4.384920e+03    1.317181e+03   -1.245191e+02
      54   2    4.060371e+00    4.444106e+03    1.334450e+03   -9.272303e+01
      54   3    6.794859e+00    4.352489e+03    1.307785e+03   -1.208018e+02
      55   1    2.130266e+00    4.453246e+03    1.336613e+03   -1.290944e+02
      55   2    1.822393e+00    4.516925e+03    1.355624e+03   -9.698594e+01
      55   3    3.451826e+00    4.419189e+03    1.326792e+03   -1.274440e+02
      56   1   -2.115632e+00    4.522936e+03    1.356246e+03   -1.287876e+02
      56   2   -8.631513e-01    4.591581e+03    1.377215e+03   -9.769341e+01
      56   3   -5.751730e-01    4.488379e+03    1.346341e+03   -1.296079e+02
      57   1    1.952505e-01    4.657403e+03    1.397279e+03   -6.434996e+01
      57   2    8.428339e-02    4.720386e+03    1.416141e+03   -2.649072e+01
      57   3    1.546942e-01    4.617184e+03    1.385202e+03   -6.411072e+01
      58   1   -6.391263e-01    4.739067e+03    1.421528e+03   -6.283739e+01
      58   2   -3.390125e-01    4.809746e+03    1.442822e+03   -2.616792e+01
      58   3   -6.764648e-01    4.699341e+03    1.409599e+03   -6.391852e+01
      59   1   -2.736027e+00    4.886370e+03    1.465090e+03   -4.997172e+01
      59   2   -1.397947e+00    4.973988e+03    1.491777e+03   -2.159359e+01
      59   3   -2.756737e+00    4.853394e+03    1.455191e+03   -5.434480e+01
      60   1   -3.982089e+00    4.943060e+03    1.481723e+03   -3.775449e+01
      60   2   -2.024370e+00    5.039117e+03    1.511128e+03   -1.696773e+01
      60   3   -3.987635e+00    4.916835e+03    1.473854e+03   -4.406887e+01
      61   1   -6.085651e+01    4.568559e+03    1.352311e+03   -9.512727e+01
      61   2   -6.683416e+01    4.589938e+03    1.356931e+03   -7.227954e+01
      61   3   -4.728263e+01    4.666390e+03    1.385732e+03   -6.815090e+01
      62   1   -5.323155e+00    4.981720e+03    1.492919e+03   -2.122753e+01
      62   2   -2.696198e+00    5.085451e+03    1.524826e+03   -1.057228e+01
      62   3   -5.308684e+00    4.964761e+03    1.487836e+03   -2.961867e+01
      63   1   -8.046097e+00    4.983420e+03    1.492612e+03    2.512364e+01
      63   2   -4.051522e+00    5.097113e+03    1.527918e+03    7.798594e+00
      63   3   -7.976417e+00    4.992749e+03    1.495432e+03    1.255775e+01
      64   1   -9.233690e+00    4.936107e+03    1.478062e+03    5.441553e+01
      64   2   -4.637148e+00    5.050203e+03    1.513670e+03    1.963697e+01
      64   3   -9.130522e+00    4.962175e+03    1.485913e+03    4.005717e+01
      65   1   -4.491584e+01    4.792074e+03    1.424148e+03    8.076026e+01
      65   2   -2.082757e+01    4.870922e+03    1.455028e+03    7.327339e+01
      65   3   -1.859231e+01    4.897903e+03    1.463793e+03    5.182618e+01
      66   1   -1.012538e+01    4.850903e+03    1.452233e+03    8.676346e+01
      66   2   -5.071427e+00    4.960930e+03    1.486758e+03    3.289002e+01
      66   3   -9.987432e+00    4.895558e+03    1.465671e+03    7.108680e+01
      67   1   -1.034215e+01    4.558137e+03    1.364338e+03    1.544853e+02
      67   2   -5.148623e+00    4.642361e+03    1.391164e+03    6.131994e+01
      67   3   -1.014127e+01    4.642164e+03    1.389607e+03    1.386350e+02
      68   1   -5.346555e+01    4.573592e+03    1.356038e+03    2.589202e+02
      68   2   -3.518945e+01    4.628540e+03    1.378005e+03    1.903463e+02
      68   3   -5.455517e+01    4.622596e+03    1.370412e+03    2.276727e+02
      69   1   -9.325007e+00    4.352041e+03    1.302815e+03    1.854244e+02
      69   2   -4.622793e+00    4.412803e+03    1.322454e+03    7.474850e+01
      69   3   -9.102543e+00    4.454425e+03    1.333597e+03    1.712248e+02
      70   1   -5.504196e+01    3.383795e+03    9.986260e+02   -9.815888e+02
      70   2   -1.544831e+02    2.960023e+03    8.416620e+02   -9.252473e+02
      70   3    1.671229e+02    2.838441e+03    9.016692e+02   -1.072432e+03
      71   1   -6.938188e-01    3.570154e+03    1.070838e+03    2.322250e+02
      71   2   -2.720441e-01    3.516507e+03    1.054870e+03    9.767568e+01
      71   3   -4.857251e-01    3.703048e+03    1.110769e+03    2.314619e+02
      72   1    3.726425e+00    3.295930e+03    9.898969e+02    2.233991e+02
      72   2    1.948221e+00    3.192778e+03    9.584180e+02    9.552688e+01
      72   3    3.920049e+00    3.425434e+03    1.028806e+03    2.293962e+02
      73   1    8.559136e+00    3.043702e+03    9.156784e+02    2.006464e+02
      73   2    4.328376e+00    2.887909e+03    8.676711e+02    8.745830e+01
      73   3    8.655272e+00    3.160145e+03    9.506402e+02    2.130444e+02
      74   1    1.428319e+01    2.833707e+03    8.543972e+02    1.640343e+02
      74   2    6.658516e+00    2.623970e+03    7.891887e+02    7.360167e+01
      74   3    1.366797e+01    2.927307e+03    8.822925e+02    1.828041e+02
      75   1    1.930402e+01    2.672958e+03    8.076786e+02    1.076835e+02
      75   2    8.310431e+00    2.417485e+03    7.277387e+02    5.204517e+01
      75   3    1.837563e+01    2.744318e+03    8.288082e+02    1.368845e+02
      76   1    8.281910e+02    1.600232e+03    7.285268e+02   -9.168625e-01
      76   2    8.301784e+02    1.597586e+03    7.283293e+02   -5.352528e-01
      76   3    8.300559e+02    1.594756e+03    7.274436e+02   -1.759402e+00
      77   1    8.251267e+02    1.599001e+03    7.272382e+02   -8.472008e+00
      77   2    8.272437e+02    1.605155e+03    7.297196e+02   -3.878105e+00
      77   3    8.268578e+02    1.591399e+03    7.254769e+02   -2.614326e+00
      78   1    8.045883e+02    1.612143e+03    7.250195e+02   -3.808816e+01
      78   2    8.068220e+02    1.582653e+03    7.168424e+02   -3.098233e+01
      78   3    7.984265e+02    1.594605e+03    7.179095e+02   -4.612999e+01
      79   1    8.079616e+02    1.608396e+03    7.249073e+02   -3.032985e+01
      79   2    8.186857e+02    1.598405e+03    7.251273e+02   -1.774378e+01
      79   3    8.137170e+02    1.587727e+03    7.204333e+02   -2.463362e+01
      80   1    7.195806e+02    1.434145e+03    6.461176e+02   -9.433664e+01
      80   2    7.368143e+02    1.436087e+03    6.518704e+02   -6.315759e+01
      80   3    7.186359e+02    1.403406e+03    6.366127e+02   -6.991752e+01
      81   1    7.176995e+02    1.874428e+03    7.776384e+02   -3.221237e+01
      81   2    6.946461e+02    1.933241e+03    7.883662e+02   -3.477434e+01
      81   3    7.074563e+02    1.903784e+03    7.833720e+02   -1.341131e+01
      82   1    7.279145e+02    1.459984e+03    6.563695e+02   -9.855777e+01
      82   2    7.439534e+02    1.488325e+03    6.696836e+02   -8.990469e+01
      82   3    7.411273e+02    1.452907e+03    6.582102e+02   -6.894761e+01
      83   1    7.287669e+02    1.846400e+03    7.725501e+02   -2.494620e+01
      83   2    7.191217e+02    1.876136e+03    7.785775e+02   -6.308256e+00
      83   3    7.403421e+02    1.822230e+03    7.687716e+02   -6.201509e+00
      84   1    6.794047e+02    1.592100e+03    6.814515e+02   -1.958068e+02
      84   2    6.963109e+02    1.616315e+03    6.937879e+02   -1.781668e+02
      84   3    7.012220e+02    1.561116e+03    6.787013e+02   -1.651403e+02
      85   1    4.174121e+02    2.676766e+03    9.282535e+02   -8.955673e+01
      85   2    4.045281e+02    2.721821e+03    9.379047e+02   -6.264720e+01
      85   3    4.354688e+02    2.631613e+03    9.201246e+02   -6.291093e+01
      86   1    3.749720e+02    2.812619e+03    9.562772e+02   -4.446127e+01
      86   2    3.442306e+02    2.904251e+03    9.745443e+02   -4.409970e+01
      86   3    3.611569e+02    2.858315e+03    9.658417e+02   -1.773287e+01
      87   1    4.533455e+02    2.587435e+03    9.122342e+02   -3.582938e+01
      87   2    4.383468e+02    2.631834e+03    9.210542e+02   -8.896442e+00
      87   3    4.694204e+02    2.543608e+03    9.039085e+02   -9.064370e+00
      88   1    2.960017e+02    3.045012e+03    1.002304e+03   -8.557845e+01
      88   2    2.832261e+02    3.089557e+03    1.011835e+03   -5.938780e+01
      88   3    3.127960e+02    2.996950e+03    9.929239e+02   -6.070621e+01
      89   1    2.271078e+02    3.272225e+03    1.049800e+03   -4.012373e+01
      89   2    2.425642e+02    3.226434e+03    1.040699e+03   -1.632055e+01
      89   3    2.553488e+02    3.180879e+03    1.030868e+03   -4.137055e+01
      90   1    1.736844e+02    3.451982e+03    1.087700e+03   -3.700988e+01
      90   2    1.879835e+02    3.407302e+03    1.078586e+03   -1.516208e+01
      90   3    1.999111e+02    3.362851e+03    1.068829e+03   -3.868758e+01
      91   1    1.250511e+02    3.625175e+03    1.125068e+03   -3.312132e+01
      91   2    1.379421e+02    3.582326e+03    1.116080e+03   -1.369899e+01
      91   3    1.487615e+02    3.539696e+03    1.106537e+03   -3.525472e+01
      92   1    8.222998e+01    3.789179e+03    1.161423e+03   -2.856409e+01
      92   2    9.351739e+01    3.748660e+03    1.152653e+03   -1.195851e+01
      92   3    1.029514e+02    3.708625e+03    1.143473e+03   -3.107117e+01
      93   1    4.578126e+01    3.944031e+03    1.196944e+03   -2.322433e+01
      93   2    5.578133e+01    3.904005e+03    1.187936e+03   -9.958241e+00
      93   3    6.333169e+01    3.867689e+03    1.179306e+03   -2.618812e+01
      94   1    1.565804e+01    4.107076e+03    1.236820e+03   -3.448858e+01
      94   2    8.434806e+00    4.164673e+03    1.251932e+03   -2.222878e+01
      94   3    1.268318e+01    4.129432e+03    1.242635e+03   -2.119155e+01
      95   1   -7.084133e+00    4.591317e+03    1.375270e+03   -1.227437e+02
      95   2   -4.020507e+00    4.665154e+03    1.398340e+03   -9.418525e+01
      95   3   -5.327647e+00    4.557582e+03    1.365676e+03   -1.264535e+02
      96   1   -9.319068e+02    2.466951e+02   -2.055635e+02    6.974803e+01
      96   2   -1.131606e+03   -2.364172e+02   -4.104070e+02    4.850379e+02
      96   3   -7.157869e+02   -1.069131e+02   -2.468100e+02    3.087167e+02
      97   1    2.198720e+02    1.365563e+03    4.756305e+02   -7.557802e+02
      97   2    3.952894e+02    6.050598e+02    3.001048e+02   -5.284369e+02
      97   3    7.128199e+02    1.010662e+03    5.170446e+02   -8.317720e+02
      98   1    6.380781e+02    2.281470e+03    8.758645e+02   -1.233595e+03
      98   2    9.575075e+02    1.472301e+03    7.289425e+02   -1.191739e+03
      98   3    1.180220e+03    2.041578e+03    9.665396e+02   -1.502810e+03
      99   1    8.957426e+02    3.443756e+03    1.301850e+03   -1.661630e+03
      99   2    1.309798e+03    2.672794e+03    1.194778e+03   -1.846246e+03
      99   3    1.420828e+03    3.394910e+03    1.444721e+03   -2.113736e+03
     100   1    1.003340e+03    4.784947e+03    1.736486e+03   -1.970874e+03
     100   2    1.433191e+03    4.169086e+03    1.680683e+03   -2.386554e+03
     100   3    1.434411e+03    5.008120e+03    1.932759e+03   -2.557794e+03
     101   1    9.710908e+02    6.209896e+03    2.154296e+03   -2.089259e+03
     101   2    1.342012e+03    5.872145e+03    2.164247e+03   -2.704982e+03
     101   3    1.251877e+03    6.762925e+03    2.404441e+03   -2.734416e+03
     102   1   -7.383195e+00    4.112165e+03    1.231434e+03    2.107069e+02
     102   2   -3.636168e+00    4.141841e+03    1.241461e+03    8.614120e+01
     102   3   -7.150993e+00    4.229950e+03    1.266840e+03    1.995684e+02
     103   1    8.099726e+02    1.565987e+03    7.127878e+02   -2.173124e+01
     103   2    8.065851e+02    1.548193e+03    7.064334e+02   -9.371989e+00
     103   3    8.020476e+02    1.549072e+03    7.053360e+02   -2.485570e+01
     104   1    7.928122e+02    1.530147e+03    6.968878e+02   -2.928442e+01
     104   2    7.881517e+02    1.510561e+03    6.896137e+02   -1.241754e+01
     104   3    7.821140e+02    1.508854e+03    6.872904e+02   -3.268402e+01
     105   1   -1.616784e+00    4.816796e+03    1.444554e+03   -5.819527e+01
     105   2   -8.336025e-01    4.895801e+03    1.468490e+03   -2.459984e+01
     105   3   -1.647910e+00    4.779396e+03    1.433325e+03   -6.081645e+01
     106   1   -4.571495e+02    1.667575e+02   -8.711759e+01   -1.058187e+02
     106   2   -3.773879e+02    2.045071e+02   -5.186424e+01   -2.537618e+01
     106   3   -5.437621e+02    1.121312e+02   -1.294893e+02   -2.819524e+01
     107   1    8.921627e-01    4.575473e+03    1.372909e+03   -6.319229e+01
     107   2    4.388968e-01    4.631633e+03    1.389622e+03   -2.576015e+01
     107   3    8.509230e-01    4.536327e+03    1.361153e+03   -6.184656e+01
     108   1   -1.712993e+02    3.496226e+02    5.349700e+01   -1.049395e+02
     108   2   -1.079892e+02    3.882800e+02    8.408722e+01   -2.496582e+01
     108   3   -2.328598e+02    2.969028e+02    1.921289e+01   -2.796037e+01
     109   1    1.462442e+00    4.496389e+03    1.349355e+03   -5.980610e+01
     109   2    7.300752e-01    4.546773e+03    1.364251e+03   -2.415761e+01
     109   3    1.422929e+00    4.459630e+03    1.338316e+03   -5.755272e+01
     110   1    4.628988e+01    5.263547e+02    1.717934e+02   -9.922723e+01
     110   2    9.724917e+01    5.635896e+02    1.982516e+02   -2.351230e+01
     110   3    1.430303e+00    4.773150e+02    1.436236e+02   -2.642736e+01
     111   1    1.920269e+00    4.422744e+03    1.327399e+03   -5.460049e+01
     111   2    9.647945e-01    4.468509e+03    1.340842e+03   -2.185035e+01
     111   3    1.884169e+00    4.389434e+03    1.317395e+03   -5.162306e+01
     112   1    2.152316e+02    6.910720e+02    2.718911e+02   -9.128913e+01
     112   2    2.567305e+02    7.257225e+02    2.947359e+02   -2.157950e+01
     112   3    1.818399e+02    6.464244e+02    2.484793e+02   -2.430239e+01
     113   1    2.284080e+00    4.356610e+03    1.307668e+03   -4.795596e+01
     113   2    1.152700e+00    4.398998e+03    1.320045e+03   -1.899831e+01
     113   3    2.250974e+00    4.327515e+03    1.298930e+03   -4.443944e+01
     114   1    3.485069e+02    8.412556e+02    3.569288e+02   -8.252484e+01
     114   2    3.826294e+02    8.728036e+02    3.766299e+02   -1.947198e+01
     114   3    3.232435e+02    8.011614e+02    3.373215e+02   -2.196646e+01
     115   1    2.587376e+00    4.299430e+03    1.290605e+03   -4.027334e+01
     115   2    1.317834e+00    4.339811e+03    1.302339e+03   -1.579399e+01
     115   3    2.585325e+00    4.274738e+03    1.283197e+03   -3.650029e+01
     116   1    4.549228e+02    9.761727e+02    4.293286e+02   -7.366240e+01
     116   2    4.831954e+02    1.004443e+03    4.462914e+02   -1.734816e+01
     116   3    4.356074e+02    9.405198e+02    4.128382e+02   -1.961588e+01
     117   1    2.853685e+00    4.252104e+03    1.276487e+03   -3.192806e+01
     117   2    1.488431e+00    4.292348e+03    1.288151e+03   -1.229376e+01
     117   3    2.892201e+00    4.232999e+03    1.270767e+03   -2.780892e+01
     118   1    5.405929e+02    1.095987e+03    4.909741e+02   -6.505327e+01
     118   2    5.641544e+02    1.120981e+03    5.055406e+02   -1.528417e+01
     118   3    5.257693e+02    1.064545e+03    4.770942e+02   -1.734414e+01
     119   1    1.459361e+02    3.545043e+03    1.107294e+03   -7.723444e+01
     119   2    1.605444e+02    3.498948e+03    1.097848e+03   -5.773956e+01
     119   3    1.706752e+02    3.457050e+03    1.088317e+03   -8.120394e+01
     120   1    6.098621e+02    1.201275e+03    5.433413e+02   -5.684271e+01
     120   2    6.295767e+02    1.223077e+03    5.557962e+02   -1.331099e+01
     120   3    5.985342e+02    1.173774e+03    5.316924e+02   -1.518910e+01
     121   1    4.988672e+02    2.457013e+03    8.867639e+02   -4.416490e+01
     121   2    4.679122e+02    2.543364e+03    9.033827e+02   -4.480423e+01
     121   3    4.849940e+02    2.500082e+03    8.955229e+02   -1.781370e+01
     122   1    6.658897e+02    1.292760e+03    5.875948e+02   -4.906531e+01
     122   2    6.824237e+02    1.311486e+03    5.981728e+02   -1.143524e+01
     122   3    6.573603e+02    1.268935e+03    5.778885e+02   -1.315884e+01
     123   1    7.388387e+02    1.820220e+03    7.677177e+02   -3.008737e+01
     123   2    7.497213e+02    1.795888e+03    7.636827e+02   -1.138349e+01
     123   3    7.582912e+02    1.771474e+03    7.589297e+02   -2.676912e+01
     124   1    7.110204e+02    1.371169e+03    6.246568e+02   -4.169891e+01
     124   2    7.248934e+02    1.386939e+03    6.335496e+02   -9.651070e+00
     124   3    7.047907e+02    1.350780e+03    6.166712e+02   -1.124643e+01
     125   1    7.970999e+02    1.673936e+03    7.413106e+02   -1.514606e+01
     125   2    7.918064e+02    1.693052e+03    7.454574e+02   -3.874791e+00
     125   3    8.045325e+02    1.661317e+03    7.397548e+02   -3.667339e+00
     126   1    7.470223e+02    1.437170e+03    6.552577e+02   -3.469496e+01
     126   2    7.586427e+02    1.450092e+03    6.626204e+02   -7.946927e+00
     126   3    7.427295e+02    1.420009e+03    6.488216e+02   -9.438005e+00
     127   1    7.707317e+02    1.537609e+03    6.925023e+02   -7.206723e+01
     127   2    7.695430e+02    1.506084e+03    6.826880e+02   -5.569668e+01
     127   3    7.583612e+02    1.514583e+03    6.818833e+02   -8.029404e+01
     128   1    7.752410e+02    1.491326e+03    6.799701e+02   -2.799284e+01
     128   2    7.849340e+02    1.501511e+03    6.859334e+02   -6.316532e+00
     128   3    7.726203e+02    1.477230e+03    6.749552e+02   -7.719338e+00
     129   1    7.909311e+02    1.577195e+03    7.104380e+02   -5.497398e+01
     129   2    7.911313e+02    1.548552e+03    7.019049e+02   -4.309322e+01
     129   3    7.815980e+02    1.558629e+03    7.020681e+02   -6.292918e+01
     130   1    7.966908e+02    1.534200e+03    6.992672e+02   -2.162137e+01
     130   2    8.047833e+02    1.541703e+03    7.039458e+02   -4.791454e+00
     130   3    7.955863e+02    1.522983e+03    6.955707e+02   -6.120254e+00
     131   1    8.164158e+02    1.579322e+03    7.187213e+02   -1.706184e+01
     131   2    8.216932e+02    1.590123e+03    7.235450e+02   -1.339248e+01
     131   3    8.194058e+02    1.575036e+03    7.183326e+02   -6.107077e+00
     132   1    8.122333e+02    1.567043e+03    7.137828e+02   -1.555953e+01
     132   2    8.188991e+02    1.571113e+03    7.170036e+02   -3.357973e+00
     132   3    8.125922e+02    1.557829e+03    7.111262e+02   -4.729327e+00
     133   1    8.450608e+02    7.583266e+03    2.528498e+03   -1.977239e+03
     133   2    1.091170e+03    7.635124e+03    2.617888e+03   -2.716384e+03
     133   3    9.421087e+02    8.491328e+03    2.830031e+03   -2.577201e+03
     134   1   -8.840315e+00    3.926919e+03    1.175424e+03    4.323953e+02
     134   2   -8.161857e+00    3.871731e+03    1.159071e+03    3.358397e+02
     134   3   -1.606968e+01    4.018287e+03    1.200665e+03    4.253980e+02
     135   1   -4.478782e+00    3.847401e+03    1.152877e+03    2.272673e+02
     135   2   -2.171810e+00    3.838613e+03    1.150932e+03    9.420544e+01
     135   3   -4.251277e+00    3.975909e+03    1.191497e+03    2.206551e+02
     136   1    9.071458e+02    5.881094e+03    2.036472e+03   -1.890485e+03
     136   2    9.358897e+02    5.243560e+03    1.853835e+03   -1.865740e+03
     136   3    1.243964e+03    5.425078e+03    2.000712e+03   -2.434382e+03
     137   1   -1.055424e+01    4.725117e+03    1.414369e+03    1.207725e+02
     137   2   -5.271211e+00    4.825517e+03    1.446074e+03    4.703690e+01
     137   3   -1.038226e+01    4.789447e+03    1.433719e+03    1.045080e+02
     138   1    3.866820e+02    2.163280e+03    7.649887e+02   -1.081286e+03
     138   2    2.253407e+02    1.747363e+03    5.918112e+02   -8.819517e+02
     138   3    7.158364e+02    1.428065e+03    6.431706e+02   -1.013098e+03
     139   1   -6.705049e+00    4.996963e+03    1.497078e+03   -2.368371e-01
     139   2   -3.385744e+00    5.106866e+03    1.531044e+03   -2.316087e+00
     139   3   -6.665262e+00    4.991870e+03    1.495561e+03   -1.075482e+01
     140   1   -5.666576e+02    6.582818e+02    2.748725e+01   -2.611560e+02
     140   2   -8.211131e+02    4.568496e+02   -1.092791e+02   -1.009597e+02
     140   3   -5.271058e+02    1.389323e+02   -1.164520e+02    7.613370e+01
     141   1   -1.572176e+03   -6.486028e+00   -4.735987e+02    3.206779e+02
     141   2   -1.949786e+03   -3.243836e+02   -6.822508e+02    7.312836e+02
     141   3   -1.542124e+03   -2.847726e+02   -5.480689e+02    6.473991e+02
     142   1   -1.093058e+03    8.645693e+02   -6.854674e+01   -3.997411e+02
     142   2   -9.790281e+02    6.995963e+02   -8.382955e+01   -2.599398e+02
     142   3   -9.501609e+02    1.094769e+03    4.338256e+01   -4.791002e+02
     143   1   -1.245606e+01    1.144526e+03    3.396211e+02   -6.075195e+02
     143   2    6.524827e+01    1.191863e+03    3.771333e+02   -5.841481e+02
     143   3    4.628266e+01    1.061061e+03    3.322030e+02   -5.501111e+02
     144   1   -2.158515e+03   -1.133232e+02   -6.815515e+02    4.191535e+02
     144   2   -2.689773e+03   -2.870663e+02   -8.930518e+02    7.808855e+02
     144   3   -2.332003e+03   -3.009729e+02   -7.898927e+02    7.880122e+02
     145   1   -2.532891e+03   -2.320067e+02   -8.294692e+02    4.628035e+01
     145   2   -2.780181e+03   -2.061216e+02   -8.958907e+02    3.441101e+01
     145   3   -3.390716e+03   -1.490662e+02   -1.061935e+03    2.070294e+02
     146   1   -2.659454e+03   -1.543821e+02   -8.441509e+02    4.081719e+02
     146   2   -3.294756e+03   -1.956003e+02   -1.047107e+03    6.673352e+02
     146   3   -3.014957e+03   -2.348259e+02   -9.749349e+02    7.524397e+02
     147   1    5.930814e+02    4.716225e+03    1.592792e+03    1.125119e+02
     147   2    6.467910e+02    4.856947e+03    1.651121e+03    2.958507e+01
     147   3    5.500145e+02    4.581077e+03    1.539328e+03    2.791345e+01
     148   1    6.626343e+01    3.879942e+03    1.183862e+03    5.142217e+02
     148   2    5.538494e+01    3.670499e+03    1.117765e+03    4.448585e+02
     148   3    3.400170e+01    3.750785e+03    1.135436e+03    4.664788e+02
     149   1    7.969775e+02    5.596922e+03    1.918170e+03    2.226707e+02
     149   2    8.707518e+02    5.802684e+03    2.002031e+03    1.487735e+02
     149   3    7.965463e+02    5.460014e+03    1.876968e+03    1.693705e+02
     150   1    7.780879e+02    5.301530e+03    1.823885e+03    1.021362e+02
     150   2    8.310048e+02    5.473699e+03    1.891411e+03    2.689095e+01
     150   3    7.413421e+02    5.153131e+03    1.768342e+03    2.567758e+01
     151   1    9.311260e+02    7.443408e+03    2.512360e+03   -1.290556e+02
     151   2    9.375490e+02    7.952254e+03    2.666941e+03   -1.717101e+02
     151   3    9.975147e+02    7.279567e+03    2.483124e+03   -3.958963e+01
     152   1    9.314702e+02    6.013978e+03    2.083634e+03    7.324336e+01
     152   2    9.759877e+02    6.244313e+03    2.166090e+03    1.946321e+01
     152   3    9.108704e+02    5.835897e+03    2.024030e+03    1.949308e+01
     153   1    9.155509e+02    6.369978e+03    2.185659e+03    1.141294e+02
     153   2    9.747453e+02    6.675556e+03    2.295090e+03    5.332447e+01
     153   3    9.396209e+02    6.218498e+03    2.147436e+03    1.064414e+02
     154   1    1.003209e+03    6.974299e+03    2.393252e+03    3.742552e+00
     154   2    1.026372e+03    7.298817e+03    2.497557e+03    1.767598e+00
     154   3    1.018317e+03    6.731008e+03    2.324798e+03    5.027822e+00
     155   1    7.388782e+02    9.142628e+03    2.964452e+03   -7.455507e+02
     155   2    4.133859e+02    1.034163e+04    3.226504e+03   -8.944622e+02
     155   3    8.409852e+02    9.031370e+03    2.961706e+03   -4.182577e+02
     156   1    7.913010e+02    9.028358e+03    2.945898e+03   -2.863009e+02
     156   2    4.859301e+02    1.058553e+04    3.321438e+03   -6.609468e+02
     156   3    6.863738e+02    9.448282e+03    3.040397e+03   -1.525620e+02
     157   1    3.888078e+00    4.242888e+03    1.274033e+03   -2.039163e+01
     157   2   -4.234236e-01    4.293929e+03    1.288052e+03   -5.845148e+00
     157   3   -1.404080e-01    4.276295e+03    1.282846e+03   -4.920710e+00
     158   1    4.424564e+00    4.195462e+03    1.259966e+03   -1.512292e+01
     158   2    1.044712e+00    4.231409e+03    1.269736e+03   -5.558255e+00
     158   3    7.126201e+00    4.159782e+03    1.250072e+03   -1.431523e+01
     159   1    5.812544e+02    1.226178e+03    5.422297e+02   -1.590214e+02
     159   2    6.124614e+02    1.272204e+03    5.653995e+02   -1.490806e+02
     159   3    6.029959e+02    1.221753e+03    5.474245e+02   -1.128385e+02
     160   1    3.592902e+00    4.282306e+03    1.285770e+03   -2.749996e+01
     160   2   -3.763589e-01    4.339589e+03    1.301764e+03   -7.730995e+00
     160   3   -3.009397e-01    4.315205e+03    1.294471e+03   -7.011580e+00
     161   1    2.747383e+01    4.100697e+03    1.238451e+03   -1.381338e+02
     161   2    2.086968e+01    4.158621e+03    1.253847e+03   -1.136016e+02
     161   3    2.905603e+01    4.080067e+03    1.232737e+03   -1.272367e+02
     162   1    3.188765e+00    4.333378e+03    1.300970e+03   -3.401541e+01
     162   2   -3.500428e-01    4.397843e+03    1.319248e+03   -9.434572e+00
     162   3   -2.505842e-01    4.367304e+03    1.310116e+03   -8.787100e+00
     163   1    2.264367e+01    4.147953e+03    1.251179e+03   -1.574539e+02
     163   2    1.746809e+01    4.207992e+03    1.267638e+03   -1.307676e+02
     163   3    2.472003e+01    4.123774e+03    1.244548e+03   -1.484490e+02
     164   1    2.749408e+00    4.394275e+03    1.319107e+03   -4.001460e+01
     164   2   -3.168640e-01    4.467246e+03    1.340079e+03   -1.100472e+01
     164   3   -1.880327e-01    4.431235e+03    1.329314e+03   -1.043262e+01
     165   1    1.655369e+01    4.201110e+03    1.265299e+03   -1.724466e+02
     165   2    1.316601e+01    4.263639e+03    1.283041e+03   -1.444431e+02
     165   3    1.913757e+01    4.174066e+03    1.257961e+03   -1.656758e+02
     166   1    2.205349e+00    4.464130e+03    1.339901e+03   -4.508020e+01
     166   2   -2.771748e-01    4.546299e+03    1.363807e+03   -1.232790e+01
     166   3   -1.204552e-01    4.505675e+03    1.351666e+03   -1.186174e+01
     167   1    9.078951e+00    4.258711e+03    1.280337e+03   -1.822403e+02
     167   2    7.858160e+00    4.324080e+03    1.299582e+03   -1.538509e+02
     167   3    1.220990e+01    4.229521e+03    1.272519e+03   -1.781456e+02
     168   1    1.527125e+00    4.541181e+03    1.362812e+03   -4.890959e+01
     168   2   -2.248007e-01    4.632939e+03    1.389814e+03   -1.331456e+01
     168   3   -4.339350e-02    4.588808e+03    1.376629e+03   -1.298484e+01
     169   1    1.012568e-01    4.319148e+03    1.295775e+03   -1.858112e+02
     169   2    1.449984e+00    4.387547e+03    1.316699e+03   -1.581012e+02
     169   3    3.816105e+00    4.288590e+03    1.287722e+03   -1.849117e+02
     170   1    6.948779e-01    4.623126e+03    1.387146e+03   -5.119425e+01
     170   2   -1.578689e-01    4.724551e+03    1.417318e+03   -1.387823e+01
     170   3    4.636511e-02    4.678292e+03    1.403501e+03   -1.371807e+01
     171   1   -1.240238e+01    4.220636e+03    1.262470e+03   -2.259084e+02
     171   2   -1.421697e+01    4.321802e+03    1.292276e+03   -1.993411e+02
     171   3   -5.983487e+00    4.292454e+03    1.285941e+03   -2.023778e+02
     172   1   -3.059853e-01    4.707144e+03    1.412052e+03   -5.159818e+01
     172   2   -7.466214e-02    4.817924e+03    1.445355e+03   -1.392425e+01
     172   3    1.493252e-01    4.771221e+03    1.431411e+03   -1.397018e+01
     173   1   -1.356883e+02    6.234124e+02    1.463172e+02   -4.211086e+02
     173   2   -3.229033e+01    6.991054e+02    2.000445e+02   -4.105365e+02
     173   3   -7.459755e+01    5.836118e+02    1.527043e+02   -3.477226e+02
     174   1   -1.485632e+00    4.789862e+03    1.436513e+03   -4.976021e+01
     174   2    2.617080e-02    4.909194e+03    1.472766e+03   -1.335021e+01
     174   3    2.652148e-01    4.864063e+03    1.459298e+03   -1.364167e+01
     175   1   -8.300459e+00    4.637543e+03    1.388773e+03   -1.102263e+02
     175   2   -4.514529e+00    4.751791e+03    1.424183e+03   -7.879735e+01
     175   3   -2.634843e+00    4.715209e+03    1.413772e+03   -8.279878e+01
     176   1   -2.845248e+00    4.867326e+03    1.459344e+03   -4.530973e+01
     176   2    1.456941e-01    4.993808e+03    1.498186e+03   -1.204980e+01
     176   3    3.922706e-01    4.952612e+03    1.485901e+03   -1.262742e+01
     177   1   -7.602859e+02    1.421006e+03    1.982159e+02   -5.772907e+02
     177   2   -5.468383e+02    1.236679e+03    2.069522e+02   -5.144132e+02
     177   3   -6.264132e+02    1.728380e+03    3.305899e+02   -6.656086e+02
     178   1   -4.372589e+00    4.935008e+03    1.479191e+03   -3.788777e+01
     178   2    2.838219e-01    5.066522e+03    1.520042e+03   -9.919395e+00
     178   3    5.272899e-01    5.031966e+03    1.509748e+03   -1.082228e+01
     179   1   -1.995355e+01    4.753294e+03    1.420002e+03   -7.653563e+01
     179   2   -9.841499e+00    4.871014e+03    1.458352e+03   -5.090335e+01
     179   3   -7.435223e+00    4.845822e+03    1.451516e+03   -6.046149e+01
     180   1   -6.036479e+00    4.987870e+03    1.494550e+03   -2.717727e+01
     180   2    4.393069e-01    5.121456e+03    1.536569e+03   -6.865900e+00
     180   3    6.648096e-01    5.096554e+03    1.529166e+03   -8.127599e+00
     181   1   -1.055192e+02    4.633208e+03    1.358307e+03    8.530138e+01
     181   2   -1.095432e+02    4.633186e+03    1.357093e+03    1.235917e+02
     181   3   -7.982378e+01    4.694312e+03    1.384347e+03    9.754459e+01
     182   1   -7.780778e+00    5.020473e+03    1.503808e+03   -1.295033e+01
     182   2    6.085726e-01    5.152225e+03    1.545850e+03   -2.821302e+00
     182   3    7.971682e-01    5.140222e+03    1.542306e+03   -4.464527e+00
     183   1   -3.991987e+01    4.794795e+03    1.426463e+03    1.926041e+01
     183   2   -2.531201e+01    4.884276e+03    1.457689e+03    7.628594e+00
     183   3   -3.792143e+01    4.790713e+03    1.425837e+03   -3.561190e+00
     184   1   -9.516500e+00    5.027189e+03    1.505302e+03    4.873239e+00
     184   2    7.859252e-01    5.152174e+03    1.545888e+03    2.240968e+00
     184   3    9.133906e-01    5.156413e+03    1.547198e+03    2.117206e-01
     185   1   -2.386104e+02    4.383310e+03    1.243410e+03   -2.929788e+00
     185   2   -1.959874e+02    4.428899e+03    1.269873e+03   -4.068776e+00
     185   3   -2.237773e+02    4.352575e+03    1.238639e+03   -4.574880e+01
     186   1   -1.111978e+01    5.002490e+03    1.497411e+03    2.615505e+01
     186   2    9.624711e-01    5.114741e+03    1.534711e+03    8.284177e+00
     186   3    1.000079e+00    5.138466e+03    1.541840e+03    5.890725e+00
     187   1   -5.106123e+01    4.741152e+03    1.407027e+03    1.310698e+02
     187   2   -3.291100e+01    4.821618e+03    1.436612e+03    9.160464e+01
     187   3   -5.006122e+01    4.761554e+03    1.413448e+03    1.016177e+02
     188   1   -1.242784e+01    4.941376e+03    1.478684e+03    5.045922e+01
     188   2    1.126101e+00    5.033962e+03    1.510527e+03    1.518516e+01
     188   3    1.041228e+00    5.080048e+03    1.524327e+03    1.248494e+01
     189   1    3.079609e+02    4.880301e+03    1.556478e+03   -1.076284e+03
     189   2    5.694069e+02    4.990492e+03    1.667970e+03   -1.408316e+03
     189   3    3.689357e+02    5.344550e+03    1.714046e+03   -1.048325e+03
     190   1   -1.324408e+01    4.839894e+03    1.447995e+03    7.697910e+01
     190   2    1.260768e+00    4.905133e+03    1.471918e+03    2.271107e+01
     190   3    1.020005e+00    4.975734e+03    1.493026e+03    1.980560e+01
     191   1   -1.178467e+02    4.611952e+03    1.348231e+03    2.061500e+02
     191   2   -8.674737e+01    4.661946e+03    1.372560e+03    1.689090e+02
     191   3   -1.156925e+02    4.621486e+03    1.351738e+03    1.646447e+02
     192   1   -1.335112e+01    4.695765e+03    1.404724e+03    1.044772e+02
     192   2    1.348129e+00    4.725582e+03    1.418079e+03    3.050176e+01
     192   3    9.197733e-01    4.821733e+03    1.446796e+03    2.754260e+01
     193   1   -4.926177e+01    4.445691e+03    1.318929e+03    3.201749e+02
     193   2   -3.293878e+01    4.480473e+03    1.334260e+03    2.389988e+02
     193   3   -5.179326e+01    4.508766e+03    1.337092e+03    2.910470e+02
     194   1   -1.253145e+01    4.509053e+03    1.348957e+03    1.312589e+02
     194   2    1.367662e+00    4.495537e+03    1.349071e+03    3.806032e+01
     194   3    7.278846e-01    4.616717e+03    1.385233e+03    3.525075e+01
     195   1    1.546661e+02    5.651660e+03    1.741898e+03   -4.013734e+02
     195   2    4.441525e+01    5.349852e+03    1.618280e+03   -4.846942e+02
     195   3    2.255358e+02    5.526900e+03    1.725731e+03   -7.127155e+02
     196   1   -1.060783e+01    4.282804e+03    1.281659e+03    1.552325e+02
     196   2    1.299211e+00    4.218938e+03    1.266071e+03    4.477136e+01
     196   3    4.387149e-01    4.362668e+03    1.308932e+03    4.235837e+01
     197   1    6.971688e+02    5.677118e+03    1.912286e+03    3.303245e+02
     197   2    7.271133e+02    5.551349e+03    1.883539e+03    3.039660e+02
     197   3    6.245035e+02    5.361770e+03    1.795882e+03    3.877958e+02
     198   1   -7.483574e+00    4.023571e+03    1.204826e+03    1.740157e+02
     198   2    1.127394e+00    3.904104e+03    1.171569e+03    4.993413e+01
     198   3    5.738948e-02    4.065654e+03    1.219713e+03    4.819216e+01
     199   1    4.573213e+02    4.454874e+03    1.473659e+03    2.787945e+02
     199   2    5.239623e+02    4.578411e+03    1.530712e+03    1.994140e+02
     199   3    4.323999e+02    4.319833e+03    1.425670e+03    1.965223e+02
     200   1   -3.187587e+00    3.741640e+03    1.121536e+03    1.851403e+02
     200   2    8.433457e-01    3.564020e+03    1.069459e+03    5.282389e+01
     200   3   -3.967642e-01    3.736314e+03    1.120775e+03    5.202608e+01
     201   1    1.896910e+01    3.635826e+03    1.096439e+03    3.920717e+02
     201   2    1.210435e+01    3.408463e+03    1.026170e+03    2.955289e+02
     201   3    4.551048e+00    3.534640e+03    1.061757e+03    3.045845e+02
     202   1    2.086611e+00    3.450855e+03    1.035883e+03    1.863761e+02
     202   2    4.422697e-01    3.216092e+03    9.649603e+02    5.279766e+01
     202   3   -8.888003e-01    3.389914e+03    1.016707e+03    5.317143e+01
     203   1    4.155274e+01    3.449595e+03    1.047344e+03    3.575283e+02
     203   2    2.251241e+01    3.186206e+03    9.626154e+02    2.643961e+02
     203   3    1.445867e+01    3.298996e+03    9.940364e+02    2.834700e+02
     204   1    7.975152e+00    3.168158e+03    9.528399e+02    1.761693e+02
     204   2   -1.035667e-01    2.881194e+03    8.643270e+02    4.948418e+01
     204   3   -1.381448e+00    3.045791e+03    9.133229e+02    5.112473e+01
     205   1    1.390700e+02    3.401111e+03    1.062054e+03    2.052577e+02
     205   2    1.876821e+02    3.538595e+03    1.117883e+03    1.558655e+02
     205   3    1.309668e+02    3.298708e+03    1.028903e+03    1.323133e+02
     206   1    1.422119e+01    2.913857e+03    8.784235e+02    1.548332e+02
     206   2   -9.251949e-01    2.582451e+03    7.744577e+02    4.317574e+01
     206   3   -1.828549e+00    2.726422e+03    8.173782e+02    4.596648e+01
     207   1    6.402949e+01    3.294152e+03    1.007455e+03    2.979053e+02
     207   2    3.335786e+01    3.003685e+03    9.111127e+02    2.145777e+02
     207   3    2.494120e+01    3.093190e+03    9.354394e+02    2.436221e+02
     208   1    2.122022e+01    2.708501e+03    8.189163e+02    1.222718e+02
     208   2   -2.002403e+00    2.343391e+03    7.024167e+02    3.395827e+01
     208   3   -2.134377e+00    2.455325e+03    7.359573e+02    3.797432e+01
     209   1    8.495749e+01    3.046344e+03    9.393904e+02    8.634647e+01
     209   2    5.463201e+01    2.814403e+03    8.607104e+02    2.982967e+01
     209   3    4.338247e+01    2.810152e+03    8.560604e+02    9.112644e+01
     210   1    2.249919e+01    2.622170e+03    7.934007e+02    7.199827e+01
     210   2    2.938862e+01    2.620480e+03    7.949606e+02    3.089674e+01
     210   3    9.419716e+00    2.295045e+03    6.913394e+02    2.347581e+01
     211   1    3.300456e+02    2.950527e+03    9.841719e+02   -3.496170e+01
     211   2    3.152109e+02    2.995972e+03    9.933550e+02   -8.645874e+00
     211   3    3.455340e+02    2.903879e+03    9.748241e+02   -8.882123e+00
     212   1    3.176026e+02    2.955507e+03    9.819328e+02   -1.388141e+02
     212   2    3.068246e+02    2.999996e+03    9.920461e+02   -1.121611e+02
     212   3    3.365443e+02    2.906636e+03    9.729541e+02   -1.141180e+02
     213   1    2.385853e+02    3.229967e+03    1.040566e+03   -8.124270e+01
     213   2    2.261976e+02    3.273306e+03    1.049851e+03   -5.613213e+01
     213   3    2.542625e+02    3.181548e+03    1.030743e+03   -5.792065e+01
     214   1    2.706911e+02    3.135062e+03    1.021726e+03   -3.354403e+01
     214   2    2.563536e+02    3.180034e+03    1.030916e+03   -8.280703e+00
     214   3    2.854498e+02    3.088086e+03    1.012061e+03   -8.539330e+00
     215   1    7.998097e+01    3.801090e+03    1.164321e+03   -1.350153e+02
     215   2    6.545376e+01    3.866173e+03    1.179488e+03   -1.344683e+02
     215   3    6.916314e+01    3.851375e+03    1.176162e+03   -1.152055e+02
     216   1    2.143221e+02    3.317924e+03    1.059674e+03   -3.152295e+01
     216   2    2.007360e+02    3.361748e+03    1.068745e+03   -7.767478e+00
     216   3    2.280834e+02    3.271321e+03    1.049821e+03   -8.043549e+00
     217   1    1.495844e+01    4.144720e+03    1.247904e+03   -6.445828e+01
     217   2    1.449297e+01    4.163279e+03    1.253331e+03   -7.308864e+01
     217   3    9.587141e+00    4.212499e+03    1.266626e+03   -5.207275e+01
     218   1    1.619726e+02    3.496357e+03    1.097499e+03   -2.890413e+01
     218   2    1.493909e+02    3.538323e+03    1.106314e+03   -7.105485e+00
     218   3    1.744723e+02    3.450819e+03    1.087587e+03   -7.398274e+00
     219   1    1.005616e+02    3.715855e+03    1.144925e+03   -6.887495e+01
     219   2    1.136223e+02    3.670920e+03    1.135363e+03   -5.155449e+01
     219   3    1.227598e+02    3.631770e+03    1.126359e+03   -7.319395e+01
     220   1    1.147061e+02    3.667508e+03    1.134664e+03   -2.565478e+01
     220   2    1.033819e+02    3.706850e+03    1.143069e+03   -6.290693e+00
     220   3    1.256600e+02    3.623737e+03    1.124819e+03   -6.599456e+00
     221   1    6.817070e+01    3.856251e+03    1.177326e+03   -9.072705e+01
     221   2    6.063238e+01    3.884322e+03    1.183486e+03   -6.921406e+01
     221   3    7.900348e+01    3.803252e+03    1.164677e+03   -7.608176e+01
     222   1    7.359563e+01    3.828715e+03    1.170693e+03   -2.186627e+01
     222   2    6.386865e+01    3.864217e+03    1.178426e+03   -5.345132e+00
     222   3    8.273193e+01    3.787150e+03    1.160965e+03   -5.679990e+00
     223   1    1.723221e+01    4.107457e+03    1.237407e+03   -4.569010e+01
     223   2    1.605891e+01    4.126243e+03    1.242691e+03   -5.505021e+01
     223   3    1.043824e+01    4.175048e+03    1.255646e+03   -3.827895e+01
     224   1    3.935775e+01    3.979786e+03    1.205743e+03   -1.740430e+01
     224   2    3.215000e+01    4.007607e+03    1.211927e+03   -4.220181e+00
     224   3    4.679400e+01    3.938551e+03    1.195603e+03   -4.634064e+00
     225   1    1.413179e+01    4.116571e+03    1.239211e+03   -1.088704e+01
     225   2    1.027047e+01    4.132807e+03    1.242923e+03   -2.486087e+00
     225   3    1.950266e+01    4.074390e+03    1.228168e+03   -3.084664e+00
     226   1    1.788398e+01    4.086845e+03    1.231419e+03   -1.555037e+01
     226   2    2.614478e+01    4.045514e+03    1.221498e+03   -7.316469e+00
     226   3    3.078916e+01    4.016365e+03    1.214146e+03   -1.998883e+01
     227   1    8.084520e+02    8.352445e+03    2.748269e+03   -1.533796e+03
     227   2    8.568186e+02    7.848862e+03    2.611704e+03   -1.725133e+03
     227   3    7.842251e+02    8.559297e+03    2.803057e+03   -2.239502e+03
     228   1    7.841503e+02    9.070048e+03    2.956259e+03   -1.035307e+03
     228   2    7.709311e+02    8.780944e+03    2.865562e+03   -1.325218e+03
     228   3    5.111558e+02    9.736606e+03    3.074329e+03   -1.669941e+03
     229   1   -9.256255e+02    5.092425e+01   -2.624104e+02   -2.549380e+02
     229   2   -7.104435e+02    1.399272e+02   -1.711549e+02   -2.777203e+02
     229   3   -8.255486e+02    3.635867e+01   -2.367570e+02   -1.938616e+02
     230   1   -1.651404e+03    1.614332e+02   -4.469911e+02   -1.907994e+02
     230   2   -1.799608e+03    8.576345e+01   -5.141535e+02    2.385417e+01
     230   3   -1.552616e+03    2.772611e+02   -3.826066e+02   -2.111065e+02
     231   1    5.818000e+02    9.369156e+03    2.985287e+03   -1.016399e+03
     231   2    4.847686e+02    1.050144e+04    3.295861e+03   -1.686630e+03
     231   3    3.435045e+02    1.098836e+04    3.399560e+03   -1.260879e+03
     232   1    9.514092e+02    7.128233e+03    2.423893e+03   -5.104618e+01
     232   2    9.698959e+02    6.906634e+03    2.362959e+03    1.191442e+01
     232   3    9.112755e+02    6.573091e+03    2.245310e+03    8.631231e+01
     233   1   -7.330378e+02    4.502183e+01   -2.064048e+02   -1.234829e+02
     233   2   -5.402680e+02    1.360054e+02   -1.212788e+02   -1.328297e+02
     233   3   -6.356607e+02    6.509987e+01   -1.711683e+02   -5.158219e+01
     234   1   -1.368271e+03   -1.543093e+02   -4.567741e+02   -7.114364e+01
     234   2   -1.238703e+03   -1.381501e+02   -4.130560e+02   -1.864018e+01
     234   3   -1.558978e+03   -2.017204e+02   -5.282095e+02   -2.002316e+01
     235   1    4.423922e+02    4.314259e+03    1.426995e+03    1.417441e+02
     235   2    5.376120e+02    4.580739e+03    1.535505e+03    1.409599e+02
     235   3    5.041329e+02    4.448099e+03    1.485670e+03    5.703711e+01
     236   1    2.345281e+02    3.662738e+03    1.169180e+03    9.614803e+01
     236   2    2.747047e+02    3.786848e+03    1.218466e+03    2.543840e+01
     236   3    1.947929e+02    3.513554e+03    1.112504e+03    2.329756e+01
     237   1    5.152929e+02    2.319128e+03    8.503262e+02   -1.902211e+02
     237   2    5.081575e+02    2.365510e+03    8.621003e+02   -1.657078e+02
     237   3    5.375355e+02    2.280678e+03    8.454641e+02   -1.630272e+02
     238   1    6.892598e+02    1.394065e+03    6.249975e+02   -1.176955e+02
     238   2    7.095107e+02    1.428035e+03    6.412637e+02   -1.086620e+02
     238   3    7.048458e+02    1.388164e+03    6.279029e+02   -8.283783e+01
     239   1   -2.645705e+01    4.793166e+03    1.430013e+03   -4.866191e+01
     239   2   -1.278472e+01    4.907997e+03    1.468564e+03   -2.850043e+01
     239   3   -1.019791e+01    4.892139e+03    1.464582e+03   -4.116024e+01
     240   1   -9.200593e+01    4.626683e+03    1.360403e+03    1.450248e+01
     240   2   -9.721039e+01    4.635118e+03    1.361372e+03    4.825285e+01
     240   3   -7.017376e+01    4.704096e+03    1.390177e+03    3.316627e+01
     241   1   -4.890190e+01    4.739289e+03    1.407116e+03    1.366848e+02
     241   2   -2.235447e+01    4.794948e+03    1.431778e+03    1.165179e+02
     241   3   -2.071567e+01    4.840245e+03    1.445859e+03    9.318364e+01
     242   1    3.147071e+02    4.542764e+03    1.457241e+03   -1.163381e+03
     242   2    5.480172e+02    4.064393e+03    1.383723e+03   -1.419143e+03
     242   3    6.729268e+02    4.706361e+03    1.613786e+03   -1.516259e+03
     243   1   -3.433782e+01    4.227674e+03    1.258001e+03    3.566766e+02
     243   2   -1.353213e+01    4.134277e+03    1.236223e+03    2.805573e+02
     243   3   -1.717093e+01    4.250404e+03    1.269970e+03    2.642712e+02
     244   1    5.384364e+02    6.264798e+03    2.040970e+03   -9.662449e+02
     244   2    4.821111e+02    5.843360e+03    1.897641e+03   -1.024893e+03
     244   3    6.623029e+02    6.108322e+03    2.031187e+03   -1.404506e+03
     245   1   -1.973447e+03   -2.266107e+02   -6.600174e+02   -2.952474e+01
     245   2   -1.537379e+03   -1.723407e+02   -5.129158e+02   -8.112791e+01
     245   3   -1.738392e+03   -2.148091e+02   -5.859605e+02   -2.445405e+01
     246   1   -2.106936e+03   -1.276751e+02   -6.703832e+02    1.329711e+01
     246   2   -2.554649e+03   -1.939626e+02   -8.245835e+02    1.829353e+02
     246   3   -2.404314e+03   -1.533043e+02   -7.672854e+02    1.735144e+02
     247   1    6.786804e+02    1.364450e+03    6.129390e+02   -1.120175e+02
     247   2    6.985899e+02    1.368200e+03    6.200368e+02   -7.547039e+01
     247   3    6.758183e+02    1.329394e+03    6.015638e+02   -8.261238e+01
     248   1    7.127556e+02    1.864219e+03    7.730924e+02   -7.190105e+01
     248   2    7.261289e+02    1.841814e+03    7.703827e+02   -5.001513e+01
     248   3    7.336538e+02    1.811244e+03    7.634694e+02   -6.560650e+01
     249   1    8.025995e+02    1.660781e+03    7.390141e+02   -1.726354e+01
     249   2    8.088873e+02    1.647864e+03    7.370254e+02   -5.869758e+00
     249   3    8.112214e+02    1.638707e+03    7.349784e+02   -1.309306e+01
     250   1    8.164350e+02    1.627548e+03    7.331950e+02   -9.017503e+00
     250   2    8.142330e+02    1.637271e+03    7.354513e+02   -2.206565e+00
     250   3    8.220311e+02    1.616930e+03    7.316884e+02   -1.876893e+00
     251   1   -3.052796e+01    4.368324e+03    1.301339e+03    6.454284e+02
     251   2   -3.707243e+01    4.278953e+03    1.272564e+03    6.055254e+02
     251   3   -6.149334e+01    4.396462e+03    1.300491e+03    6.328502e+02
     252   1    8.001650e+02    6.385024e+03    2.155557e+03    1.400833e+02
     252   2    8.418551e+02    6.263903e+03    2.131728e+03    1.630061e+02
     252   3    7.413394e+02    5.988575e+03    2.018974e+03    2.570828e+02
     253   1    1.292650e+01    3.734577e+03    1.124251e+03    4.284147e+02
     253   2    5.701784e+00    3.641781e+03    1.094245e+03    3.376725e+02
     253   3    4.673433e+00    3.826638e+03    1.149393e+03    4.335393e+02
     254   1    4.861256e+02    4.580635e+03    1.520028e+03    3.076019e+02
     254   2    5.764652e+02    4.849820e+03    1.627886e+03    2.989795e+02
     254   3    5.661577e+02    4.714631e+03    1.584237e+03    2.234668e+02
     255   1    1.380126e+02    3.296185e+03    1.030259e+03    9.298082e+01
     255   2    1.944424e+02    3.538205e+03    1.119794e+03    1.124713e+02
     255   3    1.657814e+02    3.392532e+03    1.067494e+03    4.068121e+01
     256   1    9.379931e+01    3.210625e+03    9.913274e+02    2.115544e+02
     256   2    4.416541e+01    2.872793e+03    8.750874e+02    1.392962e+02
     256   3    3.683009e+01    2.941310e+03    8.934421e+02    1.832253e+02
     257   1    1.902143e+02    3.375244e+03    1.069638e+03   -1.300972e+02
     257   2    1.648546e+02    3.465839e+03    1.089208e+03   -1.247441e+02
     257   3    1.814025e+02    3.416672e+03    1.079422e+03   -1.052759e+02
     258   1    1.350591e+01    4.185063e+03    1.259571e+03   -8.177937e+01
     258   2    1.285399e+01    4.208628e+03    1.266445e+03   -8.940772e+01
     258   3    8.557062e+00    4.258742e+03    1.280190e+03   -6.464300e+01
     259   1    1.319069e+01    4.195831e+03    1.262707e+03   -7.117195e+01
     259   2    5.331925e+00    4.263304e+03    1.280591e+03   -5.518979e+01
     259   3    5.817381e+00    4.238892e+03    1.273413e+03   -4.924061e+01
     260   1    5.075899e+02    1.123011e+03    4.891803e+02   -1.813507e+02
     260   2    5.461052e+02    1.175524e+03    5.164888e+02   -1.709661e+02
     260   3    5.333634e+02    1.118795e+03    4.956474e+02   -1.290873e+02
     261   1    4.167224e+02    1.006214e+03    4.268810e+02   -2.046550e+02
     261   2    4.643433e+02    1.065524e+03    4.589601e+02   -1.939608e+02
     261   3    4.473961e+02    1.001773e+03    4.347508e+02   -1.461169e+02
     262   1    9.663101e+00    4.299546e+03    1.292763e+03   -9.850283e+01
     262   2    3.753074e+00    4.380356e+03    1.315233e+03   -7.449113e+01
     262   3    4.420026e+00    4.347349e+03    1.305531e+03   -6.994199e+01
     263   1    3.041845e+02    8.753172e+02    3.538505e+02   -2.284565e+02
     263   2    3.633926e+02    9.416702e+02    3.915188e+02   -2.177902e+02
     263   3    3.408746e+02    8.701491e+02    3.633071e+02   -1.636483e+02
     264   1    7.285943e+00    4.361526e+03    1.310644e+03   -1.087550e+02
     264   2    2.659013e+00    4.449888e+03    1.335764e+03   -8.147164e+01
     264   3    3.513208e+00    4.413511e+03    1.325107e+03   -7.804429e+01
     265   1    1.637539e+02    7.302033e+02    2.681872e+02   -2.516609e+02
     265   2    2.380534e+02    8.036871e+02    3.125222e+02   -2.417323e+02
     265   3    2.079140e+02    7.237495e+02    2.794990e+02   -1.810056e+02
     266   1    4.352114e+00    4.428596e+03    1.329884e+03   -1.157905e+02
     266   2    1.307785e+00    4.524472e+03    1.357734e+03   -8.596030e+01
     266   3    2.382099e+00    4.485805e+03    1.346456e+03   -8.392809e+01
     267   1   -1.340003e+01    5.715385e+02    1.674415e+02   -2.720798e+02
     267   2    8.103368e+01    6.518705e+02    2.198712e+02   -2.642480e+02
     267   3    4.012575e+01    5.632059e+02    1.809995e+02   -1.967928e+02
     268   1    8.014531e-01    4.498681e+03    1.349845e+03   -1.188969e+02
     268   2   -3.276967e-01    4.601676e+03    1.380404e+03   -8.740742e+01
     268   3    9.953680e-01    4.562042e+03    1.368911e+03   -8.706718e+01
     269   1   -2.401632e+02    4.014040e+02    4.837225e+01   -2.855640e+02
     269   2   -1.181024e+02    4.876759e+02    1.108721e+02   -2.823542e+02
     269   3   -1.747233e+02    3.907211e+02    6.479936e+01   -2.083317e+02
     270   1   -3.410209e+00    4.569298e+03    1.369766e+03   -1.173073e+02
     270   2   -2.266522e+00    4.678586e+03    1.402896e+03   -8.522309e+01
     270   3   -6.715967e-01    4.639559e+03    1.391666e+03   -8.689168e+01
     271   1   -1.384384e+01    4.700105e+03    1.405878e+03   -9.687142e+01
     271   2   -7.055093e+00    4.817382e+03    1.443098e+03   -6.753523e+01
     271   3   -4.896245e+00    4.785339e+03    1.434133e+03   -7.417988e+01
     272   1   -7.670928e+01    4.604231e+03    1.358256e+03   -4.592517e+01
     272   2   -8.252406e+01    4.619837e+03    1.361194e+03   -1.747288e+01
     272   3   -5.900964e+01    4.693761e+03    1.390425e+03   -2.237707e+01
     273   1   -4.454592e+01    4.788603e+03    1.423217e+03    4.541356e+01
     273   2   -4.617269e+01    4.781190e+03    1.420505e+03    7.192524e+01
     273   3   -2.951189e+01    4.867922e+03    1.451523e+03    4.691269e+01
     274   1   -3.242148e+02    2.497520e+03    6.519915e+02   -8.419807e+02
     274   2   -4.443158e+02    2.130090e+03    5.057322e+02   -7.631280e+02
     274   3   -1.584925e+02    1.956864e+03    5.395113e+02   -7.995766e+02
     275   1   -8.689369e+01    4.371568e+03    1.285402e+03    4.880179e+02
     275   2   -7.507452e+01    4.322514e+03    1.274232e+03    5.167316e+02
     275   3   -6.038246e+01    4.291772e+03    1.269417e+03    4.485528e+02
     276   1   -4.919559e+01    4.541718e+03    1.347757e+03    2.551652e+02
     276   2   -2.156841e+01    4.532885e+03    1.353395e+03    2.065568e+02
     276   3   -2.206158e+01    4.616613e+03    1.378365e+03    1.831345e+02
     277   1   -3.275080e+01    4.201374e+03    1.250587e+03    3.954010e+02
     277   2   -2.697413e+01    4.115916e+03    1.226683e+03    4.124633e+02
     277   3   -1.950064e+01    4.095147e+03    1.222694e+03    3.160952e+02
     278   1   -4.467087e+01    4.367019e+03    1.296704e+03    3.487394e+02
     278   2   -4.053106e+01    4.291395e+03    1.275259e+03    3.732125e+02
     278   3   -2.779007e+01    4.300852e+03    1.281918e+03    2.823454e+02
     279   1    6.277523e+02    1.282599e+03    5.731053e+02   -1.306317e+02
     279   2    6.508260e+02    1.288016e+03    5.816525e+02   -8.842510e+01
     279   3    6.225857e+02    1.242767e+03    5.596058e+02   -9.601028e+01
     280   1    5.593038e+02    2.291014e+03    8.550952e+02   -4.258019e+01
     280   2    5.292268e+02    2.372586e+03    8.705438e+02   -4.376453e+01
     280   3    5.458246e+02    2.331707e+03    8.632594e+02   -1.728818e+01
     281   1    6.409938e+02    1.316322e+03    5.871947e+02   -1.378124e+02
     281   2    6.662222e+02    1.356174e+03    6.067189e+02   -1.283404e+02
     281   3    6.593864e+02    1.311317e+03    5.912110e+02   -9.743650e+01
     282   1    3.392434e+02    2.906103e+03    9.736039e+02   -9.657421e+01
     282   2    3.091443e+02    2.998577e+03    9.923164e+02   -9.512239e+01
     282   3    3.275935e+02    2.951494e+03    9.837262e+02   -6.983708e+01
     283   1    5.648028e+02    1.187978e+03    5.258343e+02   -1.502693e+02
     283   2    5.916322e+02    1.194887e+03    5.359558e+02   -1.020971e+02
     283   3    5.567718e+02    1.142846e+03    5.098854e+02   -1.101688e+02
     284   1    1.569690e+02    3.478270e+03    1.090572e+03   -1.666975e+02
     284   2    1.340786e+02    3.567525e+03    1.110481e+03   -1.586994e+02
     284   3    1.500452e+02    3.517473e+03    1.100255e+03   -1.424160e+02
     285   1    4.369836e+02    2.631834e+03    9.206453e+02   -4.477059e+01
     285   2    4.058243e+02    2.721532e+03    9.382069e+02   -4.489274e+01
     285   3    4.230075e+02    2.676569e+03    9.298728e+02   -1.795298e+01
     286   1    5.148975e+02    2.414478e+03    8.788126e+02   -3.517155e+01
     286   2    5.002780e+02    2.457339e+03    8.872851e+02   -8.755136e+00
     286   3    5.307810e+02    2.373172e+03    8.711858e+02   -8.875869e+00
     287   1    2.510947e+02    3.183971e+03    1.030520e+03   -9.072665e+01
     287   2    2.685411e+02    3.136564e+03    1.021531e+03   -6.698114e+01
     287   3    2.798706e+02    3.091654e+03    1.011457e+03   -9.306535e+01
     288   1    3.559721e+02    2.859706e+03    9.647034e+02   -8.839274e+01
     288   2    3.430281e+02    2.904817e+03    9.743535e+02   -6.158477e+01
     288   3    3.735697e+02    2.812719e+03    9.558867e+02   -6.239975e+01
     289   1   -1.046291e+01    4.380571e+03    1.311032e+03   -1.820471e+02
     289   2   -6.130068e+00    4.451963e+03    1.333750e+03   -1.562222e+02
     289   3   -6.146269e+00    4.349544e+03    1.303019e+03   -1.848989e+02
     290   1   -4.536475e+01    4.522498e+03    1.343140e+03   -1.330090e+02
     290   2   -5.117645e+01    4.548239e+03    1.349119e+03   -1.157255e+02
     290   3   -3.572179e+01    4.625244e+03    1.376857e+03   -1.039478e+02
     291   1    1.354379e+02    3.588136e+03    1.117072e+03   -6.829459e+01
     291   2    1.245215e+02    3.626852e+03    1.125412e+03   -4.653820e+01
     291   3    1.480356e+02    3.540916e+03    1.106685e+03   -4.926754e+01
     292   1    9.725836e+01    3.728775e+03    1.147810e+03   -1.068598e+02
     292   2    7.591978e+01    3.816353e+03    1.167682e+03   -1.005900e+02
     292   3    8.943018e+01    3.765203e+03    1.156390e+03   -8.512966e+01
     293   1    5.746332e+02    2.251058e+03    8.477073e+02   -3.371929e+01
     293   2    5.607287e+02    2.291687e+03    8.557246e+02   -8.418547e+00
     293   3    5.899723e+02    2.213014e+03    8.408958e+02   -8.484547e+00
     294   1    7.342868e+02    1.654016e+03    7.164908e+02   -1.279341e+02
     294   2    7.550623e+02    1.628835e+03    7.151692e+02   -1.050240e+02
     294   3    7.435092e+02    1.609614e+03    7.059370e+02   -1.203013e+02
     295   1    7.672506e+02    1.748696e+03    7.547839e+02   -2.036778e+01
     295   2    7.596288e+02    1.773614e+03    7.599728e+02   -5.187612e+00
     295   3    7.768482e+02    1.730395e+03    7.521729e+02   -5.023542e+00
     296   1    7.697279e+02    1.604457e+03    7.122555e+02   -8.376363e+01
     296   2    7.852679e+02    1.590948e+03    7.128649e+02   -6.374449e+01
     296   3    7.760975e+02    1.572625e+03    7.046167e+02   -7.439997e+01
     297   1    7.769782e+02    1.539248e+03    6.948677e+02   -6.141867e+01
     297   2    7.900342e+02    1.537307e+03    6.982022e+02   -4.020631e+01
     297   3    7.792091e+02    1.515998e+03    6.885620e+02   -4.632943e+01
     298   1    7.525080e+02    1.761924e+03    7.543295e+02   -5.984469e+01
     298   2    7.645119e+02    1.743936e+03    7.525343e+02   -4.088274e+01
     298   3    7.700471e+02    1.718243e+03    7.464871e+02   -5.281407e+01
     299   1    7.802709e+02    1.634287e+03    7.243673e+02   -7.027298e+01
     299   2    7.846749e+02    1.603323e+03    7.163994e+02   -6.339562e+01
     299   3    7.723656e+02    1.623521e+03    7.187659e+02   -8.209697e+01
     300   1    7.957017e+02    1.576728e+03    7.117289e+02   -4.603361e+01
     300   2    8.072119e+02    1.572990e+03    7.140605e+02   -2.959911e+01
     300   3    7.992688e+02    1.556303e+03    7.066716e+02   -3.541526e+01
     301   1   -2.124838e+00    3.836753e+03    1.150388e+03    4.019961e+02
     301   2    2.267758e+00    3.651683e+03    1.096185e+03    3.078852e+02
     301   3   -4.404118e+00    3.781629e+03    1.133167e+03    3.069793e+02
     302   1   -3.953501e+01    4.207957e+03    1.250527e+03    5.572339e+02
     302   2   -3.544753e+01    4.148873e+03    1.234028e+03    4.893946e+02
     302   3   -5.535771e+01    4.263629e+03    1.262481e+03    5.403170e+02
     303   1   -2.179184e+03   -2.273176e+02   -7.219504e+02    2.895581e+00
     303   2   -1.970217e+03   -2.408537e+02   -6.633211e+02   -4.005701e+00
     303   3   -2.453544e+03   -2.404956e+02   -8.082118e+02    4.542487e+00
     304   1   -2.109845e+03   -1.653383e+02   -6.825549e+02   -1.791612e+01
     304   2   -2.239403e+03   -1.977536e+02   -7.311469e+02    3.853671e+00
     304   3   -2.501443e+03   -1.839882e+02   -8.056295e+02    1.300223e+02
     305   1    7.450155e+02    5.433221e+03    1.853471e+03    2.606216e+02
     305   2    7.442548e+02    5.287265e+03    1.809456e+03    2.026696e+02
     305   3    6.598574e+02    5.123236e+03    1.734928e+03    2.880263e+02
     306   1    6.347645e+02    4.986664e+03    1.686429e+03    2.673530e+02
     306   2    7.082459e+02    5.139056e+03    1.754190e+03    1.875143e+02
     306   3    6.181681e+02    4.854314e+03    1.641745e+03    1.936940e+02
     307   1    4.676952e+02    4.718758e+03    1.555936e+03    4.207704e+02
     307   2    5.479293e+02    4.842664e+03    1.617178e+03    3.509306e+02
     307   3    4.650320e+02    4.589696e+03    1.516418e+03    3.563051e+02
     308   1    8.121993e+02    5.757896e+03    1.971028e+03    2.274868e+02
     308   2    8.833934e+02    6.154375e+03    2.111330e+03    1.641313e+02
     308   3    8.929392e+02    5.979828e+03    2.061830e+03    1.456665e+02
     309   1    2.422286e+00    4.212353e+03    1.264433e+03   -1.802363e+01
     309   2    2.791939e+00    4.218731e+03    1.266457e+03   -2.272830e+01
     309   3    1.648669e+00    4.259533e+03    1.278354e+03   -8.288536e+00
     310   1    2.866602e+00    4.223581e+03    1.267934e+03   -1.268809e+01
     310   2   -4.069364e-01    4.263600e+03    1.278958e+03   -3.352848e+00
     310   3   -7.106039e-02    4.252562e+03    1.275747e+03   -2.610238e+00
     311   1    4.871971e+02    1.079945e+03    4.701425e+02   -1.709271e+02
     311   2    5.184986e+02    1.088112e+03    4.819832e+02   -1.165063e+02
     311   3    4.754810e+02    1.028935e+03    4.513247e+02   -1.250659e+02
     312   1    5.877340e+02    1.471316e+03    6.177149e+02   -2.722399e+02
     312   2    6.140824e+02    1.504012e+03    6.354284e+02   -2.531432e+02
     312   3    6.155798e+02    1.437909e+03    6.160467e+02   -2.323439e+02
     313   1    3.913955e+02    9.579088e+02    4.047913e+02   -1.924135e+02
     313   2    4.280350e+02    9.670108e+02    4.185137e+02   -1.315571e+02
     313   3    3.747677e+02    9.004258e+02    3.825581e+02   -1.405216e+02
     314   1    5.252589e+02    1.396940e+03    5.766598e+02   -3.130888e+02
     314   2    5.576394e+02    1.434212e+03    5.975553e+02   -2.931297e+02
     314   3    5.568957e+02    1.361074e+03    5.753910e+02   -2.683550e+02
     315   1    2.725449e+02    8.214952e+02    3.282120e+02   -2.141800e+02
     315   2    3.155631e+02    8.310685e+02    3.439895e+02   -1.469342e+02
     315   3    2.491359e+02    7.570048e+02    3.018422e+02   -1.560587e+02
     316   1    4.489368e+02    1.312861e+03    5.285394e+02   -3.558029e+02
     316   2    4.885278e+02    1.354828e+03    5.530067e+02   -3.350042e+02
     316   3    4.849670e+02    1.273577e+03    5.275631e+02   -3.061246e+02
     317   1    1.238464e+02    6.708315e+02    2.384034e+02   -2.350199e+02
     317   2    1.744796e+02    6.802045e+02    2.564052e+02   -1.619129e+02
     317   3    9.075329e+01    5.990240e+02    2.069332e+02   -1.706521e+02
     318   1   -7.977194e+00    4.178057e+03    1.251024e+03   -2.355815e+02
     318   2   -3.571734e+00    4.249133e+03    1.273668e+03   -2.110488e+02
     318   3   -6.134307e-01    4.149381e+03    1.244630e+03   -2.360279e+02
     319   1   -6.440991e+01    5.071082e+02    1.328095e+02   -2.525618e+02
     319   2   -4.749046e+00    5.152708e+02    1.531565e+02   -1.750356e+02
     319   3   -1.117850e+02    4.281945e+02    9.492286e+01   -1.823025e+02
     320   1    1.057353e+02    1.000535e+03    3.318811e+02   -4.896101e+02
     320   2    1.778948e+02    1.057348e+03    3.705728e+02   -4.689525e+02
     320   3    1.586661e+02    9.441950e+02    3.308583e+02   -4.260480e+02
     321   1   -3.064979e+02    3.334340e+02    8.080824e+00   -2.623492e+02
     321   2   -2.362295e+02    3.389126e+02    3.080495e+01   -1.835326e+02
     321   3   -3.755185e+02    2.487560e+02   -3.802873e+01   -1.872614e+02
     322   1    5.762608e+01    7.734046e+02    2.493092e+02   -3.939785e+02
     322   2    1.396369e+02    8.428975e+02    2.947603e+02   -3.793255e+02
     322   3    1.103293e+02    7.389259e+02    2.547766e+02   -3.233904e+02
     323   1   -6.230326e+02    1.562398e+02   -1.400378e+02   -2.554674e+02
     323   2   -5.407672e+02    1.571868e+02   -1.150741e+02   -1.819232e+02
     323   3   -7.244535e+02    7.019619e+01   -1.962772e+02   -1.777245e+02
     324   1   -1.498403e+03    3.253801e+02   -3.519069e+02   -1.695515e+02
     324   2   -1.849106e+03    2.931607e+01   -5.459370e+02    1.107238e+02
     324   3   -1.606608e+03    1.642160e+02   -4.327176e+02    5.057750e+01
     325   1   -1.698542e+01    4.684107e+03    1.400136e+03   -1.007805e+02
     325   2   -1.909725e+01    4.711474e+03    1.407713e+03   -9.009506e+01
     325   3   -1.171516e+01    4.795057e+03    1.435002e+03   -7.186816e+01
     326   1   -1.276707e+01    4.655313e+03    1.392764e+03   -1.101094e+02
     326   2   -7.649671e+00    4.734259e+03    1.417983e+03   -8.579037e+01
     326   3   -1.081284e+01    4.623915e+03    1.383931e+03   -1.171207e+02
     327   1   -3.081940e+01    4.771413e+03    1.422178e+03   -4.436249e+01
     327   2   -3.299529e+01    4.785162e+03    1.425650e+03   -2.559320e+01
     327   3   -2.074137e+01    4.874604e+03    1.456159e+03   -2.539896e+01
     328   1   -2.592435e+01    4.756076e+03    1.419046e+03   -6.204998e+01
     328   2   -1.612993e+01    4.843337e+03    1.448162e+03   -5.186396e+01
     328   3   -2.372759e+01    4.734552e+03    1.413247e+03   -7.670476e+01
     329   1   -3.940999e+01    4.816483e+03    1.433122e+03    3.039669e+01
     329   2   -1.851367e+01    4.912565e+03    1.468216e+03    3.397926e+01
     329   3   -1.595703e+01    4.922959e+03    1.472101e+03    1.514744e+01
     330   1   -3.202563e+02    6.669973e+02    1.040223e+02   -5.437549e+02
     330   2   -2.546769e+02    6.051903e+02    1.051540e+02   -4.757329e+02
     330   3   -3.758348e+02    5.288044e+02    4.589091e+01   -4.833126e+02
     331   1   -5.204782e+02    3.449126e+03    8.785943e+02   -7.461177e+02
     331   2   -6.031693e+02    3.071650e+03    7.405442e+02   -7.689490e+02
     331   3   -4.171460e+02    3.013654e+03    7.789523e+02   -8.260061e+02
     332   1   -5.368315e+01    4.706798e+03    1.395934e+03    1.632757e+02
     332   2   -5.378709e+01    4.672298e+03    1.385553e+03    1.944802e+02
     332   3   -3.499258e+01    4.742360e+03    1.412210e+03    1.401803e+02
     333   1   -4.394188e+01    4.397716e+03    1.306132e+03    3.103629e+02
     333   2   -1.856596e+01    4.348522e+03    1.298987e+03    2.474067e+02
     333   3   -2.055105e+01    4.449959e+03    1.328822e+03    2.265164e+02
     334   1   -1.202677e+02    4.569985e+03    1.334915e+03    2.922808e+02
     334   2   -8.959069e+01    4.605260e+03    1.354701e+03    2.443324e+02
     334   3   -1.207178e+02    4.589767e+03    1.340715e+03    2.495212e+02
     335   1    3.679804e+01    3.552143e+03    1.076682e+03    3.980519e+02
     335   2    2.117646e+01    3.419232e+03    1.032123e+03    3.190559e+02
     335   3    2.810494e+01    3.637944e+03    1.099815e+03    4.161233e+02
     336   1    3.485831e+01    4.021955e+03    1.217044e+03    5.617458e+02
     336   2    5.576920e+01    3.962193e+03    1.205389e+03    5.458911e+02
     336   3    3.367624e+01    3.842551e+03    1.162868e+03    4.934489e+02
     337   1    2.611979e+02    4.113551e+03    1.312425e+03    4.310727e+02
     337   2    2.594160e+02    3.973852e+03    1.269980e+03    3.475172e+02
     337   3    2.100772e+02    3.882860e+03    1.227881e+03    3.869953e+02
     338   1    5.279883e+01    3.466913e+03    1.055913e+03    3.718971e+02
     338   2    6.102064e+01    3.394641e+03    1.036699e+03    3.404092e+02
     338   3    3.739448e+01    3.221209e+03    9.775810e+02    2.797183e+02
     339   1    1.085304e+02    3.147652e+03    9.768548e+02    6.617161e+01
     339   2    1.286541e+02    3.238113e+03    1.010030e+03    1.681944e+01
     339   3    7.124875e+01    2.931411e+03    9.007979e+02    1.400434e+01
     340   1    1.029064e+02    3.247672e+03    1.005173e+03    1.960912e+02
     340   2    9.623812e+01    3.149309e+03    9.736640e+02    1.284146e+02
     340   3    6.568129e+01    2.939374e+03    9.015167e+02    1.279615e+02
     341   1    1.411635e+02    3.555234e+03    1.108919e+03   -1.190147e+02
     341   2    1.185653e+02    3.641070e+03    1.127891e+03   -1.128413e+02
     341   3    1.329055e+02    3.593860e+03    1.118030e+03   -9.556273e+01
     342   1    2.233521e+02    3.276186e+03    1.049861e+03   -8.791395e+01
     342   2    1.963855e+02    3.366987e+03    1.069012e+03   -8.472017e+01
     342   3    2.125222e+02    3.319946e+03    1.059740e+03   -6.293186e+01
     343   1    1.437283e+01    4.157159e+03    1.251459e+03   -5.495356e+01
     343   2    5.979681e+00    4.218218e+03    1.267259e+03   -4.375068e+01
     343   3    6.306717e+00    4.199332e+03    1.261692e+03   -3.731611e+01
     344   1    4.182832e+01    3.980367e+03    1.206659e+03   -8.406052e+01
     344   2    5.634741e+01    3.913097e+03    1.190833e+03   -9.840152e+01
     344   3    4.129665e+01    3.986894e+03    1.208457e+03   -9.761382e+01
     345   1    1.562152e+01    4.123755e+03    1.241813e+03   -3.765278e+01
     345   2    6.491200e+00    4.185155e+03    1.257494e+03   -3.122309e+01
     345   3    6.392847e+00    4.178326e+03    1.255416e+03   -2.419547e+01
     346   1    5.402416e+01    3.916099e+03    1.191037e+03   -4.978499e+01
     346   2    4.546482e+01    3.947294e+03    1.197828e+03   -3.291456e+01
     346   3    6.269702e+01    3.870341e+03    1.179911e+03   -3.662129e+01
     347   1    9.158542e+01    3.756556e+03    1.154443e+03   -6.034238e+01
     347   2    8.185890e+01    3.791402e+03    1.161978e+03   -4.042072e+01
     347   3    1.023150e+02    3.710262e+03    1.143773e+03   -4.358864e+01
     348   1    1.094648e+02    3.682932e+03    1.137719e+03   -1.031378e+02
     348   2    9.981659e+01    3.719495e+03    1.145793e+03   -8.156706e+01
     348   3    1.214407e+02    3.634223e+03    1.126699e+03   -8.649894e+01
     349   1    3.733904e+01    4.001356e+03    1.211609e+03   -6.736947e+01
     349   2    2.884318e+01    4.042804e+03    1.221494e+03   -5.120871e+01
     349   3    4.369812e+01    3.960426e+03    1.201237e+03   -6.015013e+01
     350   1    6.142142e+01    3.877978e+03    1.181820e+03   -5.792931e+01
     350   2    7.265644e+01    3.833718e+03    1.171912e+03   -4.413777e+01
     350   3    8.049397e+01    3.798391e+03    1.163666e+03   -6.394557e+01
     351   1    4.704452e+02    5.562355e+03    1.809840e+03   -1.156356e+03
     351   2    6.901839e+02    5.268378e+03    1.787569e+03   -1.546907e+03
     351   3    7.703342e+02    5.916490e+03    2.006047e+03   -1.575493e+03
     352   1    5.966208e+02    6.501542e+03    2.129449e+03   -1.066791e+03
     352   2    7.588957e+02    6.465549e+03    2.167333e+03   -1.532221e+03
     352   3    8.032429e+02    7.064466e+03    2.360313e+03   -1.486451e+03
     353   1   -4.660683e+02    1.820984e+03    4.064748e+02   -7.012084e+02
     353   2   -4.260939e+02    1.236963e+03    2.432606e+02   -5.413359e+02
     353   3   -1.747115e+02    1.642079e+03    4.402104e+02   -7.140659e+02
     354   1   -1.552435e+02    2.616320e+03    7.383230e+02   -9.057204e+02
     354   2   -1.496151e+01    2.003026e+03    5.964193e+02   -8.680195e+02
     354   3    2.039355e+02    2.500646e+03    8.113744e+02   -1.039340e+03
     355   1   -1.168538e+03    6.708732e+02   -1.492995e+02   -2.980324e+02
     355   2   -1.391532e+03    2.706733e+02   -3.362575e+02   -1.465601e+01
     355   3   -1.115265e+03    4.850918e+02   -1.890518e+02   -1.292463e+02
     356   1   -8.105347e+02    1.163364e+03    1.058488e+02   -4.858963e+02
     356   2   -8.967844e+02    6.651660e+02   -6.948551e+01   -2.441530e+02
     356   3   -6.229093e+02    9.664986e+02    1.030768e+02   -3.948317e+02
     357   1    1.050086e+02    3.537558e+03    1.092770e+03   -1.069673e+03
     357   2    3.165175e+02    2.952516e+03    9.807100e+02   -1.178385e+03
     357   3    4.860737e+02    3.540250e+03    1.207897e+03   -1.322557e+03
     358   1   -1.924827e+02    4.535430e+03    1.302884e+03    1.682665e+02
     358   2   -1.525810e+02    4.573697e+03    1.326335e+03    1.467222e+02
     358   3   -1.864512e+02    4.523964e+03    1.301254e+03    1.209704e+02
     359   1    1.766018e+02    4.353248e+03    1.358955e+03   -1.058745e+03
     359   2    9.553290e+01    3.893950e+03    1.196845e+03   -1.037153e+03
     359   3    4.075399e+02    3.871067e+03    1.283582e+03   -1.287935e+03
     360   1   -1.921481e+02    4.520273e+03    1.298438e+03    4.182068e+02
     360   2   -1.824676e+02    4.510840e+03    1.298512e+03    4.653508e+02
     360   3   -1.510470e+02    4.496463e+03    1.303625e+03    4.235324e+02
     361   1    7.424814e+02    7.320812e+03    2.418988e+03   -6.921747e+02
     361   2    7.202847e+02    7.877965e+03    2.579475e+03   -9.771423e+02
     361   3    8.016427e+02    7.526118e+03    2.498328e+03   -5.420525e+02
     362   1   -7.592775e+01    4.381001e+03    1.291522e+03    6.120500e+02
     362   2   -4.374406e+01    4.268522e+03    1.267433e+03    5.884549e+02
     362   3   -7.126619e+01    4.319181e+03    1.274374e+03    5.703013e+02
     363   1   -1.664819e+02    4.306756e+03    1.242082e+03   -1.290339e+02
     363   2   -1.477961e+02    4.394156e+03    1.273908e+03   -9.022155e+01
     363   3   -1.299311e+02    4.372019e+03    1.272626e+03   -1.214755e+02
     364   1   -1.521397e+02    4.486746e+03    1.300382e+03   -7.018271e+00
     364   2   -1.182564e+02    4.545545e+03    1.328187e+03   -1.212999e+01
     364   3   -1.418611e+02    4.465166e+03    1.296991e+03   -4.360174e+01
     365   1   -3.019135e+02    3.996751e+03    1.108451e+03   -2.469125e+02
     365   2   -3.314385e+02    4.044321e+03    1.113865e+03   -2.131079e+02
     365   3   -2.864947e+02    4.097209e+03    1.143214e+03   -1.937553e+02
     366   1   -1.273891e+03    6.164462e+02   -1.972334e+02   -3.176785e+02
     366   2   -1.409517e+03    4.533531e+02   -2.868492e+02   -2.635481e+02
     366   3   -1.416747e+03    3.259354e+02   -3.272434e+02   -7.014290e+01
     367   1   -8.496318e+01    4.998008e+03    1.473914e+03   -5.488395e+02
     367   2   -1.874186e+02    4.640163e+03    1.335823e+03   -6.258877e+02
     367   3    1.935463e+01    4.715282e+03    1.420391e+03   -8.121074e+02
     368   1   -2.452678e+02    4.708448e+03    1.338954e+03    5.685359e+02
     368   2   -1.964029e+02    4.743222e+03    1.364046e+03    6.043826e+02
     368   3   -1.925556e+02    4.657665e+03    1.339533e+03    6.061290e+02
     369   1    7.825634e+02    1.674813e+03    7.372128e+02   -5.344941e+01
     369   2    7.957038e+02    1.638424e+03    7.302382e+02   -4.416766e+01
     369   3    7.838471e+02    1.650959e+03    7.304419e+02   -5.989711e+01
     370   1    8.101691e+02    1.621540e+03    7.295129e+02   -2.808007e+01
     370   2    8.151521e+02    1.622208e+03    7.312081e+02   -1.792460e+01
     370   3    8.173573e+02    1.603828e+03    7.263557e+02   -1.671643e+01
     371   1    2.272529e+01    4.072381e+03    1.228532e+03   -3.611583e+01
     371   2    1.691791e+01    4.093292e+03    1.233063e+03   -2.228317e+01
     371   3    2.983757e+01    4.022869e+03    1.215812e+03   -2.776572e+01
     372   1    2.789283e+01    4.037714e+03    1.219682e+03   -4.386996e+01
     372   2    3.797518e+01    3.989640e+03    1.208285e+03   -3.491348e+01
     372   3    4.420132e+01    3.958164e+03    1.200710e+03   -5.179102e+01
     373   1    9.318362e+01    3.305878e+03    1.019719e+03    2.558197e+02
     373   2    5.528345e+01    3.073479e+03    9.386288e+02    2.195919e+02
     373   3    8.018962e+01    3.335548e+03    1.024721e+03    3.007311e+02
     374   1    1.853387e+02    3.746686e+03    1.179608e+03    3.470257e+02
     374   2    2.277604e+02    3.828830e+03    1.216977e+03    3.117672e+02
     374   3    1.575559e+02    3.556237e+03    1.114138e+03    2.775283e+02
     375   1    8.365782e+02    7.604426e+03    2.532301e+03   -4.036339e+02
     375   2    7.757444e+02    8.223558e+03    2.699791e+03   -5.794305e+02
     375   3    9.159119e+02    7.623925e+03    2.561951e+03   -2.464372e+02
     376   1    8.874594e+02    7.703345e+03    2.577241e+03   -2.276851e+02
     376   2    8.626298e+02    8.563865e+03    2.827948e+03   -5.364259e+02
     376   3    8.792248e+02    8.276480e+03    2.746712e+03   -2.968612e+02
     377   1    6.839015e+02    7.252408e+03    2.380893e+03   -8.655603e+02
     377   2    7.806908e+02    7.539807e+03    2.496149e+03   -1.350983e+03
     377   3    7.970764e+02    7.992872e+03    2.636984e+03   -1.224104e+03
     378   1    7.670982e+02    7.694630e+03    2.538519e+03   -5.620951e+02
     378   2    7.969461e+02    8.314091e+03    2.733311e+03   -9.999413e+02
     378   3    8.031449e+02    8.493470e+03    2.788985e+03   -8.041049e+02
     379   1   -1.666038e+03   -1.258116e+02   -5.375550e+02   -1.317079e+02
     379   2   -2.039140e+03   -2.007890e+02   -6.719786e+02   -3.725567e+01
     379   3   -1.891809e+03   -1.296759e+02   -6.064454e+02   -8.651291e+01
     380   1   -1.751298e+03    8.202668e+01   -5.007814e+02   -1.101544e+02
     380   2   -2.227443e+03   -1.193845e+02   -7.040482e+02    1.586680e+02
     380   3   -2.025430e+03   -3.080094e+01   -6.168693e+02    1.244451e+02
     381   1    2.889699e+02    3.946189e+03    1.270548e+03    2.565253e+02
     381   2    3.434613e+02    4.058397e+03    1.320558e+03    1.893862e+02
     381   3    2.612163e+02    3.802673e+03    1.219167e+03    1.763432e+02
     382   1    1.148456e+02    3.762715e+03    1.163268e+03    4.483752e+02
     382   2    8.915028e+01    3.533968e+03    1.086936e+03    3.789064e+02
     382   3    6.716052e+01    3.600007e+03    1.100150e+03    4.166932e+02
     383   1   -5.353734e+02    2.241740e+02   -9.335980e+01   -2.838850e+02
     383   2   -3.746319e+02    3.145840e+02   -1.801436e+01   -2.903260e+02
     383   3   -4.548517e+02    2.113581e+02   -7.304806e+01   -2.104890e+02
     384   1   -1.043707e+03   -9.566546e+00   -3.159820e+02   -2.195046e+02
     384   2   -9.493575e+02   -1.695340e+01   -2.898933e+02   -1.618220e+02
     384   3   -1.196701e+03   -8.809363e+01   -3.854384e+02   -1.440383e+02
     385   1    4.791348e+02    2.498985e+03    8.934360e+02   -8.892586e+01
     385   2    4.665595e+02    2.543351e+03    9.029731e+02   -6.247811e+01
     385   3    4.972776e+02    2.456447e+03    8.861175e+02   -6.213884e+01
     386   1    9.552256e+01    3.722068e+03    1.145277e+03   -1.729602e+02
     386   2    9.438329e+01    3.732697e+03    1.148124e+03   -1.519841e+02
     386   3    1.107840e+02    3.659433e+03    1.131065e+03   -1.617684e+02
     387   1    7.903674e+02    1.690936e+03    7.443909e+02   -2.037910e+01
     387   2    7.753759e+02    1.728149e+03    7.510574e+02   -2.413050e+01
     387   3    7.839984e+02    1.709516e+03    7.480542e+02   -8.896736e+00
     388   1    8.014669e+02    1.656854e+03    7.374963e+02   -2.360518e+01
     388   2    8.106083e+02    1.635713e+03    7.338965e+02   -1.894284e+01
     388   3    8.050336e+02    1.633586e+03    7.315858e+02   -3.094837e+01
     389   1    6.311428e+02    2.100060e+03    8.193609e+02   -3.146493e+01
     389   2    6.183048e+02    2.137743e+03    8.268144e+02   -7.883088e+00
     389   3    6.455777e+02    2.065983e+03    8.134683e+02   -7.890951e+00
     390   1    7.241757e+02    1.541906e+03    6.798244e+02   -1.352795e+02
     390   2    7.386631e+02    1.565917e+03    6.913740e+02   -1.221687e+02
     390   3    7.406390e+02    1.522441e+03    6.789240e+02   -1.071358e+02
     391   1    6.829858e+02    1.964312e+03    7.941892e+02   -2.845328e+01
     391   2    6.715767e+02    1.998328e+03    8.009714e+02   -7.158053e+00
     391   3    6.961650e+02    1.934864e+03    7.893087e+02   -7.106754e+00
     392   1    7.025108e+02    1.894223e+03    7.790201e+02   -6.755719e+01
     392   2    6.935144e+02    1.931085e+03    7.873799e+02   -4.841792e+01
     392   3    7.163810e+02    1.871851e+03    7.764696e+02   -4.570191e+01
     393   1    7.557085e+02    1.687574e+03    7.329849e+02   -9.214579e+01
     393   2    7.725573e+02    1.655323e+03    7.283642e+02   -7.642460e+01
     393   3    7.648739e+02    1.644267e+03    7.227422e+02   -9.053060e+01
     394   1    7.496866e+02    1.757627e+03    7.521940e+02   -7.110357e+01
     394   2    7.667210e+02    1.712825e+03    7.438639e+02   -6.374094e+01
     394   3    7.521206e+02    1.724308e+03    7.429287e+02   -8.510131e+01
     395   1    1.545419e+02    3.509811e+03    1.099306e+03   -1.147136e+02
     395   2    1.446291e+02    3.548202e+03    1.107849e+03   -9.124656e+01
     395   3    1.689768e+02    3.459318e+03    1.088488e+03   -9.581171e+01
     396   1    3.353594e+01    4.022749e+03    1.216886e+03   -7.821654e+01
     396   2    3.360532e+01    4.029221e+03    1.218848e+03   -9.036013e+01
     396   3    2.545003e+01    4.082996e+03    1.232534e+03   -7.233867e+01
     397   1    5.398621e+02    2.329164e+03    8.607078e+02   -8.639748e+01
     397   2    5.278558e+02    2.372229e+03    8.700255e+02   -6.098784e+01
     397   3    5.576832e+02    2.290075e+03    8.543274e+02   -6.000175e+01
     398   1    5.594319e+02    2.242954e+03    8.407157e+02   -1.354794e+02
     398   2    5.503380e+02    2.286649e+03    8.510962e+02   -1.112546e+02
     398   3    5.794629e+02    2.205649e+03    8.355337e+02   -1.089401e+02
     399   1    6.168868e+02    2.136720e+03    8.260822e+02   -3.999231e+01
     399   2    5.884088e+02    2.212075e+03    8.401451e+02   -4.172292e+01
     399   3    6.041261e+02    2.174317e+03    8.335330e+02   -1.636117e+01
     400   1    6.440283e+02    2.064702e+03    8.126191e+02   -3.868795e+01
     400   2    6.584787e+02    2.030762e+03    8.067722e+02   -1.504372e+01
     400   3    6.701538e+02    1.996979e+03    8.001398e+02   -3.644507e+01
     401   1    2.051099e+02    3.328312e+03    1.060027e+03   -1.248283e+02
     401   2    1.946995e+02    3.369467e+03    1.069250e+03   -9.996181e+01
     401   3    2.213191e+02    3.277859e+03    1.049754e+03   -1.037274e+02
     402   1    8.809478e+01    3.765789e+03    1.156165e+03   -1.310134e+02
     402   2    7.668151e+01    3.818486e+03    1.168550e+03   -1.114283e+02
     402   3    9.645129e+01    3.728028e+03    1.147344e+03   -1.185718e+02
     403   1    2.597614e+02    3.142730e+03    1.020747e+03   -1.329520e+02
     403   2    2.490678e+02    3.185903e+03    1.030491e+03   -1.069954e+02
     403   3    2.774895e+02    3.092762e+03    1.011076e+03   -1.098788e+02
     404   1    1.251453e+02    3.610296e+03    1.120632e+03   -1.480698e+02
     404   2    1.170615e+02    3.646116e+03    1.128953e+03   -1.256333e+02
     404   3    1.388810e+02    3.558631e+03    1.109254e+03   -1.324996e+02
     405   1    2.437339e+02    3.190183e+03    1.030175e+03   -1.392366e+02
     405   2    2.163509e+02    3.282786e+03    1.049741e+03   -1.349546e+02
     405   3    2.345467e+02    3.233592e+03    1.040441e+03   -1.133147e+02
     406   1    7.416105e+01    3.803489e+03    1.163295e+03   -2.040318e+02
     406   2    6.409656e+01    3.870655e+03    1.180425e+03   -1.817493e+02
     406   3    8.081165e+01    3.777233e+03    1.157413e+03   -1.878380e+02
     407   1    3.121150e+01    4.060072e+03    1.227385e+03   -1.153449e+02
     407   2    2.362863e+01    4.115317e+03    1.241684e+03   -9.392698e+01
     407   3    3.245337e+01    4.042918e+03    1.222611e+03   -1.031592e+02
     408   1    3.110964e+01    4.056871e+03    1.226394e+03   -9.217177e+01
     408   2    1.976148e+01    4.124300e+03    1.243218e+03   -8.400532e+01
     408   3    2.104300e+01    4.106144e+03    1.238156e+03   -7.341223e+01
     409   1    3.776623e+02    2.769181e+03    9.440529e+02   -1.421917e+02
     409   2    3.669754e+02    2.814388e+03    9.544092e+02   -1.153324e+02
     409   3    3.974546e+02    2.722148e+03    9.358809e+02   -1.162733e+02
     410   1    2.064479e+02    3.293027e+03    1.049843e+03   -1.805901e+02
     410   2    1.809846e+02    3.385878e+03    1.070059e+03   -1.739856e+02
     410   3    1.994319e+02    3.334633e+03    1.060219e+03   -1.550522e+02
     411   1    7.473629e+02    1.564672e+03    6.936104e+02   -1.087554e+02
     411   2    7.652591e+02    1.552268e+03    6.952582e+02   -8.402694e+01
     411   3    7.525566e+02    1.529139e+03    6.845088e+02   -9.494698e+01
     412   1    7.517029e+02    1.588205e+03    7.019724e+02   -1.081894e+02
     412   2    7.627662e+02    1.607221e+03    7.109961e+02   -9.543763e+01
     412   3    7.660271e+02    1.567947e+03    7.001923e+02   -8.484759e+01
     413   1    7.180784e+02    1.515036e+03    6.699343e+02   -1.345745e+02
     413   2    7.383468e+02    1.503924e+03    6.726811e+02   -1.049411e+02
     413   3    7.218111e+02    1.475371e+03    6.591545e+02   -1.164208e+02
     414   1    6.903992e+02    1.754540e+03    7.334818e+02   -1.724179e+02
     414   2    7.019210e+02    1.771705e+03    7.420877e+02   -1.513107e+02
     414   3    7.131121e+02    1.711625e+03    7.274212e+02   -1.476862e+02
     415   1    2.821577e+01    4.093304e+03    1.236456e+03   -1.155685e+02
     415   2    1.750820e+01    4.167125e+03    1.255390e+03   -1.029882e+02
     415   3    1.904890e+01    4.144007e+03    1.248917e+03   -9.357461e+01
     416   1    5.184043e+01    3.938062e+03    1.196971e+03   -1.593205e+02
     416   2    4.204213e+01    4.003134e+03    1.213553e+03   -1.368629e+02
     416   3    5.407868e+01    3.924045e+03    1.193437e+03   -1.438602e+02
     417   1    6.807403e+02    1.455057e+03    6.407391e+02   -1.614942e+02
     417   2    7.036809e+02    1.444842e+03    6.445569e+02   -1.268684e+02
     417   3    6.828226e+02    1.410613e+03    6.280306e+02   -1.389117e+02
     418   1    6.888761e+02    1.485524e+03    6.523201e+02   -1.634336e+02
     418   2    7.073229e+02    1.514455e+03    6.665333e+02   -1.498047e+02
     418   3    7.077467e+02    1.466454e+03    6.522603e+02   -1.304100e+02
     419   1    6.340474e+02    1.384219e+03    6.054800e+02   -1.896948e+02
     419   2    6.601165e+02    1.374498e+03    6.103843e+02   -1.498456e+02
     419   3    6.341846e+02    1.334344e+03    5.905586e+02   -1.625519e+02
     420   1    4.388445e+02    2.586444e+03    9.075865e+02   -1.428324e+02
     420   2    4.284317e+02    2.631789e+03    9.180663e+02   -1.163208e+02
     420   3    4.590786e+02    2.542059e+03    9.003414e+02   -1.161473e+02
     421   1    3.375883e+02    1.037396e+03    4.124953e+02   -3.254735e+02
     421   2    3.907521e+02    1.094341e+03    4.455278e+02   -3.088627e+02
     421   3    3.765487e+02    1.011288e+03    4.163510e+02   -2.649950e+02
     422   1    2.445630e+01    4.136693e+03    1.248345e+03   -1.364417e+02
     422   2    1.481067e+01    4.216717e+03    1.269458e+03   -1.197651e+02
     422   3    1.661502e+01    4.190643e+03    1.262178e+03   -1.114980e+02
     423   1    6.445751e+02    1.418659e+03    6.189702e+02   -1.928691e+02
     423   2    6.676469e+02    1.452745e+03    6.361176e+02   -1.786248e+02
     423   3    6.662616e+02    1.399465e+03    6.197179e+02   -1.547500e+02
     424   1    5.762985e+02    1.302055e+03    5.635059e+02   -2.193479e+02
     424   2    6.060328e+02    1.292384e+03    5.695252e+02   -1.740288e+02
     424   3    5.740578e+02    1.246030e+03    5.460263e+02   -1.874733e+02
     425   1    1.960606e+01    4.186576e+03    1.261855e+03   -1.537874e+02
     425   2    1.142073e+01    4.272718e+03    1.285242e+03   -1.335069e+02
     425   3    1.369989e+01    4.243439e+03    1.277142e+03   -1.269052e+02
     426   1    1.374106e+02    3.539556e+03    1.103090e+03   -1.943005e+02
     426   2    1.312596e+02    3.573804e+03    1.111519e+03   -1.714017e+02
     426   3    1.534724e+02    3.483049e+03    1.090956e+03   -1.800285e+02
     427   1    5.896715e+02    1.340860e+03    5.791595e+02   -2.237825e+02
     427   2    6.182259e+02    1.380324e+03    5.995649e+02   -2.088485e+02
     427   3    6.146718e+02    1.320982e+03    5.806960e+02   -1.803339e+02
     428   1    5.053018e+02    1.208082e+03    5.140151e+02   -2.505283e+02
     428   2    5.393205e+02    1.197945e+03    5.211796e+02   -1.995085e+02
     428   3    5.000418e+02    1.145105e+03    4.935440e+02   -2.137142e+02
     429   1    1.355206e+01    4.241942e+03    1.276648e+03   -1.668218e+02
     429   2    7.214955e+00    4.334018e+03    1.302370e+03   -1.434152e+02
     429   3    1.004651e+01    4.302325e+03    1.293712e+03   -1.388810e+02
     430   1    3.470894e+01    4.020717e+03    1.216628e+03   -2.084903e+02
     430   2    2.930068e+01    4.086899e+03    1.234860e+03   -1.830320e+02
     430   3    3.899736e+01    3.997996e+03    1.211098e+03   -1.982721e+02
     431   1    5.221146e+02    1.251677e+03    5.321374e+02   -2.562843e+02
     431   2    5.572591e+02    1.296740e+03    5.561998e+02   -2.406392e+02
     431   3    5.510248e+02    1.230479e+03    5.344510e+02   -2.072805e+02
     432   1    4.182035e+02    1.101833e+03    4.560110e+02   -2.831152e+02
     432   2    4.572000e+02    1.090605e+03    4.643414e+02   -2.262372e+02
     432   3    4.089588e+02    1.031030e+03    4.319966e+02   -2.411168e+02
     433   1    6.174825e+00    4.301250e+03    1.292228e+03   -1.746592e+02
     433   2    2.105791e+00    4.398851e+03    1.320287e+03   -1.486551e+02
     433   3    5.554315e+00    4.365705e+03    1.311378e+03   -1.466346e+02
     434   1    2.297497e+01    4.069562e+03    1.227761e+03   -2.247835e+02
     434   2    2.032330e+01    4.137399e+03    1.247317e+03   -1.987906e+02
     434   3    2.820822e+01    4.044451e+03    1.221798e+03   -2.175120e+02
     435   1    4.392486e+02    1.150656e+03    4.769715e+02   -2.903134e+02
     435   2    4.824349e+02    1.201550e+03    5.051955e+02   -2.740418e+02
     435   3    4.727735e+02    1.127413e+03    4.800559e+02   -2.355851e+02
     436   1    3.112324e+02    9.829276e+02    3.882480e+02   -3.166109e+02
     436   2    3.559500e+02    9.698506e+02    3.977402e+02   -2.538924e+02
     436   3    2.965258e+02    9.034063e+02    3.599796e+02   -2.691477e+02
     437   1   -2.631071e+00    4.362756e+03    1.308038e+03   -1.762842e+02
     437   2   -3.976033e+00    4.465123e+03    1.338344e+03   -1.483115e+02
     437   3    1.401443e-01    4.431669e+03    1.329543e+03   -1.492830e+02
     438   1    8.804449e+00    4.122370e+03    1.239352e+03   -2.342379e+02
     438   2    9.416151e+00    4.191925e+03    1.260402e+03   -2.085144e+02
     438   3    1.507544e+01    4.095216e+03    1.233087e+03   -2.305032e+02
     439   1   -6.121634e+01    4.267625e+03    1.261922e+03    5.098001e+02
     439   2   -3.414275e+01    4.160432e+03    1.237887e+03    4.621590e+02
     439   3   -4.716086e+01    4.242789e+03    1.258688e+03    4.422861e+02
     440   1   -8.752164e+01    4.381548e+03    1.288208e+03    4.546186e+02
     440   2   -5.385494e+01    4.312258e+03    1.277521e+03    4.182648e+02
     440   3   -6.253211e+01    4.385939e+03    1.297022e+03    3.896008e+02
     441   1   -1.040294e+02    4.478286e+03    1.312277e+03    3.835582e+02
     441   2   -6.693421e+01    4.445188e+03    1.313476e+03    3.587929e+02
     441   3   -7.141360e+01    4.507427e+03    1.330804e+03    3.245434e+02
     442   1   -2.458717e+02    4.880685e+03    1.390444e+03    5.226187e+02
     442   2   -1.723915e+02    4.948471e+03    1.432824e+03    5.521715e+02
     442   3   -1.876761e+02    4.840725e+03    1.395915e+03    5.821203e+02
     443   1   -1.048335e+02    4.641687e+03    1.361056e+03    1.403050e+02
     443   2   -7.173872e+01    4.695015e+03    1.386983e+03    1.459891e+02
     443   3   -6.740037e+01    4.716845e+03    1.394833e+03    1.110567e+02
     444   1   -9.427748e+01    4.653456e+03    1.367753e+03    6.599077e+01
     444   2   -6.538150e+01    4.726281e+03    1.398270e+03    7.922655e+01
     444   3   -5.963339e+01    4.735459e+03    1.402748e+03    4.770145e+01
     445   1   -1.848150e+02    4.522566e+03    1.301325e+03    3.887600e+02
     445   2   -1.392775e+02    4.506648e+03    1.310211e+03    3.959372e+02
     445   3   -1.445158e+02    4.536265e+03    1.317525e+03    3.511095e+02
     446   1   -1.111376e+02    4.609127e+03    1.349397e+03    2.207632e+02
     446   2   -7.491013e+01    4.638095e+03    1.368955e+03    2.174535e+02
     446   3   -7.272824e+01    4.673486e+03    1.380227e+03    1.805489e+02
     447   1   -1.078559e+02    4.463845e+03    1.306797e+03    4.173488e+02
     447   2   -1.002035e+02    4.423565e+03    1.297009e+03    4.541987e+02
     447   3   -7.747802e+01    4.418312e+03    1.302250e+03    3.898081e+02
     448   1   -1.186919e+02    4.537137e+03    1.325533e+03    3.356192e+02
     448   2   -1.149314e+02    4.506886e+03    1.317586e+03    3.770267e+02
     448   3   -8.692330e+01    4.523734e+03    1.331043e+03    3.197036e+02
     449   1   -8.109691e+01    4.646369e+03    1.369582e+03    4.149296e-01
     449   2   -5.695862e+01    4.733995e+03    1.403111e+03    1.969156e+01
     449   3   -5.047596e+01    4.731831e+03    1.404406e+03   -7.516580e+00
     450   1   -1.750080e+02    4.516724e+03    1.302515e+03    7.553371e+01
     450   2   -1.373503e+02    4.566654e+03    1.328791e+03    6.231090e+01
     450   3   -1.662890e+02    4.499710e+03    1.300026e+03    3.299954e+01
     451   1    1.793124e+02    8.511924e+02    3.091515e+02   -3.498162e+02
     451   2    2.304869e+02    8.353673e+02    3.197563e+02   -2.816362e+02
     451   3    1.568520e+02    7.621729e+02    2.757075e+02   -2.965755e+02
     452   1   -3.144333e+01    4.277850e+03    1.273922e+03   -2.152464e+02
     452   2   -2.934154e+01    4.380484e+03    1.305343e+03   -1.864660e+02
     452   3   -1.991145e+01    4.351959e+03    1.299614e+03   -1.942672e+02
     453   1   -1.114365e+02    4.554646e+03    1.332963e+03    3.035391e+02
     453   2   -7.367874e+01    4.554626e+03    1.344284e+03    2.899685e+02
     453   3   -7.446834e+01    4.603757e+03    1.358787e+03    2.531142e+02
     454   1   -1.847272e+02    4.545580e+03    1.308256e+03    1.926206e+02
     454   2   -1.447914e+02    4.581812e+03    1.331106e+03    2.138526e+02
     454   3   -1.393224e+02    4.592763e+03    1.336032e+03    1.687304e+02
     455   1   -6.663892e+01    4.622965e+03    1.366898e+03   -5.492432e+01
     455   2   -4.745623e+01    4.720973e+03    1.402055e+03   -3.109262e+01
     455   3   -4.075626e+01    4.709161e+03    1.400521e+03   -5.352314e+01
     456   1   -9.552749e+02    1.646229e+03    2.072861e+02   -7.032109e+02
     456   2   -8.807486e+02    1.551026e+03    2.010833e+02   -6.411181e+02
     456   3   -8.886220e+02    1.954908e+03    3.198858e+02   -7.295631e+02
     457   1   -5.195342e+01    4.586114e+03    1.360248e+03   -9.941277e+01
     457   2   -3.763440e+01    4.690592e+03    1.395887e+03   -7.243191e+01
     457   3   -3.111164e+01    4.670918e+03    1.391942e+03   -8.998370e+01
     458   1   -1.264049e+02    4.447336e+03    1.296279e+03   -7.728849e+01
     458   2   -9.724933e+01    4.512484e+03    1.324570e+03   -7.489689e+01
     458   3   -1.154779e+02    4.422229e+03    1.292025e+03   -1.073190e+02
     459   1   -3.780347e+01    4.538803e+03    1.350300e+03   -1.331124e+02
     459   2   -2.806521e+01    4.646364e+03    1.385490e+03   -1.042795e+02
     459   3   -2.198180e+01    4.620697e+03    1.379614e+03   -1.171020e+02
     460   1   -9.980545e+01    4.400498e+03    1.290208e+03   -1.342925e+02
     460   2   -7.585477e+01    4.469797e+03    1.318183e+03   -1.252798e+02
     460   3   -8.892344e+01    4.372896e+03    1.285192e+03   -1.576279e+02
     461   1    2.124775e+02    9.116197e+02    3.372292e+02   -3.607408e+02
     461   2    2.782527e+02    9.748077e+02    3.759181e+02   -3.444521e+02
     461   3    2.578107e+02    8.817718e+02    3.418747e+02   -2.947890e+02
     462   1    1.553211e+01    7.069756e+02    2.167523e+02   -3.802966e+02
     462   2    7.373674e+01    6.873168e+02    2.283161e+02   -3.077000e+02
     462   3   -1.829006e+01    6.080250e+02    1.769205e+02   -3.209362e+02
     463   1    5.082214e+00    4.085455e+03    1.227161e+03    5.687487e+02
     463   2   -3.447563e+00    3.996272e+03    1.197847e+03    5.060370e+02
     463   3   -1.400519e+01    4.144996e+03    1.239297e+03    5.670014e+02
     464   1    1.019848e+02    4.275225e+03    1.313163e+03    6.243554e+02
     464   2    1.395053e+02    4.239071e+03    1.313573e+03    5.938862e+02
     464   3    9.653601e+01    4.096109e+03    1.257793e+03    5.756517e+02
     465   1   -2.469594e+01    4.483982e+03    1.337786e+03   -1.565626e+02
     465   2   -1.913074e+01    4.591843e+03    1.371814e+03   -1.270391e+02
     465   3   -1.364636e+01    4.561957e+03    1.364493e+03   -1.354641e+02
     466   1   -7.382904e+01    4.348260e+03    1.282329e+03   -1.779132e+02
     466   2   -5.518735e+01    4.419866e+03    1.309404e+03   -1.633307e+02
     466   3   -6.348349e+01    4.319139e+03    1.276697e+03   -1.947531e+02
     467   1    3.560377e+02    1.218871e+03    4.724728e+02   -4.001391e+02
     467   2    4.043435e+02    1.265648e+03    5.009974e+02   -3.786936e+02
     467   3    3.971050e+02    1.175089e+03    4.716581e+02   -3.455106e+02
     468   1   -1.292721e+01    4.424438e+03    1.323453e+03   -1.706144e+02
     468   2   -1.106359e+01    4.530387e+03    1.355797e+03   -1.414241e+02
     468   3   -6.255097e+00    4.497960e+03    1.347511e+03   -1.458817e+02
     469   1    4.254637e+02    5.051498e+03    1.643088e+03    5.251532e+02
     469   2    4.832257e+02    5.299377e+03    1.734781e+03    4.836651e+02
     469   3    5.282018e+02    5.199180e+03    1.718214e+03    4.569584e+02
     470   1   -2.546029e+01    4.141489e+03    1.234808e+03    5.420553e+02
     470   2   -8.279636e+00    3.996453e+03    1.196452e+03    4.843100e+02
     470   3   -2.524204e+01    4.083649e+03    1.217522e+03    4.762934e+02
     471   1    3.317039e+02    4.649710e+03    1.494424e+03    5.493628e+02
     471   2    3.783888e+02    4.845556e+03    1.567183e+03    5.435092e+02
     471   3    4.046884e+02    4.732239e+03    1.541078e+03    4.985274e+02
     472   1    8.724707e+01    3.902515e+03    1.196929e+03    5.206038e+02
     472   2    1.080955e+02    3.847392e+03    1.186646e+03    4.866077e+02
     472   3    7.307665e+01    3.699066e+03    1.131643e+03    4.492249e+02
     473   1   -1.897998e+02    5.514257e+02    1.084878e+02   -4.034553e+02
     473   2   -1.243604e+02    5.267783e+02    1.207253e+02   -3.286701e+02
     473   3   -2.407160e+02    4.429678e+02    6.067555e+01   -3.375590e+02
     474   1    1.356494e+02    1.240932e+03    4.129746e+02   -5.575176e+02
     474   2    2.002323e+02    1.284549e+03    4.454344e+02   -5.323629e+02
     474   3    1.889993e+02    1.167378e+03    4.069133e+02   -5.026110e+02
     475   1   -3.085856e+01    4.468880e+03    1.331407e+03   -1.600193e+02
     475   2   -3.628269e+01    4.497618e+03    1.338400e+03   -1.480162e+02
     475   3   -2.482442e+01    4.573686e+03    1.364659e+03   -1.300752e+02
     476   1   -2.262470e+01    4.440858e+03    1.325470e+03   -1.698103e+02
     476   2   -1.490622e+01    4.514920e+03    1.350004e+03   -1.472077e+02
     476   3   -1.772164e+01    4.410394e+03    1.317802e+03   -1.769749e+02
     477   1    1.811207e+01    4.009537e+03    1.208295e+03    5.450080e+02
     477   2    2.229217e+01    3.829203e+03    1.155449e+03    4.795384e+02
     477   3    2.404949e+00    3.916273e+03    1.175603e+03    4.857779e+02
     478   1   -3.113420e+01    5.234615e+03    1.561044e+03    4.521622e+02
     478   2    3.639980e+01    5.164792e+03    1.560358e+03    5.397389e+02
     478   3   -8.686698e+01    5.083104e+03    1.498871e+03    5.313169e+02
     479   1   -4.496455e+02    3.877601e+02   -1.856560e+01   -4.109706e+02
     479   2   -3.781953e+02    3.565548e+02   -6.492140e+00   -3.381055e+02
     479   3   -5.272027e+02    2.712828e+02   -7.677598e+01   -3.373635e+02
     480   1   -6.170784e+01    8.761323e+02    2.443273e+02   -5.296568e+02
     480   2    2.700177e+01    9.382478e+02    2.895749e+02   -5.119189e+02
     480   3   -2.372898e+00    8.118170e+02    2.428332e+02   -4.630960e+02
     481   1    4.004158e+02    2.722233e+03    9.367947e+02   -9.831026e+01
     481   2    3.695202e+02    2.813502e+03    9.549066e+02   -9.781824e+01
     481   3    3.886220e+02    2.767454e+03    9.468228e+02   -7.142403e+01
     482   1    4.311271e+02    2.631478e+03    9.187816e+02   -9.866098e+01
     482   2    4.504858e+02    2.587206e+03    9.113076e+02   -7.163258e+01
     482   3    4.622306e+02    2.542814e+03    9.015133e+02   -9.811417e+01
     483   1    5.351556e+02    5.433218e+03    1.790512e+03    4.393845e+02
     483   2    6.384183e+02    5.622838e+03    1.878377e+03    3.658122e+02
     483   3    5.846081e+02    5.351156e+03    1.780729e+03    4.215584e+02
     484   1    6.158049e+02    5.234974e+03    1.755234e+03    3.824984e+02
     484   2    7.066271e+02    5.405833e+03    1.833738e+03    3.078231e+02
     484   3    6.325061e+02    5.121282e+03    1.726137e+03    3.329750e+02
     485   1    4.563262e+02    5.981800e+03    1.931438e+03    1.970617e+02
     485   2    5.582632e+02    6.252171e+03    2.043130e+03    7.562740e+01
     485   3    5.546800e+02    6.019350e+03    1.972209e+03    2.408358e+02
     486   1    8.292446e+02    6.615197e+03    2.233333e+03    5.557515e+01
     486   2    8.876106e+02    6.988656e+03    2.362880e+03   -4.134433e+01
     486   3    8.931877e+02    6.539682e+03    2.229861e+03    1.009535e+02
     487   1    2.387641e+02    3.815274e+03    1.216212e+03    2.711790e+02
     487   2    2.196283e+02    3.670554e+03    1.167055e+03    1.893653e+02
     487   3    1.615189e+02    3.527003e+03    1.106556e+03    2.413930e+02
     488   1    1.518708e+02    3.664296e+03    1.144850e+03    3.546020e+02
     488   2    1.291699e+02    3.461046e+03    1.077065e+03    2.822276e+02
     488   3    1.003671e+02    3.480482e+03    1.074255e+03    3.377240e+02
     489   1   -1.407008e+03   -8.676992e+01   -4.481334e+02   -1.853366e+02
     489   2   -1.149496e+03   -1.863291e+01   -3.504387e+02   -2.293525e+02
     489   3   -1.318002e+03   -1.142220e+02   -4.296671e+02   -1.468484e+02
     490   1   -1.116023e+03    1.368928e+02   -2.937389e+02   -3.610956e+02
     490   2   -8.696205e+02    2.260809e+02   -1.930619e+02   -4.064904e+02
     490   3   -1.012685e+03    8.251164e+01   -2.790521e+02   -3.125359e+02
     491   1    6.800890e+02    7.033375e+03    2.314039e+03   -7.997426e+02
     491   2    6.306080e+02    6.694056e+03    2.197399e+03   -9.055718e+02
     491   3    7.019790e+02    7.119382e+03    2.346408e+03   -1.265743e+03
     492   1    6.900216e+02    6.632648e+03    2.196801e+03   -7.250175e+01
     492   2    7.494989e+02    7.034574e+03    2.335222e+03   -2.291699e+02
     492   3    7.784818e+02    6.678446e+03    2.237078e+03    3.919656e+00
     493   1    3.158219e+01    4.035273e+03    1.220057e+03   -6.833711e+01
     493   2    2.148145e+01    4.091235e+03    1.233815e+03   -6.319750e+01
     493   3    2.349227e+01    4.073247e+03    1.229022e+03   -5.155322e+01
     494   1    4.479140e+01    3.964704e+03    1.202849e+03   -7.734647e+01
     494   2    5.262745e+01    3.924928e+03    1.193267e+03   -6.961026e+01
     494   3    5.843852e+01    3.896331e+03    1.186431e+03   -9.102957e+01
     495   1    7.727807e+02    1.690032e+03    7.388437e+02   -6.339850e+01
     495   2    7.741831e+02    1.666260e+03    7.321330e+02   -6.988185e+01
     495   3    7.588874e+02    1.701383e+03    7.380812e+02   -8.492275e+01
     496   1    7.862676e+02    1.632549e+03    7.256451e+02   -6.057679e+01
     496   2    7.985444e+02    1.623671e+03    7.266647e+02   -4.381477e+01
     496   3    7.929809e+02    1.607262e+03    7.200730e+02   -5.444407e+01
     497   1    1.494801e+02    3.741235e+03    1.167214e+03    3.968147e+02
     497   2    1.106688e+02    3.575004e+03    1.105702e+03    3.741877e+02
     497   3    1.361539e+02    3.794168e+03    1.179096e+03    4.439001e+02
     498   1    2.348163e+02    4.096901e+03    1.299515e+03    4.602214e+02
     498   2    1.875143e+02    3.874483e+03    1.218599e+03    4.171095e+02
     498   3    1.615808e+02    3.922484e+03    1.225219e+03    4.667785e+02
     499   1    8.001937e+02    6.757259e+03    2.267236e+03   -1.263636e+01
     499   2    8.391086e+02    7.271099e+03    2.433062e+03   -2.413215e+02
     499   3    8.829515e+02    7.196219e+03    2.423751e+03   -1.374205e+02
     500   1    6.301001e+02    5.995148e+03    1.987574e+03    2.628389e+02
     500   2    7.264709e+02    6.269407e+03    2.098763e+03    1.650924e+02
     500   3    7.025212e+02    5.954337e+03    1.997057e+03    2.826625e+02
     501   1    7.048482e+02    1.833799e+03    7.615942e+02   -1.171154e+02
     501   2    6.982450e+02    1.822074e+03    7.560957e+02   -1.373052e+02
     501   3    6.804330e+02    1.885674e+03    7.698321e+02   -1.326635e+02
     502   1    7.043964e+02    1.848689e+03    7.659257e+02   -1.065601e+02
     502   2    6.813673e+02    1.903377e+03    7.754233e+02   -1.216649e+02
     502   3    6.978348e+02    1.884073e+03    7.745722e+02   -9.447486e+01
     503   1    3.051437e+02    4.222304e+03    1.358234e+03    4.211913e+02
     503   2    3.785255e+02    4.329538e+03    1.412419e+03    3.562731e+02
     503   3    3.007367e+02    4.086626e+03    1.316209e+03    3.406847e+02
     504   1    1.538187e+02    4.166059e+03    1.295963e+03    5.638989e+02
     504   2    1.371871e+02    3.967954e+03    1.231542e+03    5.142878e+02
     504   3    9.998423e+01    4.016076e+03    1.234818e+03    5.505411e+02
     505   1    5.137276e+01    4.307823e+03    1.307759e+03    6.423658e+02
     505   2    2.629033e+01    4.188751e+03    1.264513e+03    6.101590e+02
     505   3    1.455079e+01    4.336543e+03    1.305328e+03    6.486703e+02
     506   1    6.095073e+02    6.553328e+03    2.148851e+03   -1.386767e+02
     506   2    5.130111e+02    6.404019e+03    2.075109e+03   -2.191308e+02
     506   3    5.986155e+02    6.764386e+03    2.208900e+03   -4.325046e+02
     507   1   -1.782344e+03    2.076205e+01   -5.284747e+02   -1.370336e+02
     507   2   -1.937853e+03   -7.661137e+01   -6.043394e+02   -6.504218e+01
     507   3   -2.154814e+03   -8.836238e+01   -6.729529e+02    9.294958e+01
     508   1   -1.103110e+03    1.088674e+03   -4.330759e+00   -6.171442e+02
     508   2   -1.106462e+03    9.995982e+02   -3.205922e+01   -5.194409e+02
     508   3   -1.044166e+03    1.337788e+03    8.808667e+01   -6.572468e+02
     509   1    4.843777e+02    4.838252e+03    1.596789e+03    4.402202e+02
     509   2    5.596448e+02    5.098881e+03    1.697558e+03    4.185962e+02
     509   3    5.772298e+02    4.975273e+03    1.665751e+03    3.639555e+02
     510   1    4.084828e+02    4.597731e+03    1.501864e+03    4.480565e+02
     510   2    4.123059e+02    4.462734e+03    1.462512e+03    3.806195e+02
     510   3    3.248441e+02    4.342165e+03    1.400103e+03    4.519735e+02
     511   1   -3.789763e+02    4.640832e+02    2.553206e+01   -4.348933e+02
     511   2   -2.473583e+02    5.449562e+02    8.927938e+01   -4.326469e+02
     511   3   -3.092989e+02    4.182034e+02    3.267134e+01   -3.620787e+02
     512   1   -7.824432e+02    2.248362e+02   -1.672821e+02   -3.905040e+02
     512   2   -7.084886e+02    1.832766e+02   -1.575636e+02   -3.250896e+02
     512   3   -9.014803e+02    1.037507e+02   -2.393189e+02   -3.078611e+02
     513   1   -1.285580e+02    4.440697e+03    1.293642e+03    5.575827e+02
     513   2   -8.819572e+01    4.361426e+03    1.281969e+03    5.450305e+02
     513   3   -1.082717e+02    4.406942e+03    1.289601e+03    5.140941e+02
     514   1    2.856784e+02    5.948489e+03    1.870250e+03   -3.453369e+02
     514   2    4.276873e+02    6.234792e+03    1.998744e+03   -5.938485e+02
     514   3    4.011131e+02    6.195398e+03    1.978953e+03   -2.782882e+02
     515   1   -9.669420e+01    5.262261e+03    1.549670e+03    3.430633e+02
     515   2   -2.235775e+02    5.137807e+03    1.474269e+03    3.319021e+02
     515   3   -1.593545e+02    5.271685e+03    1.533699e+03    1.878873e+02
     516   1   -8.475905e+00    4.312764e+03    1.291286e+03    6.356412e+02
     516   2    1.149049e+01    4.167864e+03    1.253806e+03    6.012157e+02
     516   3   -2.222412e+01    4.221136e+03    1.259673e+03    5.993359e+02
     517   1    2.430993e+02    1.114787e+03    4.073659e+02   -4.453191e+02
     517   2    3.020699e+02    1.166516e+03    4.405758e+02   -4.237357e+02
     517   3    2.898450e+02    1.065341e+03    4.065559e+02   -3.859400e+02
     518   1   -5.286899e+01    4.334224e+03    1.284407e+03   -1.938082e+02
     518   2   -4.626218e+01    4.436481e+03    1.317066e+03   -1.633527e+02
     518   3   -3.573598e+01    4.409929e+03    1.312258e+03   -1.764802e+02
     519   1   -1.255393e+02    4.209138e+03    1.225080e+03   -2.057185e+02
     519   2   -9.959685e+01    4.275946e+03    1.252905e+03   -1.915653e+02
     519   3   -1.091722e+02    4.177032e+03    1.220358e+03   -2.266990e+02
     520   1   -7.630617e+01    4.387939e+03    1.293490e+03   -1.604795e+02
     520   2   -6.463130e+01    4.487496e+03    1.326859e+03   -1.290100e+02
     520   3   -5.323848e+01    4.464144e+03    1.323272e+03   -1.479289e+02
     521   1   -2.318634e+02    9.692025e+02    2.212017e+02   -6.430604e+02
     521   2   -1.676329e+02    8.835326e+02    2.147699e+02   -5.839225e+02
     521   3   -2.682855e+02    8.211849e+02    1.658698e+02   -6.000415e+02
     522   1   -1.010663e+02    4.437015e+03    1.300785e+03   -1.144335e+02
     522   2   -8.383868e+01    4.531071e+03    1.334170e+03   -8.275075e+01
     522   3   -7.197540e+01    4.512210e+03    1.332070e+03   -1.077489e+02
     523   1   -2.027465e+02    4.327556e+03    1.237443e+03   -8.501245e+01
     523   2   -1.649159e+02    4.382420e+03    1.265251e+03   -8.050637e+01
     523   3   -1.863034e+02    4.295634e+03    1.232799e+03   -1.207587e+02
     524   1   -1.260684e+02    4.479371e+03    1.305991e+03   -5.530645e+01
     524   2   -1.029511e+02    4.564672e+03    1.338516e+03   -2.437023e+01
     524   3   -9.121566e+01    4.551599e+03    1.338115e+03   -5.546389e+01
     525   1   -3.117073e+02    4.239437e+03    1.178319e+03   -6.719409e+02
     525   2   -4.038023e+02    3.860453e+03    1.036995e+03   -7.242976e+02
     525   3   -1.950919e+02    3.855507e+03    1.098124e+03   -8.492953e+02
     526   1   -1.647460e+02    4.488631e+03    1.297165e+03    4.803643e+02
     526   2   -1.200930e+02    4.441971e+03    1.296564e+03    4.782457e+02
     526   3   -1.324698e+02    4.480226e+03    1.304327e+03    4.384376e+02
     527   1   -1.905856e+02    4.541536e+03    1.305285e+03    2.906166e+02
     527   2   -1.468657e+02    4.553478e+03    1.321984e+03    3.056183e+02
     527   3   -1.460781e+02    4.573787e+03    1.328313e+03    2.592263e+02
     528   1   -5.365705e+02    4.457664e+03    1.176328e+03   -3.739394e+02
     528   2   -3.868365e+02    4.521129e+03    1.240288e+03   -4.798363e+02
     528   3   -4.203796e+02    4.735370e+03    1.294497e+03   -2.804606e+02
     529   1   -7.119742e+02    2.670621e+03    5.875942e+02   -7.629467e+02
     529   2   -7.887759e+02    2.320496e+03    4.595161e+02   -7.596379e+02
     529   3   -6.476744e+02    2.235639e+03    4.763893e+02   -7.517116e+02
     530   1   -1.497775e+02    4.512894e+03    1.308935e+03    1.658770e+01
     530   2   -1.206681e+02    4.585795e+03    1.339538e+03    4.564774e+01
     530   3   -1.098859e+02    4.579746e+03    1.340958e+03    8.820424e+00
     531   1   -2.934276e+02    4.265643e+03    1.191665e+03   -7.083494e+01
     531   2   -2.671410e+02    4.340709e+03    1.222071e+03   -1.956618e+01
     531   3   -2.451953e+02    4.313021e+03    1.220348e+03   -6.262550e+01
     532   1   -1.701681e+02    4.535558e+03    1.309617e+03    1.000231e+02
     532   2   -1.353023e+02    4.592139e+03    1.337051e+03    1.259028e+02
     532   3   -1.265349e+02    4.594191e+03    1.340297e+03    8.419821e+01
     533   1    3.462657e+02    2.774926e+03    9.363575e+02   -2.457103e+02
     533   2    3.407077e+02    2.820484e+03    9.483576e+02   -2.192506e+02
     533   3    3.700343e+02    2.725098e+03    9.285397e+02   -2.213355e+02
     534   1    3.007121e+02    3.002904e+03    9.910848e+02   -1.460736e+02
     534   2    2.716953e+02    3.096282e+03    1.010393e+03   -1.430281e+02
     534   3    2.913165e+02    3.047550e+03    1.001660e+03   -1.194221e+02
     535   1    5.234323e+02    2.370625e+03    8.682171e+02   -9.586261e+01
     535   2    4.927602e+02    2.455304e+03    8.844193e+02   -9.749739e+01
     535   3    5.119472e+02    2.413563e+03    8.776530e+02   -7.035674e+01
     536   1    5.983678e+02    2.169547e+03    8.303743e+02   -8.227990e+01
     536   2    5.870941e+02    2.211174e+03    8.394803e+02   -5.820519e+01
     536   3    6.153270e+02    2.135247e+03    8.251722e+02   -5.656193e+01
     537   1    7.785029e+02    1.699361e+03    7.433593e+02   -4.494600e+01
     537   2    7.740930e+02    1.725820e+03    7.499738e+02   -3.334824e+01
     537   3    7.889620e+02    1.688326e+03    7.431863e+02   -2.922823e+01
     538   1    7.852410e+02    1.678778e+03    7.392055e+02   -4.604664e+01
     538   2    7.948820e+02    1.667560e+03    7.387325e+02   -3.035610e+01
     538   3    7.990207e+02    1.643704e+03    7.328176e+02   -3.743048e+01
     539   1    6.898676e+02    1.923542e+03    7.840227e+02   -7.684424e+01
     539   2    6.648621e+02    1.987973e+03    7.958507e+02   -8.231411e+01
     539   3    6.804706e+02    1.959982e+03    7.921358e+02   -5.751114e+01
     540   1    7.441745e+02    1.787045e+03    7.593659e+02   -5.697380e+01
     540   2    7.375551e+02    1.818244e+03    7.667398e+02   -4.165758e+01
     540   3    7.567941e+02    1.769009e+03    7.577410e+02   -3.808400e+01
     541   1   -1.223230e+02    4.449250e+03    1.298078e+03    5.837768e+02
     541   2   -9.798829e+01    4.426195e+03    1.298462e+03    6.121321e+02
     541   3   -8.886095e+01    4.363494e+03    1.282390e+03    5.680212e+02
     542   1   -1.489963e+02    4.474597e+03    1.297680e+03    5.492645e+02
     542   2   -1.270232e+02    4.437152e+03    1.293039e+03    5.046965e+02
     542   3   -1.659428e+02    4.491258e+03    1.297595e+03    5.093624e+02
     543   1    6.531633e+02    2.023030e+03    8.028579e+02   -7.653919e+01
     543   2    6.428306e+02    2.063074e+03    8.117714e+02   -5.412747e+01
     543   3    6.687392e+02    1.994845e+03    7.990754e+02   -5.184642e+01
     544   1    7.370574e+02    1.679607e+03    7.249994e+02   -1.233281e+02
     544   2    7.476546e+02    1.696561e+03    7.332647e+02   -1.043652e+02
     544   3    7.546228e+02    1.647135e+03    7.205272e+02   -1.015527e+02
     545   1   -1.584950e+03   -1.404294e+02   -5.176138e+02   -1.341900e+02
     545   2   -1.515555e+03   -1.612862e+02   -5.030525e+02   -1.103079e+02
     545   3   -1.894212e+03   -1.902240e+02   -6.253308e+02   -5.454097e+01
     546   1   -1.370722e+03    3.999969e+01   -3.992168e+02   -2.848366e+02
     546   2   -1.520009e+03   -6.731013e+01   -4.761957e+02   -1.942709e+02
     546   3   -1.706227e+03   -6.863406e+01   -5.324582e+02   -1.481063e+02
     547   1    7.076502e+02    1.611680e+03    6.957992e+02   -1.623394e+02
     547   2    7.306355e+02    1.588313e+03    6.956844e+02   -1.347313e+02
     547   3    7.155258e+02    1.564052e+03    6.838734e+02   -1.504339e+02
     548   1    5.975659e+02    1.979290e+03    7.730566e+02   -2.323441e+02
     548   2    6.324032e+02    1.913304e+03    7.637120e+02   -2.066466e+02
     548   3    6.182734e+02    1.897033e+03    7.545918e+02   -2.336855e+02
     549   1    1.711062e+02    3.430946e+03    1.080616e+03   -1.632181e+02
     549   2    1.625588e+02    3.470035e+03    1.089778e+03   -1.389670e+02
     549   3    1.873610e+02    3.378192e+03    1.069666e+03   -1.449425e+02
     550   1    2.220869e+02    3.244651e+03    1.040021e+03   -1.758586e+02
     550   2    2.134835e+02    3.286123e+03    1.049882e+03   -1.503430e+02
     550   3    2.403487e+02    3.192325e+03    1.029802e+03   -1.552185e+02
     551   1    2.768766e+02    3.055449e+03    9.996977e+02   -1.857111e+02
     551   2    2.683385e+02    3.098846e+03    1.010155e+03   -1.593646e+02
     551   3    2.968156e+02    3.004212e+03    9.903083e+02   -1.629761e+02
     552   1    1.078723e+02    3.643395e+03    1.125380e+03   -2.152553e+02
     552   2    9.988157e+01    3.692087e+03    1.137591e+03   -1.941930e+02
     552   3    1.205316e+02    3.594432e+03    1.114489e+03   -2.063546e+02
     553   1    3.346325e+02    2.865747e+03    9.601139e+02   -1.924144e+02
     553   2    3.262657e+02    2.910574e+03    9.710520e+02   -1.657004e+02
     553   3    3.558807e+02    2.816307e+03    9.516562e+02   -1.679022e+02
     554   1    1.427016e+02    3.478416e+03    1.086335e+03   -2.409796e+02
     554   2    1.405410e+02    3.506568e+03    1.094133e+03   -2.179177e+02
     554   3    1.622151e+02    3.413509e+03    1.072717e+03   -2.284358e+02
     555   1    4.999205e+02    2.410064e+03    8.729954e+02   -1.405495e+02
     555   2    4.899875e+02    2.454976e+03    8.834890e+02   -1.149523e+02
     555   3    5.201672e+02    2.369146e+03    8.667940e+02   -1.135956e+02
     556   1    6.385363e+02    1.536244e+03    6.524341e+02   -2.332132e+02
     556   2    6.597872e+02    1.564535e+03    6.672965e+02   -2.149135e+02
     556   3    6.631306e+02    1.504444e+03    6.502724e+02   -1.980079e+02
     557   1    7.117616e+02    1.639601e+03    7.054088e+02   -1.596079e+02
     557   2    7.249923e+02    1.660368e+03    7.156080e+02   -1.422040e+02
     557   3    7.312301e+02    1.608553e+03    7.019350e+02   -1.333627e+02
     558   1    6.734440e+02    1.561268e+03    6.704135e+02   -1.973771e+02
     558   2    6.989966e+02    1.538262e+03    6.711777e+02   -1.652351e+02
     558   3    6.797854e+02    1.509010e+03    6.566386e+02   -1.815811e+02
     559   1    5.230371e+01    3.941505e+03    1.198143e+03   -1.314766e+02
     559   2    3.798933e+01    4.016458e+03    1.216334e+03   -1.254621e+02
     559   3    4.012522e+01    3.999673e+03    1.211939e+03   -1.117792e+02
     560   1    5.719755e+01    3.908694e+03    1.189768e+03   -1.273508e+02
     560   2    4.614182e+01    3.970780e+03    1.205077e+03   -1.079656e+02
     560   3    5.972058e+01    3.893342e+03    1.185919e+03   -1.095111e+02
     561   1    7.184682e+02    1.798688e+03    7.551469e+02   -1.115957e+02
     561   2    7.339129e+02    1.744329e+03    7.434725e+02   -1.064020e+02
     561   3    7.119106e+02    1.786727e+03    7.495911e+02   -1.295238e+02
     562   1    7.123527e+02    1.760871e+03    7.419670e+02   -1.355244e+02
     562   2    7.372264e+02    1.725012e+03    7.386714e+02   -1.111250e+02
     562   3    7.262938e+02    1.707984e+03    7.302835e+02   -1.329131e+02
     563   1    6.303938e+02    1.501865e+03    6.396778e+02   -2.337789e+02
     563   2    6.589723e+02    1.478470e+03    6.412326e+02   -1.969897e+02
     563   3    6.349945e+02    1.443997e+03    6.236974e+02   -2.141176e+02
     564   1    6.241681e+02    1.666749e+03    6.872751e+02   -2.596334e+02
     564   2    6.435810e+02    1.690591e+03    7.002516e+02   -2.381405e+02
     564   3    6.512677e+02    1.623556e+03    6.824472e+02   -2.276377e+02
     565   1    5.828130e+02    2.207879e+03    8.372077e+02   -9.184623e+01
     565   2    5.531538e+02    2.287618e+03    8.522314e+02   -9.432484e+01
     565   3    5.717147e+02    2.249220e+03    8.462804e+02   -6.761237e+01
     566   1    6.110318e+02    2.130702e+03    8.225202e+02   -8.944221e+01
     566   2    6.283987e+02    2.096928e+03    8.175980e+02   -6.346916e+01
     566   3    6.389264e+02    2.057336e+03    8.088787e+02   -8.610564e+01
     567   1    4.429246e+01    3.976424e+03    1.206215e+03   -1.864828e+02
     567   2    3.656004e+01    4.041405e+03    1.223390e+03   -1.622228e+02
     567   3    4.786038e+01    3.955673e+03    1.201060e+03   -1.737466e+02
     568   1    4.717390e+01    3.972203e+03    1.205813e+03   -1.611811e+02
     568   2    3.339135e+01    4.053823e+03    1.226164e+03   -1.507154e+02
     568   3    3.634653e+01    4.033755e+03    1.221031e+03   -1.384296e+02
     569   1    3.602227e+02    2.815888e+03    9.528331e+02   -1.503507e+02
     569   2    3.300173e+02    2.908778e+03    9.716386e+02   -1.486721e+02
     569   3    3.507411e+02    2.861134e+03    9.635625e+02   -1.234417e+02
     570   1    3.903511e+02    2.722825e+03    9.339528e+02   -1.516214e+02
     570   2    4.117688e+02    2.677000e+03    9.266306e+02   -1.251694e+02
     570   3    4.212143e+02    2.631768e+03    9.158946e+02   -1.517956e+02
     571   1    5.770287e+02    1.432921e+03    6.029850e+02   -2.718366e+02
     571   2    6.091400e+02    1.408448e+03    6.052763e+02   -2.302401e+02
     571   3    5.795660e+02    1.368548e+03    5.844341e+02   -2.482608e+02
     572   1    4.668086e+02    2.166352e+03    7.899481e+02   -3.489202e+02
     572   2    4.988346e+02    2.133460e+03    7.896885e+02   -3.195161e+02
     572   3    4.913495e+02    2.097886e+03    7.767707e+02   -3.395669e+02
     573   1   -2.685398e+02    4.434838e+03    1.249890e+03    9.193160e+01
     573   2   -2.226949e+02    4.468653e+03    1.273787e+03    8.493436e+01
     573   3   -2.568514e+02    4.406098e+03    1.244774e+03    4.293976e+01
     574   1   -2.016044e+02    4.541307e+03    1.301911e+03    2.677173e+02
     574   2   -1.616074e+02    4.564974e+03    1.321010e+03    2.381788e+02
     574   3   -1.995439e+02    4.536265e+03    1.301016e+03    2.175574e+02
     575   1    3.934810e+01    4.013638e+03    1.215896e+03   -1.860276e+02
     575   2    2.726234e+01    4.099003e+03    1.237880e+03   -1.718243e+02
     575   3    3.109225e+01    4.075568e+03    1.231998e+03   -1.616749e+02
     576   1    1.678126e+02    3.405089e+03    1.071871e+03   -2.155538e+02
     576   2    1.454751e+02    3.496569e+03    1.092613e+03   -2.056947e+02
     576   3    1.637917e+02    3.441642e+03    1.081630e+03   -1.907332e+02
     577   1    5.115068e+02    1.354095e+03    5.596805e+02   -3.117096e+02
     577   2    5.477079e+02    1.327785e+03    5.626478e+02   -2.651557e+02
     577   3    5.114934e+02    1.282263e+03    5.381269e+02   -2.841295e+02
     578   1    4.513530e+01    3.882896e+03    1.178409e+03   -2.570368e+02
     578   2    4.051793e+01    3.953845e+03    1.198309e+03   -2.327076e+02
     578   3    5.242620e+01    3.861981e+03    1.174322e+03   -2.458887e+02
     579   1    1.378672e+02    3.427255e+03    1.069537e+03   -2.916097e+02
     579   2    1.415287e+02    3.449631e+03    1.077348e+03   -2.657899e+02
     579   3    1.631397e+02    3.349575e+03    1.053814e+03   -2.786114e+02
     580   1    2.981845e+01    4.059611e+03    1.226829e+03   -2.059032e+02
     580   2    1.958804e+01    4.149620e+03    1.250762e+03   -1.882306e+02
     580   3    2.439880e+01    4.123529e+03    1.244378e+03   -1.805695e+02
     581   1    4.315117e+02    1.265116e+03    5.089884e+02   -3.533850e+02
     581   2    4.723914e+02    1.236092e+03    5.125450e+02   -3.017789e+02
     581   3    4.282171e+02    1.184776e+03    4.838979e+02   -3.216614e+02
     582   1    2.590449e+01    3.928901e+03    1.186442e+03   -2.738941e+02
     582   2    2.502462e+01    4.000685e+03    1.207713e+03   -2.493423e+02
     582   3    3.481434e+01    3.904779e+03    1.181878e+03   -2.665011e+02
     583   1    5.192314e+02    1.553697e+03    6.218784e+02   -3.523727e+02
     583   2    5.492495e+02    1.583429e+03    6.398035e+02   -3.290874e+02
     583   3    5.530234e+02    1.505472e+03    6.175487e+02   -3.124811e+02
     584   1    1.814523e+01    4.110140e+03    1.238486e+03   -2.199609e+02
     584   2    1.020319e+01    4.204606e+03    1.264443e+03   -1.990285e+02
     584   3    1.607981e+01    4.176592e+03    1.257802e+03   -1.943523e+02
     585   1    3.341147e+02    1.165764e+03    4.499636e+02   -3.965209e+02
     585   2    3.802486e+02    1.133004e+03    4.539757e+02   -3.398952e+02
     585   3    3.264321e+02    1.075781e+03    4.206640e+02   -3.604391e+02
     586   1   -1.897862e+01    4.205730e+03    1.256025e+03   -2.327813e+02
     586   2   -2.744105e+01    4.235294e+03    1.262356e+03   -2.274925e+02
     586   3   -1.872054e+01    4.307434e+03    1.286614e+03   -2.051678e+02
     587   1    4.484644e+02    1.486485e+03    5.804848e+02   -4.016243e+02
     587   2    4.850746e+02    1.519657e+03    6.014196e+02   -3.774213e+02
     587   3    4.864235e+02    1.433951e+03    5.761124e+02   -3.577225e+02
     588   1    4.117037e+00    4.164237e+03    1.250506e+03   -2.270492e+02
     588   2   -1.034330e+00    4.262548e+03    1.278454e+03   -2.031266e+02
     588   3    5.993512e+00    4.233410e+03    1.271821e+03   -2.020043e+02
     589   1   -3.750021e+02    4.569019e+03    1.258205e+03    3.727833e+02
     589   2   -3.563353e+02    4.608385e+03    1.275615e+03    4.284123e+02
     589   3   -3.204859e+02    4.573782e+03    1.275989e+03    4.250809e+02
     590   1   -2.024675e+02    4.535286e+03    1.299846e+03    3.185487e+02
     590   2   -1.992535e+02    4.533242e+03    1.300196e+03    3.689068e+02
     590   3   -1.619095e+02    4.539331e+03    1.313226e+03    3.323586e+02
     591   1    2.155682e+02    1.055861e+03    3.814287e+02   -4.401619e+02
     591   2    2.674343e+02    1.018217e+03    3.856954e+02   -3.788007e+02
     591   3    2.018028e+02    9.550959e+02    3.470696e+02   -3.993803e+02
     592   1    3.627645e+02    1.411923e+03    5.324063e+02   -4.527005e+02
     592   2    4.071467e+02    1.448561e+03    5.567122e+02   -4.276930e+02
     592   3    4.054342e+02    1.353806e+03    5.277721e+02   -4.048487e+02
     593   1    7.108590e+01    9.354234e+02    3.019528e+02   -4.822691e+02
     593   2    1.288621e+02    8.916035e+02    3.061397e+02   -4.169058e+02
     593   3    4.861650e+01    8.228783e+02    2.614484e+02   -4.362313e+02
     594   1    2.595178e+02    1.330046e+03    4.768690e+02   -5.050824e+02
     594   2    3.131269e+02    1.370161e+03    5.049863e+02   -4.796159e+02
     594   3    3.073872e+02    1.264964e+03    4.717054e+02   -4.534827e+02
     595   1    1.912469e+02    4.206642e+03    1.319367e+03    5.529150e+02
     595   2    2.311920e+02    4.177497e+03    1.322607e+03    4.959350e+02
     595   3    1.670923e+02    4.008694e+03    1.252736e+03    4.989141e+02
     596   1    7.159332e+01    4.243352e+03    1.294484e+03    6.220783e+02
     596   2    7.404988e+01    4.066163e+03    1.242064e+03    5.776671e+02
     596   3    3.651693e+01    4.118807e+03    1.246597e+03    5.946305e+02
     597   1   -7.325063e+01    4.117874e+03    1.213387e+03   -2.581580e+02
     597   2   -8.852846e+01    4.149153e+03    1.218187e+03   -2.441471e+02
     597   3   -6.876967e+01    4.219184e+03    1.245124e+03   -2.262851e+02
     598   1   -4.000583e+01    4.262841e+03    1.266851e+03   -2.194430e+02
     598   2   -4.949789e+01    4.292582e+03    1.272925e+03   -2.086667e+02
     598   3   -3.599493e+01    4.365018e+03    1.298707e+03   -1.896434e+02
     599   1   -1.055758e+02    8.046027e+02    2.097081e+02   -5.189430e+02
     599   2   -4.229207e+01    7.533758e+02    2.133251e+02   -4.510693e+02
     599   3   -1.408870e+02    6.797634e+02    1.616629e+02   -4.666812e+02
     600   1   -1.393766e+02    4.011005e+03    1.161488e+03   -2.808707e+02
     600   2   -1.134919e+02    4.078924e+03    1.189630e+03   -2.619031e+02
     600   3   -1.174314e+02    3.976360e+03    1.157679e+03   -2.973182e+02
     601   1    3.218144e+02    5.114245e+03    1.630818e+03    5.659186e+02
     601   2    4.230532e+02    5.258365e+03    1.704425e+03    5.120353e+02
     601   3    3.810609e+02    5.047098e+03    1.628448e+03    5.524026e+02
     602   1    1.136927e+02    4.812952e+03    1.477993e+03    6.545506e+02
     602   2    1.596734e+02    4.706021e+03    1.459708e+03    6.531022e+02
     602   3    7.484674e+01    4.679687e+03    1.426360e+03    6.733087e+02
     603   1    2.981321e+00    3.979340e+03    1.194697e+03   -2.823800e+02
     603   2    6.425457e+00    4.051714e+03    1.217442e+03   -2.583358e+02
     603   3    1.349465e+01    3.952988e+03    1.189945e+03   -2.793050e+02
     604   1   -3.799964e+00    4.021226e+03    1.205228e+03   -2.750522e+02
     604   2   -1.042309e+01    4.120056e+03    1.232890e+03   -2.516874e+02
     604   3    1.283496e+00    4.093242e+03    1.228358e+03   -2.518803e+02
     605   1   -5.074969e+02    6.093992e+02    3.057070e+01   -5.712848e+02
     605   2   -3.767645e+02    6.770804e+02    9.009478e+01   -5.705956e+02
     605   3   -4.454451e+02    5.204012e+02    2.248683e+01   -5.044188e+02
     606   1   -7.710611e+02    2.813614e+03    6.127659e+02   -7.667127e+02
     606   2   -7.123605e+02    2.742622e+03    6.090784e+02   -7.753545e+02
     606   3   -7.509344e+02    2.609443e+03    5.575527e+02   -8.049330e+02
     607   1    5.260386e+02    5.536640e+03    1.818804e+03    4.252875e+02
     607   2    5.815725e+02    5.825469e+03    1.922112e+03    3.352210e+02
     607   3    6.440134e+02    5.753133e+03    1.919144e+03    3.384325e+02
     608   1    4.237016e+02    4.947565e+03    1.611380e+03    5.185269e+02
     608   2    5.150640e+02    5.078086e+03    1.677945e+03    4.591028e+02
     608   3    4.512963e+02    4.843409e+03    1.588412e+03    4.778896e+02
     609   1   -1.232331e+03    6.470440e+01   -3.502878e+02   -3.106428e+02
     609   2   -1.142845e+03    1.962185e+01   -3.369670e+02   -2.686171e+02
     609   3   -1.376691e+03   -3.841908e+01   -4.245332e+02   -2.243502e+02
     610   1   -1.127701e+03    6.231962e+02   -1.513514e+02   -5.661568e+02
     610   2   -9.814183e+02    6.967514e+02   -8.540008e+01   -6.264725e+02
     610   3   -1.100135e+03    5.050706e+02   -1.785194e+02   -5.388537e+02
     611   1    4.640245e+02    6.352686e+03    2.045013e+03   -3.315635e+02
     611   2    5.371053e+02    6.511645e+03    2.114625e+03   -6.575257e+02
     611   3    6.267746e+02    6.815250e+03    2.232607e+03   -5.881001e+02
     612   1    2.378923e+02    5.557892e+03    1.738735e+03    3.774325e+02
     612   2    3.280462e+02    5.731574e+03    1.817886e+03    3.015829e+02
     612   3    3.176725e+02    5.562948e+03    1.764186e+03    4.176758e+02
     613   1    6.431427e+02    6.675933e+03    2.195723e+03   -1.708486e+02
     613   2    6.972532e+02    7.042353e+03    2.321882e+03   -4.691984e+02
     613   3    7.642664e+02    7.180437e+03    2.383411e+03   -3.704928e+02
     614   1    6.493224e+02    6.414029e+03    2.119005e+03    5.217001e+01
     614   2    7.254512e+02    6.408433e+03    2.140165e+03    9.661869e+01
     614   3    6.041641e+02    6.083947e+03    2.006433e+03    2.169866e+02
     615   1   -8.087634e+02    2.057877e+03    3.747341e+02   -7.348883e+02
     615   2   -8.306269e+02    1.596918e+03    2.298874e+02   -6.357378e+02
     615   3   -6.772222e+02    1.965740e+03    3.865555e+02   -7.136607e+02
     616   1   -6.133687e+02    2.790720e+03    6.532054e+02   -7.787428e+02
     616   2   -5.681967e+02    2.311219e+03    5.229067e+02   -7.647140e+02
     616   3   -4.181472e+02    2.731970e+03    6.941468e+02   -8.278494e+02
     617   1   -4.141971e+02    3.580650e+03    9.499359e+02   -7.730134e+02
     617   2   -3.173703e+02    3.125231e+03    8.423583e+02   -8.581585e+02
     617   3   -1.750036e+02    3.586904e+03    1.023570e+03   -8.985094e+02
     618   1   -2.885534e+02    4.480694e+03    1.257642e+03    1.967016e+02
     618   2   -2.417744e+02    4.500110e+03    1.277501e+03    1.840150e+02
     618   3   -2.818386e+02    4.454798e+03    1.251888e+03    1.431409e+02
     619   1   -2.034434e+02    4.384919e+03    1.254443e+03   -7.106457e+02
     619   2   -8.216525e+01    4.009695e+03    1.178259e+03   -8.988242e+02
     619   3    5.232893e+01    4.490100e+03    1.362729e+03   -9.098135e+02
     620   1   -2.944477e+02    4.497286e+03    1.260851e+03    2.512177e+02
     620   2   -2.942169e+02    4.519484e+03    1.267580e+03    3.069090e+02
     620   3   -2.495039e+02    4.521865e+03    1.281708e+03    2.892079e+02
     621   1    1.309305e+01    5.148821e+03    1.548574e+03   -5.949790e+02
     621   2    1.383310e+02    4.918158e+03    1.516947e+03   -8.729666e+02
     621   3    2.595153e+02    5.379369e+03    1.691665e+03   -8.480220e+02
     622   1   -3.268256e+02    4.640614e+03    1.294137e+03    4.792806e+02
     622   2   -2.932543e+02    4.677614e+03    1.315308e+03    5.275684e+02
     622   3   -2.712880e+02    4.619015e+03    1.304318e+03    5.255330e+02
     623   1   -4.866565e+02    3.763025e+03    9.829105e+02   -3.639025e+02
     623   2   -5.267554e+02    3.827598e+03    9.902526e+02   -3.316231e+02
     623   3   -4.762973e+02    3.887564e+03    1.023380e+03   -2.958236e+02
     624   1   -9.883215e+02    1.419495e+03    1.293520e+02   -6.534650e+02
     624   2   -1.093650e+03    1.016204e+03   -2.323365e+01   -4.965601e+02
     624   3   -9.442972e+02    1.310948e+03    1.099952e+02   -5.745551e+02
     625   1    2.397050e+02    5.811064e+03    1.815231e+03   -4.574819e+02
     625   2    3.429180e+02    5.769948e+03    1.833860e+03   -7.823223e+02
     625   3    4.576366e+02    6.177694e+03    1.990599e+03   -7.419778e+02
     626   1   -1.397643e+02    4.585646e+03    1.333764e+03    6.327718e+02
     626   2   -9.820329e+01    4.588935e+03    1.347220e+03    6.575313e+02
     626   3   -1.003841e+02    4.499474e+03    1.319727e+03    6.383753e+02
     627   1    2.343850e+02    5.793618e+03    1.808401e+03    1.205823e+02
     627   2    3.535730e+02    6.043585e+03    1.919147e+03   -3.404838e+01
     627   3    3.532094e+02    5.911183e+03    1.879318e+03    1.623090e+02
     628   1   -6.061586e+01    5.430719e+03    1.611031e+03    4.254401e+01
     628   2    9.642198e+01    5.641588e+03    1.721403e+03   -1.347572e+02
     628   3    9.731006e+01    5.625195e+03    1.716752e+03    8.587430e+01
     629   1   -1.220646e+03    3.287465e+02   -2.675698e+02   -4.420337e+02
     629   2   -1.269851e+03    1.801180e+02   -3.269199e+02   -3.748480e+02
     629   3   -1.443594e+03    1.857181e+02   -3.773627e+02   -3.168618e+02
     630   1   -1.146529e+03    9.090003e+02   -7.125865e+01   -5.563976e+02
     630   2   -1.331491e+03    5.753795e+02   -2.268336e+02   -3.771817e+02
     630   3   -1.204808e+03    7.987018e+02   -1.218318e+02   -4.415162e+02
     631   1   -1.380165e+03    8.879568e+01   -3.874107e+02   -3.014240e+02
     631   2   -1.748412e+03   -4.603200e+01   -5.383331e+02   -1.524580e+02
     631   3   -1.576741e+03    9.554402e+01   -4.443590e+02   -2.429296e+02
     632   1   -1.098558e+03    3.810550e+02   -2.152509e+02   -4.922001e+02
     632   2   -9.461489e+02    4.235569e+02   -1.567776e+02   -5.247810e+02
     632   3   -1.144836e+03    2.310860e+02   -2.741250e+02   -4.158488e+02
     633   1    6.885105e+02    1.725222e+03    7.241199e+02   -1.782268e+02
     633   2    7.145261e+02    1.689571e+03    7.212291e+02   -1.522237e+02
     633   3    7.007443e+02    1.668683e+03    7.108283e+02   -1.721062e+02
     634   1    6.605640e+02    1.884972e+03    7.636607e+02   -1.731406e+02
     634   2    6.702022e+02    1.901188e+03    7.714171e+02   -1.470278e+02
     634   3    6.857583e+02    1.831788e+03    7.552638e+02   -1.507000e+02
     635   1    3.958381e+02    5.540156e+03    1.780798e+03    4.356393e+02
     635   2    5.055337e+02    5.739609e+03    1.873543e+03    3.600251e+02
     635   3    4.750240e+02    5.509043e+03    1.795220e+03    4.489610e+02
     636   1   -6.703176e+01    4.802703e+03    1.420701e+03    6.496959e+02
     636   2   -8.496946e+01    4.689473e+03    1.381351e+03    6.573321e+02
     636   3   -1.301273e+02    4.772487e+03    1.392708e+03    6.308615e+02
     637   1    3.194909e+02    4.536176e+03    1.456700e+03    5.326065e+02
     637   2    3.810481e+02    4.607712e+03    1.496628e+03    4.878182e+02
     637   3    3.072317e+02    4.371233e+03    1.403539e+03    4.873153e+02
     638   1    1.724744e+02    4.553117e+03    1.417677e+03    6.359966e+02
     638   2    1.698012e+02    4.358226e+03    1.358408e+03    6.098936e+02
     638   3    1.109479e+02    4.385230e+03    1.348853e+03    6.401066e+02
     639   1   -2.643814e+02    7.446364e+02    1.440765e+02   -5.599626e+02
     639   2   -1.563381e+02    8.100816e+02    1.961231e+02   -5.481971e+02
     639   3   -2.008326e+02    6.694649e+02    1.405897e+02   -4.920753e+02
     640   1   -5.797927e+02    5.264718e+02   -1.599625e+01   -5.461691e+02
     640   2   -5.192285e+02    4.508269e+02   -2.052046e+01   -4.816863e+02
     640   3   -6.675718e+02    3.770535e+02   -8.715547e+01   -4.746388e+02
     641   1   -6.698116e+01    4.554003e+03    1.346107e+03    6.624446e+02
     641   2   -3.006440e+01    4.440490e+03    1.323128e+03    6.599843e+02
     641   3   -7.651599e+01    4.461991e+03    1.315642e+03    6.469531e+02
     642   1   -1.551025e+02    4.560260e+03    1.321547e+03    6.153889e+02
     642   2   -1.086851e+02    4.477899e+03    1.310764e+03    6.244142e+02
     642   3   -1.447425e+02    4.495931e+03    1.305357e+03    5.951740e+02
     643   1   -2.198537e+02    4.558427e+03    1.301572e+03    5.393455e+02
     643   2   -1.686019e+02    4.506459e+03    1.301357e+03    5.585410e+02
     643   3   -1.931511e+02    4.519862e+03    1.298013e+03    5.173265e+02
     644   1   -2.591758e+02    4.675944e+03    1.325030e+03    5.552016e+02
     644   2   -2.018338e+02    4.625241e+03    1.327022e+03    5.951833e+02
     644   3   -2.428116e+02    4.613030e+03    1.311065e+03    5.558224e+02
     645   1   -2.708431e+02    4.185971e+03    1.174538e+03   -1.419419e+02
     645   2   -2.927865e+02    4.226959e+03    1.180252e+03   -1.022356e+02
     645   3   -2.478237e+02    4.273920e+03    1.207829e+03   -9.236513e+01
     646   1   -1.294941e+02    4.249475e+03    1.235994e+03   -1.853127e+02
     646   2   -1.171390e+02    4.343737e+03    1.267979e+03   -1.488343e+02
     646   3   -9.949896e+01    4.319029e+03    1.265859e+03   -1.731003e+02
     647   1   -6.237226e+02    3.697650e+03    9.221782e+02   -4.159234e+02
     647   2   -5.742664e+02    3.769492e+03    9.585675e+02   -3.721900e+02
     647   3   -5.805951e+02    3.625814e+03    9.135658e+02   -4.453099e+02
     648   1   -2.027450e+02    4.361541e+03    1.247639e+03   -5.822038e+01
     648   2   -1.772976e+02    4.439017e+03    1.278516e+03   -1.782291e+01
     648   3   -1.602758e+02    4.420323e+03    1.278014e+03   -5.589125e+01
     649   1   -9.368914e+01    4.191069e+03    1.229214e+03   -2.271696e+02
     649   2   -8.707865e+01    4.289508e+03    1.260729e+03   -1.935508e+02
     649   3   -7.041410e+01    4.263094e+03    1.257804e+03   -2.110149e+02
     650   1   -6.035762e+01    4.132843e+03    1.221746e+03   -2.553012e+02
     650   2   -5.882852e+01    4.233150e+03    1.252297e+03   -2.249057e+02
     650   3   -4.361550e+01    4.205860e+03    1.248673e+03   -2.360000e+02
     651   1   -2.604750e+02    4.547170e+03    1.286008e+03    4.435970e+02
     651   2   -2.083932e+02    4.524130e+03    1.294721e+03    4.711116e+02
     651   3   -2.216901e+02    4.532013e+03    1.293097e+03    4.223498e+02
     652   1   -2.786435e+02    4.526206e+03    1.274269e+03    3.371842e+02
     652   2   -2.288945e+02    4.529765e+03    1.290261e+03    3.709460e+02
     652   3   -2.322314e+02    4.531756e+03    1.289857e+03    3.187817e+02
     653   1   -3.027170e+01    4.075905e+03    1.213690e+03   -2.708196e+02
     653   2   -3.314577e+01    4.176204e+03    1.242917e+03   -2.438738e+02
     653   3   -1.964044e+01    4.148801e+03    1.238748e+03   -2.491856e+02
     654   1    3.607951e+02    1.610335e+03    5.913392e+02   -4.847736e+02
     654   2    4.018667e+02    1.637504e+03    6.118114e+02   -4.574504e+02
     654   3    4.043584e+02    1.541048e+03    5.836219e+02   -4.440475e+02
     655   1   -3.376519e+02    4.304039e+03    1.189916e+03   -1.239842e+01
     655   2   -2.884626e+02    4.339684e+03    1.215366e+03   -6.148666e+00
     655   3   -3.188368e+02    4.261882e+03    1.182914e+03   -5.938291e+01
     656   1   -2.356928e+02    4.412331e+03    1.252991e+03    2.637294e+01
     656   2   -2.033036e+02    4.476555e+03    1.281976e+03    6.735627e+01
     656   3   -1.885382e+02    4.462129e+03    1.282077e+03    2.312841e+01
     657   1   -4.867077e+02    4.514928e+03    1.208466e+03    2.333760e+02
     657   2   -4.726615e+02    4.576757e+03    1.231229e+03    2.913182e+02
     657   3   -4.313299e+02    4.554478e+03    1.236944e+03    3.068403e+02
     658   1   -2.620154e+02    4.457642e+03    1.258688e+03    1.228975e+02
     658   2   -2.228763e+02    4.505117e+03    1.284672e+03    1.631707e+02
     658   3   -2.121212e+02    4.495673e+03    1.285065e+03    1.140442e+02
     659   1   -2.149571e+02    4.576544e+03    1.308476e+03    5.615134e+02
     659   2   -1.842081e+02    4.584371e+03    1.320049e+03    6.009450e+02
     659   3   -1.689070e+02    4.520935e+03    1.305608e+03    5.782255e+02
     660   1   -2.451592e+02    4.571724e+03    1.297969e+03    5.174064e+02
     660   2   -2.159854e+02    4.532465e+03    1.294944e+03    4.940734e+02
     660   3   -2.647126e+02    4.558874e+03    1.288249e+03    4.681039e+02
     661   1   -2.191869e+02    4.112567e+03    1.168014e+03   -2.092374e+02
     661   2   -2.424099e+02    4.151831e+03    1.172826e+03   -1.773494e+02
     661   3   -2.031496e+02    4.207804e+03    1.201396e+03   -1.640483e+02
     662   1   -1.473666e+02    4.236689e+03    1.226797e+03   -1.810954e+02
     662   2   -1.642175e+02    4.269028e+03    1.231443e+03   -1.527751e+02
     662   3   -1.321178e+02    4.330883e+03    1.259630e+03   -1.431077e+02
     663   1    4.049471e+01    4.544971e+03    1.375640e+03    6.723553e+02
     663   2    6.492281e+01    4.401163e+03    1.339826e+03    6.578680e+02
     663   3    9.214254e+00    4.421768e+03    1.329295e+03    6.646466e+02
     664   1    9.281302e+00    4.589129e+03    1.379523e+03    6.783778e+02
     664   2   -1.250562e+01    4.470668e+03    1.337449e+03    6.659134e+02
     664   3   -4.101733e+01    4.587858e+03    1.364052e+03    6.725250e+02
     665   1    2.600852e+02    3.103984e+03    1.009221e+03   -1.916555e+02
     665   2    2.326462e+02    3.198294e+03    1.029282e+03   -1.865513e+02
     665   3    2.530485e+02    3.147456e+03    1.020151e+03   -1.652614e+02
     666   1    3.944003e+02    2.678045e+03    9.217337e+02   -1.955844e+02
     666   2    3.863150e+02    2.723800e+03    9.330345e+02   -1.690420e+02
     666   3    4.165246e+02    2.631218e+03    9.143228e+02   -1.696760e+02
     667   1    4.824865e+02    2.453289e+03    8.807327e+02   -1.501886e+02
     667   2    4.515826e+02    2.541133e+03    8.978147e+02   -1.516110e+02
     667   3    4.732263e+02    2.497912e+03    8.913416e+02   -1.244025e+02
     668   1    6.608996e+02    1.853855e+03    7.544262e+02   -1.824345e+02
     668   2    6.889090e+02    1.807191e+03    7.488300e+02   -1.589597e+02
     668   3    6.769896e+02    1.790044e+03    7.401100e+02   -1.822606e+02
     669   1    9.710481e+01    3.723492e+03    1.146179e+03   -1.410394e+02
     669   2    1.071300e+02    3.687314e+03    1.138333e+03   -1.277339e+02
     669   3    1.139322e+02    3.651393e+03    1.129598e+03   -1.501828e+02
     670   1    1.019939e+02    3.685980e+03    1.136392e+03   -1.840569e+02
     670   2    1.190797e+02    3.624522e+03    1.123080e+03   -1.723533e+02
     670   3    1.236766e+02    3.590453e+03    1.114239e+03   -1.954557e+02
     671   1    1.828067e+02    3.355340e+03    1.061444e+03   -2.129360e+02
     671   2    1.771364e+02    3.391755e+03    1.070667e+03   -1.881836e+02
     671   3    2.019404e+02    3.297411e+03    1.049805e+03   -1.954437e+02
     672   1    2.337270e+02    3.163050e+03    1.019033e+03   -2.279227e+02
     672   2    2.281212e+02    3.202900e+03    1.029306e+03   -2.019608e+02
     672   3    2.548842e+02    3.107026e+03    1.008573e+03   -2.077031e+02
     673   1    6.276167e+02    2.046435e+03    8.022155e+02   -1.345707e+02
     673   2    6.476679e+02    2.014656e+03    7.986972e+02   -1.083378e+02
     673   3    6.558964e+02    1.969414e+03    7.875930e+02   -1.303087e+02
     674   1    6.706114e+02    1.936746e+03    7.822071e+02   -1.195242e+02
     674   2    6.626041e+02    1.982649e+03    7.935759e+02   -9.788214e+01
     674   3    6.873229e+02    1.917545e+03    7.814603e+02   -9.230564e+01
     675   1    2.887067e+02    2.968175e+03    9.770645e+02   -2.388670e+02
     675   2    2.829811e+02    3.011535e+03    9.883548e+02   -2.124158e+02
     675   3    3.112656e+02    2.915303e+03    9.679707e+02   -2.164394e+02
     676   1    1.038015e+02    3.619501e+03    1.116991e+03   -2.524733e+02
     676   2    1.087939e+02    3.618340e+03    1.118140e+03   -2.355654e+02
     676   3    1.237327e+02    3.541797e+03    1.099659e+03   -2.494132e+02
     677   1    5.834646e+02    2.115739e+03    8.097610e+02   -1.864730e+02
     677   2    6.058083e+02    2.083703e+03    8.068533e+02   -1.594265e+02
     677   3    6.081771e+02    2.050363e+03    7.975620e+02   -1.787223e+02
     678   1    6.160347e+02    2.087208e+03    8.109727e+02   -1.279623e+02
     678   2    6.082082e+02    2.128892e+03    8.211301e+02   -1.055908e+02
     678   3    6.355341e+02    2.054184e+03    8.069155e+02   -1.023175e+02
     679   1    7.168720e+02    1.825226e+03    7.626293e+02   -9.571687e+01
     679   2    7.104000e+02    1.859975e+03    7.711125e+02   -8.338261e+01
     679   3    7.310204e+02    1.806353e+03    7.612119e+02   -7.702630e+01
     680   1    7.247161e+02    1.795420e+03    7.560407e+02   -9.901723e+01
     680   2    7.388334e+02    1.777876e+03    7.550129e+02   -7.971149e+01
     680   3    7.422204e+02    1.745685e+03    7.463717e+02   -9.431143e+01
     681   1    4.550341e+02    2.495046e+03    8.850239e+02   -1.948850e+02
     681   2    4.473718e+02    2.541204e+03    8.965729e+02   -1.690910e+02
     681   3    4.775607e+02    2.451689e+03    8.787749e+02   -1.680434e+02
     682   1    5.772236e+02    1.613636e+03    6.572578e+02   -3.050675e+02
     682   2    6.015921e+02    1.640128e+03    6.725160e+02   -2.827040e+02
     682   3    6.073963e+02    1.568537e+03    6.527799e+02   -2.691646e+02
     683   1    6.576221e+02    1.682056e+03    7.019033e+02   -2.204548e+02
     683   2    6.856824e+02    1.646647e+03    6.996988e+02   -1.908514e+02
     683   3    6.680052e+02    1.622144e+03    6.870447e+02   -2.109374e+02
     684   1    6.614306e+02    1.713797e+03    7.125684e+02   -2.157410e+02
     684   2    6.766358e+02    1.734818e+03    7.234361e+02   -1.946339e+02
     684   3    6.860742e+02    1.671096e+03    7.071512e+02   -1.874651e+02
     685   1    3.169798e+02    2.913839e+03    9.692456e+02   -1.995512e+02
     685   2    2.879602e+02    3.008359e+03    9.888958e+02   -1.961310e+02
     685   3    3.099761e+02    2.958623e+03    9.805797e+02   -1.727362e+02
     686   1    3.460844e+02    2.818506e+03    9.493772e+02   -2.023419e+02
     686   2    3.693027e+02    2.770585e+03    9.419662e+02   -1.771543e+02
     686   3    3.762324e+02    2.725036e+03    9.303806e+02   -2.038709e+02
     687   1    5.425610e+02    2.283516e+03    8.478232e+02   -1.455559e+02
     687   2    5.124184e+02    2.366548e+03    8.636899e+02   -1.485014e+02
     687   3    5.338015e+02    2.326718e+03    8.581558e+02   -1.210479e+02
     688   1    5.713736e+02    2.201772e+03    8.319437e+02   -1.425306e+02
     688   2    5.922339e+02    2.165528e+03    8.273285e+02   -1.154958e+02
     688   3    6.001012e+02    2.124528e+03    8.173887e+02   -1.382394e+02
     689   1   -2.901581e+02    4.532293e+03    1.272640e+03    3.618605e+02
     689   2   -2.810463e+02    4.550072e+03    1.280708e+03    4.163990e+02
     689   3   -2.420650e+02    4.532832e+03    1.287230e+03    3.949352e+02
     690   1   -2.777593e+02    4.496038e+03    1.265484e+03    2.281195e+02
     690   2   -2.325993e+02    4.523235e+03    1.287191e+03    2.660746e+02
     690   3   -2.278612e+02    4.519339e+03    1.287443e+03    2.140384e+02
     691   1    6.182301e+02    1.632435e+03    6.751997e+02   -2.634957e+02
     691   2    6.488854e+02    1.596665e+03    6.736652e+02   -2.300894e+02
     691   3    6.266553e+02    1.567967e+03    6.583867e+02   -2.509052e+02
     692   1    5.292523e+02    2.088715e+03    7.853903e+02   -2.922381e+02
     692   2    5.651770e+02    2.040587e+03    7.817290e+02   -2.594888e+02
     692   3    5.514994e+02    2.011514e+03    7.689040e+02   -2.889584e+02
     693   1    7.949304e+01    3.796734e+03    1.162868e+03   -1.744893e+02
     693   2    6.044414e+01    3.886200e+03    1.183993e+03   -1.693933e+02
     693   3    6.420756e+01    3.872710e+03    1.181075e+03   -1.525928e+02
     694   1    8.484894e+01    3.768645e+03    1.156048e+03   -1.691819e+02
     694   2    7.047047e+01    3.847283e+03    1.175326e+03   -1.474835e+02
     694   3    8.378403e+01    3.779592e+03    1.159013e+03   -1.485634e+02
     695   1    5.688578e+02    1.576182e+03    6.435118e+02   -3.082473e+02
     695   2    6.027610e+02    1.538733e+03    6.424481e+02   -2.708497e+02
     695   3    5.752782e+02    1.505553e+03    6.242494e+02   -2.925925e+02
     696   1    5.701547e+02    1.965948e+03    7.608310e+02   -2.778440e+02
     696   2    5.831235e+02    1.995842e+03    7.736898e+02   -2.504403e+02
     696   3    6.014965e+02    1.907267e+03    7.526290e+02   -2.510787e+02
     697   1    6.078022e+01    3.842510e+03    1.170987e+03   -2.331615e+02
     697   2    5.313847e+01    3.911862e+03    1.189500e+03   -2.097976e+02
     697   3    6.655537e+01    3.824347e+03    1.167271e+03   -2.192467e+02
     698   1    6.663030e+01    3.842108e+03    1.172621e+03   -2.065220e+02
     698   2    5.087599e+01    3.926189e+03    1.193120e+03   -1.980887e+02
     698   3    5.641496e+01    3.906303e+03    1.188815e+03   -1.842725e+02
     699   1    5.080879e+02    1.512436e+03    6.061573e+02   -3.548929e+02
     699   2    5.458144e+02    1.472213e+03    6.054083e+02   -3.134192e+02
     699   3    5.121984e+02    1.434414e+03    5.839836e+02   -3.361853e+02
     700   1    1.232828e+02    3.486421e+03    1.082911e+03   -2.883163e+02
     700   2    1.078942e+02    3.587213e+03    1.108532e+03   -2.654303e+02
     700   3    1.278452e+02    3.509040e+03    1.091065e+03   -2.624560e+02
     701   1    5.403296e+01    3.879583e+03    1.180085e+03   -2.336675e+02
     701   2    3.963558e+01    3.968349e+03    1.202395e+03   -2.215905e+02
     701   3    4.637758e+01    3.946680e+03    1.197917e+03   -2.104450e+02
     702   1    2.402077e+02    3.079191e+03    9.958195e+02   -2.796867e+02
     702   2    2.369315e+02    3.121237e+03    1.007451e+03   -2.541489e+02
     702   3    2.637783e+02    3.021706e+03    9.856452e+02   -2.604349e+02
     703   1    4.340595e+02    1.440918e+03    5.624932e+02   -4.034746e+02
     703   2    4.761490e+02    1.396812e+03    5.618883e+02   -3.579129e+02
     703   3    4.353281e+02    1.354319e+03    5.368941e+02   -3.817083e+02
     704   1    5.309358e+01    3.733489e+03    1.135975e+03   -3.045331e+02
     704   2    4.985168e+01    3.809467e+03    1.157796e+03   -2.806080e+02
     704   3    6.498780e+01    3.710001e+03    1.132496e+03   -2.929374e+02
     705   1    5.058545e+02    1.718170e+03    6.672073e+02   -3.756158e+02
     705   2    5.335914e+02    1.741357e+03    6.824845e+02   -3.499963e+02
     705   3    5.411753e+02    1.659757e+03    6.602797e+02   -3.407378e+02
     706   1    3.826643e+01    3.921931e+03    1.188059e+03   -2.552031e+02
     706   2    2.584949e+01    4.015005e+03    1.212256e+03   -2.392369e+02
     706   3    3.411175e+01    3.991192e+03    1.207591e+03   -2.312309e+02
     707   1    3.444714e+02    1.361592e+03    5.118189e+02   -4.537993e+02
     707   2    3.914104e+02    1.312369e+03    5.111339e+02   -4.042422e+02
     707   3    3.420898e+02    1.265160e+03    4.821748e+02   -4.289048e+02
     708   1    2.414026e+01    3.780801e+03    1.141482e+03   -3.214003e+02
     708   2    2.570320e+01    3.855898e+03    1.164480e+03   -2.974740e+02
     708   3    3.779262e+01    3.755883e+03    1.138103e+03   -3.141446e+02
     709   1    4.402212e+02    1.666555e+03    6.320328e+02   -4.293229e+02
     709   2    4.741890e+02    1.691656e+03    6.497536e+02   -4.027953e+02
     709   3    4.794161e+02    1.603406e+03    6.248465e+02   -3.914446e+02
     710   1    1.899648e+01    3.969660e+03    1.196597e+03   -2.693977e+02
     710   2    9.218950e+00    4.065955e+03    1.222552e+03   -2.496919e+02
     710   3    1.915039e+01    4.040369e+03    1.217856e+03   -2.454508e+02
     711   1   -3.722054e+02    4.381984e+03    1.202934e+03    9.009225e+01
     711   2   -3.210323e+02    4.403868e+03    1.224851e+03    9.279368e+01
     711   3   -3.588119e+02    4.339328e+03    1.194155e+03    3.701740e+01
     712   1   -4.975020e+02    4.055448e+03    1.067384e+03   -1.854626e+02
     712   2   -4.446021e+02    4.098896e+03    1.096288e+03   -1.579267e+02
     712   3   -4.667170e+02    3.993145e+03    1.057928e+03   -2.272667e+02
     713   1    2.365251e+02    1.274469e+03    4.532984e+02   -5.052056e+02
     713   2    2.886755e+02    1.218768e+03    4.522331e+02   -4.519204e+02
     713   3    2.292857e+02    1.166865e+03    4.188451e+02   -4.769759e+02
     714   1    2.655940e+02    1.549654e+03    5.445744e+02   -5.416012e+02
     714   2    3.148679e+02    1.578809e+03    5.681032e+02   -5.137152e+02
     714   3    3.139426e+02    1.472724e+03    5.360001e+02   -4.982926e+02
     715   1    1.069113e+02    1.179626e+03    3.859612e+02   -5.561812e+02
     715   2    1.643129e+02    1.115925e+03    3.840714e+02   -4.997326e+02
     715   3    9.300357e+01    1.059487e+03    3.457473e+02   -5.241556e+02
     716   1    1.524008e+02    1.484859e+03    4.911781e+02   -5.989442e+02
     716   2    2.111114e+02    1.515853e+03    5.180892e+02   -5.710216e+02
     716   3    2.057355e+02    1.398616e+03    4.813054e+02   -5.534871e+02
     717   1    2.947541e+02    4.650996e+03    1.483725e+03    5.794387e+02
     717   2    2.408127e+02    4.700412e+03    1.482367e+03    6.155021e+02
     717   3    3.318339e+02    4.824354e+03    1.546856e+03    5.738593e+02
     718   1    1.436199e+02    4.609218e+03    1.425851e+03    6.547711e+02
     718   2    9.372689e+01    4.446710e+03    1.362131e+03    6.531396e+02
     718   3    7.952151e+01    4.592328e+03    1.401555e+03    6.724720e+02
     719   1   -4.831506e+01    1.076967e+03    3.085956e+02   -6.037879e+02
     719   2    1.381197e+01    1.003794e+03    3.052819e+02   -5.451981e+02
     719   3   -7.166856e+01    9.430860e+02    2.614252e+02   -5.670396e+02
     720   1    3.843931e+01    1.681838e+03    5.160831e+02   -6.755082e+02
     720   2    1.016845e+02    1.701635e+03    5.409958e+02   -6.470161e+02
     720   3    9.539605e+01    1.575705e+03    5.013304e+02   -6.392630e+02
     721   1    1.475761e+01    3.822684e+03    1.151232e+03   -3.168339e+02
     721   2    2.657833e+00    3.921051e+03    1.177113e+03   -2.972846e+02
     721   3    1.757855e+01    3.896588e+03    1.174250e+03   -2.936425e+02
     722   1   -2.377962e+01    4.033358e+03    1.202873e+03   -2.811854e+02
     722   2   -1.541787e+01    4.105846e+03    1.227128e+03   -2.583976e+02
     722   3   -1.159524e+01    4.005031e+03    1.198031e+03   -2.831020e+02
     723   1    3.527407e+02    1.809389e+03    6.486390e+02   -4.987776e+02
     723   2    3.909303e+02    1.828010e+03    6.656820e+02   -4.701210e+02
     723   3    3.963775e+02    1.731872e+03    6.384750e+02   -4.650525e+02
     724   1   -4.055883e+01    4.060247e+03    1.205906e+03   -2.765226e+02
     724   2   -5.437978e+01    4.090238e+03    1.210758e+03   -2.689007e+02
     724   3   -4.054429e+01    4.162054e+03    1.236453e+03   -2.481622e+02
     725   1   -1.875332e+02    1.042736e+03    2.565607e+02   -6.507651e+02
     725   2   -9.524954e+01    1.092529e+03    2.991838e+02   -6.316104e+02
     725   3   -1.253992e+02    9.464978e+02    2.463296e+02   -5.920335e+02
     726   1   -3.144368e+02    1.268973e+03    2.863609e+02   -7.487605e+02
     726   2   -2.212837e+02    1.305600e+03    3.252950e+02   -7.304921e+02
     726   3   -2.516449e+02    1.145008e+03    2.680089e+02   -7.022380e+02
     727   1   -7.969679e+02    4.792235e+02   -9.532333e+01   -5.525209e+02
     727   2   -6.392870e+02    5.441837e+02   -2.853101e+01   -5.683082e+02
     727   3   -7.468361e+02    3.719212e+02   -1.124745e+02   -4.880136e+02
     728   1   -3.917300e+02    9.355446e+02    1.631444e+02   -6.796535e+02
     728   2   -2.830845e+02    9.891563e+02    2.118216e+02   -6.690885e+02
     728   3   -3.290773e+02    8.268514e+02    1.493323e+02   -6.219211e+02
     729   1    4.170778e+02    6.006998e+03    1.927223e+03    1.318534e+02
     729   2    4.540415e+02    6.226945e+03    2.004296e+03   -6.653348e+01
     729   3    5.543451e+02    6.336906e+03    2.067375e+03   -1.552527e+01
     730   1    4.060748e+02    5.831882e+03    1.871387e+03    2.871142e+02
     730   2    4.982277e+02    5.837598e+03    1.900748e+03    3.109878e+02
     730   3    3.708330e+02    5.605201e+03    1.792810e+03    4.030368e+02
     731   1    1.868217e+02    5.753379e+03    1.782060e+03    4.384514e+01
     731   2    2.110361e+02    5.833095e+03    1.813239e+03   -1.785337e+02
     731   3    3.407010e+02    6.057495e+03    1.919459e+03   -1.330513e+02
     732   1    1.298443e+02    5.116542e+03    1.573916e+03    5.901621e+02
     732   2    2.096578e+02    5.070771e+03    1.584129e+03    5.972600e+02
     732   3    1.343005e+02    4.960764e+03    1.528519e+03    6.302304e+02
     733   1    3.069541e+02    5.195555e+03    1.650753e+03    5.559611e+02
     733   2    3.478337e+02    5.415154e+03    1.728896e+03    4.905161e+02
     733   3    4.196921e+02    5.360239e+03    1.733979e+03    4.913847e+02
     734   1    2.760737e+02    5.003885e+03    1.583988e+03    5.989873e+02
     734   2    3.301718e+02    4.918512e+03    1.574605e+03    5.760817e+02
     734   3    2.332535e+02    4.779232e+03    1.503746e+03    6.246358e+02
     735   1   -8.990428e+02    3.897366e+02   -1.527918e+02   -5.099206e+02
     735   2   -8.576820e+02    2.962075e+02   -1.684423e+02   -4.540333e+02
     735   3   -1.062046e+03    2.237996e+02   -2.514738e+02   -4.147138e+02
     736   1   -6.885855e+02    7.499220e+02    1.840096e+01   -6.621979e+02
     736   2   -6.365378e+02    6.341226e+02   -7.245794e-01   -6.092314e+02
     736   3   -7.691802e+02    5.790868e+02   -5.702800e+01   -5.975523e+02
     737   1    2.733755e+02    4.463906e+03    1.421184e+03    5.514025e+02
     737   2    2.690692e+02    4.296178e+03    1.369574e+03    5.078343e+02
     737   3    2.095194e+02    4.316885e+03    1.357921e+03    5.661881e+02
     738   1    2.562788e+02    4.539196e+03    1.438643e+03    5.821533e+02
     738   2    2.015581e+02    4.392547e+03    1.378232e+03    5.929421e+02
     738   3    2.149383e+02    4.598488e+03    1.444028e+03    6.246008e+02
     739   1   -1.876686e+02    5.238753e+03    1.515325e+03   -4.233047e+01
     739   2   -3.055311e+02    5.002314e+03    1.409035e+03   -1.810069e+02
     739   3   -1.625481e+02    5.135189e+03    1.491792e+03   -2.933528e+02
     740   1   -1.574821e+02    4.731027e+03    1.372063e+03    6.238660e+02
     740   2   -1.050793e+02    4.649994e+03    1.363474e+03    6.539837e+02
     740   3   -1.613612e+02    4.640394e+03    1.343710e+03    6.293443e+02
     741   1   -4.460435e+02    8.561536e+02    1.230330e+02   -6.654015e+02
     741   2   -3.835611e+02    7.582800e+02    1.124157e+02   -6.085584e+02
     741   3   -5.001670e+02    6.964323e+02    5.887960e+01   -6.138165e+02
     742   1   -8.232274e+02    3.377908e+03    7.664042e+02   -6.081086e+02
     742   2   -8.478339e+02    3.418655e+03    7.712462e+02   -6.009157e+02
     742   3   -8.152713e+02    3.581521e+03    8.298748e+02   -5.283494e+02
     743   1    7.123892e+01    5.059986e+03    1.539368e+03    5.974614e+02
     743   2    8.805074e+01    4.928946e+03    1.505099e+03    6.419372e+02
     743   3    7.683543e+00    4.908484e+03    1.474850e+03    6.387207e+02
     744   1   -2.595391e+01    4.778932e+03    1.425893e+03    6.587311e+02
     744   2    1.531170e+01    4.670232e+03    1.405663e+03    6.762807e+02
     744   3   -5.328703e+01    4.661100e+03    1.382344e+03    6.709327e+02
     745   1   -3.286236e+02    4.616297e+03    1.286302e+03    4.617902e+02
     745   2   -2.707333e+02    4.593790e+03    1.296917e+03    5.093077e+02
     745   3   -2.960607e+02    4.578466e+03    1.284721e+03    4.599756e+02
     746   1   -3.690253e+02    4.754465e+03    1.315632e+03    4.445686e+02
     746   2   -3.170341e+02    4.819548e+03    1.350754e+03    4.882074e+02
     746   3   -3.071996e+02    4.745896e+03    1.331609e+03    5.116447e+02
     747   1   -2.460962e+02    4.193218e+03    1.184137e+03   -1.497763e+02
     747   2   -2.274068e+02    4.278385e+03    1.215294e+03   -1.022907e+02
     747   3   -2.034111e+02    4.249699e+03    1.213886e+03   -1.382113e+02
     748   1   -8.767960e+02    2.788746e+03    5.735851e+02   -7.542180e+02
     748   2   -9.086728e+02    2.424902e+03    4.548687e+02   -7.933044e+02
     748   3   -8.662838e+02    2.384605e+03    4.554964e+02   -7.737164e+02
     749   1   -4.797676e+02    4.348235e+03    1.160540e+03    6.423128e+01
     749   2   -4.264380e+02    4.363625e+03    1.181156e+03    7.935759e+01
     749   3   -4.665577e+02    4.290344e+03    1.147136e+03    9.495224e+00
     750   1   -3.343128e+02    4.338939e+03    1.201388e+03    2.222719e+01
     750   2   -3.000908e+02    4.400847e+03    1.230227e+03    7.630905e+01
     750   3   -2.823322e+02    4.374708e+03    1.227713e+03    2.704624e+01
     751   1   -1.962310e+02    4.122698e+03    1.177940e+03   -2.134313e+02
     751   2   -1.845521e+02    4.215136e+03    1.209175e+03   -1.703483e+02
     751   3   -1.601733e+02    4.186023e+03    1.207755e+03   -1.987475e+02
     752   1   -3.656918e+02    4.087799e+03    1.116632e+03   -1.761552e+02
     752   2   -3.925844e+02    4.139237e+03    1.123996e+03   -1.343984e+02
     752   3   -3.424805e+02    4.181949e+03    1.151841e+03   -1.166019e+02
     753   1   -1.468134e+02    4.054964e+03    1.172445e+03   -2.616125e+02
     753   2   -1.414098e+02    4.152150e+03    1.203222e+03   -2.232658e+02
     753   3   -1.178710e+02    4.123117e+03    1.201574e+03   -2.442103e+02
     754   1    1.885397e+01    1.416157e+03    4.305032e+02   -6.550829e+02
     754   2    8.838403e+01    1.449020e+03    4.612213e+02   -6.281324e+02
     754   3    7.702609e+01    1.318917e+03    4.187828e+02   -6.081235e+02
     755   1   -9.995500e+01    3.990695e+03    1.167222e+03   -2.948696e+02
     755   2   -1.000323e+02    4.090441e+03    1.197123e+03   -2.613812e+02
     755   3   -7.815837e+01    4.061990e+03    1.195149e+03   -2.752278e+02
     756   1   -5.701462e+01    3.930451e+03    1.162031e+03   -3.142299e+02
     756   2   -6.178075e+01    4.030930e+03    1.190745e+03   -2.855639e+02
     756   3   -4.206087e+01    4.003467e+03    1.188422e+03   -2.928876e+02
     757   1   -3.665681e+02    4.551862e+03    1.255588e+03    3.534657e+02
     757   2   -3.117359e+02    4.555017e+03    1.272984e+03    4.060155e+02
     757   3   -3.225486e+02    4.536508e+03    1.264188e+03    3.513482e+02
     758   1   -4.480487e+02    4.633038e+03    1.255497e+03    3.449439e+02
     758   2   -4.158888e+02    4.696188e+03    1.284090e+03    3.983109e+02
     758   3   -3.877811e+02    4.650446e+03    1.278800e+03    4.165635e+02
     759   1   -3.765717e+02    4.483360e+03    1.232036e+03    2.393254e+02
     759   2   -3.273439e+02    4.509274e+03    1.254579e+03    2.944516e+02
     759   3   -3.258727e+02    4.487805e+03    1.248580e+03    2.385463e+02
     760   1   -6.260873e+02    4.149370e+03    1.056985e+03   -4.706021e+02
     760   2   -6.966368e+02    3.799378e+03    9.308223e+02   -5.804870e+02
     760   3   -5.817429e+02    3.822656e+03    9.722739e+02   -6.288693e+02
     761   1    2.170582e+02    3.213760e+03    1.029245e+03   -2.321423e+02
     761   2    1.916081e+02    3.309918e+03    1.050458e+03   -2.243338e+02
     761   3    2.131145e+02    3.253697e+03    1.040044e+03   -2.060937e+02
     762   1    1.635442e+02    3.258437e+03    1.026594e+03   -3.289526e+02
     762   2    1.430464e+02    3.304485e+03    1.034260e+03   -3.431206e+02
     762   3    1.375561e+02    3.381039e+03    1.055579e+03   -3.167043e+02
     763   1    5.983777e+02    2.007279e+03    7.816970e+02   -2.218406e+02
     763   2    6.166573e+02    1.998821e+03    7.846435e+02   -1.934299e+02
     763   3    6.307693e+02    1.936453e+03    7.701666e+02   -1.970629e+02
     764   1    4.367502e+02    2.540215e+03    8.930897e+02   -2.042336e+02
     764   2    4.060363e+02    2.631280e+03    9.111949e+02   -2.047777e+02
     764   3    4.299661e+02    2.585977e+03    9.047828e+02   -1.781819e+02
     765   1    6.251805e+02    2.012702e+03    7.913649e+02   -1.679827e+02
     765   2    6.224841e+02    2.047141e+03    8.008875e+02   -1.494668e+02
     765   3    6.493158e+02    1.966824e+03    7.848420e+02   -1.449869e+02
     766   1    6.329482e+02    1.819169e+03    7.356352e+02   -2.317868e+02
     766   2    6.635084e+02    1.771810e+03    7.305955e+02   -2.046447e+02
     766   3    6.477575e+02    1.750753e+03    7.195530e+02   -2.280405e+02
     767   1    9.393982e+01    3.669733e+03    1.129102e+03   -2.463273e+02
     767   2    8.378088e+01    3.742687e+03    1.147941e+03   -2.252477e+02
     767   3    9.812503e+01    3.668405e+03    1.129959e+03   -2.298274e+02
     768   1    1.880166e+02    3.283255e+03    1.041381e+03   -2.635925e+02
     768   2    1.856694e+02    3.318081e+03    1.051125e+03   -2.384076e+02
     768   3    2.103387e+02    3.220126e+03    1.029139e+03   -2.469581e+02
     769   1    4.054365e+02    2.585488e+03    8.972774e+02   -2.480335e+02
     769   2    4.003326e+02    2.632160e+03    9.097477e+02   -2.220445e+02
     769   3    4.301299e+02    2.538953e+03    8.907248e+02   -2.219843e+02
     770   1    3.278611e+02    2.211816e+03    7.619033e+02   -4.798273e+02
     770   2    3.632575e+02    2.226940e+03    7.770591e+02   -4.459652e+02
     770   3    3.704935e+02    2.121431e+03    7.475773e+02   -4.580472e+02
     771   1    5.695859e+02    1.927565e+03    7.491454e+02   -2.871041e+02
     771   2    6.035959e+02    1.874724e+03    7.434960e+02   -2.591338e+02
     771   3    5.857454e+02    1.852915e+03    7.315981e+02   -2.852709e+02
     772   1    5.736070e+02    2.153543e+03    8.181451e+02   -1.813206e+02
     772   2    5.671375e+02    2.199764e+03    8.300705e+02   -1.589609e+02
     772   3    5.949842e+02    2.120441e+03    8.146276e+02   -1.547706e+02
     773   1    2.708899e+02    3.018417e+03    9.867921e+02   -2.446092e+02
     773   2    2.431588e+02    3.115935e+03    1.007728e+03   -2.390261e+02
     773   3    2.667476e+02    3.061705e+03    9.985357e+02   -2.180177e+02
     774   1    2.986661e+02    2.920258e+03    9.656773e+02   -2.494325e+02
     774   2    3.235682e+02    2.869203e+03    9.578314e+02   -2.261975e+02
     774   3    3.277305e+02    2.823899e+03    9.454890e+02   -2.528698e+02
     775   1    4.973714e+02    2.361665e+03    8.577108e+02   -2.004581e+02
     775   2    4.666619e+02    2.449287e+03    8.747847e+02   -2.031302e+02
     775   3    4.907622e+02    2.407436e+03    8.694594e+02   -1.755974e+02
     776   1    5.266513e+02    2.275113e+03    8.405292e+02   -1.972328e+02
     776   2    5.501588e+02    2.238062e+03    8.364662e+02   -1.693816e+02
     776   3    5.565243e+02    2.192739e+03    8.247791e+02   -1.922059e+02
     777   1    5.980387e+02    1.775264e+03    7.119908e+02   -2.803933e+02
     777   2    6.305445e+02    1.728579e+03    7.077370e+02   -2.503024e+02
     777   3    6.102620e+02    1.704483e+03    6.944235e+02   -2.740091e+02
     778   1    6.016526e+02    1.810349e+03    7.236006e+02   -2.736781e+02
     778   2    6.187853e+02    1.832181e+03    7.352899e+02   -2.495037e+02
     778   3    6.310061e+02    1.757050e+03    7.164169e+02   -2.448448e+02
     779   1    5.531898e+02    1.728933e+03    6.846370e+02   -3.299473e+02
     779   2    5.883649e+02    1.680349e+03    6.806142e+02   -2.968497e+02
     779   3    5.629118e+02    1.653428e+03    6.649020e+02   -3.214358e+02
     780   1    5.592692e+02    1.765634e+03    6.974709e+02   -3.237963e+02
     780   2    5.813594e+02    1.787681e+03    7.107121e+02   -2.991577e+02
     780   3    5.912669e+02    1.710552e+03    6.905458e+02   -2.919747e+02
     781   1    9.775214e+01    3.684515e+03    1.134680e+03   -2.170294e+02
     781   2    8.175585e+01    3.756519e+03    1.151483e+03   -2.131809e+02
     781   3    9.089533e+01    3.731637e+03    1.146760e+03   -1.957927e+02
     782   1    1.150305e+02    3.601359e+03    1.114917e+03   -2.270053e+02
     782   2    1.292748e+02    3.553638e+03    1.104874e+03   -2.175514e+02
     782   3    1.300214e+02    3.525193e+03    1.096564e+03   -2.406325e+02
     783   1    4.970339e+02    1.678812e+03    6.527538e+02   -3.814210e+02
     783   2    5.356123e+02    1.626914e+03    6.487578e+02   -3.452264e+02
     783   3    5.043626e+02    1.596663e+03    6.303077e+02   -3.708069e+02
     784   1    4.611541e+02    2.207978e+03    8.007395e+02   -3.437193e+02
     784   2    4.642604e+02    2.260436e+03    8.174088e+02   -3.206210e+02
     784   3    4.907312e+02    2.172712e+03    7.990330e+02   -3.154534e+02
     785   1    7.722297e+01    3.692528e+03    1.130925e+03   -2.788805e+02
     785   2    6.941168e+01    3.770863e+03    1.152082e+03   -2.555635e+02
     785   3    8.578911e+01    3.679972e+03    1.129728e+03   -2.627299e+02
     786   1    8.657943e+01    3.701084e+03    1.136299e+03   -2.497270e+02
     786   2    6.797278e+01    3.789320e+03    1.157188e+03   -2.435305e+02
     786   3    7.615345e+01    3.772177e+03    1.154499e+03   -2.287079e+02
     787   1   -3.638895e+02    4.411943e+03    1.214416e+03    1.269623e+02
     787   2   -3.218055e+02    4.457485e+03    1.240704e+03    1.824785e+02
     787   3   -3.107966e+02    4.433429e+03    1.236790e+03    1.286534e+02
     788   1   -8.275955e+02    3.269237e+03    7.324924e+02   -6.457206e+02
     788   2   -8.478814e+02    3.144114e+03    6.888697e+02   -6.858947e+02
     788   3   -8.571219e+02    3.309113e+03    7.355972e+02   -6.408629e+02
     789   1    4.283691e+02    1.623759e+03    6.156385e+02   -4.347802e+02
     789   2    4.709193e+02    1.567262e+03    6.114543e+02   -3.955423e+02
     789   3    4.330179e+02    1.533539e+03    5.899669e+02   -4.221374e+02
     790   1    9.320496e+01    3.525549e+03    1.085626e+03   -3.261572e+02
     790   2    8.679884e+01    3.607182e+03    1.108194e+03   -3.021893e+02
     790   3    1.107538e+02    3.492267e+03    1.080906e+03   -3.091671e+02
     791   1    6.844766e+01    3.730053e+03    1.139550e+03   -2.804746e+02
     791   2    5.043063e+01    3.826233e+03    1.162999e+03   -2.694233e+02
     791   3    6.072439e+01    3.806590e+03    1.160194e+03   -2.574360e+02
     792   1    2.405785e+02    2.993539e+03    9.702353e+02   -3.303641e+02
     792   2    2.405527e+02    3.036102e+03    9.829964e+02   -3.054385e+02
     792   3    2.670779e+02    2.933501e+03    9.601737e+02   -3.121997e+02
     793   1    3.454674e+02    1.563603e+03    5.727210e+02   -4.898531e+02
     793   2    3.924354e+02    1.501130e+03    5.680695e+02   -4.477506e+02
     793   3    3.468642e+02    1.463984e+03    5.432545e+02   -4.752634e+02
     794   1   -9.443996e+00    3.831637e+03    1.146658e+03   -3.288545e+02
     794   2   -2.588304e+00    3.906156e+03    1.171070e+03   -3.053833e+02
     794   3    6.311157e+00    3.804817e+03    1.143338e+03   -3.264187e+02
     795   1    4.264873e+02    1.848754e+03    6.825724e+02   -4.408160e+02
     795   2    4.582395e+02    1.866141e+03    6.973140e+02   -4.126202e+02
     795   3    4.660377e+02    1.777813e+03    6.731552e+02   -4.089174e+02
     796   1    4.363511e+01    3.774645e+03    1.145484e+03   -3.029664e+02
     796   2    2.853836e+01    3.871526e+03    1.170019e+03   -2.876630e+02
     796   3    4.113878e+01    3.848986e+03    1.167037e+03   -2.795736e+02
     797   1   -3.928463e+02    4.494177e+03    1.230399e+03    2.584930e+02
     797   2   -3.874162e+02    4.535419e+03    1.244401e+03    3.168115e+02
     797   3   -3.422392e+02    4.522198e+03    1.253988e+03    3.142144e+02
     798   1   -3.908015e+02    4.459554e+03    1.220626e+03    2.016323e+02
     798   2   -3.407071e+02    4.465159e+03    1.237336e+03    2.012279e+02
     798   3   -3.854613e+02    4.417184e+03    1.209517e+03    1.444669e+02
     799   1   -2.007398e+02    3.876387e+03    1.102694e+03   -3.228928e+02
     799   2   -1.693604e+02    3.943531e+03    1.132251e+03   -3.008662e+02
     799   3   -1.715846e+02    3.837136e+03    1.099665e+03   -3.406617e+02
     800   1   -1.672363e+02    4.042493e+03    1.162577e+03   -2.608889e+02
     800   2   -1.903245e+02    4.079595e+03    1.166781e+03   -2.368767e+02
     800   3   -1.575962e+02    4.142487e+03    1.195467e+03   -2.205002e+02
     801   1    2.462026e+02    1.498543e+03    5.234235e+02   -5.461908e+02
     801   2    2.979031e+02    1.428585e+03    5.179463e+02   -5.015412e+02
     801   3    2.434934e+02    1.388130e+03    4.894870e+02   -5.296474e+02
     802   1   -1.110761e+02    3.768712e+03    1.097291e+03   -3.647301e+02
     802   2   -1.382538e+02    3.803782e+03    1.099659e+03   -3.543587e+02
     802   3   -1.141400e+02    3.875409e+03    1.128381e+03   -3.313883e+02
     803   1    1.524586e+02    4.884679e+03    1.511141e+03    6.393741e+02
     803   2    2.247155e+02    4.979181e+03    1.561169e+03    6.148114e+02
     803   3    1.960913e+02    4.787634e+03    1.495118e+03    6.399374e+02
     804   1    7.241982e+01    4.837880e+03    1.473090e+03    6.575092e+02
     804   2    4.326754e+01    4.713163e+03    1.426929e+03    6.712309e+02
     804   3    1.023223e+01    4.825928e+03    1.450848e+03    6.576463e+02
     805   1    1.282264e+02    1.428908e+03    4.671405e+02   -6.027441e+02
     805   2    1.846816e+02    1.349774e+03    4.603368e+02   -5.560723e+02
     805   3    1.201857e+02    1.306204e+03    4.279168e+02   -5.840309e+02
     806   1    1.633084e+02    1.957476e+03    6.362353e+02   -6.155163e+02
     806   2    2.131415e+02    1.967840e+03    6.542943e+02   -5.864837e+02
     806   3    2.141350e+02    1.857265e+03    6.214199e+02   -5.883695e+02
     807   1   -7.138996e+01    3.914653e+03    1.152979e+03   -3.194711e+02
     807   2   -9.154000e+01    3.946624e+03    1.156525e+03   -3.100476e+02
     807   3   -7.241301e+01    4.017971e+03    1.183667e+03   -2.890228e+02
     808   1   -1.870101e+01    3.874425e+03    1.156717e+03   -3.210654e+02
     808   2   -2.743977e+01    3.974285e+03    1.184054e+03   -2.970628e+02
     808   3   -1.010227e+01    3.948167e+03    1.181420e+03   -2.985450e+02
     809   1    5.665485e+01    3.578605e+03    1.090578e+03   -3.517866e+02
     809   2    5.574399e+01    3.656724e+03    1.113741e+03   -3.279685e+02
     809   3    7.365244e+01    3.551553e+03    1.087562e+03   -3.403209e+02
     810   1    1.672210e+01    3.628011e+03    1.093420e+03   -3.686038e+02
     810   2    2.120364e+01    3.705460e+03    1.117999e+03   -3.446442e+02
     810   3    3.569926e+01    3.602472e+03    1.091451e+03   -3.613392e+02
     811   1   -1.098894e+01    1.354799e+03    4.031429e+02   -6.574659e+02
     811   2    4.977834e+01    1.264794e+03    3.943718e+02   -6.095648e+02
     811   3   -2.613035e+01    1.218247e+03    3.576350e+02   -6.359625e+02
     812   1    1.604432e+02    1.725181e+03    5.656871e+02   -6.169553e+02
     812   2    2.143770e+02    1.744877e+03    5.877763e+02   -5.878716e+02
     812   3    2.129798e+02    1.630302e+03    5.529846e+02   -5.809552e+02
     813   1   -7.095815e+00    3.652621e+03    1.093658e+03   -3.735129e+02
     813   2   -2.884858e+01    3.680492e+03    1.095493e+03   -3.756959e+02
     813   3   -1.836591e+01    3.756896e+03    1.121559e+03   -3.517908e+02
     814   1   -3.002341e+01    3.857493e+03    1.148241e+03   -3.286836e+02
     814   2   -4.803207e+01    3.886828e+03    1.151639e+03   -3.255645e+02
     814   3   -3.530067e+01    3.960240e+03    1.177482e+03   -3.030500e+02
     815   1   -1.731375e+02    1.277225e+03    3.312263e+02   -7.066746e+02
     815   2   -1.096938e+02    1.174150e+03    3.193367e+02   -6.587273e+02
     815   3   -1.972391e+02    1.126357e+03    2.787353e+02   -6.811097e+02
     816   1   -1.931006e+02    3.659224e+03    1.039837e+03   -4.045925e+02
     816   2   -1.646993e+02    3.732739e+03    1.070412e+03   -3.783813e+02
     816   3   -1.584884e+02    3.620487e+03    1.038600e+03   -4.148377e+02
     817   1   -7.374510e+02    7.861045e+02    1.459603e+01   -6.784156e+02
     817   2   -8.388822e+02    5.932724e+02   -7.368296e+01   -6.042762e+02
     817   3   -8.692205e+02    7.380454e+02   -3.935253e+01   -6.572202e+02
     818   1   -9.524527e+02    1.734731e+03    2.346836e+02   -7.956297e+02
     818   2   -9.650051e+02    1.709517e+03    2.233535e+02   -7.538128e+02
     818   3   -9.341106e+02    2.075415e+03    3.423913e+02   -8.024193e+02
     819   1   -1.256978e+03    5.296972e+02   -2.181842e+02   -4.724136e+02
     819   2   -1.490805e+03    2.521794e+02   -3.715878e+02   -2.972409e+02
     819   3   -1.421150e+03    4.177084e+02   -3.010324e+02   -3.411819e+02
     820   1   -1.226146e+03    4.996650e+02   -2.179442e+02   -4.934831e+02
     820   2   -1.211311e+03    4.075888e+02   -2.411167e+02   -4.711861e+02
     820   3   -1.408290e+03    2.758499e+02   -3.397321e+02   -3.487203e+02
     821   1   -9.164843e+02    2.183125e+03    3.799922e+02   -7.958007e+02
     821   2   -9.619875e+02    1.792459e+03    2.491415e+02   -7.411468e+02
     821   3   -8.944511e+02    2.131576e+03    3.711373e+02   -7.666508e+02
     822   1   -8.355046e+02    2.904588e+03    6.207249e+02   -7.447378e+02
     822   2   -8.374066e+02    2.476002e+03    4.915787e+02   -7.598025e+02
     822   3   -7.548525e+02    2.853344e+03    6.295474e+02   -7.581554e+02
     823   1   -3.389135e+02    4.850744e+03    1.353549e+03   -2.866086e+02
     823   2   -2.869312e+02    4.678890e+03    1.317588e+03   -4.928427e+02
     823   3   -1.659706e+02    5.021399e+03    1.456628e+03   -4.214151e+02
     824   1   -1.132140e+02    5.337170e+03    1.567187e+03   -4.961008e+01
     824   2   -5.258392e+01    5.315587e+03    1.578901e+03   -3.105354e+02
     824   3    7.640657e+01    5.589189e+03    1.699679e+03   -2.445327e+02
     825   1   -7.136944e+02    1.144522e+03    1.292484e+02   -7.776179e+02
     825   2   -6.065556e+02    1.169500e+03    1.688833e+02   -7.802660e+02
     825   3   -6.717193e+02    9.728412e+02    9.033656e+01   -7.327398e+02
     826   1   -9.720775e+02    1.522895e+03    1.652453e+02   -7.660545e+02
     826   2   -1.063498e+03    1.208060e+03    4.336861e+01   -6.748264e+02
     826   3   -1.007849e+03    1.488763e+03    1.442741e+02   -7.187944e+02
     827   1   -7.684543e+02    3.449681e+03    8.043679e+02   -6.491208e+02
     827   2   -8.302383e+02    3.137001e+03    6.920289e+02   -7.084299e+02
     827   3   -7.365848e+02    3.098174e+03    7.084768e+02   -7.318406e+02
     828   1   -4.442203e+02    4.240796e+03    1.138973e+03   -4.108475e+01
     828   2   -3.910241e+02    4.271061e+03    1.164011e+03   -2.478686e+01
     828   3   -4.225831e+02    4.185866e+03    1.128985e+03   -9.006925e+01
     829   1   -7.082067e+02    3.562879e+03    8.564017e+02   -6.439803e+02
     829   2   -6.808180e+02    3.201230e+03    7.561235e+02   -7.259674e+02
     829   3   -5.843560e+02    3.593284e+03    9.026784e+02   -6.974653e+02
     830   1   -5.615100e+02    4.264602e+03    1.110928e+03   -4.612594e+02
     830   2   -5.033318e+02    3.964833e+03    1.038450e+03   -6.274816e+02
     830   3   -3.943384e+02    4.341679e+03    1.184202e+03   -5.740011e+02
     831   1    1.218984e+02    5.409545e+03    1.659433e+03    4.284556e+02
     831   2    8.762084e+01    5.249987e+03    1.601282e+03    5.135172e+02
     831   3    2.327357e+01    5.312122e+03    1.600619e+03    4.275350e+02
     832   1   -2.468970e+02    5.029682e+03    1.434835e+03    4.168125e+02
     832   2   -1.803552e+02    4.998649e+03    1.445488e+03    5.096398e+02
     832   3   -2.699553e+02    4.923933e+03    1.396193e+03    4.839012e+02
     833   1   -5.354601e+02    4.749653e+03    1.264258e+03   -2.033426e+01
     833   2   -4.696013e+02    4.857796e+03    1.316459e+03    8.108198e+01
     833   3   -5.465660e+02    4.739703e+03    1.257941e+03    6.966631e+01
     834   1   -5.670099e+02    4.544621e+03    1.193283e+03    1.695630e+02
     834   2   -5.407109e+02    4.627700e+03    1.226097e+03    2.228479e+02
     834   3   -5.076450e+02    4.605532e+03    1.229366e+03    2.606331e+02
     835   1   -9.419115e+02    6.582209e+02   -8.510719e+01   -6.219707e+02
     835   2   -9.156635e+02    5.238635e+02   -1.175400e+02   -5.736223e+02
     835   3   -1.035231e+03    4.912906e+02   -1.631820e+02   -5.464099e+02
     836   1   -9.800817e+02    1.198086e+03    6.540130e+01   -7.392843e+02
     836   2   -1.040529e+03    1.156952e+03    3.492694e+01   -6.873665e+02
     836   3   -9.735363e+02    1.438759e+03    1.395669e+02   -7.673121e+02
     837   1    6.462592e+02    1.921893e+03    7.704456e+02   -1.800088e+02
     837   2    6.308166e+02    1.980044e+03    7.832581e+02   -1.759026e+02
     837   3    6.561469e+02    1.937889e+03    7.782108e+02   -1.520354e+02
     838   1    6.486250e+02    1.868065e+03    7.550071e+02   -1.991765e+02
     838   2    6.621638e+02    1.797860e+03    7.380071e+02   -1.980359e+02
     838   3    6.347072e+02    1.851706e+03    7.459240e+02   -2.239690e+02
     839   1   -1.224936e+02    4.949910e+03    1.448225e+03    5.764623e+02
     839   2   -6.786834e+01    4.871477e+03    1.441082e+03    6.295878e+02
     839   3   -1.485230e+02    4.833750e+03    1.405568e+03    6.112674e+02
     840   1   -2.726275e+02    4.833494e+03    1.368260e+03    5.204515e+02
     840   2   -2.105252e+02    4.789719e+03    1.373758e+03    5.822777e+02
     840   3   -2.720404e+02    4.749492e+03    1.343236e+03    5.480877e+02
     841   1   -3.795930e+02    4.718757e+03    1.301749e+03    4.366742e+02
     841   2   -3.168844e+02    4.704030e+03    1.316144e+03    5.045650e+02
     841   3   -3.582802e+02    4.663669e+03    1.291617e+03    4.579164e+02
     842   1   -4.041898e+02    4.842352e+03    1.331449e+03    3.558160e+02
     842   2   -3.373634e+02    4.845400e+03    1.352411e+03    4.474119e+02
     842   3   -3.991342e+02    4.775997e+03    1.313059e+03    4.078427e+02
     843   1   -3.939720e+02    4.185185e+03    1.137364e+03   -9.891522e+01
     843   2   -3.681651e+02    4.263638e+03    1.168642e+03   -3.623244e+01
     843   3   -3.422127e+02    4.224546e+03    1.164700e+03   -8.214990e+01
     844   1   -3.368219e+02    4.091643e+03    1.126446e+03   -1.820929e+02
     844   2   -3.194961e+02    4.179474e+03    1.157993e+03   -1.252353e+02
     844   3   -2.897399e+02    4.141842e+03    1.155631e+03   -1.639834e+02
     845   1   -2.743637e+02    4.004444e+03    1.119024e+03   -2.497830e+02
     845   2   -2.647091e+02    4.099061e+03    1.150306e+03   -1.992874e+02
     845   3   -2.335373e+02    4.063209e+03    1.148902e+03   -2.303025e+02
     846   1   -3.923327e+02    3.883075e+03    1.047223e+03   -2.977646e+02
     846   2   -4.276352e+02    3.939434e+03    1.053540e+03   -2.638182e+02
     846   3   -3.788595e+02    3.993237e+03    1.084313e+03   -2.366842e+02
     847   1    1.603412e+02    5.203246e+03    1.609076e+03    5.532658e+02
     847   2    2.729073e+02    5.352577e+03    1.687645e+03    5.069304e+02
     847   3    2.515005e+02    5.178257e+03    1.628927e+03    5.712380e+02
     848   1    2.559756e+01    5.083905e+03    1.532851e+03    5.812263e+02
     848   2   -2.879615e+01    4.930686e+03    1.470567e+03    6.197976e+02
     848   3   -7.408818e+01    5.012240e+03    1.481446e+03    5.718366e+02
     849   1   -4.453745e+02    4.606495e+03    1.248336e+03    3.332206e+02
     849   2   -3.863338e+02    4.617087e+03    1.269226e+03    4.045872e+02
     849   3   -4.083759e+02    4.576275e+03    1.250370e+03    3.505403e+02
     850   1   -3.823611e+02    4.887914e+03    1.351666e+03    3.485661e+02
     850   2   -3.059964e+02    4.990101e+03    1.405231e+03    3.803411e+02
     850   3   -3.133756e+02    4.906621e+03    1.377974e+03    4.405470e+02
     851   1   -1.368815e+02    1.344143e+03    3.621784e+02   -7.068681e+02
     851   2   -5.547880e+01    1.378590e+03    3.969335e+02   -6.826930e+02
     851   3   -7.508013e+01    1.233734e+03    3.475963e+02   -6.593530e+02
     852   1   -3.577341e+02    1.195789e+03    2.514164e+02   -7.439415e+02
     852   2   -2.949314e+02    1.079398e+03    2.353400e+02   -6.978461e+02
     852   3   -3.942117e+02    1.029771e+03    1.906677e+02   -7.120459e+02
     853   1   -6.227690e+02    4.562156e+03    1.181816e+03    6.002999e+01
     853   2   -5.811517e+02    4.664340e+03    1.224957e+03    1.024711e+02
     853   3   -5.608337e+02    4.656721e+03    1.228766e+03    1.672931e+02
     854   1   -4.403192e+02    4.284416e+03    1.153229e+03   -1.813267e+00
     854   2   -4.054697e+02    4.350642e+03    1.183552e+03    6.571853e+01
     854   3   -3.863080e+02    4.310463e+03    1.177247e+03    1.383853e+01
     855   1   -4.733014e+02    4.496166e+03    1.206859e+03    2.201277e+02
     855   2   -4.209230e+02    4.528592e+03    1.232301e+03    2.924396e+02
     855   3   -4.258525e+02    4.487567e+03    1.218514e+03    2.355919e+02
     856   1   -5.000716e+02    4.708621e+03    1.262565e+03    2.688981e+02
     856   2   -4.510971e+02    4.797744e+03    1.303994e+03    3.138026e+02
     856   3   -4.343915e+02    4.750725e+03    1.294900e+03    3.609285e+02
     857   1   -2.108911e+02    3.924064e+03    1.113952e+03   -3.015160e+02
     857   2   -2.079650e+02    4.023136e+03    1.144551e+03   -2.575835e+02
     857   3   -1.771884e+02    3.989335e+03    1.143644e+03   -2.807866e+02
     858   1   -2.602721e+02    1.596191e+03    4.007756e+02   -7.800263e+02
     858   2   -1.786192e+02    1.615249e+03    4.309889e+02   -7.574020e+02
     858   3   -1.993589e+02    1.461332e+03    3.785920e+02   -7.462173e+02
     859   1   -4.904819e+02    4.400380e+03    1.172970e+03    1.190987e+02
     859   2   -4.917761e+02    4.460558e+03    1.190634e+03    1.771581e+02
     859   3   -4.421519e+02    4.458514e+03    1.204909e+03    1.918583e+02
     860   1   -5.841739e+02    4.320836e+03    1.120998e+03    9.769027e+00
     860   2   -5.322449e+02    4.336792e+03    1.141364e+03    3.949849e+01
     860   3   -5.736619e+02    4.247386e+03    1.102117e+03   -4.396318e+01
     861   1    1.719173e+02    3.336853e+03    1.052631e+03   -2.651474e+02
     861   2    1.496333e+02    3.435166e+03    1.075440e+03   -2.531432e+02
     861   3    1.712498e+02    3.371884e+03    1.062940e+03   -2.398917e+02
     862   1    2.949484e+02    2.878674e+03    9.520867e+02   -2.913933e+02
     862   2    2.919627e+02    2.923671e+03    9.646903e+02   -2.654428e+02
     862   3    3.200583e+02    2.825071e+03    9.435388e+02   -2.695437e+02
     863   1    3.864729e+02    2.632787e+03    9.057779e+02   -2.566038e+02
     863   2    3.565330e+02    2.726970e+03    9.250508e+02   -2.555170e+02
     863   3    3.825209e+02    2.678998e+03    9.184555e+02   -2.303059e+02
     864   1    4.648453e+02    2.402554e+03    8.602198e+02   -2.456694e+02
     864   2    4.606549e+02    2.449176e+03    8.729492e+02   -2.205028e+02
     864   3    4.903492e+02    2.359165e+03    8.548541e+02   -2.182245e+02
     865   1    5.350677e+02    2.177212e+03    8.136840e+02   -2.440179e+02
     865   2    5.620049e+02    2.141870e+03    8.111626e+02   -2.146206e+02
     865   3    5.679653e+02    2.084214e+03    7.956539e+02   -2.359322e+02
     866   1    5.849867e+02    2.049913e+03    7.904700e+02   -2.234030e+02
     866   2    5.786731e+02    2.108224e+03    8.060692e+02   -2.023527e+02
     866   3    6.028650e+02    2.041612e+03    7.933432e+02   -1.945529e+02
     867   1    3.515097e+02    2.682668e+03    9.102533e+02   -2.983302e+02
     867   2    3.492806e+02    2.729058e+03    9.235016e+02   -2.722640e+02
     867   3    3.781443e+02    2.632357e+03    9.031503e+02   -2.739538e+02
     868   1    4.873377e+02    1.885237e+03    7.117723e+02   -3.842231e+02
     868   2    5.127325e+02    1.901098e+03    7.241492e+02   -3.572465e+02
     868   3    5.229640e+02    1.820147e+03    7.029334e+02   -3.546038e+02
     869   1    5.100147e+02    2.024714e+03    7.604186e+02   -3.361113e+02
     869   2    5.389113e+02    1.982655e+03    7.564699e+02   -3.127350e+02
     869   3    5.201882e+02    1.961532e+03    7.445160e+02   -3.391519e+02
     870   1    5.241525e+02    2.225814e+03    8.249900e+02   -2.379602e+02
     870   2    5.206512e+02    2.273228e+03    8.381637e+02   -2.142978e+02
     870   3    5.494651e+02    2.188359e+03    8.213472e+02   -2.095687e+02
     871   1    4.457818e+02    2.447749e+03    8.680593e+02   -2.555910e+02
     871   2    4.156997e+02    2.538325e+03    8.862073e+02   -2.569077e+02
     871   3    4.424489e+02    2.493691e+03    8.808419e+02   -2.299897e+02
     872   1    4.749975e+02    2.356167e+03    8.493492e+02   -2.533827e+02
     872   2    5.023670e+02    2.314789e+03    8.451469e+02   -2.250113e+02
     872   3    5.053939e+02    2.268278e+03    8.321015e+02   -2.492054e+02
     873   1    2.222748e+02    3.132800e+03    1.006522e+03   -2.835316e+02
     873   2    1.956746e+02    3.235738e+03    1.029424e+03   -2.754004e+02
     873   3    2.208296e+02    3.174736e+03    1.018670e+03   -2.578338e+02
     874   1    2.486246e+02    3.030274e+03    9.836696e+02   -2.908755e+02
     874   2    2.749098e+02    2.974892e+03    9.749406e+02   -2.706944e+02
     874   3    2.762406e+02    2.930162e+03    9.619207e+02   -2.968638e+02
     875   1    5.318436e+02    1.885311e+03    7.251464e+02   -3.384291e+02
     875   2    5.666472e+02    1.831362e+03    7.194028e+02   -3.098711e+02
     875   3    5.436811e+02    1.809082e+03    7.058288e+02   -3.363318e+02
     876   1    5.352863e+02    1.920941e+03    7.368683e+02   -3.302054e+02
     876   2    5.534954e+02    1.942177e+03    7.487018e+02   -3.051038e+02
     876   3    5.675960e+02    1.861762e+03    7.288075e+02   -3.027090e+02
     877   1    5.094254e+02    2.059421e+03    7.706539e+02   -3.283676e+02
     877   2    5.161452e+02    2.095991e+03    7.836409e+02   -3.092900e+02
     877   3    5.365749e+02    2.014045e+03    7.651859e+02   -3.059477e+02
     878   1    4.805989e+02    1.848958e+03    6.988670e+02   -3.927033e+02
     878   2    5.186495e+02    1.788723e+03    6.922117e+02   -3.620988e+02
     878   3    4.899015e+02    1.765146e+03    6.765142e+02   -3.895394e+02
     879   1    4.167478e+02    1.809303e+03    6.678153e+02   -4.492810e+02
     879   2    4.587859e+02    1.743238e+03    6.606072e+02   -4.163708e+02
     879   3    4.236812e+02    1.717661e+03    6.424026e+02   -4.447313e+02
     880   1    4.112720e+02    2.033001e+03    7.332821e+02   -4.360329e+02
     880   2    4.426914e+02    2.038034e+03    7.442178e+02   -4.057825e+02
     880   3    4.497551e+02    1.953403e+03    7.209473e+02   -4.106620e+02
     881   1    1.133030e+02    3.517092e+03    1.089119e+03   -2.950660e+02
     881   2    8.664339e+01    3.628504e+03    1.114544e+03   -2.892696e+02
     881   3    9.764004e+01    3.616850e+03    1.114347e+03   -2.722670e+02
     882   1    1.969497e+02    3.148845e+03    1.003738e+03   -3.250893e+02
     882   2    2.239476e+02    3.089919e+03    9.941599e+02   -3.086036e+02
     882   3    2.219590e+02    3.047582e+03    9.808624e+02   -3.337483e+02
     883   1   -4.692087e+02    4.388446e+03    1.175771e+03    1.061657e+02
     883   2   -4.252449e+02    4.439380e+03    1.204240e+03    1.770712e+02
     883   3   -4.163288e+02    4.398546e+03    1.194665e+03    1.212384e+02
     884   1   -5.525483e+02    4.182708e+03    1.089048e+03   -9.315481e+01
     884   2   -4.982648e+02    4.213602e+03    1.114601e+03   -6.489054e+01
     884   3   -5.298257e+02    4.114650e+03    1.075447e+03   -1.418666e+02
     885   1    3.398487e+02    1.766668e+03    6.319550e+02   -5.070601e+02
     885   2    3.859817e+02    1.694011e+03    6.239979e+02   -4.723181e+02
     885   3    3.437792e+02    1.666362e+03    6.030422e+02   -5.014882e+02
     886   1    1.195765e+02    3.339053e+03    1.037589e+03   -3.596371e+02
     886   2    1.000727e+02    3.369385e+03    1.040837e+03   -3.738789e+02
     886   3    9.722525e+01    3.448572e+03    1.063739e+03   -3.502151e+02
     887   1    7.966861e+01    3.571820e+03    1.095447e+03   -3.277252e+02
     887   2    5.857472e+01    3.673206e+03    1.119534e+03   -3.168102e+02
     887   3    7.409359e+01    3.651315e+03    1.117623e+03   -3.043651e+02
     888   1    4.259878e+02    2.243095e+03    8.007249e+02   -3.752464e+02
     888   2    3.890229e+02    2.276557e+03    7.996740e+02   -4.083390e+02
     888   3    3.977413e+02    2.339225e+03    8.210899e+02   -3.799081e+02
     889   1    2.481354e+02    1.721746e+03    5.909645e+02   -5.657833e+02
     889   2    2.985246e+02    1.641110e+03    5.818903e+02   -5.296970e+02
     889   3    2.483431e+02    1.611569e+03    5.579736e+02   -5.594468e+02
     890   1    4.619551e+00    3.671194e+03    1.102744e+03   -3.638788e+02
     890   2   -1.034256e+01    3.771736e+03    1.128418e+03   -3.438583e+02
     890   3    1.038700e+01    3.747054e+03    1.127232e+03   -3.406733e+02
     891   1   -1.495553e+02    3.850701e+03    1.110344e+03   -3.376736e+02
     891   2   -1.523870e+02    3.952235e+03    1.139954e+03   -3.002276e+02
     891   3   -1.232806e+02    3.920663e+03    1.139215e+03   -3.159089e+02
     892   1   -9.249144e+01    3.784412e+03    1.107576e+03   -3.591872e+02
     892   2   -1.001428e+02    3.886697e+03    1.135966e+03   -3.279762e+02
     892   3   -7.352179e+01    3.857502e+03    1.135194e+03   -3.366587e+02
     893   1    2.646512e+02    1.767914e+03    6.097695e+02   -5.576681e+02
     893   2    3.102258e+02    1.787278e+03    6.292510e+02   -5.286437e+02
     893   3    3.126572e+02    1.682537e+03    5.985584e+02   -5.225477e+02
     894   1    1.397806e+02    1.675270e+03    5.445151e+02   -6.247792e+02
     894   2    1.944310e+02    1.584931e+03    5.338087e+02   -5.879406e+02
     894   3    1.353894e+02    1.553802e+03    5.067574e+02   -6.177538e+02
     895   1   -4.094469e+01    3.724884e+03    1.105182e+03   -3.674015e+02
     895   2   -5.258201e+01    3.826643e+03    1.132218e+03   -3.420271e+02
     895   3   -2.885175e+01    3.799763e+03    1.131273e+03   -3.444118e+02
     896   1   -8.891761e+01    3.553963e+03    1.039514e+03   -4.246454e+02
     896   2   -1.206135e+02    3.587410e+03    1.040039e+03   -4.212519e+02
     896   3   -9.963804e+01    3.664340e+03    1.069411e+03   -3.954709e+02
     897   1   -3.131134e+02    3.784451e+03    1.041401e+03   -3.523835e+02
     897   2   -3.501184e+02    3.834795e+03    1.045403e+03   -3.266019e+02
     897   3   -3.072786e+02    3.896945e+03    1.076900e+03   -2.997559e+02
     898   1   -2.360212e+02    3.913146e+03    1.103137e+03   -3.016696e+02
     898   2   -2.661215e+02    3.956590e+03    1.107140e+03   -2.760027e+02
     898   3   -2.276311e+02    4.017561e+03    1.136979e+03   -2.552027e+02
     899   1    3.415658e+02    2.008297e+03    7.049590e+02   -4.965828e+02
     899   2    3.778975e+02    2.021257e+03    7.197463e+02   -4.664480e+02
     899   3    3.842360e+02    1.923867e+03    6.924310e+02   -4.696640e+02
     900   1    4.435310e+01    3.621922e+03    1.099883e+03   -3.501377e+02
     900   2    2.650054e+01    3.721309e+03    1.124343e+03   -3.349773e+02
     900   3    4.444942e+01    3.698254e+03    1.122811e+03   -3.269372e+02
     901   1    1.305155e+01    1.627735e+03    4.922359e+02   -6.826869e+02
     901   2    7.163753e+01    1.525896e+03    4.792600e+02   -6.458365e+02
     901   3    2.921824e+00    1.493394e+03    4.488948e+02   -6.747398e+02
     902   1   -5.829859e+01    2.180951e+03    6.367959e+02   -7.064941e+02
     902   2    3.893142e+00    2.174452e+03    6.535035e+02   -6.808704e+02
     902   3   -2.863509e+00    2.053428e+03    6.151693e+02   -6.925358e+02
     903   1    2.595525e+02    1.981823e+03    6.724126e+02   -5.564255e+02
     903   2    3.020541e+02    1.993627e+03    6.887043e+02   -5.269727e+02
     903   3    3.062937e+02    1.890541e+03    6.590503e+02   -5.289938e+02
     904   1   -5.602210e+01    3.707539e+03    1.095455e+03   -3.751596e+02
     904   2   -8.060619e+01    3.738679e+03    1.097422e+03   -3.714771e+02
     904   3   -6.354232e+01    3.813322e+03    1.124934e+03   -3.478780e+02
     905   1    5.470873e+01    3.421123e+03    1.042750e+03   -3.990746e+02
     905   2    5.642499e+01    3.501386e+03    1.067343e+03   -3.750750e+02
     905   3    7.639884e+01    3.395206e+03    1.041481e+03   -3.874039e+02
     906   1    3.991574e+01    3.465139e+03    1.051517e+03   -3.975387e+02
     906   2    1.893996e+01    3.566857e+03    1.075739e+03   -3.823124e+02
     906   3    4.257810e+01    3.543354e+03    1.075780e+03   -3.741029e+02
     907   1   -1.330820e+02    1.579749e+03    4.340002e+02   -7.369819e+02
     907   2   -7.168933e+01    1.464356e+03    4.178001e+02   -7.011005e+02
     907   3   -1.502910e+02    1.431119e+03    3.842485e+02   -7.273267e+02
     908   1    5.119776e+01    1.935721e+03    5.960757e+02   -6.734853e+02
     908   2    1.092594e+02    1.944560e+03    6.161457e+02   -6.451183e+02
     908   3    1.060104e+02    1.824754e+03    5.792294e+02   -6.473677e+02
     909   1   -5.599464e+02    1.123127e+03    1.689543e+02   -7.631667e+02
     909   2   -5.052218e+02    9.841049e+02    1.436649e+02   -7.193125e+02
     909   3   -6.124961e+02    9.406303e+02    9.844026e+01   -7.214303e+02
     910   1   -8.577335e+02    1.960361e+03    3.307882e+02   -8.430886e+02
     910   2   -8.465135e+02    1.701395e+03    2.564645e+02   -8.407632e+02
     910   3   -9.058433e+02    1.712406e+03    2.419689e+02   -8.203757e+02
     911   1   -1.209306e+03    6.651282e+02   -1.632532e+02   -5.304173e+02
     911   2   -1.298632e+03    5.842720e+02   -2.143079e+02   -4.155105e+02
     911   3   -1.170236e+03    8.473441e+02   -9.686744e+01   -5.679441e+02
     912   1   -1.000373e+03    1.037773e+03    1.122022e+01   -7.004563e+02
     912   2   -1.124614e+03    7.712148e+02   -1.060197e+02   -5.951254e+02
     912   3   -1.096767e+03    9.827112e+02   -3.421685e+01   -6.418959e+02
     913   1   -9.815932e+02    9.784708e+02   -9.367304e-01   -6.993955e+02
     913   2   -9.679390e+02    8.083897e+02   -4.786480e+01   -6.637726e+02
     913   3   -1.074703e+03    7.513676e+02   -9.700060e+01   -6.087804e+02
     914   1   -6.897240e+02    1.541238e+03    2.554542e+02   -8.410106e+02
     914   2   -7.498428e+02    1.330553e+03    1.742129e+02   -8.087600e+02
     914   3   -7.807104e+02    1.541864e+03    2.283462e+02   -8.372454e+02
     915   1   -3.541763e+02    5.016222e+03    1.398614e+03    1.581721e+02
     915   2   -2.380297e+02    5.179613e+03    1.482475e+03    1.469236e+02
     915   3   -2.758722e+02    5.095904e+03    1.446009e+03    2.805806e+02
     916   1   -2.795089e+01    5.365221e+03    1.601181e+03    3.062227e+02
     916   2   -8.877023e+01    5.363669e+03    1.582470e+03    1.539829e+02
     916   3    5.750266e+01    5.547168e+03    1.681401e+03    1.890381e+02
     917   1   -6.224434e+02    8.331134e+02    6.320100e+01   -6.863239e+02
     917   2   -4.992345e+02    8.829283e+02    1.151082e+02   -6.877839e+02
     917   3   -5.669319e+02    7.061112e+02    4.175381e+01   -6.301066e+02
     918   1   -8.085052e+02    1.116042e+03    9.226090e+01   -7.657949e+02
     918   2   -8.955597e+02    8.942188e+02   -4.022809e-01   -6.991228e+02
     918   3   -9.166426e+02    1.081741e+03    4.952942e+01   -7.407541e+02
     919   1   -8.552264e+02    1.537502e+03    2.046828e+02   -8.226959e+02
     919   2   -9.293603e+02    1.289951e+03    1.081771e+02   -7.699072e+02
     919   3   -9.278688e+02    1.542848e+03    1.844938e+02   -8.027254e+02
     920   1   -5.094413e+02    1.200363e+03    2.072766e+02   -7.749883e+02
     920   2   -4.073153e+02    1.231351e+03    2.472108e+02   -7.650302e+02
     920   3   -4.526637e+02    1.053800e+03    1.803410e+02   -7.291720e+02
     921   1   -5.054997e+02    4.675716e+03    1.251065e+03    2.685547e+02
     921   2   -4.434828e+02    4.703310e+03    1.277948e+03    3.594112e+02
     921   3   -4.807465e+02    4.637937e+03    1.247157e+03    3.097366e+02
     922   1   -5.372215e+02    4.736694e+03    1.259842e+03    1.491858e+02
     922   2   -4.742665e+02    4.795581e+03    1.296394e+03    2.572360e+02
     922   3   -5.301400e+02    4.703020e+03    1.251864e+03    2.191543e+02
     923   1   -4.348150e+02    3.994763e+03    1.067984e+03   -2.300609e+02
     923   2   -4.200657e+02    4.090545e+03    1.101144e+03   -1.639741e+02
     923   3   -3.854004e+02    4.042457e+03    1.097117e+03   -2.035780e+02
     924   1   -3.609549e+02    3.889182e+03    1.058468e+03   -2.981771e+02
     924   2   -3.545731e+02    3.990368e+03    1.090738e+03   -2.402667e+02
     924   3   -3.169789e+02    3.946274e+03    1.088788e+03   -2.721811e+02
     925   1   -6.021947e+02    3.963772e+03    1.008473e+03   -2.576831e+02
     925   2   -5.492076e+02    4.014450e+03    1.039573e+03   -2.194749e+02
     925   3   -5.691359e+02    3.891378e+03    9.966726e+02   -2.974502e+02
     926   1   -4.995022e+02    4.111061e+03    1.083468e+03   -1.467386e+02
     926   2   -4.752924e+02    4.199093e+03    1.117140e+03   -7.295175e+01
     926   3   -4.467988e+02    4.147118e+03    1.110096e+03   -1.194941e+02
     927   1   -2.837728e+02    3.794388e+03    1.053185e+03   -3.503429e+02
     927   2   -2.845568e+02    3.898903e+03    1.084304e+03   -3.006976e+02
     927   3   -2.465485e+02    3.858862e+03    1.083694e+03   -3.247101e+02
     928   1   -3.023611e+02    3.551206e+03    9.746536e+02   -4.506979e+02
     928   2   -3.461925e+02    3.600554e+03    9.763084e+02   -4.343158e+02
     928   3   -3.072084e+02    3.673979e+03    1.010031e+03   -4.023691e+02
     929   1   -5.591451e+02    4.520629e+03    1.188445e+03    1.647028e+02
     929   2   -5.047079e+02    4.568255e+03    1.219064e+03    2.539498e+02
     929   3   -5.197373e+02    4.506004e+03    1.195880e+03    1.993940e+02
     930   1   -5.210318e+02    4.768890e+03    1.274358e+03    1.315150e+02
     930   2   -4.552325e+02    4.879658e+03    1.327328e+03    1.527660e+02
     930   3   -4.511545e+02    4.854769e+03    1.321084e+03    2.425172e+02
     931   1   -7.464678e+02    4.019553e+03    9.819257e+02   -2.765913e+02
     931   2   -7.005516e+02    4.079106e+03    1.013566e+03   -2.212964e+02
     931   3   -7.292721e+02    3.932533e+03    9.609783e+02   -3.154846e+02
     932   1   -5.476302e+02    4.237830e+03    1.107060e+03   -5.024256e+01
     932   2   -5.131700e+02    4.315448e+03    1.140683e+03    3.028372e+01
     932   3   -4.948113e+02    4.259778e+03    1.129490e+03   -2.170235e+01
     933   1   -5.891104e+02    4.390882e+03    1.140532e+03    6.208565e+01
     933   2   -5.830768e+02    4.469319e+03    1.165873e+03    1.178098e+02
     933   3   -5.381175e+02    4.467673e+03    1.178867e+03    1.503586e+02
     934   1   -7.345885e+02    4.173139e+03    1.031565e+03   -3.447558e+02
     934   2   -6.655412e+02    4.305692e+03    1.092045e+03   -3.302637e+02
     934   3   -6.840661e+02    4.389470e+03    1.111621e+03   -2.239849e+02
     935   1   -1.024800e+02    1.638504e+03    4.608073e+02   -7.312042e+02
     935   2   -2.929661e+01    1.658142e+03    4.886538e+02   -7.045120e+02
     935   3   -4.192981e+01    1.519068e+03    4.431414e+02   -6.955383e+02
     936   1   -2.961239e+02    1.532183e+03    3.708178e+02   -7.829671e+02
     936   2   -2.355826e+02    1.401021e+03    3.496315e+02   -7.496084e+02
     936   3   -3.229136e+02    1.366911e+03    3.131994e+02   -7.701628e+02
     937   1   -5.705406e+02    4.374552e+03    1.141203e+03    5.557944e+01
     937   2   -5.256813e+02    4.438787e+03    1.173932e+03    1.413828e+02
     937   3   -5.218530e+02    4.379705e+03    1.157356e+03    8.639319e+01
     938   1   -6.558657e+02    4.115526e+03    1.037898e+03   -1.712065e+02
     938   2   -6.039144e+02    4.154966e+03    1.065315e+03   -1.298500e+02
     938   3   -6.344850e+02    4.035347e+03    1.020259e+03   -2.171401e+02
     939   1    3.321391e+02    2.732270e+03    9.193227e+02   -3.055194e+02
     939   2    3.036414e+02    2.829651e+03    9.399876e+02   -3.019415e+02
     939   3    3.313635e+02    2.778206e+03    9.328708e+02   -2.791248e+02
     940   1    4.089389e+02    2.491687e+03    8.701878e+02   -3.004841e+02
     940   2    4.078774e+02    2.539139e+03    8.841050e+02   -2.743176e+02
     940   3    4.367695e+02    2.445738e+03    8.647524e+02   -2.735234e+02
     941   1    4.746501e+02    2.261860e+03    8.209530e+02   -3.032215e+02
     941   2    5.059003e+02    2.221360e+03    8.181782e+02   -2.733547e+02
     941   3    5.027072e+02    2.177941e+03    8.041943e+02   -2.977442e+02
     942   1    5.240465e+02    2.131602e+03    7.966945e+02   -2.847285e+02
     942   2    5.263047e+02    2.176381e+03    8.108058e+02   -2.614247e+02
     942   3    5.574935e+02    2.079332e+03    7.910478e+02   -2.535093e+02
     943   1    4.407328e+02    2.251480e+03    8.076638e+02   -3.555771e+02
     943   2    4.107307e+02    2.343543e+03    8.262821e+02   -3.610070e+02
     943   3    4.447520e+02    2.302589e+03    8.242022e+02   -3.316665e+02
     944   1    4.668419e+02    2.307677e+03    8.323558e+02   -2.959128e+02
     944   2    4.667634e+02    2.355925e+03    8.468064e+02   -2.709525e+02
     944   3    4.957574e+02    2.264696e+03    8.281360e+02   -2.671870e+02
     945   1    1.716008e+02    3.259495e+03    1.029329e+03   -3.152886e+02
     945   2    1.434843e+02    3.378496e+03    1.056594e+03   -3.045169e+02
     945   3    1.720151e+02    3.303024e+03    1.042512e+03   -2.905572e+02
     946   1    2.927067e+02    2.791043e+03    9.251250e+02   -3.441251e+02
     946   2    2.945089e+02    2.834117e+03    9.385879e+02   -3.178782e+02
     946   3    3.218173e+02    2.733922e+03    9.167218e+02   -3.221961e+02
     947   1    3.891481e+02    2.539152e+03    8.784900e+02   -3.094329e+02
     947   2    3.601648e+02    2.633965e+03    8.982389e+02   -3.081835e+02
     947   3    3.893330e+02    2.585921e+03    8.925761e+02   -2.827765e+02
     948   1    4.173644e+02    2.443866e+03    8.583692e+02   -3.092075e+02
     948   2    4.476361e+02    2.400272e+03    8.543724e+02   -2.811516e+02
     948   3    4.467716e+02    2.353031e+03    8.399409e+02   -3.067916e+02
     949   1    4.639690e+02    2.016305e+03    7.440821e+02   -3.878408e+02
     949   2    4.977771e+02    1.950049e+03    7.343479e+02   -3.649421e+02
     949   3    4.719673e+02    1.934009e+03    7.217929e+02   -3.931629e+02
     950   1    4.694382e+02    2.043869e+03    7.539922e+02   -3.776102e+02
     950   2    4.929336e+02    2.041280e+03    7.602642e+02   -3.524269e+02
     950   3    5.021773e+02    1.975447e+03    7.432873e+02   -3.551062e+02
     951   1    3.544578e+02    2.539384e+03    8.681526e+02   -3.618815e+02
     951   2    3.876483e+02    2.490866e+03    8.635543e+02   -3.358592e+02
     951   3    3.830771e+02    2.441235e+03    8.472935e+02   -3.626970e+02
     952   1    4.026186e+02    1.998171e+03    7.202369e+02   -4.475294e+02
     952   2    4.423599e+02    1.921223e+03    7.090750e+02   -4.217047e+02
     952   3    4.099955e+02    1.903566e+03    6.940683e+02   -4.511798e+02
     953   1    3.303238e+02    1.968633e+03    6.896872e+02   -5.077488e+02
     953   2    3.745128e+02    1.887242e+03    6.785263e+02   -4.802310e+02
     953   3    3.355218e+02    1.868276e+03    6.611394e+02   -5.101278e+02
     954   1    2.858358e+02    2.653077e+03    8.816738e+02   -4.073656e+02
     954   2    3.216596e+02    2.595711e+03    8.752112e+02   -3.853612e+02
     954   3    3.112952e+02    2.551483e+03    8.588334e+02   -4.126126e+02
     955   1    2.452496e+02    1.940196e+03    6.556336e+02   -5.672720e+02
     955   2    2.934097e+02    1.851707e+03    6.435350e+02   -5.392670e+02
     955   3    2.471078e+02    1.832033e+03    6.237422e+02   -5.694716e+02
     956   1    3.584373e+00    3.470654e+03    1.042271e+03   -4.167823e+02
     956   2    1.101123e+01    3.550756e+03    1.068530e+03   -3.921516e+02
     956   3    2.834109e+01    3.444907e+03    1.041974e+03   -4.090439e+02
     957   1    1.453742e+02    1.913493e+03    6.176601e+02   -6.262595e+02
     957   2    1.973094e+02    1.815603e+03    6.038736e+02   -5.986704e+02
     957   3    1.430036e+02    1.795749e+03    5.816258e+02   -6.288468e+02
     958   1    1.651621e+01    3.280955e+03    9.892415e+02   -4.581204e+02
     958   2   -1.449804e+01    3.307125e+03    9.877882e+02   -4.669163e+02
     958   3   -4.466190e+00    3.390774e+03    1.015892e+03   -4.411982e+02
     959   1    8.517647e+01    3.414950e+03    1.050038e+03   -3.747532e+02
     959   2    6.180838e+01    3.517143e+03    1.073685e+03   -3.639985e+02
     959   3    8.321988e+01    3.492129e+03    1.072605e+03   -3.515125e+02
     960   1    1.799128e+02    3.088569e+03    9.805446e+02   -3.786275e+02
     960   2    1.946776e+02    2.997781e+03    9.577374e+02   -3.946068e+02
     960   3    1.611619e+02    3.102215e+03    9.790130e+02   -3.953123e+02
     961   1   -2.076906e+02    3.710232e+03    1.050762e+03   -3.867494e+02
     961   2   -2.144370e+02    3.816293e+03    1.080557e+03   -3.451459e+02
     961   3   -1.778436e+02    3.780241e+03    1.080719e+03   -3.614693e+02
     962   1   -3.253777e+02    3.118629e+03    8.379754e+02   -6.045639e+02
     962   2   -3.798720e+02    3.158121e+03    8.334746e+02   -6.033392e+02
     962   3   -3.486662e+02    3.259950e+03    8.733851e+02   -5.644947e+02
     963   1    2.916093e+01    1.888958e+03    5.754358e+02   -6.840487e+02
     963   2    8.456781e+01    1.779706e+03    5.592820e+02   -6.577187e+02
     963   3    2.169447e+01    1.760074e+03    5.345306e+02   -6.872120e+02
     964   1   -8.632869e+01    3.363562e+03    9.831701e+02   -4.773330e+02
     964   2   -6.946696e+01    3.446485e+03    1.013105e+03   -4.501888e+02
     964   3   -5.111434e+01    3.333639e+03    9.847575e+02   -4.734918e+02
     965   1   -1.358064e+02    3.636252e+03    1.050134e+03   -4.082626e+02
     965   2   -1.473942e+02    3.742393e+03    1.078500e+03   -3.742498e+02
     965   3   -1.134466e+02    3.710232e+03    1.079036e+03   -3.833561e+02
     966   1   -7.008096e+01    3.571806e+03    1.050518e+03   -4.161519e+02
     966   2   -8.552526e+01    3.676889e+03    1.077409e+03   -3.891275e+02
     966   3   -5.492316e+01    3.648335e+03    1.078023e+03   -3.916945e+02
     967   1   -1.146060e+01    3.515407e+03    1.051184e+03   -4.120354e+02
     967   2   -2.997698e+01    3.618889e+03    1.076674e+03   -3.912755e+02
     967   3   -2.933686e+00    3.593300e+03    1.077110e+03   -3.880848e+02
     968   1    1.632784e+02    2.180059e+03    7.030012e+02   -5.987877e+02
     968   2    2.091037e+02    2.183684e+03    7.178364e+02   -5.706360e+02
     968   3    2.116915e+02    2.076996e+03    6.866063e+02   -5.794269e+02
     969   1   -1.050840e+02    3.413079e+03    9.923984e+02   -4.688354e+02
     969   2   -1.252708e+02    3.523177e+03    1.019372e+03   -4.404078e+02
     969   3   -8.750716e+01    3.492341e+03    1.021450e+03   -4.422572e+02
     970   1   -2.339901e+02    3.697091e+03    1.038930e+03   -3.911524e+02
     970   2   -2.705546e+02    3.741491e+03    1.041281e+03   -3.733822e+02
     970   3   -2.347091e+02    3.810167e+03    1.072637e+03   -3.468188e+02
     971   1    2.385578e+02    2.394593e+03    7.899452e+02   -5.175432e+02
     971   2    2.708078e+02    2.402280e+03    8.019263e+02   -4.906182e+02
     971   3    2.824370e+02    2.300471e+03    7.748723e+02   -5.010101e+02
     972   1    2.516649e+02    2.191540e+03    7.329613e+02   -5.411495e+02
     972   2    2.907759e+02    2.199600e+03    7.471128e+02   -5.117151e+02
     972   3    2.968723e+02    2.096367e+03    7.179717e+02   -5.202908e+02
     973   1    1.581151e+02    2.396281e+03    7.663188e+02   -5.722339e+02
     973   2    2.006946e+02    2.391241e+03    7.775807e+02   -5.454547e+02
     973   3    2.056184e+02    2.289660e+03    7.485836e+02   -5.584844e+02
     974   1   -2.652482e+01    3.496081e+03    1.040867e+03   -4.221625e+02
     974   2   -5.480972e+01    3.525133e+03    1.041097e+03   -4.247601e+02
     974   3   -4.090556e+01    3.604184e+03    1.068984e+03   -3.995179e+02
     975   1   -1.041459e+02    1.867368e+03    5.289665e+02   -7.389987e+02
     975   2   -4.605131e+01    1.744698e+03    5.095941e+02   -7.148952e+02
     975   3   -1.175887e+02    1.725774e+03    4.824557e+02   -7.425165e+02
     976   1   -2.699162e+02    3.300576e+03    9.091979e+02   -5.355332e+02
     976   2   -3.190449e+02    3.346027e+03    9.080945e+02   -5.288847e+02
     976   3   -2.852401e+02    3.431488e+03    9.438745e+02   -4.944853e+02
     977   1   -4.291299e+02    1.563729e+03    3.403798e+02   -8.175342e+02
     977   2   -3.424438e+02    1.575580e+03    3.699408e+02   -8.008654e+02
     977   3   -3.741708e+02    1.404541e+03    3.091110e+02   -7.858288e+02
     978   1   -8.769593e+02    2.070747e+03    3.581364e+02   -8.372567e+02
     978   2   -9.262287e+02    1.827358e+03    2.703389e+02   -8.140179e+02
     978   3   -9.118345e+02    2.161665e+03    3.749492e+02   -8.224823e+02
     979   1   -4.698877e+02    1.496749e+03    3.080583e+02   -8.160146e+02
     979   2   -4.168055e+02    1.339969e+03    2.769490e+02   -7.858467e+02
     979   3   -5.090523e+02    1.312986e+03    2.411802e+02   -7.978181e+02
     980   1   -2.205429e+02    1.904245e+03    5.051105e+02   -7.790062e+02
     980   2   -1.471470e+02    1.908005e+03    5.282573e+02   -7.553065e+02
     980   3   -1.620900e+02    1.764892e+03    4.808405e+02   -7.581311e+02
     981   1    1.380178e+02    5.493707e+03    1.689518e+03    3.595931e+02
     981   2    2.357587e+01    5.389731e+03    1.623992e+03    3.600840e+02
     981   3    1.123745e+02    5.570253e+03    1.704788e+03    2.421706e+02
     982   1   -9.991369e+01    5.209318e+03    1.532821e+03    4.214405e+02
     982   2   -1.389891e+02    5.073792e+03    1.480441e+03    4.931363e+02
     982   3   -2.046700e+02    5.093962e+03    1.466788e+03    4.015473e+02
     983   1    1.268498e+02    3.356315e+03    1.044949e+03   -3.451915e+02
     983   2    1.012127e+02    3.461833e+03    1.068914e+03   -3.374104e+02
     983   3    1.231945e+02    3.430853e+03    1.066214e+03   -3.190225e+02
     984   1    1.269857e+02    3.185019e+03    9.936015e+02   -4.042962e+02
     984   2    1.035664e+02    3.209891e+03    9.940372e+02   -4.197716e+02
     984   3    1.023201e+02    3.292038e+03    1.018307e+03   -3.964748e+02
     985   1   -7.706580e+02    1.061344e+03    8.720587e+01   -7.552481e+02
     985   2   -7.325709e+02    8.984479e+02    4.976311e+01   -7.140841e+02
     985   3   -8.394286e+02    8.599372e+02    6.152573e+00   -6.972024e+02
     986   1   -8.029142e+02    1.253177e+03    1.350788e+02   -7.938800e+02
     986   2   -8.885560e+02    1.227677e+03    1.017364e+02   -7.721701e+02
     986   3   -8.285513e+02    1.460165e+03    1.894842e+02   -8.183562e+02
     987   1   -7.628546e+02    2.929115e+03    6.498781e+02   -7.362272e+02
     987   2   -7.265694e+02    3.063509e+03    7.010820e+02   -6.960822e+02
     987   3   -7.099671e+02    2.853685e+03    6.431154e+02   -7.508465e+02
     988   1   -4.445699e+02    3.512610e+03    9.204119e+02   -4.821430e+02
     988   2   -4.558468e+02    3.639484e+03    9.550911e+02   -4.239146e+02
     988   3   -4.048631e+02    3.585926e+03    9.543188e+02   -4.448075e+02
     989   1   -3.839633e+02    4.979869e+03    1.378772e+03    7.410085e+01
     989   2   -3.611169e+02    4.978737e+03    1.385286e+03   -8.462542e+01
     989   3   -2.469524e+02    5.163993e+03    1.475112e+03    3.840110e+01
     990   1   -3.955776e+02    4.962159e+03    1.369974e+03    1.956189e+02
     990   2   -3.220597e+02    5.006441e+03    1.405314e+03    3.150851e+02
     990   3   -4.105388e+02    4.897910e+03    1.346212e+03    2.920424e+02
     991   1   -5.356224e+02    3.892731e+03    1.007133e+03   -2.961371e+02
     991   2   -5.244193e+02    4.002105e+03    1.043306e+03   -2.219035e+02
     991   3   -4.862077e+02    3.943018e+03    1.037043e+03   -2.603089e+02
     992   1   -4.524845e+02    3.769073e+03    9.949766e+02   -3.609843e+02
     992   2   -4.504236e+02    3.881497e+03    1.029322e+03   -2.965188e+02
     992   3   -4.072090e+02    3.828562e+03    1.026406e+03   -3.275230e+02
     993   1   -3.627225e+02    3.659915e+03    9.891578e+02   -4.103323e+02
     993   2   -3.683062e+02    3.773668e+03    1.021608e+03   -3.556333e+02
     993   3   -3.234392e+02    3.726722e+03    1.020985e+03   -3.788828e+02
     994   1   -5.596685e+02    3.320647e+03    8.282935e+02   -5.767930e+02
     994   2   -6.137668e+02    3.390636e+03    8.330609e+02   -5.575538e+02
     994   3   -5.700449e+02    3.483994e+03    8.741847e+02   -5.123925e+02
     995   1   -6.234348e+02    4.537793e+03    1.174307e+03    6.670661e+01
     995   2   -5.688691e+02    4.611135e+03    1.212680e+03    1.712447e+02
     995   3   -5.982252e+02    4.526687e+03    1.178539e+03    1.237900e+02
     996   1   -5.879349e+02    4.594813e+03    1.202063e+03   -1.446671e+02
     996   2   -6.589784e+02    4.475538e+03    1.144968e+03   -1.689414e+02
     996   3   -6.155565e+02    4.438471e+03    1.146874e+03   -2.859716e+02
     997   1   -6.050262e+02    1.546514e+03    2.824464e+02   -8.391227e+02
     997   2   -5.142486e+02    1.551030e+03    3.110344e+02   -8.305606e+02
     997   3   -5.601189e+02    1.361277e+03    2.403475e+02   -8.092848e+02
     998   1   -7.181668e+02    1.895390e+03    3.531669e+02   -8.588807e+02
     998   2   -6.887128e+02    1.679550e+03    2.972510e+02   -8.535205e+02
     998   3   -7.682400e+02    1.685088e+03    2.750544e+02   -8.494243e+02
     999   1   -7.268537e+02    4.311431e+03    1.075373e+03   -1.654102e+02
     999   2   -6.924600e+02    4.422136e+03    1.118903e+03   -1.271196e+02
     999   3   -6.734197e+02    4.461032e+03    1.136284e+03   -5.107054e+01
    1000   1   -6.043874e+02    4.031273e+03    1.028066e+03   -2.169214e+02
    1000   2   -5.826401e+02    4.135582e+03    1.065883e+03   -1.333313e+02
    1000   3   -5.537247e+02    4.070209e+03    1.054945e+03   -1.781382e+02
    1001   1   -6.588496e+02    4.353752e+03    1.108471e+03   -2.892697e+01
    1001   2   -6.143131e+02    4.440382e+03    1.147821e+03    7.019776e+01
    1001   3   -6.194309e+02    4.362348e+03    1.122875e+03    1.958772e+01
    1002   1   -7.233439e+02    4.300237e+03    1.073068e+03   -1.524824e+02
    1002   2   -6.802292e+02    4.422305e+03    1.122623e+03   -4.197503e+01
    1002   3   -6.992844e+02    4.326067e+03    1.088035e+03   -8.338773e+01
    1003   1   -6.490850e+02    4.184958e+03    1.060762e+03   -1.261292e+02
    1003   2   -6.159068e+02    4.281782e+03    1.099762e+03   -3.410305e+01
    1003   3   -6.013584e+02    4.210087e+03    1.082619e+03   -8.336290e+01
    1004   1   -7.002706e+02    3.850688e+03    9.451251e+02   -3.500546e+02
    1004   2   -6.504698e+02    3.915736e+03    9.795798e+02   -3.020876e+02
    1004   3   -6.671286e+02    3.770354e+03    9.309675e+02   -3.858325e+02
    1005   1   -6.717178e+02    4.370741e+03    1.109707e+03   -3.092000e+01
    1005   2   -6.543486e+02    4.466285e+03    1.143581e+03    1.818305e+01
    1005   3   -6.191110e+02    4.476397e+03    1.157186e+03    7.132611e+01
    1006   1   -6.768798e+02    4.283012e+03    1.081840e+03   -7.677412e+01
    1006   2   -6.306349e+02    4.309010e+03    1.103513e+03   -3.081574e+01
    1006   3   -6.724126e+02    4.195161e+03    1.056825e+03   -1.263303e+02
    1007   1    2.731225e+02    2.843765e+03    9.350663e+02   -3.492178e+02
    1007   2    2.473182e+02    2.944204e+03    9.574566e+02   -3.418630e+02
    1007   3    2.766953e+02    2.886557e+03    9.489756e+02   -3.226442e+02
    1008   1    3.478342e+02    2.589711e+03    8.812636e+02   -3.517857e+02
    1008   2    3.503804e+02    2.636357e+03    8.960212e+02   -3.251663e+02
    1008   3    3.780769e+02    2.538384e+03    8.749384e+02   -3.270511e+02
    1009   1    4.039128e+02    2.393160e+03    8.391220e+02   -3.531130e+02
    1009   2    4.071355e+02    2.443772e+03    8.552723e+02   -3.269658e+02
    1009   3    4.350708e+02    2.349390e+03    8.353382e+02   -3.251262e+02
    1010   1    3.874737e+02    2.198022e+03    7.756488e+02   -4.283630e+02
    1010   2    4.264196e+02    2.098897e+03    7.575951e+02   -4.101753e+02
    1010   3    3.956230e+02    2.094048e+03    7.469012e+02   -4.408548e+02
    1011   1    3.375108e+02    2.442086e+03    8.338792e+02   -4.165522e+02
    1011   2    3.763163e+02    2.388501e+03    8.294452e+02   -3.899107e+02
    1011   3    3.658022e+02    2.327483e+03    8.079856e+02   -4.194204e+02
    1012   1    3.272602e+02    2.640769e+03    8.904088e+02   -3.590752e+02
    1012   2    2.993032e+02    2.741248e+03    9.121654e+02   -3.550809e+02
    1012   3    3.315159e+02    2.686818e+03    9.055002e+02   -3.319472e+02
    1013   1    1.902706e+02    3.198795e+03    1.016720e+03   -3.134079e+02
    1013   2    1.885656e+02    3.242907e+03    1.029442e+03   -2.889635e+02
    1013   3    2.140671e+02    3.137614e+03    1.005504e+03   -2.979070e+02
    1014   1    1.667177e+02    3.148641e+03    9.946075e+02   -3.718028e+02
    1014   2    1.501918e+02    3.163339e+03    9.940591e+02   -3.877539e+02
    1014   3    1.454920e+02    3.239831e+03    1.015597e+03   -3.656627e+02
    1015   1    3.177327e+02    2.171597e+03    7.467989e+02   -4.943105e+02
    1015   2    3.611894e+02    2.083143e+03    7.332996e+02   -4.722211e+02
    1015   3    3.245843e+02    2.070091e+03    7.184025e+02   -5.031880e+02
    1016   1    1.426131e+02    3.042467e+03    9.555239e+02   -4.346561e+02
    1016   2    1.118730e+02    3.146623e+03    9.775488e+02   -4.298315e+02
    1016   3    1.387405e+02    3.123469e+03    9.786629e+02   -4.133122e+02
    1017   1    2.393300e+02    2.152906e+03    7.176707e+02   -5.540730e+02
    1017   2    2.852145e+02    2.059171e+03    7.033156e+02   -5.329453e+02
    1017   3    2.423773e+02    2.047234e+03    6.868833e+02   -5.630451e+02
    1018   1    1.435368e+02    2.673596e+03    8.451397e+02   -5.282365e+02
    1018   2    1.613897e+02    2.738293e+03    8.699048e+02   -5.004479e+02
    1018   3    1.828193e+02    2.633773e+03    8.449777e+02   -5.089353e+02
    1019   1   -7.764397e+01    1.917343e+03    5.519097e+02   -7.289906e+02
    1019   2   -1.091170e+01    1.924237e+03    5.739976e+02   -7.020660e+02
    1019   3   -1.944505e+01    1.793591e+03    5.322439e+02   -7.047767e+02
    1020   1   -2.511863e+02    1.850769e+03    4.798748e+02   -7.875865e+02
    1020   2   -1.937186e+02    1.711686e+03    4.553902e+02   -7.672714e+02
    1020   3   -2.718179e+02    1.694158e+03    4.267021e+02   -7.907800e+02
    1021   1   -3.955376e+02    3.649813e+03    9.762827e+02   -4.150555e+02
    1021   2   -4.389483e+02    3.706665e+03    9.803150e+02   -3.907567e+02
    1021   3   -3.934635e+02    3.774163e+03    1.014210e+03   -3.569868e+02
    1022   1   -2.722930e+02    3.564769e+03    9.877428e+02   -4.441646e+02
    1022   2   -2.840312e+02    3.678381e+03    1.018305e+03   -3.988904e+02
    1022   3   -2.400155e+02    3.637196e+03    1.019154e+03   -4.144985e+02
    1023   1    1.475777e+02    2.141087e+03    6.865994e+02   -6.115075e+02
    1023   2    1.962633e+02    2.038691e+03    6.704864e+02   -5.920433e+02
    1023   3    1.463157e+02    2.028282e+03    6.523792e+02   -6.215351e+02
    1024   1    4.857484e+01    3.257381e+03    9.917867e+02   -4.470931e+02
    1024   2    5.246277e+01    3.341286e+03    1.018125e+03   -4.225530e+02
    1024   3    7.559610e+01    3.233147e+03    9.926230e+02   -4.342586e+02
    1025   1    4.150444e+01    2.134854e+03    6.529076e+02   -6.666344e+02
    1025   2    9.258896e+01    2.021851e+03    6.343319e+02   -6.498138e+02
    1025   3    3.492648e+01    2.013185e+03    6.144335e+02   -6.784251e+02
    1026   1   -3.425861e+01    3.131495e+03    9.291709e+02   -5.194035e+02
    1026   2   -2.359817e+01    3.223627e+03    9.600087e+02   -4.921796e+02
    1026   3    2.384074e+00    3.112453e+03    9.344511e+02   -5.074567e+02
    1027   1    8.660118e+01    3.254420e+03    1.002306e+03   -4.213433e+02
    1027   2    6.007112e+01    3.358371e+03    1.025533e+03   -4.111941e+02
    1027   3    8.603346e+01    3.334433e+03    1.026140e+03   -3.984431e+02
    1028   1    1.353362e+02    3.203990e+03    1.001798e+03   -3.909319e+02
    1028   2    1.075958e+02    3.307209e+03    1.024441e+03   -3.845857e+02
    1028   3    1.312828e+02    3.279086e+03    1.023111e+03   -3.690920e+02
    1029   1   -1.854648e+02    3.482865e+03    9.892201e+02   -4.632357e+02
    1029   2   -2.020177e+02    3.595151e+03    1.017940e+03   -4.267898e+02
    1029   3   -1.605756e+02    3.559356e+03    1.019634e+03   -4.352040e+02
    1030   1   -4.406646e+02    3.205519e+03    8.294563e+02   -5.988229e+02
    1030   2   -4.985638e+02    3.261042e+03    8.287433e+02   -5.889984e+02
    1030   3   -4.603138e+02    3.361272e+03    8.702875e+02   -5.461679e+02
    1031   1   -3.278974e+01    3.353997e+03    9.963623e+02   -4.624550e+02
    1031   2   -5.563196e+01    3.461354e+03    1.021717e+03   -4.411702e+02
    1031   3   -2.203262e+01    3.434600e+03    1.023770e+03   -4.372690e+02
    1032   1    3.091420e+01    3.302360e+03    9.999824e+02   -4.460249e+02
    1032   2    6.092978e+00    3.407474e+03    1.024070e+03   -4.308377e+02
    1032   3    3.552749e+01    3.383777e+03    1.025791e+03   -4.219748e+02
    1033   1   -3.690668e+01    2.413811e+03    7.130714e+02   -6.690189e+02
    1033   2    1.653418e+01    2.401976e+03    7.255530e+02   -6.475822e+02
    1033   3    1.206051e+01    2.292056e+03    6.912351e+02   -6.643479e+02
    1034   1   -1.666316e+02    3.430136e+03    9.790512e+02   -4.764315e+02
    1034   2   -1.424543e+02    3.511052e+03    1.010579e+03   -4.477988e+02
    1034   3   -1.275485e+02    3.394354e+03    9.800416e+02   -4.785912e+02
    1035   1    1.040600e+02    3.043416e+03    9.442429e+02   -4.655816e+02
    1035   2    1.046901e+02    3.128588e+03    9.699835e+02   -4.422157e+02
    1035   3    1.325634e+02    3.020666e+03    9.459688e+02   -4.483631e+02
    1036   1    5.046830e+01    2.844188e+03    8.683970e+02   -5.469191e+02
    1036   2    8.096333e+01    2.847597e+03    8.785680e+02   -5.287703e+02
    1036   3    9.843391e+01    2.736313e+03    8.504241e+02   -5.429990e+02
    1037   1   -1.210940e+02    3.185295e+03    9.192603e+02   -5.355794e+02
    1037   2   -1.022394e+02    3.278503e+03    9.528792e+02   -5.052361e+02
    1037   3   -7.734105e+01    3.156240e+03    9.236696e+02   -5.288047e+02
    1038   1   -2.119417e+02    3.466405e+03    9.763391e+02   -4.714670e+02
    1038   2   -2.540960e+02    3.508671e+03    9.763725e+02   -4.625612e+02
    1038   3   -2.224056e+02    3.586548e+03    1.009243e+03   -4.323085e+02
    1039   1    6.090256e+01    2.174912e+03    6.707445e+02   -6.539454e+02
    1039   2    1.139093e+02    2.175372e+03    6.867843e+02   -6.270589e+02
    1039   3    1.123594e+02    2.062291e+03    6.523952e+02   -6.369529e+02
    1040   1   -8.160309e+01    2.139696e+03    6.174278e+02   -7.190300e+02
    1040   2   -2.755749e+01    2.010289e+03    5.948196e+02   -7.056865e+02
    1040   3   -9.302471e+01    2.003938e+03    5.732740e+02   -7.326198e+02
    1041   1   -4.044174e+02    1.838677e+03    4.302778e+02   -8.255342e+02
    1041   2   -3.533635e+02    1.682715e+03    3.988055e+02   -8.104082e+02
    1041   3   -4.342516e+02    1.673312e+03    3.717182e+02   -8.274029e+02
    1042   1   -4.800127e+02    3.500546e+03    9.061600e+02   -4.900531e+02
    1042   2   -5.288920e+02    3.562450e+03    9.100675e+02   -4.686527e+02
    1042   3   -4.826676e+02    3.640520e+03    9.473557e+02   -4.281014e+02
    1043   1    1.733841e+02    3.159665e+03    9.999148e+02   -3.591682e+02
    1043   2    1.502033e+02    3.248158e+03    1.019508e+03   -3.541174e+02
    1043   3    1.743636e+02    3.204521e+03    1.013665e+03   -3.387959e+02
    1044   1    1.895905e+02    2.974073e+03    9.490991e+02   -4.075669e+02
    1044   2    1.623484e+02    2.998098e+03    9.481338e+02   -4.292742e+02
    1044   3    1.577717e+02    3.081007e+03    9.716336e+02   -4.075346e+02
    1045   1    2.047683e+02    5.579125e+03    1.735168e+03    3.308440e+02
    1045   2    1.915318e+02    5.681445e+03    1.761893e+03    2.171213e+02
    1045   3    3.069890e+02    5.780872e+03    1.826358e+03    2.430448e+02
    1046   1    1.861433e+02    5.448036e+03    1.690254e+03    4.374764e+02
    1046   2    2.646951e+02    5.430576e+03    1.708581e+03    4.673828e+02
    1046   3    1.382753e+02    5.259817e+03    1.619428e+03    5.265937e+02
    1047   1    3.004395e+02    2.420148e+03    8.161762e+02   -4.606523e+02
    1047   2    3.193064e+02    2.452137e+03    8.314329e+02   -4.340338e+02
    1047   3    3.457839e+02    2.332195e+03    8.033938e+02   -4.376039e+02
    1048   1    2.590070e+02    2.579475e+03    8.515445e+02   -4.579362e+02
    1048   2    2.982666e+02    2.513574e+03    8.435523e+02   -4.384689e+02
    1048   3    2.776849e+02    2.482122e+03    8.279421e+02   -4.662893e+02
    1049   1   -6.503356e+02    1.475837e+03    2.476504e+02   -8.310460e+02
    1049   2   -6.088884e+02    1.292217e+03    2.049985e+02   -8.039453e+02
    1049   3   -7.011115e+02    1.273118e+03    1.716020e+02   -8.030841e+02
    1050   1   -7.516461e+02    1.978548e+03    3.680706e+02   -8.589449e+02
    1050   2   -8.044184e+02    1.771968e+03    2.902648e+02   -8.485285e+02
    1050   3   -8.225462e+02    2.020946e+03    3.595201e+02   -8.540704e+02
    1051   1   -6.337471e+02    3.100255e+03    7.399522e+02   -6.687842e+02
    1051   2   -6.913325e+02    3.176926e+03    7.456780e+02   -6.520480e+02
    1051   3   -6.512147e+02    3.293825e+03    7.927830e+02   -6.048319e+02
    1052   1   -5.449572e+02    3.633861e+03    9.266711e+02   -4.387026e+02
    1052   2   -5.479946e+02    3.762395e+03    9.643202e+02   -3.695717e+02
    1052   3   -5.004289e+02    3.701077e+03    9.601944e+02   -3.978411e+02
    1053   1   -7.129575e+02    3.535666e+03    8.468126e+02   -5.133175e+02
    1053   2   -6.672390e+02    3.626874e+03    8.878906e+02   -4.634829e+02
    1053   3   -6.682501e+02    3.460358e+03    8.376324e+02   -5.381316e+02
    1054   1   -6.339049e+02    3.773841e+03    9.419807e+02   -3.800806e+02
    1054   2   -6.270237e+02    3.902024e+03    9.825000e+02   -3.004285e+02
    1054   3   -5.872854e+02    3.832545e+03    9.735780e+02   -3.355440e+02
    1055   1   -5.387470e+02    4.663796e+03    1.237515e+03   -1.523041e+02
    1055   2   -5.702419e+02    4.493874e+03    1.177090e+03   -2.918940e+02
    1055   3   -4.630420e+02    4.758568e+03    1.288658e+03   -2.042910e+02
    1056   1   -6.523173e+02    4.518789e+03    1.159942e+03   -8.045770e+01
    1056   2   -6.015367e+02    4.630994e+03    1.208837e+03    3.531935e+01
    1056   3   -6.498357e+02    4.525818e+03    1.162795e+03    2.173907e+00
    1057   1   -8.233416e+02    3.752189e+03    8.786544e+02   -5.076916e+02
    1057   2   -7.934456e+02    3.954539e+03    9.483280e+02   -4.243083e+02
    1057   3   -8.207713e+02    3.853988e+03    9.099650e+02   -4.403186e+02
    1058   1   -7.018838e+02    3.931693e+03    9.689429e+02   -3.091354e+02
    1058   2   -6.831208e+02    4.058496e+03    1.012613e+03   -2.189689e+02
    1058   3   -6.568770e+02    3.980452e+03    9.970726e+02   -2.594905e+02
    1059   1   -7.537461e+02    4.110910e+03    1.007149e+03   -2.403559e+02
    1059   2   -7.477935e+02    4.208178e+03    1.038115e+03   -1.998436e+02
    1059   3   -7.119860e+02    4.260219e+03    1.064470e+03   -1.351730e+02
    1060   1   -7.978835e+02    3.965495e+03    9.502833e+02   -3.673985e+02
    1060   2   -7.690545e+02    4.134550e+03    1.009649e+03   -2.628904e+02
    1060   3   -7.757233e+02    4.037041e+03    9.783952e+02   -2.947900e+02
    1061   1   -3.409073e+02    3.408173e+03    9.201798e+02   -5.106713e+02
    1061   2   -3.585210e+02    3.532409e+03    9.521665e+02   -4.629477e+02
    1061   3   -3.074656e+02    3.486195e+03    9.536188e+02   -4.764676e+02
    1062   1   -4.968006e+02    2.136121e+03    4.917961e+02   -8.339331e+02
    1062   2   -4.530881e+02    1.994819e+03    4.625192e+02   -8.348635e+02
    1062   3   -5.257420e+02    2.006641e+03    4.442698e+02   -8.465449e+02
    1063   1   -7.362926e+02    4.105800e+03    1.010852e+03   -2.318034e+02
    1063   2   -7.047961e+02    4.231540e+03    1.058023e+03   -1.305128e+02
    1063   3   -6.982920e+02    4.144610e+03    1.033896e+03   -1.735751e+02
    1064   1   -7.849380e+02    3.687342e+03    8.707211e+02   -4.642274e+02
    1064   2   -7.415162e+02    3.785236e+03    9.131159e+02   -4.044776e+02
    1064   3   -7.545323e+02    3.611930e+03    8.572194e+02   -4.901030e+02
    1065   1   -3.704396e+02    1.893928e+03    4.570465e+02   -8.194739e+02
    1065   2   -2.944554e+02    1.897090e+03    4.807904e+02   -8.010664e+02
    1065   3   -3.173003e+02    1.739168e+03    4.265602e+02   -8.031864e+02
    1066   1   -5.995666e+02    1.918952e+03    3.958156e+02   -8.560502e+02
    1066   2   -6.435382e+02    1.740952e+03    3.292242e+02   -8.534429e+02
    1066   3   -6.788020e+02    1.949198e+03    3.811187e+02   -8.617231e+02
    1067   1    2.265581e+02    2.920511e+03    9.441208e+02   -3.838391e+02
    1067   2    2.353003e+02    2.953994e+03    9.567884e+02   -3.567691e+02
    1067   3    2.599336e+02    2.850600e+03    9.331601e+02   -3.650310e+02
    1068   1    2.815107e+02    2.703502e+03    8.955039e+02   -3.962448e+02
    1068   2    2.874405e+02    2.746980e+03    9.103262e+02   -3.708458e+02
    1068   3    3.140107e+02    2.643099e+03    8.871331e+02   -3.755697e+02
    1069   1    4.573989e+02    2.156874e+03    7.842818e+02   -3.637440e+02
    1069   2    4.809851e+02    2.086301e+03    7.701858e+02   -3.546486e+02
    1069   3    4.582513e+02    2.089192e+03    7.642330e+02   -3.798476e+02
    1070   1    4.371861e+02    2.190133e+03    7.881958e+02   -3.782900e+02
    1070   2    4.369527e+02    2.123013e+03    7.679898e+02   -3.944143e+02
    1070   3    3.972957e+02    2.220944e+03    7.854719e+02   -4.129249e+02
    1071   1    3.330533e+02    2.498043e+03    8.493288e+02   -4.055214e+02
    1071   2    3.415171e+02    2.542962e+03    8.653437e+02   -3.789977e+02
    1071   3    3.685114e+02    2.440703e+03    8.427644e+02   -3.805392e+02
    1072   1    2.970536e+02    2.374546e+03    8.014798e+02   -4.735892e+02
    1072   2    3.449789e+02    2.290148e+03    7.905381e+02   -4.493464e+02
    1072   3    3.093493e+02    2.275101e+03    7.753350e+02   -4.840507e+02
    1073   1    1.901563e+02    2.834725e+03    9.074645e+02   -4.508118e+02
    1073   2    1.673813e+02    2.826599e+03    8.981940e+02   -4.736925e+02
    1073   3    1.641419e+02    2.920185e+03    9.252981e+02   -4.508231e+02
    1074   1    2.595274e+02    2.760806e+03    9.061000e+02   -4.016261e+02
    1074   2    2.307825e+02    2.870723e+03    9.304516e+02   -3.957066e+02
    1074   3    2.676639e+02    2.803664e+03    9.213982e+02   -3.756493e+02
    1075   1    2.294913e+02    2.358185e+03    7.763028e+02   -5.308895e+02
    1075   2    2.737912e+02    2.264977e+03    7.616304e+02   -5.141689e+02
    1075   3    2.345784e+02    2.256908e+03    7.474460e+02   -5.439850e+02
    1076   1    2.051349e+02    2.777425e+03    8.947681e+02   -4.538218e+02
    1076   2    2.211980e+02    2.689924e+03    8.733367e+02   -4.630605e+02
    1076   3    1.819936e+02    2.769158e+03    8.853456e+02   -4.767189e+02
    1077   1   -2.202914e+02    2.150748e+03    5.791368e+02   -7.666783e+02
    1077   2   -1.632884e+02    2.003787e+03    5.521496e+02   -7.575561e+02
    1077   3   -2.343844e+02    2.001012e+03    5.299883e+02   -7.810389e+02
    1078   1   -1.701770e+02    3.218191e+03    9.144041e+02   -5.392441e+02
    1078   2   -2.172189e+02    3.259902e+03    9.128048e+02   -5.384409e+02
    1078   3   -1.904395e+02    3.348105e+03    9.472995e+02   -5.064798e+02
    1079   1    1.448467e+02    2.361633e+03    7.519439e+02   -5.858441e+02
    1079   2    1.920445e+02    2.254694e+03    7.340216e+02   -5.722315e+02
    1079   3    1.464045e+02    2.251150e+03    7.192663e+02   -6.004333e+02
    1080   1    2.229997e+02    2.570814e+03    8.381441e+02   -4.920373e+02
    1080   2    2.406821e+02    2.595331e+03    8.508040e+02   -4.711649e+02
    1080   3    2.585145e+02    2.495329e+03    8.261532e+02   -4.797930e+02
    1081   1    5.011959e+01    2.361506e+03    7.234878e+02   -6.370221e+02
    1081   2    9.787474e+01    2.249973e+03    7.043544e+02   -6.271567e+02
    1081   3    4.545970e+01    2.249764e+03    6.885672e+02   -6.538178e+02
    1082   1    3.931672e+01    3.090122e+03    9.388316e+02   -4.948410e+02
    1082   2    4.471231e+01    3.175287e+03    9.659997e+02   -4.707337e+02
    1082   3    7.121011e+01    3.065526e+03    9.410209e+02   -4.812571e+02
    1083   1   -3.740976e+02    3.392893e+03    9.056386e+02   -5.197882e+02
    1083   2   -4.247117e+02    3.445948e+03    9.063709e+02   -5.060711e+02
    1083   3   -3.840903e+02    3.528243e+03    9.432459e+02   -4.687453e+02
    1084   1   -2.401724e+02    3.318752e+03    9.235740e+02   -5.252518e+02
    1084   2   -2.620999e+02    3.440181e+03    9.534244e+02   -4.870946e+02
    1084   3   -2.133168e+02    3.400783e+03    9.562398e+02   -4.936341e+02
    1085   1    8.433301e+01    3.087743e+03    9.516229e+02   -4.681198e+02
    1085   2    5.452880e+01    3.193069e+03    9.742795e+02   -4.590805e+02
    1085   3    8.555614e+01    3.170673e+03    9.768687e+02   -4.451045e+02
    1086   1    1.479416e+02    2.862951e+03    9.032679e+02   -4.797611e+02
    1086   2    1.131751e+02    2.976154e+03    9.267987e+02   -4.756218e+02
    1086   3    1.451791e+02    2.955138e+03    9.300950e+02   -4.571801e+02
    1087   1    3.409690e+01    2.911938e+03    8.838104e+02   -5.402327e+02
    1087   2    3.582298e+01    3.008740e+03    9.133689e+02   -5.167867e+02
    1087   3    6.462744e+01    2.915386e+03    8.940042e+02   -5.221360e+02
    1088   1    1.867741e+01    3.136133e+03    9.464432e+02   -4.945976e+02
    1088   2   -1.092234e+01    3.242490e+03    9.694702e+02   -4.809088e+02
    1088   3    2.441483e+01    3.218228e+03    9.727929e+02   -4.708426e+02
    1089   1   -3.846697e+01    2.839635e+03    8.403505e+02   -5.902160e+02
    1089   2    9.042757e+00    2.840881e+03    8.549771e+02   -5.685087e+02
    1089   3    1.373193e+01    2.728168e+03    8.225701e+02   -5.903491e+02
    1090   1   -5.601666e+01    3.179785e+03    9.371306e+02   -5.161279e+02
    1090   2   -8.575346e+01    3.295685e+03    9.629793e+02   -4.946904e+02
    1090   3   -4.551993e+01    3.267929e+03    9.667226e+02   -4.892024e+02
    1091   1   -1.441242e+02    3.239243e+03    9.285357e+02   -5.276777e+02
    1091   2   -1.703756e+02    3.360747e+03    9.571114e+02   -4.975530e+02
    1091   3   -1.253404e+02    3.327536e+03    9.606586e+02   -4.976680e+02
    1092   1   -3.148592e+02    2.749280e+03    7.303262e+02   -7.004908e+02
    1092   2   -2.545672e+02    2.603564e+03    7.046991e+02   -7.149081e+02
    1092   3   -3.289406e+02    2.609851e+03    6.842730e+02   -7.344894e+02
    1093   1   -5.252249e+01    2.915562e+03    8.589120e+02   -5.789286e+02
    1093   2   -4.148319e+01    3.033065e+03    8.974744e+02   -5.466988e+02
    1093   3   -5.305537e+00    2.917040e+03    8.735205e+02   -5.578910e+02
    1094   1   -1.608466e+02    2.995479e+03    8.503898e+02   -5.975474e+02
    1094   2   -1.386052e+02    3.089059e+03    8.851361e+02   -5.668788e+02
    1094   3   -1.060222e+02    2.940371e+03    8.503047e+02   -5.923258e+02
    1095   1    6.676029e+01    2.397628e+03    7.393164e+02   -6.233817e+02
    1095   2    1.135010e+02    2.397209e+03    7.532130e+02   -5.986333e+02
    1095   3    1.151679e+02    2.287213e+03    7.207142e+02   -6.132367e+02
    1096   1   -5.762314e+01    2.381955e+03    6.972996e+02   -6.825661e+02
    1096   2   -1.090415e+01    2.256084e+03    6.735538e+02   -6.788086e+02
    1096   3   -7.144554e+01    2.263334e+03    6.575665e+02   -7.036962e+02
    1097   1   -1.935057e+02    2.195653e+03    6.006442e+02   -7.546821e+02
    1097   2   -1.232284e+02    2.185432e+03    6.186611e+02   -7.312475e+02
    1097   3   -1.346759e+02    2.050872e+03    5.748588e+02   -7.447375e+02
    1098   1   -3.669577e+02    2.153144e+03    5.358559e+02   -8.067255e+02
    1098   2   -3.088730e+02    1.999721e+03    5.072545e+02   -8.017971e+02
    1098   3   -3.813139e+02    1.998074e+03    4.850282e+02   -8.200868e+02
    1099   1   -7.927296e+02    2.450744e+03    4.974042e+02   -8.266926e+02
    1099   2   -8.331137e+02    2.278690e+03    4.336729e+02   -8.404537e+02
    1099   3   -8.421801e+02    2.525871e+03    5.051071e+02   -8.162766e+02
    1100   1   -5.238153e+02    2.717810e+03    6.581986e+02   -7.549942e+02
    1100   2   -5.689375e+02    2.924108e+03    7.065511e+02   -7.111744e+02
    1100   3   -4.959239e+02    2.869566e+03    7.120925e+02   -7.120085e+02
    1101   1   -8.656392e+02    2.511379e+03    4.937221e+02   -8.139033e+02
    1101   2   -8.653657e+02    2.239379e+03    4.122040e+02   -8.385456e+02
    1101   3   -9.026359e+02    2.337032e+03    4.303188e+02   -8.145142e+02
    1102   1   -8.850990e+02    2.825511e+03    5.821235e+02   -7.590596e+02
    1102   2   -9.061880e+02    2.530775e+03    4.873760e+02   -7.875033e+02
    1102   3   -8.805048e+02    2.895431e+03    6.044780e+02   -7.504719e+02
    1103   1   -5.100381e+02    4.764738e+03    1.276410e+03   -6.826082e+01
    1103   2   -4.382895e+02    4.848527e+03    1.323071e+03   -1.127007e+02
    1103   3   -4.351949e+02    4.907567e+03    1.341712e+03    4.086858e+01
    1104   1   -5.852144e+02    4.653297e+03    1.220425e+03   -6.331232e+01
    1104   2   -5.798968e+02    4.677250e+03    1.229206e+03    2.098283e+01
    1104   3   -6.414472e+02    4.536866e+03    1.168626e+03   -9.879421e+01
    1105   1    1.990014e+02    2.858361e+03    9.172089e+02   -4.357610e+02
    1105   2    1.714590e+02    2.941886e+03    9.340036e+02   -4.364888e+02
    1105   3    2.017726e+02    2.919420e+03    9.363578e+02   -4.138919e+02
    1106   1    1.500267e+02    2.609967e+03    8.279981e+02   -5.368793e+02
    1106   2    1.924283e+02    2.572777e+03    8.295615e+02   -5.157784e+02
    1106   3    1.963521e+02    2.491258e+03    8.062830e+02   -5.299653e+02
    1107   1   -5.234148e+02    1.903711e+03    4.140888e+02   -8.480013e+02
    1107   2   -4.458050e+02    1.894135e+03    4.344989e+02   -8.354604e+02
    1107   3   -4.783263e+02    1.728885e+03    3.751677e+02   -8.360522e+02
    1108   1   -5.604475e+02    1.850522e+03    3.870225e+02   -8.504855e+02
    1108   2   -5.193425e+02    1.671263e+03    3.455763e+02   -8.406250e+02
    1108   3   -6.016558e+02    1.670382e+03    3.206178e+02   -8.489835e+02
    1109   1   -6.328946e+02    3.472946e+03    8.520156e+02   -5.281588e+02
    1109   2   -6.419616e+02    3.621878e+03    8.939749e+02   -4.577672e+02
    1109   3   -5.920668e+02    3.553116e+03    8.883148e+02   -4.822280e+02
    1110   1   -5.228115e+02    3.337032e+03    8.442660e+02   -5.658615e+02
    1110   2   -5.428961e+02    3.484835e+03    8.825816e+02   -5.056456e+02
    1110   3   -4.869019e+02    3.426052e+03    8.817450e+02   -5.227703e+02
    1111   1   -8.669932e+02    3.244552e+03    7.132675e+02   -6.615114e+02
    1111   2   -8.626273e+02    3.078287e+03    6.646978e+02   -7.073632e+02
    1111   3   -8.729229e+02    3.015139e+03    6.426648e+02   -7.274317e+02
    1112   1   -7.240938e+02    3.623541e+03    8.698343e+02   -4.788269e+02
    1112   2   -7.213943e+02    3.776441e+03    9.165140e+02   -3.974524e+02
    1112   3   -6.829503e+02    3.698439e+03    9.046467e+02   -4.274335e+02
    1113   1   -4.058960e+02    3.225873e+03    8.459930e+02   -5.866570e+02
    1113   2   -4.339022e+02    3.368719e+03    8.804451e+02   -5.376336e+02
    1113   3   -3.765352e+02    3.318616e+03    8.826243e+02   -5.477734e+02
    1114   1   -3.579695e+02    2.806334e+03    7.345093e+02   -6.982086e+02
    1114   2   -3.708558e+02    2.670797e+03    6.899824e+02   -7.321746e+02
    1114   3   -4.252242e+02    2.835482e+03    7.230775e+02   -7.063426e+02
    1115   1   -7.510585e+02    4.039774e+03    9.866148e+02   -4.157836e+02
    1115   2   -7.366161e+02    3.862643e+03    9.378082e+02   -5.253053e+02
    1115   3   -6.675511e+02    4.179558e+03    1.053602e+03   -4.206115e+02
    1116   1   -7.511719e+02    4.173412e+03    1.026672e+03   -3.175400e+02
    1116   2   -7.097659e+02    4.350929e+03    1.092349e+03   -1.995910e+02
    1116   3   -7.496076e+02    4.238282e+03    1.046602e+03   -2.272034e+02
    1117   1   -8.473969e+02    3.489285e+03    7.925664e+02   -6.022294e+02
    1117   2   -8.681340e+02    3.368299e+03    7.500496e+02   -6.277229e+02
    1117   3   -8.564828e+02    3.218481e+03    7.085994e+02   -6.841042e+02
    1118   1   -7.845719e+02    3.782843e+03    8.994813e+02   -4.258403e+02
    1118   2   -7.688212e+02    3.945054e+03    9.528697e+02   -3.317199e+02
    1118   3   -7.492185e+02    3.858804e+03    9.328757e+02   -3.633692e+02
    1119   1   -8.047535e+02    3.955648e+03    9.452684e+02   -3.858693e+02
    1119   2   -7.837378e+02    4.053171e+03    9.808299e+02   -3.612942e+02
    1119   3   -7.647268e+02    4.156006e+03    1.017384e+03   -2.770908e+02
    1120   1   -8.131620e+02    3.860298e+03    9.141409e+02   -4.095705e+02
    1120   2   -7.791802e+02    3.958917e+03    9.539211e+02   -3.410816e+02
    1120   3   -8.060248e+02    3.772354e+03    8.898987e+02   -4.396277e+02
    1121   1    2.584921e+02    2.625986e+03    8.653435e+02   -4.463565e+02
    1121   2    2.707364e+02    2.662543e+03    8.799839e+02   -4.222075e+02
    1121   3    2.946947e+02    2.556940e+03    8.554904e+02   -4.281703e+02
    1122   1    2.179218e+02    2.535255e+03    8.259530e+02   -5.040163e+02
    1122   2    2.547795e+02    2.460990e+03    8.147309e+02   -4.912464e+02
    1122   3    2.223685e+02    2.453313e+03    8.027045e+02   -5.185129e+02
    1123   1   -1.940112e+02    2.450281e+03    6.768808e+02   -7.227079e+02
    1123   2   -1.400634e+02    2.284396e+03    6.432999e+02   -7.267024e+02
    1123   3   -2.078788e+02    2.295718e+03    6.263517e+02   -7.487020e+02
    1124   1   -1.085507e+02    2.734416e+03    7.877595e+02   -6.403260e+02
    1124   2   -7.787764e+01    2.812584e+03    8.204118e+02   -6.121615e+02
    1124   3   -6.331509e+01    2.685449e+03    7.866403e+02   -6.331083e+02
    1125   1    1.383466e+02    2.586545e+03    8.174675e+02   -5.500138e+02
    1125   2    1.831255e+02    2.465129e+03    7.944764e+02   -5.437333e+02
    1125   3    1.413661e+02    2.470535e+03    7.835702e+02   -5.699989e+02
    1126   1    2.029342e+02    2.630186e+03    8.499362e+02   -4.944497e+02
    1126   2    1.800138e+02    2.731306e+03    8.733958e+02   -4.873426e+02
    1126   3    2.218026e+02    2.654269e+03    8.628214e+02   -4.727475e+02
    1127   1   -3.380738e+02    2.203483e+03    5.596228e+02   -7.960187e+02
    1127   2   -2.638905e+02    2.200013e+03    5.808367e+02   -7.764329e+02
    1127   3   -2.784420e+02    2.051087e+03    5.317936e+02   -7.904135e+02
    1128   1   -5.321170e+02    2.202134e+03    5.010050e+02   -8.350996e+02
    1128   2   -5.615077e+02    2.077728e+03    4.548660e+02   -8.477200e+02
    1128   3   -5.961778e+02    2.263946e+03    5.003304e+02   -8.390045e+02
    1129   1    6.375864e+01    2.619152e+03    8.048733e+02   -5.868512e+02
    1129   2    1.084825e+02    2.624351e+03    8.198501e+02   -5.608698e+02
    1129   3    1.116007e+02    2.509332e+03    7.862799e+02   -5.807889e+02
    1130   1    1.035730e+02    2.832292e+03    8.807595e+02   -5.183274e+02
    1130   2    1.425684e+02    2.787479e+03    8.790142e+02   -5.026406e+02
    1130   3    1.222299e+02    2.724186e+03    8.539247e+02   -5.309364e+02
    1131   1   -2.946958e+02    3.140819e+03    8.538369e+02   -5.920730e+02
    1131   2   -3.245111e+02    3.271974e+03    8.842388e+02   -5.548214e+02
    1131   3   -2.693040e+02    3.229230e+03    8.879777e+02   -5.586685e+02
    1132   1   -4.718296e+02    2.528065e+03    6.168705e+02   -7.825397e+02
    1132   2   -3.890307e+02    2.517978e+03    6.386843e+02   -7.667349e+02
    1132   3   -4.010992e+02    2.362449e+03    5.884049e+02   -7.919258e+02
    1133   1    7.657740e+01    2.940170e+03    9.050241e+02   -5.096076e+02
    1133   2    4.616786e+01    3.030803e+03    9.230912e+02   -5.049657e+02
    1133   3    8.118594e+01    3.007685e+03    9.266614e+02   -4.904607e+02
    1134   1    9.969154e+01    2.892696e+03    8.977162e+02   -5.068880e+02
    1134   2    1.032135e+02    2.962431e+03    9.196933e+02   -4.873759e+02
    1134   3    1.351185e+02    2.845068e+03    8.940561e+02   -4.928206e+02
    1135   1    4.598104e+01    2.693008e+03    8.216967e+02   -5.814961e+02
    1135   2    4.165303e+01    2.805541e+03    8.541582e+02   -5.601136e+02
    1135   3    9.120357e+01    2.698497e+03    8.369102e+02   -5.557204e+02
    1136   1    1.155365e+01    2.950271e+03    8.885475e+02   -5.427779e+02
    1136   2   -2.685399e+01    3.062622e+03    9.107304e+02   -5.325984e+02
    1136   3    1.279513e+01    3.044739e+03    9.172603e+02   -5.194524e+02
    1137   1    4.898473e+01    2.580825e+03    7.889431e+02   -6.018087e+02
    1137   2    9.678998e+01    2.470544e+03    7.702001e+02   -5.957873e+02
    1137   3    5.045262e+01    2.471101e+03    7.564661e+02   -6.203157e+02
    1138   1   -1.671129e+01    2.601365e+03    7.753963e+02   -6.289093e+02
    1138   2    2.056962e+01    2.613506e+03    7.902225e+02   -6.100638e+02
    1138   3    2.232947e+01    2.504486e+03    7.580446e+02   -6.286470e+02
    1139   1   -1.898924e+02    3.060209e+03    8.610950e+02   -5.893205e+02
    1139   2   -2.200026e+02    3.186544e+03    8.899625e+02   -5.605100e+02
    1139   3   -1.670466e+02    3.147594e+03    8.941642e+02   -5.589737e+02
    1140   1   -2.457946e+02    2.788603e+03    7.628424e+02   -6.732836e+02
    1140   2   -2.352353e+02    2.647759e+03    7.237571e+02   -6.999964e+02
    1140   3   -2.949021e+02    2.792434e+03    7.492597e+02   -6.856617e+02
    1141   1   -3.479642e+01    2.675108e+03    7.920936e+02   -6.233422e+02
    1141   2   -5.132661e+01    2.797568e+03    8.238723e+02   -6.043769e+02
    1141   3    3.004961e+00    2.687061e+03    8.070196e+02   -6.039390e+02
    1142   1   -8.026625e+01    2.965803e+03    8.656609e+02   -5.781685e+02
    1142   2   -1.184777e+02    3.105940e+03    8.962387e+02   -5.551594e+02
    1142   3   -6.989303e+01    3.078867e+03    9.026921e+02   -5.461461e+02
    1143   1   -1.633930e+02    2.714784e+03    7.654173e+02   -6.636134e+02
    1143   2   -2.007716e+02    2.632127e+03    7.294066e+02   -6.929414e+02
    1143   3   -2.136121e+02    2.767537e+03    7.661775e+02   -6.683939e+02
    1144   1   -2.178984e+02    3.038460e+03    8.461684e+02   -6.016738e+02
    1144   2   -2.683649e+02    3.078344e+03    8.429936e+02   -6.039010e+02
    1144   3   -2.421991e+02    3.174099e+03    8.795699e+02   -5.703965e+02
    1145   1   -7.658276e+02    2.356443e+03    4.771846e+02   -8.387603e+02
    1145   2   -7.469129e+02    2.122006e+03    4.125279e+02   -8.579490e+02
    1145   3   -8.118017e+02    2.168644e+03    4.070528e+02   -8.491282e+02
    1146   1   -8.148803e+02    2.888855e+03    6.221923e+02   -7.500540e+02
    1146   2   -8.421366e+02    2.761328e+03    5.757573e+02   -7.787764e+02
    1146   3   -8.445188e+02    2.953876e+03    6.328073e+02   -7.383746e+02
    1147   1   -1.685425e+02    2.480783e+03    6.936720e+02   -7.090052e+02
    1147   2   -9.665716e+01    2.436473e+03    7.019447e+02   -6.903099e+02
    1147   3   -1.105393e+02    2.322124e+03    6.634753e+02   -7.113528e+02
    1148   1   -3.680039e+02    2.901666e+03    7.600988e+02   -6.766938e+02
    1148   2   -4.320027e+02    2.931767e+03    7.499292e+02   -6.824181e+02
    1148   3   -4.040136e+02    3.054250e+03    7.950709e+02   -6.414030e+02
    1149   1   -8.848404e+02    2.757683e+03    5.618529e+02   -7.709780e+02
    1149   2   -8.772298e+02    2.631675e+03    5.263336e+02   -7.934927e+02
    1149   3   -8.963867e+02    2.483279e+03    4.760678e+02   -8.038432e+02
    1150   1   -8.643408e+02    3.262847e+03    7.195518e+02   -6.642738e+02
    1150   2   -8.799203e+02    3.006531e+03    6.379832e+02   -7.272488e+02
    1150   3   -8.778807e+02    3.077656e+03    6.599325e+02   -7.089823e+02
    1151   1    2.185631e+02    2.812734e+03    9.093891e+02   -4.305585e+02
    1151   2    2.195345e+02    2.875136e+03    9.284013e+02   -4.086897e+02
    1151   3    2.465608e+02    2.761553e+03    9.024342e+02   -4.156401e+02
    1152   1    2.226413e+02    2.762476e+03    8.955353e+02   -4.412248e+02
    1152   2    2.532915e+02    2.713704e+03    8.900987e+02   -4.252095e+02
    1152   3    2.394250e+02    2.677418e+03    8.750529e+02   -4.498432e+02
    1153   1   -7.959437e+02    3.211307e+03    7.246091e+02   -6.600127e+02
    1153   2   -7.510985e+02    3.145418e+03    7.182958e+02   -6.720959e+02
    1153   3   -7.829727e+02    3.025386e+03    6.727240e+02   -7.140493e+02
    1154   1   -8.572356e+02    2.960074e+03    6.308515e+02   -7.391850e+02
    1154   2   -8.621640e+02    2.748040e+03    5.657628e+02   -7.795317e+02
    1154   3   -8.780389e+02    2.879939e+03    6.005699e+02   -7.527124e+02
    1155   1   -8.261167e+02    3.542156e+03    8.148118e+02   -5.984663e+02
    1155   2   -8.457573e+02    3.242412e+03    7.189964e+02   -6.757025e+02
    1155   3   -7.917838e+02    3.561227e+03    8.308330e+02   -6.157519e+02
    1156   1   -8.435998e+02    3.526108e+03    8.047525e+02   -5.685561e+02
    1156   2   -8.290456e+02    3.752246e+03    8.769601e+02   -4.722565e+02
    1156   3   -8.219582e+02    3.664188e+03    8.526690e+02   -4.925888e+02
    1157   1   -6.277740e+02    2.240515e+03    4.838222e+02   -8.436946e+02
    1157   2   -5.997216e+02    2.041673e+03    4.325855e+02   -8.548169e+02
    1157   3   -6.726165e+02    2.075808e+03    4.209574e+02   -8.572880e+02
    1158   1   -6.622718e+02    2.321678e+03    4.978219e+02   -8.384700e+02
    1158   2   -7.054683e+02    2.167062e+03    4.384781e+02   -8.535575e+02
    1158   3   -7.328441e+02    2.384290e+03    4.954337e+02   -8.371831e+02
    1159   1   -7.131510e+02    3.271028e+03    7.673631e+02   -6.243984e+02
    1159   2   -7.270606e+02    3.445464e+03    8.155211e+02   -5.569196e+02
    1159   3   -6.767993e+02    3.372728e+03    8.087786e+02   -5.761333e+02
    1160   1   -5.959111e+02    3.122850e+03    7.580816e+02   -6.559739e+02
    1160   2   -6.242095e+02    3.298349e+03    8.022420e+02   -5.966930e+02
    1160   3   -5.628627e+02    3.231942e+03    8.007237e+02   -6.107265e+02
    1161   1   -5.009220e+02    2.977932e+03    7.431030e+02   -6.833934e+02
    1161   2   -5.667784e+02    3.035954e+03    7.407528e+02   -6.773715e+02
    1161   3   -5.306918e+02    3.157527e+03    7.880505e+02   -6.325944e+02
    1162   1   -5.655734e+02    2.684991e+03    6.358253e+02   -7.692483e+02
    1162   2   -6.400386e+02    2.776511e+03    6.409418e+02   -7.593958e+02
    1162   3   -6.001552e+02    2.909562e+03    6.928220e+02   -7.210549e+02
    1163   1   -4.839673e+02    2.637434e+03    6.460401e+02   -7.646697e+02
    1163   2   -4.540387e+02    2.798530e+03    7.033472e+02   -7.216572e+02
    1163   3   -4.045432e+02    2.626241e+03    6.665094e+02   -7.497065e+02
    1164   1   -4.641487e+02    3.004754e+03    7.621815e+02   -6.689028e+02
    1164   2   -5.029906e+02    3.170357e+03    8.002099e+02   -6.220812e+02
    1164   3   -4.387190e+02    3.117686e+03    8.036900e+02   -6.277099e+02
    1165   1   -3.133981e+02    2.510945e+03    6.592642e+02   -7.484093e+02
    1165   2   -2.379014e+02    2.504865e+03    6.800889e+02   -7.280783e+02
    1165   3   -2.510392e+02    2.353604e+03    6.307695e+02   -7.540514e+02
    1166   1   -3.414083e+02    2.462368e+03    6.362879e+02   -7.632680e+02
    1166   2   -2.811176e+02    2.302228e+03    6.063332e+02   -7.698171e+02
    1166   3   -3.530956e+02    2.306553e+03    5.860372e+02   -7.888800e+02
    1167   1   -3.360154e+01    2.570061e+03    7.609377e+02   -6.421437e+02
    1167   2    4.627206e+00    2.471257e+03    7.427652e+02   -6.422379e+02
    1167   3   -4.669495e+01    2.484036e+03    7.312024e+02   -6.628837e+02
    1168   1   -1.631696e+02    2.783609e+03    7.861317e+02   -6.481915e+02
    1168   2   -2.090445e+02    2.840264e+03    7.893658e+02   -6.503434e+02
    1168   3   -1.863929e+02    2.917476e+03    8.193250e+02   -6.253682e+02
    1169   1   -3.376671e+02    2.931327e+03    7.780979e+02   -6.619292e+02
    1169   2   -3.791736e+02    3.075161e+03    8.087963e+02   -6.291004e+02
    1169   3   -3.199750e+02    3.037531e+03    8.152668e+02   -6.274471e+02
    1170   1   -2.608855e+02    2.873270e+03    7.837152e+02   -6.566544e+02
    1170   2   -3.090425e+02    2.877363e+03    7.704960e+02   -6.688187e+02
    1170   3   -2.896344e+02    2.989339e+03    8.099114e+02   -6.344497e+02
    1171   1   -2.362206e+02    2.898688e+03    7.987401e+02   -6.438881e+02
    1171   2   -2.683143e+02    3.008767e+03    8.221358e+02   -6.231328e+02
    1171   3   -2.129669e+02    2.971224e+03    8.274770e+02   -6.188486e+02
    1172   1   -1.336907e+02    2.794980e+03    7.983868e+02   -6.365072e+02
    1172   2   -1.622927e+02    2.920270e+03    8.273933e+02   -6.162282e+02
    1172   3   -1.007051e+02    2.869438e+03    8.306200e+02   -6.077759e+02
    1173   1   -8.163602e+02    3.711032e+03    8.684014e+02   -5.385305e+02
    1173   2   -7.784429e+02    3.731274e+03    8.858493e+02   -5.556756e+02
    1173   3   -7.778881e+02    3.940340e+03    9.487355e+02   -4.502367e+02
    1174   1   -8.442331e+02    3.626619e+03    8.347159e+02   -5.457704e+02
    1174   2   -8.282749e+02    3.756891e+03    8.785847e+02   -4.832306e+02
    1174   3   -8.555892e+02    3.500599e+03    7.935029e+02   -5.840207e+02
    1175   1   -6.819873e+02    2.655960e+03    5.921919e+02   -7.915305e+02
    1175   2   -6.605922e+02    2.440901e+03    5.340927e+02   -8.255019e+02
    1175   3   -7.247853e+02    2.509044e+03    5.352777e+02   -8.184949e+02
    1176   1   -6.729443e+02    2.880543e+03    6.622796e+02   -7.397547e+02
    1176   2   -6.997366e+02    3.071677e+03    7.115822e+02   -6.891244e+02
    1176   3   -6.353342e+02    2.999023e+03    7.091067e+02   -7.002227e+02
    1177   1   -4.846771e+02    2.290696e+03    5.418056e+02   -8.200945e+02
    1177   2   -4.969540e+02    2.469799e+03    5.918535e+02   -7.964135e+02
    1177   3   -4.256555e+02    2.305615e+03    5.639878e+02   -8.053914e+02
    1178   1   -5.643651e+02    2.578584e+03    6.042657e+02   -7.890962e+02
    1178   2   -6.160450e+02    2.466582e+03    5.551610e+02   -8.164827e+02
    1178   3   -6.474571e+02    2.662709e+03    6.045755e+02   -7.862210e+02
    1179   1   -1.112019e+02    2.662445e+03    7.653730e+02   -6.553543e+02
    1179   2   -6.172036e+01    2.617119e+03    7.666196e+02   -6.456921e+02
    1179   3   -7.521610e+01    2.534484e+03    7.377803e+02   -6.664617e+02
    1180   1   -1.364570e+02    2.654146e+03    7.553066e+02   -6.669866e+02
    1180   2   -1.052969e+02    2.518082e+03    7.238356e+02   -6.802528e+02
    1180   3   -1.717260e+02    2.566409e+03    7.184049e+02   -6.953698e+02
    1181   1   -4.674488e+02    2.182716e+03    5.145802e+02   -8.258268e+02
    1181   2   -4.058452e+02    2.199775e+03    5.381788e+02   -8.131196e+02
    1181   3   -4.214034e+02    2.044076e+03    4.868018e+02   -8.257226e+02
    1182   1   -5.263352e+02    2.304113e+03    5.333332e+02   -8.252647e+02
    1182   2   -5.871436e+02    2.371243e+03    5.352297e+02   -8.246510e+02
    1182   3   -5.336522e+02    2.494750e+03    5.883295e+02   -8.003285e+02
    1183   1   -7.966917e+02    2.802685e+03    6.017981e+02   -7.702408e+02
    1183   2   -7.857291e+02    2.579552e+03    5.381468e+02   -8.115796e+02
    1183   3   -8.322682e+02    2.659420e+03    5.481455e+02   -7.947008e+02
    1184   1   -8.132780e+02    3.197386e+03    7.152325e+02   -6.670614e+02
    1184   2   -8.084007e+02    2.996737e+03    6.565008e+02   -7.244756e+02
    1184   3   -8.358812e+02    3.064734e+03    6.686560e+02   -7.068896e+02
    1185   1    1.897577e+02    3.109798e+03    9.898668e+02   -3.569898e+02
    1185   2    1.891423e+02    3.155434e+03    1.003373e+03   -3.367413e+02
    1185   3    2.129542e+02    3.051550e+03    9.793514e+02   -3.461156e+02
    1186   1    1.941882e+02    3.064182e+03    9.775109e+02   -3.691862e+02
    1186   2    2.193348e+02    3.007362e+03    9.680090e+02   -3.576874e+02
    1186   3    2.090552e+02    2.973886e+03    9.548824e+02   -3.850871e+02
    1187   1   -7.981296e+02    3.411186e+03    7.839169e+02   -5.891706e+02
    1187   2   -8.001330e+02    3.593718e+03    8.380755e+02   -5.138944e+02
    1187   3   -7.664832e+02    3.519103e+03    8.257859e+02   -5.335954e+02
    1188   1   -7.867521e+02    3.315645e+03    7.586679e+02   -6.196744e+02
    1188   2   -7.493609e+02    3.441153e+03    8.075377e+02   -5.656072e+02
    1188   3   -7.454878e+02    3.248120e+03    7.507897e+02   -6.373544e+02


************************************************************************
**  Solution time
************************************************************************

Phase             Elapsed time[s]
Model data input         0.064043
Symbolic Assembly        0.036388
Numeric Assembly         0.931898
Matrix solve prep.       0.131156
Matrix solve run         0.003680
Post process             0.675324

*** total ***            1.842488

