// PERFORMANCE TEST FOR EXTRA FINE MESH: PLATE WITH A HOLE MODEL

NODE
  NODE,    1,    1,    0,   0.000000,  22.000000,
  NODE,    2,    1,    0,   0.000000,  24.000000,
  NODE,    3,    1,    0,   0.000000,  26.000000,
  NODE,    4,    1,    0,   0.000000,  28.000000,
  NODE,    5,    1,    0,   0.000000,  30.000000,
  NODE,    6,    1,    0,   0.000000,  32.000000,
  NODE,    7,    1,    0,   0.000000,  34.000000,
  NODE,    8,    1,    0,   0.000000,  36.000000,
  NODE,    9,    1,    0,   0.000000,  38.000000,
  NODE,   10,    1,    0,   0.000000,  40.000000,
  NODE,   11,    1,    0,   0.000000,  42.000000,
  NODE,   12,    1,    0,   0.000000,  44.000000,
  NODE,   13,    1,    0,   0.000000,  46.000000,
  NODE,   14,    1,    0,   0.000000,  48.000000,
  NODE,   15,    1,    0,   0.000000,  50.000000,
  NODE,   16,    1,    0,   0.000000,  52.000000,
  NODE,   17,    1,    0,   0.000000,  54.000000,
  NODE,   18,    1,    0,   0.000000,  56.000000,
  NODE,   19,    1,    0,   0.000000,  58.000000,
  NODE,   20,    1,    0,   0.000000,  20.000000,
  NODE,   21,    1,    0,   0.000000,  60.000000,
  NODE,   22,    0,    0,  19.769367,   3.028556,
  NODE,   23,    0,    0,  19.082785,   5.987262,
  NODE,   24,    0,    0,  18.379156,   7.887117,
  NODE,   25,    0,    0,  16.972885,  10.579280,
  NODE,   26,    0,    0,  15.175162,  13.027450,
  NODE,   27,    0,    0,  13.027450,  15.175162,
  NODE,   28,    0,    0,  10.579280,  16.972885,
  NODE,   29,    0,    0,   7.887117,  18.379156,
  NODE,   30,    0,    0,   5.987262,  19.082785,
  NODE,   31,    0,    0,   3.028556,  19.769367,
  NODE,   32,    0,    1,  20.000000,   0.000000,
  NODE,   33,    0,    1,  38.000000,   0.000000,
  NODE,   34,    0,    1,  36.000000,   0.000000,
  NODE,   35,    0,    1,  34.000000,   0.000000,
  NODE,   36,    0,    1,  32.000000,   0.000000,
  NODE,   37,    0,    1,  30.000000,   0.000000,
  NODE,   38,    0,    1,  28.000000,   0.000000,
  NODE,   39,    0,    1,  26.000000,   0.000000,
  NODE,   40,    0,    1,  24.000000,   0.000000,
  NODE,   41,    0,    1,  22.000000,   0.000000,
  NODE,   42,    0,    1,  40.000000,   0.000000,
  NODE,   43,    0,    0,  40.000000,  58.000000,
  NODE,   44,    0,    0,  40.000000,  56.000000,
  NODE,   45,    0,    0,  40.000000,  54.000000,
  NODE,   46,    0,    0,  40.000000,  52.000000,
  NODE,   47,    0,    0,  40.000000,  50.000000,
  NODE,   48,    0,    0,  40.000000,  48.000000,
  NODE,   49,    0,    0,  40.000000,  46.000000,
  NODE,   50,    0,    0,  40.000000,  44.000000,
  NODE,   51,    0,    0,  40.000000,  42.000000,
  NODE,   52,    0,    0,  40.000000,  40.000000,
  NODE,   53,    0,    0,  40.000000,  38.000000,
  NODE,   54,    0,    0,  40.000000,  36.000000,
  NODE,   55,    0,    0,  40.000000,  34.000000,
  NODE,   56,    0,    0,  40.000000,  32.000000,
  NODE,   57,    0,    0,  40.000000,  30.000000,
  NODE,   58,    0,    0,  40.000000,  28.000000,
  NODE,   59,    0,    0,  40.000000,  26.000000,
  NODE,   60,    0,    0,  40.000000,  24.000000,
  NODE,   61,    0,    0,  40.000000,  22.000000,
  NODE,   62,    0,    0,  40.000000,  20.000000,
  NODE,   63,    0,    0,  40.000000,  18.000000,
  NODE,   64,    0,    0,  40.000000,  16.000000,
  NODE,   65,    0,    0,  40.000000,  14.000000,
  NODE,   66,    0,    0,  40.000000,  12.000000,
  NODE,   67,    0,    0,  40.000000,  10.000000,
  NODE,   68,    0,    0,  40.000000,   8.000000,
  NODE,   69,    0,    0,  40.000000,   6.000000,
  NODE,   70,    0,    0,  40.000000,   4.000000,
  NODE,   71,    0,    0,  40.000000,   2.000000,
  NODE,   72,    0,    0,  40.000000,  60.000000,
  NODE,   73,    0,    0,   2.000000,  60.000000,
  NODE,   74,    0,    0,   4.000000,  60.000000,
  NODE,   75,    0,    0,   6.000000,  60.000000,
  NODE,   76,    0,    0,   8.000000,  60.000000,
  NODE,   77,    0,    0,  10.000000,  60.000000,
  NODE,   78,    0,    0,  12.000000,  60.000000,
  NODE,   79,    0,    0,  14.000000,  60.000000,
  NODE,   80,    0,    0,  16.000000,  60.000000,
  NODE,   81,    0,    0,  18.000000,  60.000000,
  NODE,   82,    0,    0,  20.000000,  60.000000,
  NODE,   83,    0,    0,  22.000000,  60.000000,
  NODE,   84,    0,    0,  24.000000,  60.000000,
  NODE,   85,    0,    0,  26.000000,  60.000000,
  NODE,   86,    0,    0,  28.000000,  60.000000,
  NODE,   87,    0,    0,  30.000000,  60.000000,
  NODE,   88,    0,    0,  32.000000,  60.000000,
  NODE,   89,    0,    0,  34.000000,  60.000000,
  NODE,   90,    0,    0,  36.000000,  60.000000,
  NODE,   91,    0,    0,  38.000000,  60.000000,
  NODE,   92,    0,    0,   1.974653,  57.965466,
  NODE,   93,    0,    0,   4.067331,  58.074184,
  NODE,   94,    0,    0,   6.120988,  58.062069,
  NODE,   95,    0,    0,   8.261523,  58.088631,
  NODE,   96,    0,    0,  10.707029,  58.090515,
  NODE,   97,    0,    0,  12.868880,  58.074680,
  NODE,   98,    0,    0,  14.934469,  58.036652,
  NODE,   99,    0,    0,  17.004345,  58.065067,
  NODE,  100,    0,    0,  18.972357,  58.094833,
  NODE,  101,    0,    0,  20.930189,  58.097706,
  NODE,  102,    0,    0,  22.954819,  58.045143,
  NODE,  103,    0,    0,  25.062822,  58.033100,
  NODE,  104,    0,    0,  27.129828,  58.079594,
  NODE,  105,    0,    0,  29.288200,  58.101376,
  NODE,  106,    0,    0,  31.741751,  58.094292,
  NODE,  107,    0,    0,  33.901402,  58.076859,
  NODE,  108,    0,    0,  35.932312,  58.083912,
  NODE,  109,    0,    0,  37.956303,  58.015377,
  NODE,  110,    0,    0,   2.040373,  55.966660,
  NODE,  111,    0,    0,   4.059092,  55.911690,
  NODE,  112,    0,    0,   6.500991,  56.002625,
  NODE,  113,    0,    0,   8.234591,  55.945122,
  NODE,  114,    0,    0,  10.726974,  55.930039,
  NODE,  115,    0,    0,  12.705191,  55.927322,
  NODE,  116,    0,    0,  14.865678,  55.935329,
  NODE,  117,    0,    0,  17.061277,  55.899292,
  NODE,  118,    0,    0,  18.989891,  55.866814,
  NODE,  119,    0,    0,  20.967384,  55.899975,
  NODE,  120,    0,    0,  23.050604,  55.865830,
  NODE,  121,    0,    0,  25.145762,  55.947952,
  NODE,  122,    0,    0,  27.284721,  55.940647,
  NODE,  123,    0,    0,  29.267244,  55.940670,
  NODE,  124,    0,    0,  31.785927,  55.928017,
  NODE,  125,    0,    0,  33.759193,  55.927540,
  NODE,  126,    0,    0,  35.898079,  55.943451,
  NODE,  127,    0,    0,  37.948731,  55.965618,
  NODE,  128,    0,    0,   2.042956,  53.909397,
  NODE,  129,    0,    0,   4.220345,  53.841637,
  NODE,  130,    0,    0,   6.213793,  53.913845,
  NODE,  131,    0,    0,   8.289426,  53.947418,
  NODE,  132,    0,    0,  10.674972,  53.911243,
  NODE,  133,    0,    0,  12.669034,  53.849861,
  NODE,  134,    0,    0,  14.784226,  53.653664,
  NODE,  135,    0,    0,  16.922833,  53.618443,
  NODE,  136,    0,    0,  19.027552,  53.746517,
  NODE,  137,    0,    0,  21.117806,  53.598862,
  NODE,  138,    0,    0,  23.215136,  53.821491,
  NODE,  139,    0,    0,  25.236788,  53.866447,
  NODE,  140,    0,    0,  27.286789,  53.875790,
  NODE,  141,    0,    0,  29.348709,  53.950680,
  NODE,  142,    0,    0,  31.735411,  53.906902,
  NODE,  143,    0,    0,  33.748337,  53.820099,
  NODE,  144,    0,    0,  35.796501,  53.793884,
  NODE,  145,    0,    0,  37.946770,  54.051968,
  NODE,  146,    0,    0,   1.981408,  51.929489,
  NODE,  147,    0,    0,   4.253657,  51.659233,
  NODE,  148,    0,    0,   6.252967,  51.583309,
  NODE,  149,    0,    0,   8.261120,  51.626198,
  NODE,  150,    0,    0,  10.554967,  51.965881,
  NODE,  151,    0,    0,  12.566933,  51.793682,
  NODE,  152,    0,    0,  14.586189,  51.742436,
  NODE,  153,    0,    0,  17.052137,  51.733265,
  NODE,  154,    0,    0,  19.042028,  51.723454,
  NODE,  155,    0,    0,  21.143478,  51.713749,
  NODE,  156,    0,    0,  23.270805,  51.754738,
  NODE,  157,    0,    0,  25.150553,  51.738045,
  NODE,  158,    0,    0,  27.408421,  51.693070,
  NODE,  159,    0,    0,  29.328388,  51.798496,
  NODE,  160,    0,    0,  31.570345,  51.956562,
  NODE,  161,    0,    0,  33.646374,  51.614395,
  NODE,  162,    0,    0,  35.832626,  51.665276,
  NODE,  163,    0,    0,  38.010925,  51.717724,
  NODE,  164,    0,    0,   1.876093,  49.848343,
  NODE,  165,    0,    0,   4.145430,  49.703953,
  NODE,  166,    0,    0,   6.289773,  49.700863,
  NODE,  167,    0,    0,   8.451970,  49.727566,
  NODE,  168,    0,    0,  10.587051,  49.523689,
  NODE,  169,    0,    0,  12.628158,  49.689732,
  NODE,  170,    0,    0,  14.816777,  49.648022,
  NODE,  171,    0,    0,  16.963360,  49.867153,
  NODE,  172,    0,    0,  18.975346,  49.713715,
  NODE,  173,    0,    0,  21.085617,  49.691166,
  NODE,  174,    0,    0,  23.213566,  49.720009,
  NODE,  175,    0,    0,  25.105946,  49.795136,
  NODE,  176,    0,    0,  27.400131,  49.503975,
  NODE,  177,    0,    0,  29.438623,  49.603905,
  NODE,  178,    0,    0,  31.626942,  49.727207,
  NODE,  179,    0,    0,  33.772640,  49.635613,
  NODE,  180,    0,    0,  35.861107,  49.691750,
  NODE,  181,    0,    0,  38.092056,  49.804833,
  NODE,  182,    0,    0,   1.950903,  47.733341,
  NODE,  183,    0,    0,   4.157788,  47.693089,
  NODE,  184,    0,    0,   6.495101,  47.797710,
  NODE,  185,    0,    0,   8.406617,  47.433357,
  NODE,  186,    0,    0,  10.578870,  47.582645,
  NODE,  187,    0,    0,  12.622448,  47.615139,
  NODE,  188,    0,    0,  14.588095,  47.546692,
  NODE,  189,    0,    0,  17.022942,  47.729309,
  NODE,  190,    0,    0,  18.924051,  47.650444,
  NODE,  191,    0,    0,  21.058840,  47.623978,
  NODE,  192,    0,    0,  23.233667,  47.634930,
  NODE,  193,    0,    0,  25.182505,  47.745091,
  NODE,  194,    0,    0,  27.587101,  47.614136,
  NODE,  195,    0,    0,  29.410963,  47.751530,
  NODE,  196,    0,    0,  31.545439,  47.543961,
  NODE,  197,    0,    0,  33.777432,  47.770638,
  NODE,  198,    0,    0,  35.867905,  47.699661,
  NODE,  199,    0,    0,  37.955399,  47.666477,
  NODE,  200,    0,    0,   2.016336,  45.514523,
  NODE,  201,    0,    0,   4.102680,  45.478005,
  NODE,  202,    0,    0,   6.011978,  45.466160,
  NODE,  203,    0,    0,   8.396688,  45.411308,
  NODE,  204,    0,    0,  10.705857,  45.657528,
  NODE,  205,    0,    0,  12.602067,  45.587807,
  NODE,  206,    0,    0,  14.744041,  45.644016,
  NODE,  207,    0,    0,  16.934107,  45.449879,
  NODE,  208,    0,    0,  18.959312,  45.569820,
  NODE,  209,    0,    0,  21.055542,  45.585304,
  NODE,  210,    0,    0,  23.146961,  45.532948,
  NODE,  211,    0,    0,  25.462078,  45.540447,
  NODE,  212,    0,    0,  27.534563,  45.595467,
  NODE,  213,    0,    0,  29.335768,  45.546555,
  NODE,  214,    0,    0,  31.595480,  45.457443,
  NODE,  215,    0,    0,  33.752861,  45.324524,
  NODE,  216,    0,    0,  35.783264,  45.413544,
  NODE,  217,    0,    0,  37.932007,  45.279465,
  NODE,  218,    0,    0,   2.077319,  43.469696,
  NODE,  219,    0,    0,   4.086063,  43.269440,
  NODE,  220,    0,    0,   6.027716,  43.437798,
  NODE,  221,    0,    0,   8.480325,  43.449215,
  NODE,  222,    0,    0,  10.553373,  43.720749,
  NODE,  223,    0,    0,  12.621712,  43.547508,
  NODE,  224,    0,    0,  14.610344,  43.464382,
  NODE,  225,    0,    0,  16.844711,  43.569229,
  NODE,  226,    0,    0,  19.004858,  43.528439,
  NODE,  227,    0,    0,  21.050579,  43.546364,
  NODE,  228,    0,    0,  23.098486,  43.523621,
  NODE,  229,    0,    0,  25.312635,  43.578899,
  NODE,  230,    0,    0,  27.459812,  43.597729,
  NODE,  231,    0,    0,  29.449148,  43.265636,
  NODE,  232,    0,    0,  31.787682,  43.422550,
  NODE,  233,    0,    0,  33.896305,  43.190796,
  NODE,  234,    0,    0,  35.873432,  43.245583,
  NODE,  235,    0,    0,  37.506939,  43.388683,
  NODE,  236,    0,    0,   1.827641,  41.099640,
  NODE,  237,    0,    0,   4.100943,  41.227291,
  NODE,  238,    0,    0,   6.213573,  41.349999,
  NODE,  239,    0,    0,   8.590778,  41.394852,
  NODE,  240,    0,    0,  10.670430,  41.413391,
  NODE,  241,    0,    0,  12.704937,  41.451706,
  NODE,  242,    0,    0,  14.734850,  41.319317,
  NODE,  243,    0,    0,  16.979769,  41.526093,
  NODE,  244,    0,    0,  18.965578,  41.460392,
  NODE,  245,    0,    0,  21.024498,  41.422833,
  NODE,  246,    0,    0,  23.094273,  41.338825,
  NODE,  247,    0,    0,  25.339991,  41.519009,
  NODE,  248,    0,    0,  27.550156,  41.329075,
  NODE,  249,    0,    0,  29.481049,  41.443905,
  NODE,  250,    0,    0,  31.715494,  41.404450,
  NODE,  251,    0,    0,  33.804390,  41.368843,
  NODE,  252,    0,    0,  35.889961,  41.233673,
  NODE,  253,    0,    0,  38.152424,  41.107830,
  NODE,  254,    0,    0,   1.886943,  39.069931,
  NODE,  255,    0,    0,   4.137202,  39.194565,
  NODE,  256,    0,    0,   6.254786,  39.313507,
  NODE,  257,    0,    0,   8.605700,  39.317589,
  NODE,  258,    0,    0,  10.638847,  39.278923,
  NODE,  259,    0,    0,  12.720980,  39.219418,
  NODE,  260,    0,    0,  14.573426,  39.259972,
  NODE,  261,    0,    0,  17.010748,  39.195366,
  NODE,  262,    0,    0,  19.026159,  39.288910,
  NODE,  263,    0,    0,  21.101360,  39.277329,
  NODE,  264,    0,    0,  23.215490,  39.342922,
  NODE,  265,    0,    0,  25.359976,  39.259468,
  NODE,  266,    0,    0,  27.338335,  39.478455,
  NODE,  267,    0,    0,  29.601391,  39.426533,
  NODE,  268,    0,    0,  31.680435,  39.454632,
  NODE,  269,    0,    0,  33.744438,  39.382694,
  NODE,  270,    0,    0,  35.867527,  39.214500,
  NODE,  271,    0,    0,  38.115189,  39.067120,
  NODE,  272,    0,    0,   1.905996,  37.040581,
  NODE,  273,    0,    0,   4.158903,  37.145756,
  NODE,  274,    0,    0,   6.266683,  37.245281,
  NODE,  275,    0,    0,   8.583743,  37.245155,
  NODE,  276,    0,    0,  10.540286,  37.185711,
  NODE,  277,    0,    0,  12.539431,  37.026928,
  NODE,  278,    0,    0,  14.599471,  37.279854,
  NODE,  279,    0,    0,  16.669643,  37.221962,
  NODE,  280,    0,    0,  18.925316,  37.419594,
  NODE,  281,    0,    0,  21.135756,  37.399143,
  NODE,  282,    0,    0,  23.357843,  37.353958,
  NODE,  283,    0,    0,  25.235678,  37.369041,
  NODE,  284,    0,    0,  27.468153,  37.365109,
  NODE,  285,    0,    0,  29.679689,  37.451157,
  NODE,  286,    0,    0,  31.708027,  37.625515,
  NODE,  287,    0,    0,  33.524174,  37.279892,
  NODE,  288,    0,    0,  35.785606,  37.244663,
  NODE,  289,    0,    0,  38.089302,  37.040398,
  NODE,  290,    0,    0,   1.967799,  35.034130,
  NODE,  291,    0,    0,   4.153409,  35.172562,
  NODE,  292,    0,    0,   6.249733,  35.177452,
  NODE,  293,    0,    0,   8.557680,  35.186535,
  NODE,  294,    0,    0,  10.475414,  35.153637,
  NODE,  295,    0,    0,  12.415541,  35.119389,
  NODE,  296,    0,    0,  14.676265,  35.124088,
  NODE,  297,    0,    0,  16.785399,  35.176834,
  NODE,  298,    0,    0,  19.123049,  35.259796,
  NODE,  299,    0,    0,  21.134159,  35.404755,
  NODE,  300,    0,    0,  23.217567,  35.203850,
  NODE,  301,    0,    0,  25.331814,  35.152573,
  NODE,  302,    0,    0,  27.580549,  35.320320,
  NODE,  303,    0,    0,  29.390478,  35.063503,
  NODE,  304,    0,    0,  31.548042,  34.939175,
  NODE,  305,    0,    0,  33.740952,  34.895062,
  NODE,  306,    0,    0,  35.773472,  35.014881,
  NODE,  307,    0,    0,  38.036671,  35.019959,
  NODE,  308,    0,    0,   2.020308,  32.991280,
  NODE,  309,    0,    0,   4.145230,  33.019718,
  NODE,  310,    0,    0,   6.230291,  33.094833,
  NODE,  311,    0,    0,   8.560815,  33.103790,
  NODE,  312,    0,    0,  10.471992,  32.958317,
  NODE,  313,    0,    0,  12.382464,  33.156277,
  NODE,  314,    0,    0,  14.694195,  33.202221,
  NODE,  315,    0,    0,  16.855869,  33.185543,
  NODE,  316,    0,    0,  18.876625,  33.278839,
  NODE,  317,    0,    0,  21.064442,  32.913990,
  NODE,  318,    0,    0,  23.054174,  33.051357,
  NODE,  319,    0,    0,  25.306049,  33.251003,
  NODE,  320,    0,    0,  27.489231,  32.965626,
  NODE,  321,    0,    0,  29.512774,  32.977520,
  NODE,  322,    0,    0,  31.677013,  33.140873,
  NODE,  323,    0,    0,  33.721352,  33.038662,
  NODE,  324,    0,    0,  35.854496,  32.905396,
  NODE,  325,    0,    0,  38.040379,  32.978828,
  NODE,  326,    0,    0,   1.974893,  30.941580,
  NODE,  327,    0,    0,   4.159540,  30.879856,
  NODE,  328,    0,    0,   6.244905,  31.026539,
  NODE,  329,    0,    0,   8.400621,  30.995760,
  NODE,  330,    0,    0,  10.610251,  30.917904,
  NODE,  331,    0,    0,  12.465634,  31.085323,
  NODE,  332,    0,    0,  14.865821,  31.128712,
  NODE,  333,    0,    0,  16.867062,  30.990774,
  NODE,  334,    0,    0,  18.924456,  30.915976,
  NODE,  335,    0,    0,  21.135027,  30.965120,
  NODE,  336,    0,    0,  23.222168,  31.058252,
  NODE,  337,    0,    0,  25.358271,  30.990763,
  NODE,  338,    0,    0,  27.426525,  31.025152,
  NODE,  339,    0,    0,  29.588326,  31.070335,
  NODE,  340,    0,    0,  31.693798,  30.981844,
  NODE,  341,    0,    0,  33.701717,  31.004890,
  NODE,  342,    0,    0,  35.825638,  31.017517,
  NODE,  343,    0,    0,  38.074177,  31.019449,
  NODE,  344,    0,    0,   1.925793,  28.980612,
  NODE,  345,    0,    0,   4.169457,  28.992666,
  NODE,  346,    0,    0,   6.282287,  29.018421,
  NODE,  347,    0,    0,   8.444386,  29.067307,
  NODE,  348,    0,    0,  10.560191,  28.986202,
  NODE,  349,    0,    0,  12.564025,  28.986883,
  NODE,  350,    0,    0,  14.736071,  29.018238,
  NODE,  351,    0,    0,  16.712896,  28.882988,
  NODE,  352,    0,    0,  19.126766,  28.964542,
  NODE,  353,    0,    0,  21.165014,  29.147099,
  NODE,  354,    0,    0,  23.140381,  29.145693,
  NODE,  355,    0,    0,  25.189318,  29.033518,
  NODE,  356,    0,    0,  27.486889,  29.101339,
  NODE,  357,    0,    0,  29.559395,  29.120493,
  NODE,  358,    0,    0,  31.624676,  29.029825,
  NODE,  359,    0,    0,  33.755367,  28.979282,
  NODE,  360,    0,    0,  35.839600,  29.121523,
  NODE,  361,    0,    0,  38.025108,  29.058420,
  NODE,  362,    0,    0,   1.961153,  27.019814,
  NODE,  363,    0,    0,   4.147635,  27.103191,
  NODE,  364,    0,    0,   6.245213,  27.047239,
  NODE,  365,    0,    0,   8.328791,  26.650309,
  NODE,  366,    0,    0,  10.310506,  26.914593,
  NODE,  367,    0,    0,  12.553534,  26.730770,
  NODE,  368,    0,    0,  14.820122,  26.707577,
  NODE,  369,    0,    0,  16.739849,  26.770121,
  NODE,  370,    0,    0,  19.059372,  26.885075,
  NODE,  371,    0,    0,  20.951042,  26.791460,
  NODE,  372,    0,    0,  23.253023,  26.662472,
  NODE,  373,    0,    0,  25.424767,  26.855431,
  NODE,  374,    0,    0,  27.565924,  27.090721,
  NODE,  375,    0,    0,  29.528946,  27.104784,
  NODE,  376,    0,    0,  31.441807,  26.903542,
  NODE,  377,    0,    0,  33.769390,  26.905706,
  NODE,  378,    0,    0,  35.854771,  26.980282,
  NODE,  379,    0,    0,  37.979691,  27.008719,
  NODE,  380,    0,    0,   1.962782,  24.973476,
  NODE,  381,    0,    0,   4.324388,  24.841221,
  NODE,  382,    0,    0,   6.258812,  25.048311,
  NODE,  383,    0,    0,   8.262533,  24.823597,
  NODE,  384,    0,    0,  10.425243,  24.980810,
  NODE,  385,    0,    0,  12.549491,  24.915606,
  NODE,  386,    0,    0,  14.806538,  24.772394,
  NODE,  387,    0,    0,  16.993429,  24.994652,
  NODE,  388,    0,    0,  18.909290,  24.831741,
  NODE,  389,    0,    0,  20.945854,  24.932816,
  NODE,  390,    0,    0,  23.085730,  24.787308,
  NODE,  391,    0,    0,  25.143944,  24.867682,
  NODE,  392,    0,    0,  27.540831,  24.715744,
  NODE,  393,    0,    0,  29.516115,  24.833590,
  NODE,  394,    0,    0,  31.443987,  24.812569,
  NODE,  395,    0,    0,  33.750252,  24.822569,
  NODE,  396,    0,    0,  35.846592,  24.827440,
  NODE,  397,    0,    0,  38.032200,  24.965872,
  NODE,  398,    0,    0,   1.879422,  22.941469,
  NODE,  399,    0,    0,   4.244580,  22.833881,
  NODE,  400,    0,    0,   6.327530,  22.577261,
  NODE,  401,    0,    0,   8.394135,  22.735657,
  NODE,  402,    0,    0,  10.383946,  22.540218,
  NODE,  403,    0,    0,  12.499266,  23.068955,
  NODE,  404,    0,    0,  14.678745,  22.969595,
  NODE,  405,    0,    0,  16.952267,  22.646149,
  NODE,  406,    0,    0,  18.927790,  22.686209,
  NODE,  407,    0,    0,  20.823603,  22.652966,
  NODE,  408,    0,    0,  23.077280,  22.729412,
  NODE,  409,    0,    0,  25.225126,  22.641449,
  NODE,  410,    0,    0,  27.409613,  22.757153,
  NODE,  411,    0,    0,  29.489626,  22.739245,
  NODE,  412,    0,    0,  31.441015,  22.719297,
  NODE,  413,    0,    0,  33.735783,  22.752184,
  NODE,  414,    0,    0,  35.841099,  22.854246,
  NODE,  415,    0,    0,  38.094006,  22.959419,
  NODE,  416,    0,    0,   2.041300,  20.765591,
  NODE,  417,    0,    0,   4.098958,  20.530876,
  NODE,  418,    0,    0,   6.318157,  20.745731,
  NODE,  419,    0,    0,   8.403627,  20.863318,
  NODE,  420,    0,    0,  10.372935,  20.478031,
  NODE,  421,    0,    0,  12.621044,  20.514984,
  NODE,  422,    0,    0,  14.740991,  20.804747,
  NODE,  423,    0,    0,  16.927521,  20.601826,
  NODE,  424,    0,    0,  18.918297,  20.621948,
  NODE,  425,    0,    0,  20.926960,  20.555624,
  NODE,  426,    0,    0,  23.109423,  20.583221,
  NODE,  427,    0,    0,  25.289337,  20.726074,
  NODE,  428,    0,    0,  27.347220,  20.712189,
  NODE,  429,    0,    0,  29.422043,  20.465679,
  NODE,  430,    0,    0,  31.482660,  20.590303,
  NODE,  431,    0,    0,  33.757980,  20.679661,
  NODE,  432,    0,    0,  35.862873,  20.805359,
  NODE,  433,    0,    0,  38.113056,  20.930069,
  NODE,  434,    0,    0,  10.361534,  18.513956,
  NODE,  435,    0,    0,  12.619158,  18.696203,
  NODE,  436,    0,    0,  14.521738,  18.577330,
  NODE,  437,    0,    0,  16.795107,  18.581755,
  NODE,  438,    0,    0,  18.887220,  18.604408,
  NODE,  439,    0,    0,  20.831408,  18.633026,
  NODE,  440,    0,    0,  23.006987,  18.459047,
  NODE,  441,    0,    0,  24.945520,  18.650148,
  NODE,  442,    0,    0,  27.275642,  18.616396,
  NODE,  443,    0,    0,  29.426500,  18.692476,
  NODE,  444,    0,    0,  31.596092,  18.503845,
  NODE,  445,    0,    0,  33.809532,  18.643120,
  NODE,  446,    0,    0,  35.899200,  18.772659,
  NODE,  447,    0,    0,  38.172360,  18.900360,
  NODE,  448,    0,    0,  12.500236,  16.577135,
  NODE,  449,    0,    0,  14.831342,  16.486944,
  NODE,  450,    0,    0,  16.891003,  16.494785,
  NODE,  451,    0,    0,  18.997252,  16.564491,
  NODE,  452,    0,    0,  20.990074,  16.572340,
  NODE,  453,    0,    0,  23.179451,  16.542057,
  NODE,  454,    0,    0,  25.096308,  16.610260,
  NODE,  455,    0,    0,  27.151035,  16.669310,
  NODE,  456,    0,    0,  29.415075,  16.495821,
  NODE,  457,    0,    0,  31.604895,  16.652565,
  NODE,  458,    0,    0,  33.973713,  16.558531,
  NODE,  459,    0,    0,  35.914303,  16.730555,
  NODE,  460,    0,    0,  37.922680,  16.530304,
  NODE,  461,    0,    0,  14.840562,  14.645235,
  NODE,  462,    0,    0,  16.604252,  14.295690,
  NODE,  463,    0,    0,  18.831743,  14.300526,
  NODE,  464,    0,    0,  21.095333,  14.459887,
  NODE,  465,    0,    0,  23.313902,  14.205402,
  NODE,  466,    0,    0,  25.186976,  14.600707,
  NODE,  467,    0,    0,  27.141211,  14.434430,
  NODE,  468,    0,    0,  29.306635,  14.277473,
  NODE,  469,    0,    0,  31.614620,  14.424178,
  NODE,  470,    0,    0,  33.978767,  14.521817,
  NODE,  471,    0,    0,  35.897438,  14.521724,
  NODE,  472,    0,    0,  37.983666,  14.485478,
  NODE,  473,    0,    0,  16.850824,  12.324741,
  NODE,  474,    0,    0,  18.940424,  12.368136,
  NODE,  475,    0,    0,  21.030878,  12.328937,
  NODE,  476,    0,    0,  23.141172,  12.226037,
  NODE,  477,    0,    0,  25.110189,  12.234372,
  NODE,  478,    0,    0,  27.223955,  12.387829,
  NODE,  479,    0,    0,  29.508822,  12.455491,
  NODE,  480,    0,    0,  31.589417,  12.558921,
  NODE,  481,    0,    0,  33.505409,  12.199023,
  NODE,  482,    0,    0,  35.842213,  12.306912,
  NODE,  483,    0,    0,  38.049099,  12.266660,
  NODE,  484,    0,    0,  18.982655,  10.484333,
  NODE,  485,    0,    0,  21.043316,  10.374022,
  NODE,  486,    0,    0,  23.114752,  10.336132,
  NODE,  487,    0,    0,  25.199215,  10.376437,
  NODE,  488,    0,    0,  27.378271,  10.361874,
  NODE,  489,    0,    0,  29.391113,  10.460829,
  NODE,  490,    0,    0,  31.546183,  10.271618,
  NODE,  491,    0,    0,  33.710209,  10.299082,
  NODE,  492,    0,    0,  35.854572,  10.296048,
  NODE,  493,    0,    0,  38.123909,  10.151659,
  NODE,  494,    0,    0,  21.168404,   8.364458,
  NODE,  495,    0,    0,  23.176020,   8.226231,
  NODE,  496,    0,    0,  25.331457,   8.413711,
  NODE,  497,    0,    0,  27.425419,   8.198769,
  NODE,  498,    0,    0,  29.444078,   8.026352,
  NODE,  499,    0,    0,  31.738676,   8.372782,
  NODE,  500,    0,    0,  33.747032,   8.416684,
  NODE,  501,    0,    0,  35.746346,   8.340768,
  NODE,  502,    0,    0,  38.018593,   8.070513,
  NODE,  503,    0,    0,  37.957047,   6.090604,
  NODE,  504,    0,    0,  35.779656,   6.158365,
  NODE,  505,    0,    0,  33.786209,   6.086154,
  NODE,  506,    0,    0,  31.710592,   6.052574,
  NODE,  507,    0,    0,  29.325712,   6.086956,
  NODE,  508,    0,    0,  27.329758,   6.118108,
  NODE,  509,    0,    0,  25.342968,   6.082158,
  NODE,  510,    0,    0,  23.072784,   6.319197,
  NODE,  511,    0,    0,  21.001974,   6.390901,
  NODE,  512,    0,    0,  21.322603,   4.079051,
  NODE,  513,    0,    0,  23.016136,   4.197565,
  NODE,  514,    0,    0,  25.409920,   4.091958,
  NODE,  515,    0,    0,  27.308714,   4.068256,
  NODE,  516,    0,    0,  29.273998,   4.069878,
  NODE,  517,    0,    0,  31.765415,   4.054877,
  NODE,  518,    0,    0,  33.499012,   3.997374,
  NODE,  519,    0,    0,  35.940910,   4.088311,
  NODE,  520,    0,    0,  37.959629,   4.033340,
  NODE,  521,    0,    0,  20.875788,   1.858794,
  NODE,  522,    0,    0,  22.895487,   1.965640,
  NODE,  523,    0,    0,  25.024086,   1.960998,
  NODE,  524,    0,    0,  27.126841,   1.927630,
  NODE,  525,    0,    0,  29.293020,   1.909500,
  NODE,  526,    0,    0,  31.738480,   1.911369,
  NODE,  527,    0,    0,  33.879013,   1.937932,
  NODE,  528,    0,    0,  35.932671,   1.925814,
  NODE,  529,    0,    0,  38.025349,   2.034532,
  NODE,  530,    1,    0,   0.000000,  21.000000,
  NODE,  531,    1,    0,   0.000000,  23.000000,
  NODE,  532,    1,    0,   0.000000,  25.000000,
  NODE,  533,    1,    0,   0.000000,  27.000000,
  NODE,  534,    1,    0,   0.000000,  29.000000,
  NODE,  535,    1,    0,   0.000000,  31.000000,
  NODE,  536,    1,    0,   0.000000,  33.000000,
  NODE,  537,    1,    0,   0.000000,  35.000000,
  NODE,  538,    1,    0,   0.000000,  37.000000,
  NODE,  539,    1,    0,   0.000000,  39.000000,
  NODE,  540,    1,    0,   0.000000,  41.000000,
  NODE,  541,    1,    0,   0.000000,  43.000000,
  NODE,  542,    1,    0,   0.000000,  45.000000,
  NODE,  543,    1,    0,   0.000000,  47.000000,
  NODE,  544,    1,    0,   0.000000,  49.000000,
  NODE,  545,    1,    0,   0.000000,  51.000000,
  NODE,  546,    1,    0,   0.000000,  53.000000,
  NODE,  547,    1,    0,   0.000000,  55.000000,
  NODE,  548,    1,    0,   0.000000,  57.000000,
  NODE,  549,    1,    0,   0.000000,  59.000000,
  NODE,  550,    0,    0,  19.974331,   1.012983,
  NODE,  551,    0,    0,  19.897387,   2.023366,
  NODE,  552,    0,    0,  19.590599,   4.025970,
  NODE,  553,    0,    0,  19.361542,   5.013051,
  NODE,  554,    0,    0,  18.755043,   6.946105,
  NODE,  555,    0,    0,  17.956091,   8.807883,
  NODE,  556,    0,    0,  17.486933,   9.706039,
  NODE,  557,    0,    0,  16.415268,  11.425365,
  NODE,  558,    0,    0,  15.815515,  12.242120,
  NODE,  559,    0,    0,  14.495855,  13.779339,
  NODE,  560,    0,    0,  13.779339,  14.495855,
  NODE,  561,    0,    0,  12.242120,  15.815515,
  NODE,  562,    0,    0,  11.425365,  16.415268,
  NODE,  563,    0,    0,   9.706039,  17.486933,
  NODE,  564,    0,    0,   8.807883,  17.956091,
  NODE,  565,    0,    0,   6.946105,  18.755043,
  NODE,  566,    0,    0,   5.013051,  19.361542,
  NODE,  567,    0,    0,   4.025970,  19.590599,
  NODE,  568,    0,    0,   2.023366,  19.897387,
  NODE,  569,    0,    0,   1.012983,  19.974331,
  NODE,  570,    0,    1,  39.000000,   0.000000,
  NODE,  571,    0,    1,  37.000000,   0.000000,
  NODE,  572,    0,    1,  35.000000,   0.000000,
  NODE,  573,    0,    1,  33.000000,   0.000000,
  NODE,  574,    0,    1,  31.000000,   0.000000,
  NODE,  575,    0,    1,  29.000000,   0.000000,
  NODE,  576,    0,    1,  27.000000,   0.000000,
  NODE,  577,    0,    1,  25.000000,   0.000000,
  NODE,  578,    0,    1,  23.000000,   0.000000,
  NODE,  579,    0,    1,  21.000000,   0.000000,
  NODE,  580,    0,    0,  40.000000,  59.000000,
  NODE,  581,    0,    0,  40.000000,  57.000000,
  NODE,  582,    0,    0,  40.000000,  55.000000,
  NODE,  583,    0,    0,  40.000000,  53.000000,
  NODE,  584,    0,    0,  40.000000,  51.000000,
  NODE,  585,    0,    0,  40.000000,  49.000000,
  NODE,  586,    0,    0,  40.000000,  47.000000,
  NODE,  587,    0,    0,  40.000000,  45.000000,
  NODE,  588,    0,    0,  40.000000,  43.000000,
  NODE,  589,    0,    0,  40.000000,  41.000000,
  NODE,  590,    0,    0,  40.000000,  39.000000,
  NODE,  591,    0,    0,  40.000000,  37.000000,
  NODE,  592,    0,    0,  40.000000,  35.000000,
  NODE,  593,    0,    0,  40.000000,  33.000000,
  NODE,  594,    0,    0,  40.000000,  31.000000,
  NODE,  595,    0,    0,  40.000000,  29.000000,
  NODE,  596,    0,    0,  40.000000,  27.000000,
  NODE,  597,    0,    0,  40.000000,  25.000000,
  NODE,  598,    0,    0,  40.000000,  23.000000,
  NODE,  599,    0,    0,  40.000000,  21.000000,
  NODE,  600,    0,    0,  40.000000,  19.000000,
  NODE,  601,    0,    0,  40.000000,  17.000000,
  NODE,  602,    0,    0,  40.000000,  15.000000,
  NODE,  603,    0,    0,  40.000000,  13.000000,
  NODE,  604,    0,    0,  40.000000,  11.000000,
  NODE,  605,    0,    0,  40.000000,   9.000000,
  NODE,  606,    0,    0,  40.000000,   7.000000,
  NODE,  607,    0,    0,  40.000000,   5.000000,
  NODE,  608,    0,    0,  40.000000,   3.000000,
  NODE,  609,    0,    0,  40.000000,   1.000000,
  NODE,  610,    0,    0,   1.000000,  60.000000,
  NODE,  611,    0,    0,   3.000000,  60.000000,
  NODE,  612,    0,    0,   5.000000,  60.000000,
  NODE,  613,    0,    0,   7.000000,  60.000000,
  NODE,  614,    0,    0,   9.000000,  60.000000,
  NODE,  615,    0,    0,  11.000000,  60.000000,
  NODE,  616,    0,    0,  13.000000,  60.000000,
  NODE,  617,    0,    0,  15.000000,  60.000000,
  NODE,  618,    0,    0,  17.000000,  60.000000,
  NODE,  619,    0,    0,  19.000000,  60.000000,
  NODE,  620,    0,    0,  21.000000,  60.000000,
  NODE,  621,    0,    0,  23.000000,  60.000000,
  NODE,  622,    0,    0,  25.000000,  60.000000,
  NODE,  623,    0,    0,  27.000000,  60.000000,
  NODE,  624,    0,    0,  29.000000,  60.000000,
  NODE,  625,    0,    0,  31.000000,  60.000000,
  NODE,  626,    0,    0,  33.000000,  60.000000,
  NODE,  627,    0,    0,  35.000000,  60.000000,
  NODE,  628,    0,    0,  37.000000,  60.000000,
  NODE,  629,    0,    0,  39.000000,  60.000000,
  NODE,  630,    0,    0,  14.236035,  15.441660,
  NODE,  631,    0,    0,   1.385218,  59.059952,
  NODE,  632,    0,    0,   3.518308,  59.102711,
  NODE,  633,    0,    0,   5.544962,  59.098866,
  NODE,  634,    0,    0,   7.564690,  59.128098,
  NODE,  635,    0,    0,  39.055641,  58.611153,
  NODE,  636,    0,    0,   0.898304,  57.458164,
  NODE,  637,    0,    0,  39.118977,  20.463224,
  NODE,  638,    0,    0,  39.108757,  22.477411,
  NODE,  639,    0,    0,   0.926908,  55.483212,
  NODE,  640,    0,    0,  39.163914,  18.482599,
  NODE,  641,    0,    0,   0.915348,  53.464397,
  NODE,  642,    0,    0,  39.066990,  16.648493,
  NODE,  643,    0,    0,   0.895375,  51.451691,
  NODE,  644,    0,    0,  39.134174,  14.491256,
  NODE,  645,    0,    0,   0.878775,  49.425160,
  NODE,  646,    0,    0,  39.204285,  12.459003,
  NODE,  647,    0,    0,   0.795714,  47.540997,
  NODE,  648,    0,    0,  39.121227,  10.574840,
  NODE,  649,    0,    0,   0.865825,  45.508743,
  NODE,  650,    0,    0,  39.104626,   8.548308,
  NODE,  651,    0,    0,   0.933010,  43.351505,
  NODE,  652,    0,    0,  39.084652,   6.535604,
  NODE,  653,    0,    0,   0.836085,  41.517403,
  NODE,  654,    0,    0,  39.073093,   4.516787,
  NODE,  655,    0,    0,   0.881022,  39.536778,
  NODE,  656,    0,    0,  39.101696,   2.541834,
  NODE,  657,    0,    0,   0.891242,  37.522587,
  NODE,  658,    0,    0,  36.481693,   0.897289,
  NODE,  659,    0,    0,  38.614780,   0.940050,
  NODE,  660,    0,    0,   0.908174,  35.511463,
  NODE,  661,    0,    0,  34.455040,   0.901135,
  NODE,  662,    0,    0,   0.931872,  33.497372,
  NODE,  663,    0,    0,  32.435310,   0.871904,
  NODE,  664,    0,    0,   0.926055,  31.476849,
  NODE,  665,    0,    0,  30.509739,   1.085634,
  NODE,  666,    0,    0,   0.906707,  29.482668,
  NODE,  667,    0,    0,  28.579813,   0.869726,
  NODE,  668,    0,    0,   0.910791,  27.506390,
  NODE,  669,    0,    0,   0.916430,  25.495077,
  NODE,  670,    0,    0,   0.880170,  23.481255,
  NODE,  671,    0,    0,   0.643606,  21.621834,
  NODE,  672,    0,    0,  26.549414,   0.900246,
  NODE,  673,    0,    0,  24.501385,   0.905368,
  NODE,  674,    0,    0,  22.430235,   0.916127,
  NODE,  675,    0,    0,  39.091827,  24.488535,
  NODE,  676,    0,    0,  39.068127,  26.502628,
  NODE,  677,    0,    0,  39.073944,  28.523151,
  NODE,  678,    0,    0,  39.093288,  30.517342,
  NODE,  679,    0,    0,  39.089478,  32.493370,
  NODE,  680,    0,    0,  39.083519,  34.503677,
  NODE,  681,    0,    0,  39.103561,  36.514931,
  NODE,  682,    0,    0,  39.113747,  38.529404,
  NODE,  683,    0,    0,  39.130489,  40.542404,
  NODE,  684,    0,    0,  39.187721,  42.512646,
  NODE,  685,    0,    0,  39.076183,  44.570389,
  NODE,  686,    0,    0,  39.356216,  46.489441,
  NODE,  687,    0,    0,  39.084320,  48.368900,
  NODE,  688,    0,    0,  39.101799,  50.397106,
  NODE,  689,    0,    0,  39.019974,  52.403587,
  NODE,  690,    0,    0,  39.056572,  54.496956,
  NODE,  691,    0,    0,  39.071659,  56.489758,
  NODE,  692,    0,    0,  37.445267,  59.103146,
  NODE,  693,    0,    0,  35.467270,  59.103607,
  NODE,  694,    0,    0,  33.449036,  59.111195,
  NODE,  695,    0,    0,  31.537590,  59.227455,
  NODE,  696,    0,    0,  29.474840,  59.230175,
  NODE,  697,    0,    0,  27.565699,  59.114773,
  NODE,  698,    0,    0,  25.535399,  59.091335,
  NODE,  699,    0,    0,  23.495216,  59.089661,
  NODE,  700,    0,    0,  21.470013,  59.103745,
  NODE,  701,    0,    0,  19.478344,  59.103523,
  NODE,  702,    0,    0,  17.500351,  59.098774,
  NODE,  703,    0,    0,  15.479447,  59.090324,
  NODE,  704,    0,    0,  13.447417,  59.099670,
  NODE,  705,    0,    0,  11.420196,  59.130276,
  NODE,  706,    0,    0,   9.490271,  58.914368,
  NODE,  707,    0,    0,   0.817023,  22.469624,
  NODE,  708,    0,    0,   0.902145,  24.488136,
  NODE,  709,    0,    0,   0.915859,  26.503090,
  NODE,  710,    0,    0,   0.902139,  28.496693,
  NODE,  711,    0,    0,   0.913659,  30.474882,
  NODE,  712,    0,    0,   0.934494,  32.488915,
  NODE,  713,    0,    0,   0.921885,  34.508423,
  NODE,  714,    0,    0,   0.894012,  36.515602,
  NODE,  715,    0,    0,   0.883271,  38.529739,
  NODE,  716,    0,    0,   0.861197,  40.538582,
  NODE,  717,    0,    0,   0.800953,  42.433193,
  NODE,  718,    0,    0,   1.173602,  44.475521,
  NODE,  719,    0,    0,   1.131810,  46.553822,
  NODE,  720,    0,    0,   0.877233,  48.424744,
  NODE,  721,    0,    0,   0.878977,  50.434933,
  NODE,  722,    0,    0,   0.903470,  52.463322,
  NODE,  723,    0,    0,   0.926802,  54.469872,
  NODE,  724,    0,    0,   0.918363,  56.481991,
  NODE,  725,    0,    0,   0.851635,  58.296719,
  NODE,  726,    0,    0,  37.515068,   0.920469,
  NODE,  727,    0,    0,  35.466393,   0.900403,
  NODE,  728,    0,    0,  33.442654,   0.892403,
  NODE,  729,    0,    0,  31.536705,   0.773781,
  NODE,  730,    0,    0,  29.476515,   0.772972,
  NODE,  731,    0,    0,  27.566637,   0.889088,
  NODE,  732,    0,    0,  25.525812,   0.907667,
  NODE,  733,    0,    0,  23.468536,   0.907184,
  NODE,  734,    0,    0,  21.354708,   0.914695,
  NODE,  735,    0,    0,  39.069866,  57.516560,
  NODE,  736,    0,    0,  39.065411,  55.489487,
  NODE,  737,    0,    0,  39.007320,  53.468636,
  NODE,  738,    0,    0,  39.079498,  51.386013,
  NODE,  739,    0,    0,  39.099148,  49.397392,
  NODE,  740,    0,    0,  39.150265,  47.334171,
  NODE,  741,    0,    0,  39.145012,  45.636585,
  NODE,  742,    0,    0,  39.142033,  43.506447,
  NODE,  743,    0,    0,  39.157711,  41.539520,
  NODE,  744,    0,    0,  39.122448,  39.535881,
  NODE,  745,    0,    0,  39.111103,  37.522301,
  NODE,  746,    0,    0,  39.094547,  35.509430,
  NODE,  747,    0,    0,  39.084553,  33.496326,
  NODE,  748,    0,    0,  39.097900,  31.503281,
  NODE,  749,    0,    0,  39.086342,  29.525120,
  NODE,  750,    0,    0,  39.065506,  27.511084,
  NODE,  751,    0,    0,  39.078114,  25.491579,
  NODE,  752,    0,    0,  39.105988,  23.484400,
  NODE,  753,    0,    0,  39.116730,  21.470261,
  NODE,  754,    0,    0,  39.138802,  19.461416,
  NODE,  755,    0,    0,  39.199047,  17.566809,
  NODE,  756,    0,    0,  38.826397,  15.524480,
  NODE,  757,    0,    0,  38.868191,  13.446179,
  NODE,  758,    0,    0,  39.122768,  11.575256,
  NODE,  759,    0,    0,  39.121025,   9.565068,
  NODE,  760,    0,    0,  39.096531,   7.536677,
  NODE,  761,    0,    0,  39.073200,   5.530128,
  NODE,  762,    0,    0,  39.081638,   3.518010,
  NODE,  763,    0,    0,  39.148365,   1.703283,
  NODE,  764,    0,    0,   2.484932,  59.079529,
  NODE,  765,    0,    0,   4.533608,  59.099598,
  NODE,  766,    0,    0,   6.557346,  59.107597,
  NODE,  767,    0,    0,   8.463297,  59.226219,
  NODE,  768,    0,    0,  10.523500,  59.227032,
  NODE,  769,    0,    0,  12.432123,  59.111282,
  NODE,  770,    0,    0,  14.462249,  59.090931,
  NODE,  771,    0,    0,  16.492981,  59.095173,
  NODE,  772,    0,    0,  18.492180,  59.107143,
  NODE,  773,    0,    0,  20.469532,  59.108685,
  NODE,  774,    0,    0,  22.477846,  59.097809,
  NODE,  775,    0,    0,  24.518997,  59.088028,
  NODE,  776,    0,    0,  26.553110,  59.100884,
  NODE,  777,    0,    0,  28.578342,  59.136414,
  NODE,  778,    0,    0,  30.508371,  58.921063,
  NODE,  779,    0,    0,  32.436245,  59.132378,
  NODE,  780,    0,    0,  34.458489,  59.103272,
  NODE,  781,    0,    0,  36.464733,  59.107414,
  NODE,  782,    0,    0,  38.291443,  59.145935,
  NODE,  783,    0,    0,  11.534966,  17.305767,
  NODE,  784,    0,    0,   7.706855,  19.426525,
  NODE,  785,    0,    0,  17.429771,  11.440648,
  NODE,  786,    0,    0,   4.799684,  20.091818,
  NODE,  787,    0,    0,  16.212626,  13.187947,
  NODE,  788,    0,    0,  18.944962,   8.681461,
  NODE,  789,    0,    0,   9.483459,  18.499733,
  NODE,  790,    0,    0,  17.967739,  10.542709,
  NODE,  791,    0,    0,  20.344952,   4.567741,
  NODE,  792,    0,    0,   6.684667,  19.763178,
  NODE,  793,    0,    0,  19.798729,   6.691916,
  NODE,  794,    0,    0,  20.122572,   5.630833,
  NODE,  795,    0,    0,  20.541740,   2.655170,
  NODE,  796,    0,    0,   5.667138,  20.002182,
  NODE,  797,    0,    0,  15.507497,  13.947462,
  NODE,  798,    0,    0,  19.386341,   7.705728,
  NODE,  799,    0,    0,   8.743894,  19.075804,
  NODE,  800,    0,    0,  18.471201,   9.624187,
  NODE,  801,    0,    0,   5.198039,  20.963940,
  NODE,  802,    0,    0,  20.534643,   3.531542,
  NODE,  803,    0,    0,  21.641083,   2.838573,
  NODE,  804,    0,    0,   9.747650,  19.478241,
  NODE,  805,    0,    0,  21.158325,   5.170290,
  NODE,  806,    0,    0,  18.451626,  11.430205,
  NODE,  807,    0,    0,  15.289249,  15.482459,
  NODE,  808,    0,    0,   0.866138,  20.855824,
  NODE,  809,    0,    0,   1.470753,  21.768314,
  NODE,  810,    0,    0,  21.839460,   1.698766,
  NODE,  811,    0,    0,  38.376183,  38.043121,
  NODE,  812,    0,    0,  38.398132,  40.071064,
  NODE,  813,    0,    0,  38.474060,  42.075157,
  NODE,  814,    0,    0,   1.643694,  23.968899,
  NODE,  815,    0,    0,   1.706400,  25.998385,
  NODE,  816,    0,    0,   1.658164,  28.005276,
  NODE,  817,    0,    0,   1.663966,  29.960993,
  NODE,  818,    0,    0,   1.732201,  31.969078,
  NODE,  819,    0,    0,   1.730240,  34.012981,
  NODE,  820,    0,    0,   1.653343,  36.028393,
  NODE,  821,    0,    0,   1.624297,  38.044495,
  NODE,  822,    0,    0,   1.597338,  40.070862,
  NODE,  823,    0,    0,   1.478238,  42.001942,
  NODE,  824,    0,    0,  38.343407,  36.023964,
  NODE,  825,    0,    0,  38.295498,  33.998119,
  NODE,  826,    0,    0,  38.342197,  31.994412,
  NODE,  827,    0,    0,  38.336025,  30.039021,
  NODE,  828,    0,    0,  38.267799,  28.030922,
  NODE,  829,    0,    0,  38.269760,  25.987019,
  NODE,  830,    0,    0,  38.346657,  23.971607,
  NODE,  831,    0,    0,  38.375702,  21.955505,
  NODE,  832,    0,    0,  15.975950,  58.313511,
  NODE,  833,    0,    0,  17.996018,  58.359676,
  NODE,  834,    0,    0,  19.953051,  58.369370,
  NODE,  835,    0,    0,  21.942919,  58.355003,
  NODE,  836,    0,    0,  24.010410,  58.303242,
  NODE,  837,    0,    0,  26.086727,  58.316025,
  NODE,  838,    0,    0,  28.145731,  58.378429,
  NODE,  839,    0,    0,  28.147112,   1.630047,
  NODE,  840,    0,    0,  26.071388,   1.687370,
  NODE,  841,    0,    0,  13.912042,  58.315311,
  NODE,  842,    0,    0,  11.851797,  58.370491,
  NODE,  843,    0,    0,  23.968147,   1.665087,
  NODE,  844,    0,    0,  38.402664,  19.929136,
  NODE,  845,    0,    0,  38.521763,  17.998058,
  NODE,  846,    0,    0,  10.740678,  17.738174,
  NODE,  847,    0,    0,  17.295496,  13.291380,
  NODE,  848,    0,    0,   7.482739,  20.572374,
  NODE,  849,    0,    0,  20.451681,   7.503453,
  NODE,  850,    0,    0,   8.447672,  20.039888,
  NODE,  851,    0,    0,  19.490282,   9.528802,
  NODE,  852,    0,    0,  19.997076,   8.536209,
  NODE,  853,    0,    0,  17.892433,  12.363511,
  NODE,  854,    0,    0,  32.871193,   1.634258,
  NODE,  855,    0,    0,   7.128807,  58.365742,
  NODE,  856,    0,    0,  32.881916,  58.371109,
  NODE,  857,    0,    0,  34.917385,   1.684424,
  NODE,  858,    0,    0,   5.082614,  58.315575,
  NODE,  859,    0,    0,  34.929691,  58.332012,
  NODE,  860,    0,    0,  37.523441,  42.268910,
  NODE,  861,    0,    0,  37.635254,  17.755932,
  NODE,  862,    0,    0,   2.364745,  42.244068,
  NODE,  863,    0,    0,   9.256605,  20.531872,
  NODE,  864,    0,    0,  11.520057,  18.422525,
  NODE,  865,    0,    0,  28.170475,   2.532910,
  NODE,  866,    0,    0,  28.166414,  57.477345,
  NODE,  867,    0,    0,  11.828940,  57.468155,
  NODE,  868,    0,    0,   7.161516,  57.459587,
  NODE,  869,    0,    0,  32.838486,   2.540414,
  NODE,  870,    0,    0,  32.873642,  57.467690,
  NODE,  871,    0,    0,  37.496819,  40.119614,
  NODE,  872,    0,    0,  37.500179,  19.878403,
  NODE,  873,    0,    0,   2.499819,  40.121597,
  NODE,  874,    0,    0,  26.129395,   2.738656,
  NODE,  875,    0,    0,  26.148014,  57.287712,
  NODE,  876,    0,    0,  13.850609,  57.286511,
  NODE,  877,    0,    0,  20.009880,  10.425115,
  NODE,  878,    0,    0,  37.463615,  38.083710,
  NODE,  879,    0,    0,  37.466354,  21.918417,
  NODE,  880,    0,    0,   2.542204,  21.945068,
  NODE,  881,    0,    0,   2.533648,  38.081585,
  NODE,  882,    0,    0,   5.151382,  57.243942,
  NODE,  883,    0,    0,  34.848618,   2.756059,
  NODE,  884,    0,    0,  34.886784,  57.307610,
  NODE,  885,    0,    0,   4.256652,  21.618752,
  NODE,  886,    0,    0,  10.912237,  19.477320,
  NODE,  887,    0,    0,  22.121426,   4.686059,
  NODE,  888,    0,    0,  23.951603,   2.610887,
  NODE,  889,    0,    0,  24.010866,  57.257320,
  NODE,  890,    0,    0,  15.970867,  57.285591,
  NODE,  891,    0,    0,  37.387764,  36.058468,
  NODE,  892,    0,    0,  37.428078,  23.930019,
  NODE,  893,    0,    0,   2.574485,  23.938631,
  NODE,  894,    0,    0,   2.571921,  36.069981,
  NODE,  895,    0,    0,   6.893114,  21.577816,
  NODE,  896,    0,    0,   9.048956,  19.781450,
  NODE,  897,    0,    0,  37.215378,  25.957083,
  NODE,  898,    0,    0,   2.762522,  25.994381,
  NODE,  899,    0,    0,  37.244881,  33.992760,
  NODE,  900,    0,    0,   2.784623,  34.042915,
  NODE,  901,    0,    0,  18.006609,  57.455879,
  NODE,  902,    0,    0,  21.900700,  57.443913,
  NODE,  903,    0,    0,  37.425846,  31.980045,
  NODE,  904,    0,    0,  37.213238,  28.047730,
  NODE,  905,    0,    0,   2.574769,  28.019836,
  NODE,  906,    0,    0,   2.786761,  31.952271,
  NODE,  907,    0,    0,  37.416050,  30.058191,
  NODE,  908,    0,    0,   2.583864,  29.941979,
  NODE,  909,    0,    0,  19.942907,  57.470272,
  NODE,  910,    0,    0,  18.366911,  13.322580,
  NODE,  911,    0,    0,  20.548929,   9.438937,
  NODE,  912,    0,    0,   7.898582,  21.616854,
  NODE,  913,    0,    0,   7.349977,  22.357752,
  NODE,  914,    0,    0,  37.008659,  18.818039,
  NODE,  915,    0,    0,  36.979912,  41.184929,
  NODE,  916,    0,    0,   2.991366,  41.181953,
  NODE,  917,    0,    0,   8.870742,  21.589764,
  NODE,  918,    0,    0,  12.458432,  17.720213,
  NODE,  919,    0,    0,  27.253305,   3.076876,
  NODE,  920,    0,    0,  27.248034,  56.936470,
  NODE,  921,    0,    0,  12.747396,  56.928219,
  NODE,  922,    0,    0,   6.300171,  56.890469,
  NODE,  923,    0,    0,  33.699829,   3.109533,
  NODE,  924,    0,    0,  33.793915,  56.932224,
  NODE,  925,    0,    0,  36.953716,  20.867546,
  NODE,  926,    0,    0,  36.955284,  39.137657,
  NODE,  927,    0,    0,   3.046298,  39.132443,
  NODE,  928,    0,    0,  24.999943,   3.265839,
  NODE,  929,    0,    0,  25.104464,  56.884892,
  NODE,  930,    0,    0,  14.895724,  56.889458,
  NODE,  931,    0,    0,  36.876392,  37.113762,
  NODE,  932,    0,    0,  36.925533,  22.901362,
  NODE,  933,    0,    0,   3.070175,  22.943235,
  NODE,  934,    0,    0,   3.074468,  37.098637,
  NODE,  935,    0,    0,   4.056281,  56.911945,
  NODE,  936,    0,    0,  35.943722,   3.088056,
  NODE,  937,    0,    0,  35.939823,  56.941235,
  NODE,  938,    0,    0,   3.244302,  21.122343,
  NODE,  939,    0,    0,   5.225276,  22.143509,
  NODE,  940,    0,    0,  22.204943,   3.790888,
  NODE,  941,    0,    0,  22.069613,   5.751203,
  NODE,  942,    0,    0,  22.936621,   3.178369,
  NODE,  943,    0,    0,  22.844170,  56.793949,
  NODE,  944,    0,    0,  17.064867,  56.916534,
  NODE,  945,    0,    0,  36.864307,  24.856810,
  NODE,  946,    0,    0,  36.820366,  35.087402,
  NODE,  947,    0,    0,   3.168581,  24.878294,
  NODE,  948,    0,    0,   3.135693,  35.143189,
  NODE,  949,    0,    0,  38.345215,  42.958271,
  NODE,  950,    0,    0,  19.479973,  11.401789,
  NODE,  951,    0,    0,  36.809921,  26.995365,
  NODE,  952,    0,    0,   3.128227,  27.089781,
  NODE,  953,    0,    0,  36.875862,  32.907677,
  NODE,  954,    0,    0,   3.190079,  33.004635,
  NODE,  955,    0,    0,  20.921804,  56.958435,
  NODE,  956,    0,    0,  36.855843,  29.126988,
  NODE,  957,    0,    0,   3.143956,  30.873356,
  NODE,  958,    0,    0,  36.905621,  31.017775,
  NODE,  959,    0,    0,   3.093645,  28.984274,
  NODE,  960,    0,    0,  18.979475,  56.946304,
  NODE,  961,    0,    0,  19.416077,  13.353128,
  NODE,  962,    0,    0,  20.514536,  11.366417,
  NODE,  963,    0,    0,  17.789167,  14.247938,
  NODE,  964,    0,    0,   9.869401,  21.477835,
  NODE,  965,    0,    0,  12.006208,  19.512663,
  NODE,  966,    0,    0,  38.372822,  11.148991,
  NODE,  967,    0,    0,  38.328209,  48.807350,
  NODE,  968,    0,    0,   1.627179,  48.851009,
  NODE,  969,    0,    0,  11.449802,  20.449677,
  NODE,  970,    0,    0,  13.387065,  18.091650,
  NODE,  971,    0,    0,  18.019249,  56.404606,
  NODE,  972,    0,    0,  19.964085,  56.413673,
  NODE,  973,    0,    0,  36.365234,  31.969570,
  NODE,  974,    0,    0,   3.632893,  28.038189,
  NODE,  975,    0,    0,  36.357090,  30.065008,
  NODE,  976,    0,    0,   3.641332,  29.938059,
  NODE,  977,    0,    0,  37.460953,  11.169035,
  NODE,  978,    0,    0,  37.420944,  48.796143,
  NODE,  979,    0,    0,   2.539048,  48.830967,
  NODE,  980,    0,    0,  12.907198,  19.514120,
  NODE,  981,    0,    0,  36.465275,  17.800249,
  NODE,  982,    0,    0,  36.406410,  42.196983,
  NODE,  983,    0,    0,   3.534814,  42.199741,
  NODE,  984,    0,    0,  28.205875,   3.564263,
  NODE,  985,    0,    0,  28.194536,  56.446682,
  NODE,  986,    0,    0,  11.797202,  56.436035,
  NODE,  987,    0,    0,  32.851414,  56.435196,
  NODE,  988,    0,    0,   7.225945,  56.451885,
  NODE,  989,    0,    0,  32.774056,   3.548114,
  NODE,  990,    0,    0,  36.427948,  19.814091,
  NODE,  991,    0,    0,  36.423786,  40.194561,
  NODE,  992,    0,    0,   3.572095,  40.185886,
  NODE,  993,    0,    0,  25.876127,   3.629630,
  NODE,  994,    0,    0,  14.166775,  56.408894,
  NODE,  995,    0,    0,  25.832848,  56.415119,
  NODE,  996,    0,    0,  36.394581,  21.858231,
  NODE,  997,    0,    0,   3.605435,  38.141754,
  NODE,  998,    0,    0,  36.377083,  38.174206,
  NODE,  999,    0,    0,   3.471582,  22.092655,
  NODE, 1000,    0,    0,  36.868374,  57.466785,
  NODE, 1001,    0,    0,  35.206188,  56.427868,
  NODE, 1002,    0,    0,   4.783033,  56.333778,
  NODE, 1003,    0,    0,   3.110871,  57.455624,
  NODE, 1004,    0,    0,  36.889130,   2.544374,
  NODE, 1005,    0,    0,  35.216969,   3.666220,
  NODE, 1006,    0,    0,   5.992423,  21.601652,
  NODE, 1007,    0,    0,  38.237576,  43.996227,
  NODE, 1008,    0,    0,  23.007006,   5.231523,
  NODE, 1009,    0,    0,  23.932739,   3.694426,
  NODE, 1010,    0,    0,  16.328100,  56.406338,
  NODE, 1011,    0,    0,  23.685295,  56.369453,
  NODE, 1012,    0,    0,  36.368912,  23.869915,
  NODE, 1013,    0,    0,   3.631088,  36.130085,
  NODE, 1014,    0,    0,  36.139587,  36.116955,
  NODE, 1015,    0,    0,   3.661272,  23.878687,
  NODE, 1016,    0,    0,  36.329151,  26.286371,
  NODE, 1017,    0,    0,   3.670848,  33.713627,
  NODE, 1018,    0,    0,   3.660993,  26.369911,
  NODE, 1019,    0,    0,  36.352055,  33.620853,
  NODE, 1020,    0,    0,  36.333378,  28.404295,
  NODE, 1021,    0,    0,   3.666411,  31.596048,
  NODE, 1022,    0,    0,  19.977898,  12.364560,
  NODE, 1023,    0,    0,  21.555323,  11.328549,
  NODE, 1024,    0,    0,  17.332119,  15.239707,
  NODE, 1025,    0,    0,  10.923559,  21.412140,
  NODE, 1026,    0,    0,   7.259903,  23.274220,
  NODE, 1027,    0,    0,  24.114842,  55.544685,
  NODE, 1028,    0,    0,  15.935871,  55.524509,
  NODE, 1029,    0,    0,  35.474312,  28.020239,
  NODE, 1030,    0,    0,   4.525098,  31.980692,
  NODE, 1031,    0,    0,  35.006847,   4.527586,
  NODE, 1032,    0,    0,   4.993155,  55.472412,
  NODE, 1033,    0,    0,  34.813351,  55.553906,
  NODE, 1034,    0,    0,  35.458416,  33.958107,
  NODE, 1035,    0,    0,   4.561367,  26.048771,
  NODE, 1036,    0,    0,  35.476406,  25.907698,
  NODE, 1037,    0,    0,   4.523593,  34.092300,
  NODE, 1038,    0,    0,  20.003052,  55.342003,
  NODE, 1039,    0,    0,  26.216744,  55.571629,
  NODE, 1040,    0,    0,  26.285404,   4.430707,
  NODE, 1041,    0,    0,  13.777138,  55.543327,
  NODE, 1042,    0,    0,  35.322846,  23.835423,
  NODE, 1043,    0,    0,   4.677157,  36.164578,
  NODE, 1044,    0,    0,  32.788101,   4.513207,
  NODE, 1045,    0,    0,   7.211904,  55.486794,
  NODE, 1046,    0,    0,  32.833672,  55.416580,
  NODE, 1047,    0,    0,  35.310642,  30.042767,
  NODE, 1048,    0,    0,   4.684050,  29.966778,
  NODE, 1049,    0,    0,  37.423096,  44.275055,
  NODE, 1050,    0,    0,  24.022087,   4.786563,
  NODE, 1051,    0,    0,  35.401444,  17.775497,
  NODE, 1052,    0,    0,  35.365364,  42.241974,
  NODE, 1053,    0,    0,   4.599390,  42.224373,
  NODE, 1054,    0,    0,  35.327713,  21.798426,
  NODE, 1055,    0,    0,   4.672468,  38.201393,
  NODE, 1056,    0,    0,  28.231886,   4.577293,
  NODE, 1057,    0,    0,  11.774494,  55.418453,
  NODE, 1058,    0,    0,  28.214527,  55.434429,
  NODE, 1059,    0,    0,  35.356331,  19.751164,
  NODE, 1060,    0,    0,   4.644185,  40.248535,
  NODE, 1061,    0,    0,  13.455850,  18.955294,
  NODE, 1062,    0,    0,  13.213186,  17.228930,
  NODE, 1063,    0,    0,  36.945789,  10.230887,
  NODE, 1064,    0,    0,  36.928482,  49.736969,
  NODE, 1065,    0,    0,   3.054212,  49.769115,
  NODE, 1066,    0,    0,  36.802231,  42.990875,
  NODE, 1067,    0,    0,  36.958931,  16.971706,
  NODE, 1068,    0,    0,   3.041161,  43.028290,
  NODE, 1069,    0,    0,  36.933399,  58.355328,
  NODE, 1070,    0,    0,   3.031219,  58.335503,
  NODE, 1071,    0,    0,  36.968781,   1.664496,
  NODE, 1072,    0,    0,  28.979843,   3.028913,
  NODE, 1073,    0,    0,  11.020871,  56.971348,
  NODE, 1074,    0,    0,  28.972269,  56.981087,
  NODE, 1075,    0,    0,  32.069595,  56.972260,
  NODE, 1076,    0,    0,   7.956755,  56.975182,
  NODE, 1077,    0,    0,  32.043247,   3.024819,
  NODE, 1078,    0,    0,  36.841633,  56.452400,
  NODE, 1079,    0,    0,   3.139829,  56.442886,
  NODE, 1080,    0,    0,  36.860172,   3.557113,
  NODE, 1081,    0,    0,  15.599248,  56.408245,
  NODE, 1082,    0,    0,  22.082970,  10.350868,
  NODE, 1083,    0,    0,  16.275477,  15.406200,
  NODE, 1084,    0,    0,  18.255589,  15.035478,
  NODE, 1085,    0,    0,   6.286883,  23.808470,
  NODE, 1086,    0,    0,  34.355400,   3.824275,
  NODE, 1087,    0,    0,   5.644603,  56.175724,
  NODE, 1088,    0,    0,  21.862679,  56.451401,
  NODE, 1089,    0,    0,  20.497210,  13.370290,
  NODE, 1090,    0,    0,  36.346367,  25.567080,
  NODE, 1091,    0,    0,   3.653633,  34.432919,
  NODE, 1092,    0,    0,  36.337124,  27.689583,
  NODE, 1093,    0,    0,   3.662716,  32.310673,
  NODE, 1094,    0,    0,  11.594282,  22.240095,
  NODE, 1095,    0,    0,  14.093377,  17.381338,
  NODE, 1096,    0,    0,  13.650271,  16.381861,
  NODE, 1097,    0,    0,  18.115524,  15.965921,
  NODE, 1098,    0,    0,  19.189831,  15.419881,
  NODE, 1099,    0,    0,  22.096907,  55.480244,
  NODE, 1100,    0,    0,  13.859128,  19.902617,
  NODE, 1101,    0,    0,  16.971172,  54.827332,
  NODE, 1102,    0,    0,  23.137316,  54.901821,
  NODE, 1103,    0,    0,  34.826035,  29.021280,
  NODE, 1104,    0,    0,   5.171375,  30.984083,
  NODE, 1105,    0,    0,  35.810783,  54.912331,
  NODE, 1106,    0,    0,  35.857407,   5.089782,
  NODE, 1107,    0,    0,   4.142596,  54.910217,
  NODE, 1108,    0,    0,  34.868328,  26.941217,
  NODE, 1109,    0,    0,   5.131381,  33.059246,
  NODE, 1110,    0,    0,  34.812744,  32.981690,
  NODE, 1111,    0,    0,   5.177972,  27.058405,
  NODE, 1112,    0,    0,  25.227768,   4.958214,
  NODE, 1113,    0,    0,  14.827051,  54.886261,
  NODE, 1114,    0,    0,  25.193459,  54.957485,
  NODE, 1115,    0,    0,  33.786614,  54.911358,
  NODE, 1116,    0,    0,  33.865826,   4.866449,
  NODE, 1117,    0,    0,   6.134178,  55.133549,
  NODE, 1118,    0,    0,  34.856056,  18.717526,
  NODE, 1119,    0,    0,  34.841602,  41.299053,
  NODE, 1120,    0,    0,   5.148614,  41.281040,
  NODE, 1121,    0,    0,  27.291878,   5.060772,
  NODE, 1122,    0,    0,  12.728015,  54.913292,
  NODE, 1123,    0,    0,  27.253305,  54.942551,
  NODE, 1124,    0,    0,  37.453575,   9.209655,
  NODE, 1125,    0,    0,  36.382153,  11.208474,
  NODE, 1126,    0,    0,  37.443592,  50.712158,
  NODE, 1127,    0,    0,  36.376907,  48.773628,
  NODE, 1128,    0,    0,   3.617848,  48.791527,
  NODE, 1129,    0,    0,   2.546425,  50.790348,
  NODE, 1130,    0,    0,   2.382064,  56.962906,
  NODE, 1131,    0,    0,  37.617935,   3.037092,
  NODE, 1132,    0,    0,  22.601818,  11.299850,
  NODE, 1133,    0,    0,  21.597977,   9.418653,
  NODE, 1134,    0,    0,  15.703407,  14.755409,
  NODE, 1135,    0,    0,   5.332752,  23.256214,
  NODE, 1136,    0,    0,   7.237907,  24.357109,
  NODE, 1137,    0,    0,  11.842807,  21.276245,
  NODE, 1138,    0,    0,  11.268006,  23.363106,
  NODE, 1139,    0,    0,  31.092970,   3.055399,
  NODE, 1140,    0,    0,   8.907049,  56.944603,
  NODE, 1141,    0,    0,  21.593767,  13.312353,
  NODE, 1142,    0,    0,  29.943346,  56.949894,
  NODE, 1143,    0,    0,   5.168919,  35.155331,
  NODE, 1144,    0,    0,  34.831078,  24.844673,
  NODE, 1145,    0,    0,   5.204974,  37.203693,
  NODE, 1146,    0,    0,  34.795555,  22.795767,
  NODE, 1147,    0,    0,   5.189717,  39.258465,
  NODE, 1148,    0,    0,  34.812882,  20.740067,
  NODE, 1149,    0,    0,  22.463591,  56.147854,
  NODE, 1150,    0,    0,  36.866180,  16.053766,
  NODE, 1151,    0,    0,   3.133896,  43.946232,
  NODE, 1152,    0,    0,   5.215220,  29.008745,
  NODE, 1153,    0,    0,  34.772339,  31.013029,
  NODE, 1154,    0,    0,   7.354770,  25.380121,
  NODE, 1155,    0,    0,   4.577961,  23.829464,
  NODE, 1156,    0,    0,  18.009865,  55.344605,
  NODE, 1157,    0,    0,  35.310650,  31.984455,
  NODE, 1158,    0,    0,   4.680323,  28.037951,
  NODE, 1159,    0,    0,  38.357250,   3.032962,
  NODE, 1160,    0,    0,   1.642751,  56.967037,
  NODE, 1161,    0,    0,  35.355473,  40.269344,
  NODE, 1162,    0,    0,  34.491886,  56.429829,
  NODE, 1163,    0,    0,  26.570589,   3.588825,
  NODE, 1164,    0,    0,  13.449422,  56.418854,
  NODE, 1165,    0,    0,  35.334259,  48.721481,
  NODE, 1166,    0,    0,   4.711926,  48.740444,
  NODE, 1167,    0,    0,  35.288075,  11.259558,
  NODE, 1168,    0,    0,  19.900896,  14.390235,
  NODE, 1169,    0,    0,  21.062862,  54.813313,
  NODE, 1170,    0,    0,  15.881320,  54.314720,
  NODE, 1171,    0,    0,  24.191248,  54.403263,
  NODE, 1172,    0,    0,  34.321564,  27.966150,
  NODE, 1173,    0,    0,   5.677706,  32.036263,
  NODE, 1174,    0,    0,  36.807838,  55.437782,
  NODE, 1175,    0,    0,  34.783363,  54.357624,
  NODE, 1176,    0,    0,  36.827408,   4.574927,
  NODE, 1177,    0,    0,  34.840042,   5.564733,
  NODE, 1178,    0,    0,   5.159959,  54.435268,
  NODE, 1179,    0,    0,   3.172594,  55.425072,
  NODE, 1180,    0,    0,  34.321350,  25.876364,
  NODE, 1181,    0,    0,   5.678545,  34.123810,
  NODE, 1182,    0,    0,  34.288830,  33.963043,
  NODE, 1183,    0,    0,   5.701291,  26.097443,
  NODE, 1184,    0,    0,  26.307613,   5.550094,
  NODE, 1185,    0,    0,  13.729417,  54.354057,
  NODE, 1186,    0,    0,  26.246111,  54.423691,
  NODE, 1187,    0,    0,  32.815720,  54.387238,
  NODE, 1188,    0,    0,  32.820469,   5.534250,
  NODE, 1189,    0,    0,   7.179534,  54.465748,
  NODE, 1190,    0,    0,  34.345375,  42.269497,
  NODE, 1191,    0,    0,  34.379986,  17.706261,
  NODE, 1192,    0,    0,   5.630437,  42.290833,
  NODE, 1193,    0,    0,  28.254349,   5.591792,
  NODE, 1194,    0,    0,  11.750309,  54.396729,
  NODE, 1195,    0,    0,  28.241091,  54.418514,
  NODE, 1196,    0,    0,  36.363739,   9.306529,
  NODE, 1197,    0,    0,  36.912422,  11.972663,
  NODE, 1198,    0,    0,  36.879269,  47.997425,
  NODE, 1199,    0,    0,  36.382572,  50.665676,
  NODE, 1200,    0,    0,  38.345573,  50.803566,
  NODE, 1201,    0,    0,   3.087578,  48.027340,
  NODE, 1202,    0,    0,   3.636263,  50.693470,
  NODE, 1203,    0,    0,  22.099136,  12.286842,
  NODE, 1204,    0,    0,   8.018460,  23.811174,
  NODE, 1205,    0,    0,  10.130444,  23.855700,
  NODE, 1206,    0,    0,  22.626261,   9.387438,
  NODE, 1207,    0,    0,   5.726098,  36.196514,
  NODE, 1208,    0,    0,  34.274399,  23.802977,
  NODE, 1209,    0,    0,   5.729368,  38.254574,
  NODE, 1210,    0,    0,  34.274796,  21.742418,
  NODE, 1211,    0,    0,   5.702391,  40.304466,
  NODE, 1212,    0,    0,  34.309300,  19.691231,
  NODE, 1213,    0,    0,  18.020193,  17.041493,
  NODE, 1214,    0,    0,  23.634064,  11.281409,
  NODE, 1215,    0,    0,   5.731340,  30.005730,
  NODE, 1216,    0,    0,  34.263828,  30.006300,
  NODE, 1217,    0,    0,  31.096289,  56.947434,
  NODE, 1218,    0,    0,  29.949110,   3.056168,
  NODE, 1219,    0,    0,  10.051189,  56.943867,
  NODE, 1220,    0,    0,  14.983148,  17.511553,
  NODE, 1221,    0,    0,   5.334903,  24.341568,
  NODE, 1222,    0,    0,  19.012449,  54.803547,
  NODE, 1223,    0,    0,  12.631289,  21.779362,
  NODE, 1224,    0,    0,  30.519760,   4.057371,
  NODE, 1225,    0,    0,   9.480503,  55.942593,
  NODE, 1226,    0,    0,  30.528502,  55.942524,
  NODE, 1227,    0,    0,  35.908211,  15.568899,
  NODE, 1228,    0,    0,   4.092100,  44.430931,
  NODE, 1229,    0,    0,  30.516663,   2.203614,
  NODE, 1230,    0,    0,   9.483412,  57.796398,
  NODE, 1231,    0,    0,  30.515591,  57.802811,
  NODE, 1232,    0,    0,  37.687233,  15.522539,
  NODE, 1233,    0,    0,   2.312783,  44.477463,
  NODE, 1234,    0,    0,  19.881186,  16.225308,
  NODE, 1235,    0,    0,  37.590126,  56.976650,
  NODE, 1236,    0,    0,  22.190430,  14.192230,
  NODE, 1237,    0,    0,  22.071335,   6.791974,
  NODE, 1238,    0,    0,   8.942731,  23.858934,
  NODE, 1239,    0,    0,  34.800831,  39.301975,
  NODE, 1240,    0,    0,  21.362387,   7.358810,
  NODE, 1241,    0,    0,  34.809528,  49.664646,
  NODE, 1242,    0,    0,   5.231045,  49.680821,
  NODE, 1243,    0,    0,  34.768951,  10.319174,
  NODE, 1244,    0,    0,  36.799122,  54.395119,
  NODE, 1245,    0,    0,  36.795116,   5.625078,
  NODE, 1246,    0,    0,   3.204884,  54.374920,
  NODE, 1247,    0,    0,  34.768101,  34.858044,
  NODE, 1248,    0,    0,   5.236152,  25.275463,
  NODE, 1249,    0,    0,  32.054627,  54.915051,
  NODE, 1250,    0,    0,  34.844326,  43.118794,
  NODE, 1251,    0,    0,  29.008709,   5.077380,
  NODE, 1252,    0,    0,  10.993886,  54.919060,
  NODE, 1253,    0,    0,  36.866734,   8.363112,
  NODE, 1254,    0,    0,  36.911625,  51.564854,
  NODE, 1255,    0,    0,   3.133265,  51.636890,
  NODE, 1256,    0,    0,  18.001413,  54.259365,
  NODE, 1257,    0,    0,   9.449882,  23.056805,
  NODE, 1258,    0,    0,  11.047284,  24.305998,
  NODE, 1259,    0,    0,  22.137440,   8.628009,
  NODE, 1260,    0,    0,  18.922344,  17.591419,
  NODE, 1261,    0,    0,  24.161881,  10.348804,
  NODE, 1262,    0,    0,  15.782950,  17.046465,
  NODE, 1263,    0,    0,  24.237772,  53.321491,
  NODE, 1264,    0,    0,  20.037987,  54.252026,
  NODE, 1265,    0,    0,  13.667680,  21.206312,
  NODE, 1266,    0,    0,  31.082398,   5.050922,
  NODE, 1267,    0,    0,   8.917711,  54.949036,
  NODE, 1268,    0,    0,  29.968378,  54.945755,
  NODE, 1269,    0,    0,  34.765122,   6.666129,
  NODE, 1270,    0,    0,   5.234881,  53.333870,
  NODE, 1271,    0,    0,  36.863640,  15.021671,
  NODE, 1272,    0,    0,  34.984455,  16.064423,
  NODE, 1273,    0,    0,   3.136445,  44.978256,
  NODE, 1274,    0,    0,   5.016687,  43.934628,
  NODE, 1275,    0,    0,  13.606737,  22.397158,
  NODE, 1276,    0,    0,  19.865458,  17.121727,
  NODE, 1277,    0,    0,  20.392965,  15.423877,
  NODE, 1278,    0,    0,  26.271706,  53.307030,
  NODE, 1279,    0,    0,  22.676588,  13.220539,
  NODE, 1280,    0,    0,  21.882107,  14.986610,
  NODE, 1281,    0,    0,  31.102573,  54.934513,
  NODE, 1282,    0,    0,  10.046537,  54.936832,
  NODE, 1283,    0,    0,  29.954248,   5.062242,
  NODE, 1284,    0,    0,  24.529226,   5.603592,
  NODE, 1285,    0,    0,  34.229942,  32.013123,
  NODE, 1286,    0,    0,   5.739269,  28.030460,
  NODE, 1287,    0,    0,  22.151447,  54.308537,
  NODE, 1288,    0,    0,  32.769798,   6.646934,
  NODE, 1289,    0,    0,   7.230203,  53.353058,
  NODE, 1290,    0,    0,  32.766045,  53.344784,
  NODE, 1291,    0,    0,  22.794039,   7.251616,
  NODE, 1292,    0,    0,  23.672213,   9.390954,
  NODE, 1293,    0,    0,  33.208530,  29.987696,
  NODE, 1294,    0,    0,   6.804268,  30.023424,
  NODE, 1295,    0,    0,  33.218636,  27.946266,
  NODE, 1296,    0,    0,   6.782880,  32.058010,
  NODE, 1297,    0,    0,  36.813072,  47.054256,
  NODE, 1298,    0,    0,   3.130615,  47.094223,
  NODE, 1299,    0,    0,  36.869385,  12.905779,
  NODE, 1300,    0,    0,  28.301071,  53.359757,
  NODE, 1301,    0,    0,  28.293440,   6.620193,
  NODE, 1302,    0,    0,  11.702717,  53.369110,
  NODE, 1303,    0,    0,  34.301571,  40.344009,
  NODE, 1304,    0,    0,  33.205742,  34.008911,
  NODE, 1305,    0,    0,   6.737239,  26.123829,
  NODE, 1306,    0,    0,  33.210804,  25.854475,
  NODE, 1307,    0,    0,   6.789042,  34.145844,
  NODE, 1308,    0,    0,  15.702886,  18.037291,
  NODE, 1309,    0,    0,  33.193676,  23.776953,
  NODE, 1310,    0,    0,   6.808904,  36.220345,
  NODE, 1311,    0,    0,  33.204998,  21.698801,
  NODE, 1312,    0,    0,   6.813062,  38.287445,
  NODE, 1313,    0,    0,  35.292900,   9.391817,
  NODE, 1314,    0,    0,   4.707101,  50.608181,
  NODE, 1315,    0,    0,  35.319023,  50.633335,
  NODE, 1316,    0,    0,  33.252625,  19.633520,
  NODE, 1317,    0,    0,   6.791109,  40.345207,
  NODE, 1318,    0,    0,  24.141121,  12.178876,
  NODE, 1319,    0,    0,  33.318775,  17.603874,
  NODE, 1320,    0,    0,  33.327301,  42.317249,
  NODE, 1321,    0,    0,   6.719297,  42.386128,
  NODE, 1322,    0,    0,  38.327335,  56.992794,
  NODE, 1323,    0,    0,  34.658073,  12.169438,
  NODE, 1324,    0,    0,   5.342011,  47.830017,
  NODE, 1325,    0,    0,  34.778194,  47.807987,
  NODE, 1326,    0,    0,  11.476755,  25.178257,
  NODE, 1327,    0,    0,   7.557937,  26.181377,
  NODE, 1328,    0,    0,   9.393621,  22.280056,
  NODE, 1329,    0,    0,  35.301010,  38.263737,
  NODE, 1330,    0,    0,  30.524811,   6.030931,
  NODE, 1331,    0,    0,   9.475431,  53.968536,
  NODE, 1332,    0,    0,  30.531271,  53.971691,
  NODE, 1333,    0,    0,  19.817091,  18.118422,
  NODE, 1334,    0,    0,   2.841837,  52.403378,
  NODE, 1335,    0,    0,  37.158165,   7.596624,
  NODE, 1336,    0,    0,  35.085659,  35.751289,
  NODE, 1337,    0,    0,  35.147369,  43.864346,
  NODE, 1338,    0,    0,  36.329838,  34.334801,
  NODE, 1339,    0,    0,   3.695570,  25.626516,
  NODE, 1340,    0,    0,   9.407523,  24.846855,
  NODE, 1341,    0,    0,  37.270550,  52.331200,
  NODE, 1342,    0,    0,   5.825760,  48.769928,
  NODE, 1343,    0,    0,  34.174332,  11.229421,
  NODE, 1344,    0,    0,  37.572720,   5.072344,
  NODE, 1345,    0,    0,   2.427281,  54.927654,
  NODE, 1346,    0,    0,  11.948087,  24.147802,
  NODE, 1347,    0,    0,  17.966593,  18.080051,
  NODE, 1348,    0,    0,  15.814004,  16.183371,
  NODE, 1349,    0,    0,  32.033394,   5.041166,
  NODE, 1350,    0,    0,   7.966633,  54.958824,
  NODE, 1351,    0,    0,  29.007990,  54.938007,
  NODE, 1352,    0,    0,  34.930779,  16.967053,
  NODE, 1353,    0,    0,   5.072059,  43.031414,
  NODE, 1354,    0,    0,  19.999271,  53.204659,
  NODE, 1355,    0,    0,  13.613926,  23.515492,
  NODE, 1356,    0,    0,  22.609049,  14.935080,
  NODE, 1357,    0,    0,  24.274527,   6.532141,
  NODE, 1358,    0,    0,  33.760315,   7.222051,
  NODE, 1359,    0,    0,   6.239684,  52.777943,
  NODE, 1360,    0,    0,  33.664070,  52.752117,
  NODE, 1361,    0,    0,  35.852989,  46.526859,
  NODE, 1362,    0,    0,   4.101036,  46.523098,
  NODE, 1363,    0,    0,  35.899036,  13.476709,
  NODE, 1364,    0,    0,  27.314505,  52.772091,
  NODE, 1365,    0,    0,  27.361963,   7.160211,
  NODE, 1366,    0,    0,  12.614282,  52.819069,
  NODE, 1367,    0,    0,  33.257637,  40.399620,
  NODE, 1368,    0,    0,  32.667709,  33.123596,
  NODE, 1369,    0,    0,  15.674842,  18.932827,
  NODE, 1370,    0,    0,  34.996334,  15.043435,
  NODE, 1371,    0,    0,   5.002886,  44.954010,
  NODE, 1372,    0,    0,  24.653994,  11.288625,
  NODE, 1373,    0,    0,  23.711788,  13.098565,
  NODE, 1374,    0,    0,  32.737202,  18.587036,
  NODE, 1375,    0,    0,  32.765366,  41.385048,
  NODE, 1376,    0,    0,   7.346295,  41.376556,
  NODE, 1377,    0,    0,  34.971745,  13.085047,
  NODE, 1378,    0,    0,   5.028444,  46.914154,
  NODE, 1379,    0,    0,  34.290272,  48.713863,
  NODE, 1380,    0,    0,  35.108822,  47.001461,
  NODE, 1381,    0,    0,  36.882805,  53.209869,
  NODE, 1382,    0,    0,   3.212168,  53.218906,
  NODE, 1383,    0,    0,  36.787834,   6.781095,
  NODE, 1384,    0,    0,   7.331432,  31.028929,
  NODE, 1385,    0,    0,  32.682297,  28.986073,
  NODE, 1386,    0,    0,  32.645271,  26.902733,
  NODE, 1387,    0,    0,   7.355870,  33.100617,
  NODE, 1388,    0,    0,  22.118271,   7.770183,
  NODE, 1389,    0,    0,  23.261475,  52.774674,
  NODE, 1390,    0,    0,  35.712612,   7.226462,
  NODE, 1391,    0,    0,   4.287389,  52.773537,
  NODE, 1392,    0,    0,  35.005085,  14.041406,
  NODE, 1393,    0,    0,   4.993416,  45.955425,
  NODE, 1394,    0,    0,  34.761265,  46.021130,
  NODE, 1395,    0,    0,  22.231251,  15.854221,
  NODE, 1396,    0,    0,  23.445076,  15.432348,
  NODE, 1397,    0,    0,  19.808218,  19.108616,
  NODE, 1398,    0,    0,  34.242561,  15.543136,
  NODE, 1399,    0,    0,   5.749551,  44.449680,
  NODE, 1400,    0,    0,  10.696845,  25.836695,
  NODE, 1401,    0,    0,   8.072825,  25.756220,
  NODE, 1402,    0,    0,  34.736519,  37.343037,
  NODE, 1403,    0,    0,  20.599312,  17.637873,
  NODE, 1404,    0,    0,   3.545663,  52.338387,
  NODE, 1405,    0,    0,  36.454338,   7.661612,
  NODE, 1406,    0,    0,  35.832214,  44.330414,
  NODE, 1407,    0,    0,   1.672864,  54.951359,
  NODE, 1408,    0,    0,  38.327137,   5.048640,
  NODE, 1409,    0,    0,   8.864841,  25.734505,
  NODE, 1410,    0,    0,  38.023056,  52.863831,
  NODE, 1411,    0,    0,  25.339762,   7.182395,
  NODE, 1412,    0,    0,  32.760452,   7.760954,
  NODE, 1413,    0,    0,   7.239510,  52.238861,
  NODE, 1414,    0,    0,  34.756580,  53.142136,
  NODE, 1415,    0,    0,  32.686615,  52.307491,
  NODE, 1416,    0,    0,  36.781868,  45.935520,
  NODE, 1417,    0,    0,   3.130167,  46.027874,
  NODE, 1418,    0,    0,  36.869877,  13.972037,
  NODE, 1419,    0,    0,  28.331890,  52.282402,
  NODE, 1420,    0,    0,  28.342022,   7.629601,
  NODE, 1421,    0,    0,  26.347616,   6.637145,
  NODE, 1422,    0,    0,  11.651867,  52.358566,
  NODE, 1423,    0,    0,  13.609178,  53.278561,
  NODE, 1424,    0,    0,  32.137928,  34.034428,
  NODE, 1425,    0,    0,  33.053196,  32.041634,
  NODE, 1426,    0,    0,  24.565727,  12.935488,
  NODE, 1427,    0,    0,  32.238560,  17.575735,
  NODE, 1428,    0,    0,  32.280155,  42.361191,
  NODE, 1429,    0,    0,   7.871812,  42.411621,
  NODE, 1430,    0,    0,  34.256565,  46.938744,
  NODE, 1431,    0,    0,  35.818638,  52.729782,
  NODE, 1432,    0,    0,   7.898141,  32.037384,
  NODE, 1433,    0,    0,  32.111126,  27.973612,
  NODE, 1434,    0,    0,  32.096657,  25.854239,
  NODE, 1435,    0,    0,   7.904118,  34.147957,
  NODE, 1436,    0,    0,  23.527088,   7.203009,
  NODE, 1437,    0,    0,  24.231518,  52.272446,
  NODE, 1438,    0,    0,  22.265013,  53.238491,
  NODE, 1439,    0,    0,  34.748768,   7.756302,
  NODE, 1440,    0,    0,   5.251233,  52.243694,
  NODE, 1441,    0,    0,  31.003485,   6.819449,
  NODE, 1442,    0,    0,   8.996512,  53.180302,
  NODE, 1443,    0,    0,  30.052130,  53.201130,
  NODE, 1444,    0,    0,  24.729532,   9.438585,
  NODE, 1445,    0,    0,  25.234621,  52.767490,
  NODE, 1446,    0,    0,  34.211418,  38.331718,
  NODE, 1447,    0,    0,  34.257275,  50.601265,
  NODE, 1448,    0,    0,  34.252094,   9.419221,
  NODE, 1449,    0,    0,   5.747903,  50.580769,
  NODE, 1450,    0,    0,  24.401478,  13.816359,
  NODE, 1451,    0,    0,  33.286762,  46.848534,
  NODE, 1452,    0,    0,  25.448629,  13.345265,
  NODE, 1453,    0,    0,  24.314737,   7.696490,
  NODE, 1454,    0,    0,  36.742230,  44.848034,
  NODE, 1455,    0,    0,  34.753151,  44.714695,
  NODE, 1456,    0,    0,  24.180925,  14.716469,
  NODE, 1457,    0,    0,  18.893852,  19.611759,
  NODE, 1458,    0,    0,  11.461765,  26.295952,
  NODE, 1459,    0,    0,  36.696690,  43.846439,
  NODE, 1460,    0,    0,   9.833040,  25.804518,
  NODE, 1461,    0,    0,  31.945993,  52.884075,
  NODE, 1462,    0,    0,  34.387154,  52.257114,
  NODE, 1463,    0,    0,  37.597603,  46.483185,
  NODE, 1464,    0,    0,   2.271966,  46.584755,
  NODE, 1465,    0,    0,  37.728043,  13.415227,
  NODE, 1466,    0,    0,  29.096903,   7.093079,
  NODE, 1467,    0,    0,  26.386675,   7.726374,
  NODE, 1468,    0,    0,  13.538075,  52.269993,
  NODE, 1469,    0,    0,  10.901019,  52.900417,
  NODE, 1470,    0,    0,  32.649063,  34.950039,
  NODE, 1471,    0,    0,  32.182293,  32.420170,
  NODE, 1472,    0,    0,  32.903690,  43.253468,
  NODE, 1473,    0,    0,  22.230448,  17.023758,
  NODE, 1474,    0,    0,  31.812941,   7.222152,
  NODE, 1475,    0,    0,   8.187005,  52.777561,
  NODE, 1476,    0,    0,  29.252173,  52.824760,
  NODE, 1477,    0,    0,  25.779846,   9.505752,
  NODE, 1478,    0,    0,  26.260002,  52.079182,
  NODE, 1479,    0,    0,  33.151089,  38.439301,
  NODE, 1480,    0,    0,  33.218201,  50.531872,
  NODE, 1481,    0,    0,  33.220112,   9.407611,
  NODE, 1482,    0,    0,   6.779847,  50.592274,
  NODE, 1483,    0,    0,  22.295641,  52.235230,
  NODE, 1484,    0,    0,  24.244791,   8.633194,
  NODE, 1485,    0,    0,   7.295599,  26.992632,
  NODE, 1486,    0,    0,  34.346401,  36.410034,
  NODE, 1487,    0,    0,  34.757427,   8.664959,
  NODE, 1488,    0,    0,   5.242572,  51.335037,
  NODE, 1489,    0,    0,  34.758255,  51.506355,
  NODE, 1490,    0,    0,   7.380870,  39.321137,
  NODE, 1491,    0,    0,  32.669056,  20.640099,
  NODE, 1492,    0,    0,   7.381862,  37.254013,
  NODE, 1493,    0,    0,  32.633579,  22.729656,
  NODE, 1494,    0,    0,   7.368631,  35.184845,
  NODE, 1495,    0,    0,  32.632977,  24.814117,
  NODE, 1496,    0,    0,  17.946182,  19.107712,
  NODE, 1497,    0,    0,  34.157070,  12.894218,
  NODE, 1498,    0,    0,   5.843524,  47.102127,
  NODE, 1499,    0,    0,   7.260311,  43.428856,
  NODE, 1500,    0,    0,  32.740967,  16.577276,
  NODE, 1501,    0,    0,   7.384147,  29.015554,
  NODE, 1502,    0,    0,  32.669197,  30.954914,
  NODE, 1503,    0,    0,  32.218956,  40.417641,
  NODE, 1504,    0,    0,  33.251949,  48.674477,
  NODE, 1505,    0,    0,  25.679194,  11.333956,
  NODE, 1506,    0,    0,  32.701504,  39.432091,
  NODE, 1507,    0,    0,  19.038366,  52.720848,
  NODE, 1508,    0,    0,  16.481340,  17.542221,
  NODE, 1509,    0,    0,  36.543247,  52.300198,
  NODE, 1510,    0,    0,  21.318346,  15.459387,
  NODE, 1511,    0,    0,  33.284855,  15.538319,
  NODE, 1512,    0,    0,   6.673760,  44.446713,
  NODE, 1513,    0,    0,  20.757916,  52.685261,
  NODE, 1514,    0,    0,  24.061031,  16.247826,
  NODE, 1515,    0,    0,  24.193762,  51.256664,
  NODE, 1516,    0,    0,  32.733696,   8.668115,
  NODE, 1517,    0,    0,   7.266226,  51.331562,
  NODE, 1518,    0,    0,  32.509518,  51.281414,
  NODE, 1519,    0,    0,  14.586908,  21.857235,
  NODE, 1520,    0,    0,  28.389973,  51.223633,
  NODE, 1521,    0,    0,  28.417322,   8.672135,
  NODE, 1522,    0,    0,  11.590043,  51.307221,
  NODE, 1523,    0,    0,  34.440712,  43.816856,
  NODE, 1524,    0,    0,  33.357369,  13.414513,
  NODE, 1525,    0,    0,   6.635714,  46.566505,
  NODE, 1526,    0,    0,  33.576675,  44.172928,
  NODE, 1527,    0,    0,  22.286955,  51.231545,
  NODE, 1528,    0,    0,  31.309258,  32.066402,
  NODE, 1529,    0,    0,  33.269077,  35.972584,
  NODE, 1530,    0,    0,  14.359594,  52.719555,
  NODE, 1531,    0,    0,  26.510428,   8.782872,
  NODE, 1532,    0,    0,  13.532702,  51.254982,
  NODE, 1533,    0,    0,   7.801258,  50.624828,
  NODE, 1534,    0,    0,  32.198235,   9.374334,
  NODE, 1535,    0,    0,  32.336929,  50.401939,
  NODE, 1536,    0,    0,  32.714775,  47.684792,
  NODE, 1537,    0,    0,  26.138268,  12.336813,
  NODE, 1538,    0,    0,  30.074064,   7.084891,
  NODE, 1539,    0,    0,   9.925583,  52.912464,
  NODE, 1540,    0,    0,  30.968941,  52.915588,
  NODE, 1541,    0,    0,  38.522751,  46.481552,
  NODE, 1542,    0,    0,  19.837818,  20.101540,
  NODE, 1543,    0,    0,  21.502806,  17.731960,
  NODE, 1544,    0,    0,  12.238794,  25.765041,
  NODE, 1545,    0,    0,  23.127758,  17.521286,
  NODE, 1546,    0,    0,  31.172056,  40.421619,
  NODE, 1547,    0,    0,  11.510946,  27.367779,
  NODE, 1548,    0,    0,  26.241036,  10.431718,
  NODE, 1549,    0,    0,  32.732151,  49.602249,
  NODE, 1550,    0,    0,  32.670811,  10.241697,
  NODE, 1551,    0,    0,   7.328762,  49.757931,
  NODE, 1552,    0,    0,   6.836055,  28.007557,
  NODE, 1553,    0,    0,   7.932523,  40.352230,
  NODE, 1554,    0,    0,  32.166946,  19.577110,
  NODE, 1555,    0,    0,   7.937563,  38.282250,
  NODE, 1556,    0,    0,  32.103363,  21.671816,
  NODE, 1557,    0,    0,   7.921053,  36.218025,
  NODE, 1558,    0,    0,  32.087780,  23.771456,
  NODE, 1559,    0,    0,   7.880190,  30.022516,
  NODE, 1560,    0,    0,  32.169422,  30.000383,
  NODE, 1561,    0,    0,  18.064123,  53.208862,
  NODE, 1562,    0,    0,  19.995256,  52.210945,
  NODE, 1563,    0,    0,  17.971359,  20.120640,
  NODE, 1564,    0,    0,   8.060795,  27.926783,
  NODE, 1565,    0,    0,  24.566233,  15.531174,
  NODE, 1566,    0,    0,  24.026600,  17.108994,
  NODE, 1567,    0,    0,  15.487689,  21.487537,
  NODE, 1568,    0,    0,  27.492348,  50.638714,
  NODE, 1569,    0,    0,  27.466633,   9.235080,
  NODE, 1570,    0,    0,  12.586762,  50.745838,
  NODE, 1571,    0,    0,  30.891972,   7.659645,
  NODE, 1572,    0,    0,   9.107812,  52.338749,
  NODE, 1573,    0,    0,  30.146397,  52.365067,
  NODE, 1574,    0,    0,  32.160191,  38.523865,
  NODE, 1575,    0,    0,  17.230846,  17.548061,
  NODE, 1576,    0,    0,  25.061993,  50.776485,
  NODE, 1577,    0,    0,  23.232075,  50.739758,
  NODE, 1578,    0,    0,  32.582153,  37.741108,
  NODE, 1579,    0,    0,  32.746754,  14.492295,
  NODE, 1580,    0,    0,   7.212289,  45.460705,
  NODE, 1581,    0,    0,  31.195503,  42.367989,
  NODE, 1582,    0,    0,  29.429974,   9.214445,
  NODE, 1583,    0,    0,  10.569580,  50.769428,
  NODE, 1584,    0,    0,  29.364979,  50.736824,
  NODE, 1585,    0,    0,  26.116304,  14.158604,
  NODE, 1586,    0,    0,  31.056324,  34.027813,
  NODE, 1587,    0,    0,  30.475327,  51.315189,
  NODE, 1588,    0,    0,  30.492924,   8.596290,
  NODE, 1589,    0,    0,   9.506145,  51.398163,
  NODE, 1590,    0,    0,  23.947413,  18.075520,
  NODE, 1591,    0,    0,  34.294006,  13.591400,
  NODE, 1592,    0,    0,  32.618130,  12.700555,
  NODE, 1593,    0,    0,   5.702615,  46.400875,
  NODE, 1594,    0,    0,   7.379086,  47.283093,
  NODE, 1595,    0,    0,  19.885643,  21.125933,
  NODE, 1596,    0,    0,  30.595167,  33.053593,
  NODE, 1597,    0,    0,  31.566101,  50.840359,
  NODE, 1598,    0,    0,  32.225182,  46.658932,
  NODE, 1599,    0,    0,  31.171766,  38.505104,
  NODE, 1600,    0,    0,  20.588528,  19.593887,
  NODE, 1601,    0,    0,  22.001524,  18.635048,
  NODE, 1602,    0,    0,  10.756246,  27.961451,
  NODE, 1603,    0,    0,  26.675243,   9.663459,
  NODE, 1604,    0,    0,  33.119915,  11.126227,
  NODE, 1605,    0,    0,   6.880175,  48.872616,
  NODE, 1606,    0,    0,   9.140385,  27.407993,
  NODE, 1607,    0,    0,  15.801473,  20.611372,
  NODE, 1608,    0,    0,  26.605061,  51.037800,
  NODE, 1609,    0,    0,  28.405655,   9.773122,
  NODE, 1610,    0,    0,  11.611816,  50.196007,
  NODE, 1611,    0,    0,  21.515970,  52.694317,
  NODE, 1612,    0,    0,  22.373905,  17.874220,
  NODE, 1613,    0,    0,  18.098896,  52.218544,
  NODE, 1614,    0,    0,  24.162554,  50.253239,
  NODE, 1615,    0,    0,  32.033558,  15.557806,
  NODE, 1616,    0,    0,   7.777243,  44.438065,
  NODE, 1617,    0,    0,  28.419653,  50.138401,
  NODE, 1618,    0,    0,  30.631657,  41.401054,
  NODE, 1619,    0,    0,  15.293146,  52.645515,
  NODE, 1620,    0,    0,  26.187063,  15.074047,
  NODE, 1621,    0,    0,  26.633289,  13.342296,
  NODE, 1622,    0,    0,  30.617056,  43.277214,
  NODE, 1623,    0,    0,   8.716054,  50.719711,
  NODE, 1624,    0,    0,  31.282517,   9.276958,
  NODE, 1625,    0,    0,  30.476561,  34.933502,
  NODE, 1626,    0,    0,  13.154295,  25.723446,
  NODE, 1627,    0,    0,  19.980629,  51.213917,
  NODE, 1628,    0,    0,  32.401871,  36.863140,
  NODE, 1629,    0,    0,   7.752071,  49.030449,
  NODE, 1630,    0,    0,  32.161343,  48.644665,
  NODE, 1631,    0,    0,  32.247997,  10.968875,
  NODE, 1632,    0,    0,  30.647043,  39.447376,
  NODE, 1633,    0,    0,  17.966976,  21.136034,
  NODE, 1634,    0,    0,  13.588932,  50.209076,
  NODE, 1635,    0,    0,  31.139834,  30.046534,
  NODE, 1636,    0,    0,   8.928936,  30.007608,
  NODE, 1637,    0,    0,  30.661282,  31.055288,
  NODE, 1638,    0,    0,  22.258375,  50.214661,
  NODE, 1639,    0,    0,  17.174583,  19.623396,
  NODE, 1640,    0,    0,  23.824368,  19.072111,
  NODE, 1641,    0,    0,   7.572644,  48.172405,
  NODE, 1642,    0,    0,  32.426682,  11.822930,
  NODE, 1643,    0,    0,  17.301329,  52.683277,
  NODE, 1644,    0,    0,  18.097094,  51.239525,
  NODE, 1645,    0,    0,   9.550152,  50.211937,
  NODE, 1646,    0,    0,  30.443737,   9.782001,
  NODE, 1647,    0,    0,  22.242537,  49.183147,
  NODE, 1648,    0,    0,  24.731381,  17.629387,
  NODE, 1649,    0,    0,  13.608797,  49.148773,
  NODE, 1650,    0,    0,  32.203892,  13.520968,
  NODE, 1651,    0,    0,   7.785860,  46.431103,
  NODE, 1652,    0,    0,  18.928854,  21.648811,
  NODE, 1653,    0,    0,  11.567767,  28.438622,
  NODE, 1654,    0,    0,   9.295512,  26.502382,
  NODE, 1655,    0,    0,  16.289465,  21.285561,
  NODE, 1656,    0,    0,  31.052036,  44.254715,
  NODE, 1657,    0,    0,  30.100554,  42.350327,
  NODE, 1658,    0,    0,  30.951838,  35.793320,
  NODE, 1659,    0,    0,  13.656982,  24.658810,
  NODE, 1660,    0,    0,  15.850035,  53.373920,
  NODE, 1661,    0,    0,   8.515659,  48.595856,
  NODE, 1662,    0,    0,  31.482327,  11.406363,
  NODE, 1663,    0,    0,  30.098406,  40.421894,
  NODE, 1664,    0,    0,  31.066116,  48.644646,
  NODE, 1665,    0,    0,  14.364114,  50.730152,
  NODE, 1666,    0,    0,  30.118841,  32.041687,
  NODE, 1667,    0,    0,  25.911161,  50.394901,
  NODE, 1668,    0,    0,  21.501736,  50.712128,
  NODE, 1669,    0,    0,  22.754156,  19.532562,
  NODE, 1670,    0,    0,   8.988732,  28.317236,
  NODE, 1671,    0,    0,  21.535151,  19.570807,
  NODE, 1672,    0,    0,  26.741682,  11.384531,
  NODE, 1673,    0,    0,  30.586828,  29.085516,
  NODE, 1674,    0,    0,   9.472184,  30.951269,
  NODE, 1675,    0,    0,   9.455361,  29.074802,
  NODE, 1676,    0,    0,  16.249209,  19.685648,
  NODE, 1677,    0,    0,  30.719875,  37.553421,
  NODE, 1678,    0,    0,  15.829708,  51.730164,
  NODE, 1679,    0,    0,  19.016609,  50.724941,
  NODE, 1680,    0,    0,  28.436352,  49.111988,
  NODE, 1681,    0,    0,  25.442877,  15.580146,
  NODE, 1682,    0,    0,  27.739218,  13.380240,
  NODE, 1683,    0,    0,  24.168901,  49.235157,
  NODE, 1684,    0,    0,  17.048002,  21.649315,
  NODE, 1685,    0,    0,  26.183785,  16.081118,
  NODE, 1686,    0,    0,   9.868570,  28.110380,
  NODE, 1687,    0,    0,  16.165175,  22.046576,
  NODE, 1688,    0,    0,  16.374865,  52.630764,
  NODE, 1689,    0,    0,  23.216673,  48.684319,
  NODE, 1690,    0,    0,  12.640782,  48.638535,
  NODE, 1691,    0,    0,  19.878536,  22.163578,
  NODE, 1692,    0,    0,  12.462859,  27.893601,
  NODE, 1693,    0,    0,  31.945042,  44.408974,
  NODE, 1694,    0,    0,  15.141230,  19.752424,
  NODE, 1695,    0,    0,  14.239656,  25.690722,
  NODE, 1696,    0,    0,  22.100525,  20.469503,
  NODE, 1697,    0,    0,  26.147181,  49.349926,
  NODE, 1698,    0,    0,  25.797754,  51.205284,
  NODE, 1699,    0,    0,  30.098814,  30.079962,
  NODE, 1700,    0,    0,  31.052456,  28.075554,
  NODE, 1701,    0,    0,   9.976710,  29.979174,
  NODE, 1702,    0,    0,   8.968871,  31.946806,
  NODE, 1703,    0,    0,  30.154131,  38.468880,
  NODE, 1704,    0,    0,  15.313057,  50.789196,
  NODE, 1705,    0,    0,  19.948803,  50.205109,
  NODE, 1706,    0,    0,  27.809799,  11.457795,
  NODE, 1707,    0,    0,  28.325014,  12.426373,
  NODE, 1708,    0,    0,  17.958532,  22.163910,
  NODE, 1709,    0,    0,  30.528891,  49.552280,
  NODE, 1710,    0,    0,  28.296198,  14.278863,
  NODE, 1711,    0,    0,  20.732052,  50.707214,
  NODE, 1712,    0,    0,  27.747187,  48.575489,
  NODE, 1713,    0,    0,  29.869762,  34.022881,
  NODE, 1714,    0,    0,  29.155205,  48.661758,
  NODE, 1715,    0,    0,  25.121389,  48.775654,
  NODE, 1716,    0,    0,  30.474205,  47.765690,
  NODE, 1717,    0,    0,  30.115421,  44.038986,
  NODE, 1718,    0,    0,  30.564844,  11.959605,
  NODE, 1719,    0,    0,   9.440237,  48.055176,
  NODE, 1720,    0,    0,  18.058407,  50.261219,
  NODE, 1721,    0,    0,   9.460134,  49.118027,
  NODE, 1722,    0,    0,  30.530926,  10.886709,
  NODE, 1723,    0,    0,  29.030804,  32.007202,
  NODE, 1724,    0,    0,  11.579377,  29.467833,
  NODE, 1725,    0,    0,   8.708712,  46.415119,
  NODE, 1726,    0,    0,  31.278500,  13.544042,
  NODE, 1727,    0,    0,  29.034582,  40.396244,
  NODE, 1728,    0,    0,  15.871944,  22.937777,
  NODE, 1729,    0,    0,  30.273321,  44.981152,
  NODE, 1730,    0,    0,  15.306151,  25.693615,
  NODE, 1731,    0,    0,  29.180929,  44.462303,
  NODE, 1732,    0,    0,  27.077374,  15.577937,
  NODE, 1733,    0,    0,  13.351045,  27.517948,
  NODE, 1734,    0,    0,  26.154673,  16.951796,
  NODE, 1735,    0,    0,  17.993183,  49.243549,
  NODE, 1736,    0,    0,  22.242676,  48.145901,
  NODE, 1737,    0,    0,  11.689347,  49.129452,
  NODE, 1738,    0,    0,  13.563556,  48.103394,
  NODE, 1739,    0,    0,  20.794373,  21.667515,
  NODE, 1740,    0,    0,  32.586964,  44.026943,
  NODE, 1741,    0,    0,  13.713510,  26.622210,
  NODE, 1742,    0,    0,  30.046257,  28.144339,
  NODE, 1743,    0,    0,  10.001505,  31.909262,
  NODE, 1744,    0,    0,  16.394239,  50.826786,
  NODE, 1745,    0,    0,  30.867310,  50.350994,
  NODE, 1746,    0,    0,  30.012335,  48.663300,
  NODE, 1747,    0,    0,  27.970272,  15.178875,
  NODE, 1748,    0,    0,  28.816860,  13.381464,
  NODE, 1749,    0,    0,  28.477612,  48.179455,
  NODE, 1750,    0,    0,  24.194737,  48.201096,
  NODE, 1751,    0,    0,  30.743036,  47.004051,
  NODE, 1752,    0,    0,  30.519997,  13.029898,
  NODE, 1753,    0,    0,   9.477157,  46.971695,
  NODE, 1754,    0,    0,  17.313047,  50.785591,
  NODE, 1755,    0,    0,  10.205624,  48.576214,
  NODE, 1756,    0,    0,  29.768913,  11.449709,
  NODE, 1757,    0,    0,  28.366739,  10.707907,
  NODE, 1758,    0,    0,  28.497507,  32.891285,
  NODE, 1759,    0,    0,  30.447834,  14.193920,
  NODE, 1760,    0,    0,   9.531833,  45.805203,
  NODE, 1761,    0,    0,  28.473608,  41.242004,
  NODE, 1762,    0,    0,  21.712185,  21.345747,
  NODE, 1763,    0,    0,  17.895010,  23.230581,
  NODE, 1764,    0,    0,  28.517048,  39.424648,
  NODE, 1765,    0,    0,  28.510170,  31.045628,
  NODE, 1766,    0,    0,  14.428040,  23.958508,
  NODE, 1767,    0,    0,  30.327986,  36.591908,
  NODE, 1768,    0,    0,  29.096647,  38.428642,
  NODE, 1769,    0,    0,  30.076634,  35.739201,
  NODE, 1770,    0,    0,  19.914747,  49.182053,
  NODE, 1771,    0,    0,  19.889351,  23.208090,
  NODE, 1772,    0,    0,  29.048451,  30.084675,
  NODE, 1773,    0,    0,  12.407757,  30.025244,
  NODE, 1774,    0,    0,  29.237021,  36.302376,
  NODE, 1775,    0,    0,  30.504080,  27.324276,
  NODE, 1776,    0,    0,   9.510250,  32.707256,
  NODE, 1777,    0,    0,  29.041502,  28.171557,
  NODE, 1778,    0,    0,  11.003174,  31.987629,
  NODE, 1779,    0,    0,  28.861734,  11.493017,
  NODE, 1780,    0,    0,  15.358092,  22.259745,
  NODE, 1781,    0,    0,  16.699852,  23.830359,
  NODE, 1782,    0,    0,  15.915190,  24.818556,
  NODE, 1783,    0,    0,  28.504181,  43.713192,
  NODE, 1784,    0,    0,  25.634609,  17.695555,
  NODE, 1785,    0,    0,  14.146087,  27.375828,
  NODE, 1786,    0,    0,  18.943638,  48.688091,
  NODE, 1787,    0,    0,  21.459806,  48.659866,
  NODE, 1788,    0,    0,  15.908727,  50.059708,
  NODE, 1789,    0,    0,  12.853550,  24.061333,
  NODE, 1790,    0,    0,  28.797894,  14.970997,
  NODE, 1791,    0,    0,  30.029152,  47.058281,
  NODE, 1792,    0,    0,  28.919313,  33.737797,
  NODE, 1793,    0,    0,  30.951300,  15.289317,
  NODE, 1794,    0,    0,   9.199760,  44.888149,
  NODE, 1795,    0,    0,  28.720821,  41.937393,
  NODE, 1796,    0,    0,  22.542345,  21.210529,
  NODE, 1797,    0,    0,  27.987257,  40.402592,
  NODE, 1798,    0,    0,  27.954329,  31.991692,
  NODE, 1799,    0,    0,  30.349268,  46.172642,
  NODE, 1800,    0,    0,  15.400051,  23.881197,
  NODE, 1801,    0,    0,  31.353130,  36.715176,
  NODE, 1802,    0,    0,  18.903044,  23.761335,
  NODE, 1803,    0,    0,  11.568445,  30.455284,
  NODE, 1804,    0,    0,  13.152739,  29.721216,
  NODE, 1805,    0,    0,  25.921970,  48.344963,
  NODE, 1806,    0,    0,  30.135025,  50.311840,
  NODE, 1807,    0,    0,  32.726963,  44.879200,
  NODE, 1808,    0,    0,  11.694044,  48.114555,
  NODE, 1809,    0,    0,  27.838543,  15.983918,
  NODE, 1810,    0,    0,  28.590923,  37.386166,
  NODE, 1811,    0,    0,  28.527954,  29.118355,
  NODE, 1812,    0,    0,  21.525055,  22.142780,
  NODE, 1813,    0,    0,  24.239100,  47.118107,
  NODE, 1814,    0,    0,  13.198274,  28.329014,
  NODE, 1815,    0,    0,  28.525871,  45.206207,
  NODE, 1816,    0,    0,  20.901167,  23.722685,
  NODE, 1817,    0,    0,  32.028835,  35.872238,
  NODE, 1818,    0,    0,  26.699884,  17.701450,
  NODE, 1819,    0,    0,  13.982731,  28.190960,
  NODE, 1820,    0,    0,  28.324158,  16.699738,
  NODE, 1821,    0,    0,  28.680985,  15.776790,
  NODE, 1822,    0,    0,  22.367527,  22.015371,
  NODE, 1823,    0,    0,  14.861576,  27.843157,
  NODE, 1824,    0,    0,  23.419617,  21.638758,
  NODE, 1825,    0,    0,  29.739796,  15.327578,
  NODE, 1826,    0,    0,  21.929264,  23.028242,
  NODE, 1827,    0,    0,  29.177504,  46.634434,
  NODE, 1828,    0,    0,  10.950987,  48.585312,
  NODE, 1829,    0,    0,  11.684738,  47.105701,
  NODE, 1830,    0,    0,  11.525242,  31.304781,
  NODE, 1831,    0,    0,  28.063366,  44.524811,
  NODE, 1832,    0,    0,  26.163464,  18.644980,
  NODE, 1833,    0,    0,  17.982637,  48.201088,
  NODE, 1834,    0,    0,  29.223984,  42.345448,
  NODE, 1835,    0,    0,  19.898256,  24.301895,
  NODE, 1836,    0,    0,  10.858995,  29.961279,
  NODE, 1837,    0,    0,  27.990103,  38.408402,
  NODE, 1838,    0,    0,  27.989582,  30.070229,
  NODE, 1839,    0,    0,   9.562515,  33.615658,
  NODE, 1840,    0,    0,  30.439205,  26.404980,
  NODE, 1841,    0,    0,  26.333759,  47.381741,
  NODE, 1842,    0,    0,  16.060665,  49.172752,
  NODE, 1843,    0,    0,  13.138158,  30.421783,
  NODE, 1844,    0,    0,  16.317955,  25.765940,
  NODE, 1845,    0,    0,  14.030201,  30.082823,
  NODE, 1846,    0,    0,  13.622273,  31.175173,
  NODE, 1847,    0,    0,  15.764341,  27.347092,
  NODE, 1848,    0,    0,  24.117851,  20.721016,
  NODE, 1849,    0,    0,  28.545252,  47.362675,
  NODE, 1850,    0,    0,  12.607885,  46.599308,
  NODE, 1851,    0,    0,  11.977589,  32.073883,
  NODE, 1852,    0,    0,  25.665844,  19.628408,
  NODE, 1853,    0,    0,  17.050928,  48.749916,
  NODE, 1854,    0,    0,  25.309431,  46.641426,
  NODE, 1855,    0,    0,  13.610673,  29.054855,
  NODE, 1856,    0,    0,  27.814310,  17.650263,
  NODE, 1857,    0,    0,  28.529356,  45.923294,
  NODE, 1858,    0,    0,  17.198742,  25.893248,
  NODE, 1859,    0,    0,  19.896664,  48.152870,
  NODE, 1860,    0,    0,  17.895083,  24.341007,
  NODE, 1861,    0,    0,  21.951523,  24.224144,
  NODE, 1862,    0,    0,  26.757166,  19.589073,
  NODE, 1863,    0,    0,  28.030314,  28.166134,
  NODE, 1864,    0,    0,  30.575228,  16.295162,
  NODE, 1865,    0,    0,  23.231419,  46.560574,
  NODE, 1866,    0,    0,  28.039766,  36.361370,
  NODE, 1867,    0,    0,  28.065270,  41.922791,
  NODE, 1868,    0,    0,  28.102041,  33.646576,
  NODE, 1869,    0,    0,  29.720030,  13.467650,
  NODE, 1870,    0,    0,  28.530230,  35.516712,
  NODE, 1871,    0,    0,  26.890366,  38.370876,
  NODE, 1872,    0,    0,  26.922348,  30.049114,
  NODE, 1873,    0,    0,  29.512020,  25.910748,
  NODE, 1874,    0,    0,  10.472763,  34.111195,
  NODE, 1875,    0,    0,  15.759255,  28.410070,
  NODE, 1876,    0,    0,   8.829385,  34.142220,
  NODE, 1877,    0,    0,  31.171726,  25.864401,
  NODE, 1878,    0,    0,  27.177254,  46.677040,
  NODE, 1879,    0,    0,  17.965986,  47.151806,
  NODE, 1880,    0,    0,  29.065462,  17.632826,
  NODE, 1881,    0,    0,  24.102305,  22.565670,
  NODE, 1882,    0,    0,  22.879290,  23.703865,
  NODE, 1883,    0,    0,  28.376661,  42.736813,
  NODE, 1884,    0,    0,  28.410114,  34.534004,
  NODE, 1885,    0,    0,  27.208509,  42.383778,
  NODE, 1886,    0,    0,  27.208990,  34.124542,
  NODE, 1887,    0,    0,   9.577472,  34.649357,
  NODE, 1888,    0,    0,  30.419664,  25.356245,
  NODE, 1889,    0,    0,  15.789683,  26.456869,
  NODE, 1890,    0,    0,  23.679951,  19.939068,
  NODE, 1891,    0,    0,  19.893295,  47.121231,
  NODE, 1892,    0,    0,  11.701822,  46.110962,
  NODE, 1893,    0,    0,  13.536067,  47.092102,
  NODE, 1894,    0,    0,  28.384924,  18.608292,
  NODE, 1895,    0,    0,  17.982409,  25.414030,
  NODE, 1896,    0,    0,  26.992689,  28.135876,
  NODE, 1897,    0,    0,  22.005995,  25.145836,
  NODE, 1898,    0,    0,  27.843300,  19.553946,
  NODE, 1899,    0,    0,  22.240984,  47.105877,
  NODE, 1900,    0,    0,  24.287098,  45.882843,
  NODE, 1901,    0,    0,  26.264257,  20.378565,
  NODE, 1902,    0,    0,  28.559156,  26.451681,
  NODE, 1903,    0,    0,  11.381681,  33.630913,
  NODE, 1904,    0,    0,  28.545168,  27.396975,
  NODE, 1905,    0,    0,  15.832834,  29.465296,
  NODE, 1906,    0,    0,  26.373194,  46.154018,
  NODE, 1907,    0,    0,  18.935049,  46.609856,
  NODE, 1908,    0,    0,  26.305880,  39.216618,
  NODE, 1909,    0,    0,  30.119585,  17.247818,
  NODE, 1910,    0,    0,  24.612795,  21.662439,
  NODE, 1911,    0,    0,  23.717470,  23.422680,
  NODE, 1912,    0,    0,  26.366242,  30.968306,
  NODE, 1913,    0,    0,  26.822413,  36.298534,
  NODE, 1914,    0,    0,  26.358595,  37.398193,
  NODE, 1915,    0,    0,  26.396233,  29.075733,
  NODE, 1916,    0,    0,  28.091839,  46.634506,
  NODE, 1917,    0,    0,  16.274565,  48.287579,
  NODE, 1918,    0,    0,  16.951510,  46.650635,
  NODE, 1919,    0,    0,  17.982130,  26.542303,
  NODE, 1920,    0,    0,  11.443379,  32.761402,
  NODE, 1921,    0,    0,  24.587145,  19.789471,
  NODE, 1922,    0,    0,  15.337046,  48.431622,
  NODE, 1923,    0,    0,  15.882803,  47.350494,
  NODE, 1924,    0,    0,  29.147417,  34.339546,
  NODE, 1925,    0,    0,  26.525829,  41.471306,
  NODE, 1926,    0,    0,  26.437592,  33.153050,
  NODE, 1927,    0,    0,  13.559325,  46.099327,
  NODE, 1928,    0,    0,  10.979965,  46.598614,
  NODE, 1929,    0,    0,  18.941984,  25.895086,
  NODE, 1930,    0,    0,  21.534510,  25.900173,
  NODE, 1931,    0,    0,  17.965344,  46.076332,
  NODE, 1932,    0,    0,  26.515547,  39.947205,
  NODE, 1933,    0,    0,  26.773603,  32.028011,
  NODE, 1934,    0,    0,  25.826307,  38.339302,
  NODE, 1935,    0,    0,  25.837597,  30.041063,
  NODE, 1936,    0,    0,  28.557631,  25.349262,
  NODE, 1937,    0,    0,  11.380333,  34.634850,
  NODE, 1938,    0,    0,  17.571257,  27.533325,
  NODE, 1939,    0,    0,  22.217417,  46.077622,
  NODE, 1940,    0,    0,   9.587157,  35.681644,
  NODE, 1941,    0,    0,  30.416374,  24.307043,
  NODE, 1942,    0,    0,  26.282797,  21.241575,
  NODE, 1943,    0,    0,  24.509281,  23.323755,
  NODE, 1944,    0,    0,  28.873962,  19.519680,
  NODE, 1945,    0,    0,  26.513630,  27.303509,
  NODE, 1946,    0,    0,  29.975901,  18.065714,
  NODE, 1947,    0,    0,  11.694382,  45.108852,
  NODE, 1948,    0,    0,  16.659416,  27.884707,
  NODE, 1949,    0,    0,  19.904827,  46.093620,
  NODE, 1950,    0,    0,  26.476275,  43.219101,
  NODE, 1951,    0,    0,  26.475605,  35.155426,
  NODE, 1952,    0,    0,  26.435940,  45.098873,
  NODE, 1953,    0,    0,  30.754383,  17.891588,
  NODE, 1954,    0,    0,  30.467186,  18.882099,
  NODE, 1955,    0,    0,  24.200977,  24.217108,
  NODE, 1956,    0,    0,  25.269972,  23.804424,
  NODE, 1957,    0,    0,  21.447163,  46.598427,
  NODE, 1958,    0,    0,  22.179728,  45.071587,
  NODE, 1959,    0,    0,  13.601987,  45.079510,
  NODE, 1960,    0,    0,  27.613129,  25.895269,
  NODE, 1961,    0,    0,  12.127484,  34.138115,
  NODE, 1962,    0,    0,  28.587685,  24.292442,
  NODE, 1963,    0,    0,  11.399213,  35.634995,
  NODE, 1964,    0,    0,  28.397661,  20.288866,
  NODE, 1965,    0,    0,  19.922924,  45.069664,
  NODE, 1966,    0,    0,  10.254736,  46.523136,
  NODE, 1967,    0,    0,  25.986193,  42.444172,
  NODE, 1968,    0,    0,  25.978313,  34.171734,
  NODE, 1969,    0,    0,  14.303166,  46.607945,
  NODE, 1970,    0,    0,  19.863794,  25.361925,
  NODE, 1971,    0,    0,  22.580193,  25.847622,
  NODE, 1972,    0,    0,  18.406277,  27.404802,
  NODE, 1973,    0,    0,  29.736795,  19.513298,
  NODE, 1974,    0,    0,  26.636848,  26.363129,
  NODE, 1975,    0,    0,  25.917858,  28.067207,
  NODE, 1976,    0,    0,  12.624965,  44.574898,
  NODE, 1977,    0,    0,  20.671932,  46.604511,
  NODE, 1978,    0,    0,  26.419994,  44.116352,
  NODE, 1979,    0,    0,  17.403267,  28.350540,
  NODE, 1980,    0,    0,  19.905922,  26.350105,
  NODE, 1981,    0,    0,  15.904100,  46.150284,
  NODE, 1982,    0,    0,  25.677895,  44.627693,
  NODE, 1983,    0,    0,  25.865677,  31.691134,
  NODE, 1984,    0,    0,  25.845947,  39.871697,
  NODE, 1985,    0,    0,  10.507031,  36.166748,
  NODE, 1986,    0,    0,  29.499178,  23.786083,
  NODE, 1987,    0,    0,  25.899740,  36.646275,
  NODE, 1988,    0,    0,   8.849661,  36.208130,
  NODE, 1989,    0,    0,  31.161985,  23.774664,
  NODE, 1990,    0,    0,  10.928270,  44.669804,
  NODE, 1991,    0,    0,  25.535576,  21.697640,
  NODE, 1992,    0,    0,  15.084441,  46.659885,
  NODE, 1993,    0,    0,  26.284697,  22.225487,
  NODE, 1994,    0,    0,  17.821716,  29.229946,
  NODE, 1995,    0,    0,  19.181845,  27.850758,
  NODE, 1996,    0,    0,  26.038145,  40.612331,
  NODE, 1997,    0,    0,  24.982481,  40.313740,
  NODE, 1998,    0,    0,  25.868046,  32.435379,
  NODE, 1999,    0,    0,  24.954865,  32.066113,
  NODE, 2000,    0,    0,  30.404785,  23.253151,
  NODE, 2001,    0,    0,   9.615442,  36.701839,
  NODE, 2002,    0,    0,  26.257275,  23.288206,
  NODE, 2003,    0,    0,  23.079428,  44.543243,
  NODE, 2004,    0,    0,  30.466604,  20.009018,
  NODE, 2005,    0,    0,  18.989166,  44.545311,
  NODE, 2006,    0,    0,  24.186415,  25.297983,
  NODE, 2007,    0,    0,  11.678104,  44.109356,
  NODE, 2008,    0,    0,  27.182735,  44.586647,
  NODE, 2009,    0,    0,  20.027451,  27.312027,
  NODE, 2010,    0,    0,  24.772123,  44.781040,
  NODE, 2011,    0,    0,  15.814390,  45.151314,
  NODE, 2012,    0,    0,  10.053509,  44.793182,
  NODE, 2013,    0,    0,  26.795818,  25.418535,
  NODE, 2014,    0,    0,  25.167805,  36.271973,
  NODE, 2015,    0,    0,  28.489979,  21.182169,
  NODE, 2016,    0,    0,  24.967049,  27.963715,
  NODE, 2017,    0,    0,  13.597957,  44.046093,
  NODE, 2018,    0,    0,  28.559193,  23.264309,
  NODE, 2019,    0,    0,  11.449290,  36.628029,
  NODE, 2020,    0,    0,  26.281181,  24.503193,
  NODE, 2021,    0,    0,  13.051346,  34.140419,
  NODE, 2022,    0,    0,   9.419995,  44.044601,
  NODE, 2023,    0,    0,  20.241255,  28.353804,
  NODE, 2024,    0,    0,  25.877668,  25.634541,
  NODE, 2025,    0,    0,  27.016317,  21.732946,
  NODE, 2026,    0,    0,  13.595601,  43.065811,
  NODE, 2027,    0,    0,  16.821337,  29.913923,
  NODE, 2028,    0,    0,  26.992544,  40.540161,
  NODE, 2029,    0,    0,  24.312609,  39.348202,
  NODE, 2030,    0,    0,  24.302723,  31.070606,
  NODE, 2031,    0,    0,  28.530512,  22.222050,
  NODE, 2032,    0,    0,  11.535437,  37.659416,
  NODE, 2033,    0,    0,  22.163677,  44.051174,
  NODE, 2034,    0,    0,  18.033018,  45.032131,
  NODE, 2035,    0,    0,  19.934113,  44.048897,
  NODE, 2036,    0,    0,  24.975456,  25.795090,
  NODE, 2037,    0,    0,  16.498339,  44.580143,
  NODE, 2038,    0,    0,  24.319685,  36.795063,
  NODE, 2039,    0,    0,  29.463265,  21.649433,
  NODE, 2040,    0,    0,  24.104754,  28.456556,
  NODE, 2041,    0,    0,  14.556687,  44.553803,
  NODE, 2042,    0,    0,  27.832104,  23.766924,
  NODE, 2043,    0,    0,  12.181265,  36.091347,
  NODE, 2044,    0,    0,   9.637362,  37.730007,
  NODE, 2045,    0,    0,  30.402411,  22.184790,
  NODE, 2046,    0,    0,  20.824080,  27.676838,
  NODE, 2047,    0,    0,  12.676767,  42.522072,
  NODE, 2048,    0,    0,  17.819790,  30.405329,
  NODE, 2049,    0,    0,  23.745729,  40.313351,
  NODE, 2050,    0,    0,  24.800589,  38.406300,
  NODE, 2051,    0,    0,  23.737928,  32.034367,
  NODE, 2052,    0,    0,  24.774582,  30.116842,
  NODE, 2053,    0,    0,  10.599796,  38.225304,
  NODE, 2054,    0,    0,  21.425861,  44.565407,
  NODE, 2055,    0,    0,  24.245001,  26.296658,
  NODE, 2056,    0,    0,  15.598390,  44.205051,
  NODE, 2057,    0,    0,  24.327848,  35.739750,
  NODE, 2058,    0,    0,  30.404308,  21.091995,
  NODE, 2059,    0,    0,  24.157206,  27.342884,
  NODE, 2060,    0,    0,  27.758728,  21.721302,
  NODE, 2061,    0,    0,  18.037357,  44.036308,
  NODE, 2062,    0,    0,  24.039890,  44.051445,
  NODE, 2063,    0,    0,  13.077486,  36.047340,
  NODE, 2064,    0,    0,  27.064201,  23.806244,
  NODE, 2065,    0,    0,  20.640225,  25.867296,
  NODE, 2066,    0,    0,  13.586880,  35.111939,
  NODE, 2067,    0,    0,   9.597033,  43.010845,
  NODE, 2068,    0,    0,   8.883149,  38.268517,
  NODE, 2069,    0,    0,  31.166752,  21.651640,
  NODE, 2070,    0,    0,  13.586677,  33.163906,
  NODE, 2071,    0,    0,  22.151310,  43.013584,
  NODE, 2072,    0,    0,  24.245462,  41.254299,
  NODE, 2073,    0,    0,  18.251854,  28.222319,
  NODE, 2074,    0,    0,  24.220717,  33.031498,
  NODE, 2075,    0,    0,  19.934689,  43.018787,
  NODE, 2076,    0,    0,  21.690334,  27.654694,
  NODE, 2077,    0,    0,  20.677803,  44.563129,
  NODE, 2078,    0,    0,  17.269507,  44.533539,
  NODE, 2079,    0,    0,   9.673258,  38.773682,
  NODE, 2080,    0,    0,  18.035448,  43.024826,
  NODE, 2081,    0,    0,   8.654802,  44.446270,
  NODE, 2082,    0,    0,  23.865101,  44.958305,
  NODE, 2083,    0,    0,  13.811400,  42.063072,
  NODE, 2084,    0,    0,  11.641952,  43.058685,
  NODE, 2085,    0,    0,  18.658526,  29.899824,
  NODE, 2086,    0,    0,  23.780663,  38.419029,
  NODE, 2087,    0,    0,  23.726080,  30.156754,
  NODE, 2088,    0,    0,  11.612997,  38.726543,
  NODE, 2089,    0,    0,  24.298891,  37.668678,
  NODE, 2090,    0,    0,  14.116958,  36.085671,
  NODE, 2091,    0,    0,  24.187023,  29.381872,
  NODE, 2092,    0,    0,  24.125242,  42.880486,
  NODE, 2093,    0,    0,  14.135214,  34.151165,
  NODE, 2094,    0,    0,  10.634089,  42.515141,
  NODE, 2095,    0,    0,  13.036953,  32.140343,
  NODE, 2096,    0,    0,  23.065863,  42.456593,
  NODE, 2097,    0,    0,  24.513035,  42.030159,
  NODE, 2098,    0,    0,  24.544979,  33.827126,
  NODE, 2099,    0,    0,  18.986937,  42.501122,
  NODE, 2100,    0,    0,  15.905663,  30.519922,
  NODE, 2101,    0,    0,  25.939474,  35.904957,
  NODE, 2102,    0,    0,  15.178377,  44.888546,
  NODE, 2103,    0,    0,  20.667940,  42.493851,
  NODE, 2104,    0,    0,  20.156036,  29.300232,
  NODE, 2105,    0,    0,  22.937203,  27.804230,
  NODE, 2106,    0,    0,  15.671366,  43.223053,
  NODE, 2107,    0,    0,  15.173616,  36.104736,
  NODE, 2108,    0,    0,  22.718992,  38.361897,
  NODE, 2109,    0,    0,  19.602232,  30.005585,
  NODE, 2110,    0,    0,  22.682758,  30.151054,
  NODE, 2111,    0,    0,  14.178271,  32.184662,
  NODE, 2112,    0,    0,  22.157717,  26.776775,
  NODE, 2113,    0,    0,  15.986739,  31.574385,
  NODE, 2114,    0,    0,  11.668956,  41.974484,
  NODE, 2115,    0,    0,  12.521102,  38.148357,
  NODE, 2116,    0,    0,  23.581528,  36.303341,
  NODE, 2117,    0,    0,  13.554310,  36.833492,
  NODE, 2118,    0,    0,   9.667519,  41.939835,
  NODE, 2119,    0,    0,   9.692211,  39.823807,
  NODE, 2120,    0,    0,  22.050232,  28.573731,
  NODE, 2121,    0,    0,  22.135914,  41.965927,
  NODE, 2122,    0,    0,  25.055420,  42.490543,
  NODE, 2123,    0,    0,  25.106957,  34.216564,
  NODE, 2124,    0,    0,  19.904701,  41.968430,
  NODE, 2125,    0,    0,  15.025517,  42.403652,
  NODE, 2126,    0,    0,  20.638022,  30.072670,
  NODE, 2127,    0,    0,  16.265406,  42.462452,
  NODE, 2128,    0,    0,  21.406048,  42.488510,
  NODE, 2129,    0,    0,  11.669001,  39.802773,
  NODE, 2130,    0,    0,  13.692370,  40.899498,
  NODE, 2131,    0,    0,  18.040571,  41.996548,
  NODE, 2132,    0,    0,  15.205195,  34.172855,
  NODE, 2133,    0,    0,  22.696199,  36.397041,
  NODE, 2134,    0,    0,  11.678158,  40.891369,
  NODE, 2135,    0,    0,   9.695289,  40.878368,
  NODE, 2136,    0,    0,  18.009148,  40.940781,
  NODE, 2137,    0,    0,  15.721836,  35.144516,
  NODE, 2138,    0,    0,  13.430403,  37.701134,
  NODE, 2139,    0,    0,  16.919575,  32.052830,
  NODE, 2140,    0,    0,  14.260716,  42.749229,
  NODE, 2141,    0,    0,   8.841494,  42.441273,
  NODE, 2142,    0,    0,  22.141569,  29.427002,
  NODE, 2143,    0,    0,  10.673989,  40.348106,
  NODE, 2144,    0,    0,  12.685138,  40.355980,
  NODE, 2145,    0,    0,  17.233181,  42.515831,
  NODE, 2146,    0,    0,  24.373972,  34.686466,
  NODE, 2147,    0,    0,  22.147659,  39.308746,
  NODE, 2148,    0,    0,  22.166782,  31.022034,
  NODE, 2149,    0,    0,  23.808775,  41.992073,
  NODE, 2150,    0,    0,  15.265734,  32.299793,
  NODE, 2151,    0,    0,  15.736412,  33.251949,
  NODE, 2152,    0,    0,   8.903300,  40.353367,
  NODE, 2153,    0,    0,  22.202087,  37.387672,
  NODE, 2154,    0,    0,  14.577304,  40.307514,
  NODE, 2155,    0,    0,  19.844660,  40.910660,
  NODE, 2156,    0,    0,  23.470072,  25.778408,
  NODE, 2157,    0,    0,  22.092806,  41.050674,
  NODE, 2158,    0,    0,  21.654862,  30.130831,
  NODE, 2159,    0,    0,  18.928801,  40.409821,
  NODE, 2160,    0,    0,  16.223637,  36.119835,
  NODE, 2161,    0,    0,  17.866335,  31.508904,
  NODE, 2162,    0,    0,  16.152866,  32.472900,
  NODE, 2163,    0,    0,  22.646256,  40.268074,
  NODE, 2164,    0,    0,  22.654646,  31.956923,
  NODE, 2165,    0,    0,  16.268402,  34.196659,
  NODE, 2166,    0,    0,  21.652592,  38.344170,
  NODE, 2167,    0,    0,  15.491879,  40.636028,
  NODE, 2168,    0,    0,  13.651253,  39.850849,
  NODE, 2169,    0,    0,  21.594532,  40.252258,
  NODE, 2170,    0,    0,  15.804088,  41.528385,
  NODE, 2171,    0,    0,  13.283863,  38.503925,
  NODE, 2172,    0,    0,  14.084232,  38.360088,
  NODE, 2173,    0,    0,  18.025545,  39.838070,
  NODE, 2174,    0,    0,  17.864479,  32.605030,
  NODE, 2175,    0,    0,  15.316665,  39.831276,
  NODE, 2176,    0,    0,  17.306410,  36.199818,
  NODE, 2177,    0,    0,  21.620163,  31.893679,
  NODE, 2178,    0,    0,  21.660423,  36.449474,
  NODE, 2179,    0,    0,  16.309828,  40.812679,
  NODE, 2180,    0,    0,  20.091026,  30.906704,
  NODE, 2181,    0,    0,  20.608652,  38.331955,
  NODE, 2182,    0,    0,  17.335964,  34.265007,
  NODE, 2183,    0,    0,  15.752666,  38.958435,
  NODE, 2184,    0,    0,  17.084702,  40.382305,
  NODE, 2185,    0,    0,  22.160381,  35.630669,
  NODE, 2186,    0,    0,  20.615299,  36.450787,
  NODE, 2187,    0,    0,  22.093655,  32.685020,
  NODE, 2188,    0,    0,  20.570475,  31.817902,
  NODE, 2189,    0,    0,  18.840681,  32.089443,
  NODE, 2190,    0,    0,  17.896521,  35.244209,
  NODE, 2191,    0,    0,  19.689528,  40.006905,
  NODE, 2192,    0,    0,  20.094536,  39.238407,
  NODE, 2193,    0,    0,  20.071632,  37.391228,
  NODE, 2194,    0,    0,  17.863758,  33.525085,
  NODE, 2195,    0,    0,  19.655762,  31.659535,
  NODE, 2196,    0,    0,  17.824860,  37.200386,
  NODE, 2197,    0,    0,  18.402346,  34.302052,
  NODE, 2198,    0,    0,  19.847364,  32.568447,
  NODE, 2199,    0,    0,  14.945117,  38.337109,
  NODE, 2200,    0,    0,  16.161081,  39.969349,
  NODE, 2201,    0,    0,  19.582270,  38.339199,
  NODE, 2202,    0,    0,  17.384871,  38.109966,
  NODE, 2203,    0,    0,  18.439003,  36.288372,
  NODE, 2204,    0,    0,  22.043650,  33.605766,
  NODE, 2205,    0,    0,  13.662751,  39.038849,
  NODE, 2206,    0,    0,  15.695845,  37.827133,
  NODE, 2207,    0,    0,  16.502754,  38.262573,
  NODE, 2208,    0,    0,  18.196110,  37.979305,
  NODE, 2209,    0,    0,  19.549336,  36.410385,
  NODE, 2210,    0,    0,  20.062187,  33.650909,
  NODE, 2211,    0,    0,  21.091650,  34.167408,
  NODE, 2212,    0,    0,  22.824724,  34.107628,
  NODE, 2213,    0,    0,  18.068459,  38.796120,
  NODE, 2214,    0,    0,  23.706022,  33.984654,
  NODE, 2215,    0,    0,  22.078690,  34.686680,
  NODE, 2216,    0,    0,  20.141817,  34.729126,
  NODE, 2217,    0,    0,  19.321205,  34.244144,
  NODE, 2218,    0,    0,  18.759663,  38.364624,
  NODE, 2219,    0,    0,  20.112732,  35.650971,
  NODE, 2220,    0,    0,  35.218754,  36.573196,
  NODE, 2221,    0,    0,   1.635656,  50.890961,
  NODE, 2222,    0,    0,  38.364346,   9.109040,
  NODE, 2223,    0,    0,  14.382855,  48.575699,
  NODE, 2224,    0,    0,  24.412245,  56.400860,
  NODE, 2225,    0,    0,  31.291245,  15.948712,
  NODE, 2226,    0,    0,  30.790253,  52.138104,
  NODE, 2227,    0,    0,  34.242039,  35.577404,
  NODE, 2228,    0,    0,  37.658588,   7.120894,
  NODE, 2229,    0,    0,   2.341412,  52.879105,
  NODE, 2230,    0,    0,  30.225760,   7.841794,
  NODE, 2231,    0,    0,   9.773627,  52.153816,
  NODE, 2232,    0,    0,  23.781126,   5.694603,
  NODE, 2233,    0,    0,  31.235897,  19.512474,
  NODE, 2234,    0,    0,  31.291681,  46.567406,
  NODE, 2235,    0,    0,  21.194183,  28.281233,
  NODE, 2236,    0,    0,  38.315395,  54.993088,
  NODE, 2237,    0,    0,  15.672442,  36.910706,
  NODE, 2238,    0,    0,  37.563572,  54.968716,
  NODE, 2239,    0,    0,  26.546072,  56.430313,
  NODE, 2240,    0,    0,  33.792442,  46.203461,
  NODE, 2241,    0,    0,  24.718491,   4.159400,
  NODE, 2242,    0,    0,  31.419609,  17.548830,
  NODE, 2243,    0,    0,  15.074118,  30.042997,
  NODE, 2244,    0,    0,  20.683134,  48.661987,
  NODE, 2245,    0,    0,  20.558186,  40.184731,
  NODE, 2246,    0,    0,  23.470867,  24.032740,
  NODE, 2247,    0,    0,  35.110649,  52.260132,
  NODE, 2248,    0,    0,  26.856222,  48.461704,
  NODE, 2249,    0,    0,  32.181549,  31.692993,
  NODE, 2250,    0,    0,  38.469147,  17.299919,
  NODE, 2251,    0,    0,   1.530853,  42.700081,
  NODE, 2252,    0,    0,   1.636919,  52.929142,
  NODE, 2253,    0,    0,  38.363083,   7.070858,
  NODE, 2254,    0,    0,  30.894739,  17.127192,
  NODE, 2255,    0,    0,  26.711176,  50.185062,
  NODE, 2256,    0,    0,  32.896614,  45.895348,
  NODE, 2257,    0,    0,   0.425817,  58.648361,
  NODE, 2258,    1,    0,   0.000000,  58.500000,
  NODE, 2259,    0,    0,   0.425817,  58.148361,
  NODE, 2260,    0,    0,   1.192609,  59.529976,
  NODE, 2261,    0,    0,   0.500000,  59.500000,
  NODE, 2262,    0,    0,   0.692609,  59.029976,
  NODE, 2263,    0,    0,   3.759154,  59.551354,
  NODE, 2264,    0,    0,   3.500000,  60.000000,
  NODE, 2265,    0,    0,   3.259154,  59.551354,
  NODE, 2266,    0,    0,   5.772481,  59.549431,
  NODE, 2267,    0,    0,   5.500000,  60.000000,
  NODE, 2268,    0,    0,   5.272481,  59.549431,
  NODE, 2269,    0,    0,   7.782345,  59.564049,
  NODE, 2270,    0,    0,   7.500000,  60.000000,
  NODE, 2271,    0,    0,   7.282345,  59.564049,
  NODE, 2272,    0,    0,   9.745135,  59.457184,
  NODE, 2273,    0,    0,   9.500000,  60.000000,
  NODE, 2274,    0,    0,   9.245135,  59.457184,
  NODE, 2275,    0,    0,  11.710098,  59.565140,
  NODE, 2276,    0,    0,  11.500000,  60.000000,
  NODE, 2277,    0,    0,  11.210098,  59.565140,
  NODE, 2278,    0,    0,  13.723709,  59.549835,
  NODE, 2279,    0,    0,  13.500000,  60.000000,
  NODE, 2280,    0,    0,  13.223709,  59.549835,
  NODE, 2281,    0,    0,  15.739723,  59.545162,
  NODE, 2282,    0,    0,  15.500000,  60.000000,
  NODE, 2283,    0,    0,  15.239723,  59.545162,
  NODE, 2284,    0,    0,  18.732269,  58.600990,
  NODE, 2285,    0,    0,  19.225349,  58.599178,
  NODE, 2286,    0,    0,  18.985262,  59.105331,
  NODE, 2287,    0,    0,  20.699860,  58.603195,
  NODE, 2288,    0,    0,  21.200100,  58.600723,
  NODE, 2289,    0,    0,  20.969772,  59.106216,
  NODE, 2290,    0,    0,  22.716332,  58.571476,
  NODE, 2291,    0,    0,  23.225018,  58.567402,
  NODE, 2292,    0,    0,  22.986530,  59.093735,
  NODE, 2293,    0,    0,  24.790909,  58.560562,
  NODE, 2294,    0,    0,  25.299110,  58.562218,
  NODE, 2295,    0,    0,  25.027199,  59.089684,
  NODE, 2296,    0,    0,  26.841469,  58.590241,
  NODE, 2297,    0,    0,  27.347763,  58.597183,
  NODE, 2298,    0,    0,  27.059404,  59.107826,
  NODE, 2299,    0,    0,  28.933271,  58.618897,
  NODE, 2300,    0,    0,  29.381519,  58.665775,
  NODE, 2301,    0,    0,  29.026592,  59.183296,
  NODE, 2302,    0,    0,  31.125061,  58.507675,
  NODE, 2303,    0,    0,  31.639671,  58.660873,
  NODE, 2304,    0,    0,  31.022980,  59.074257,
  NODE, 2305,    0,    0,  33.165474,  58.741150,
  NODE, 2306,    0,    0,  32.942642,  59.121788,
  NODE, 2307,    0,    0,  32.659081,  58.751743,
  NODE, 2308,    0,    0,  35.198479,  58.717812,
  NODE, 2309,    0,    0,  34.962879,  59.103439,
  NODE, 2310,    0,    0,  34.694092,  58.717644,
  NODE, 2311,    0,    0,  36.900887,  57.911057,
  NODE, 2312,    0,    0,  37.412338,  57.741081,
  NODE, 2313,    0,    0,  37.444851,  58.185352,
  NODE, 2314,    0,    0,  39.527821,  58.805576,
  NODE, 2315,    0,    0,  39.500000,  59.500000,
  NODE, 2316,    0,    0,  39.027821,  59.305576,
  NODE, 2317,    0,    0,  38.645721,  59.572968,
  NODE, 2318,    0,    0,  38.500000,  60.000000,
  NODE, 2319,    0,    0,  38.145721,  59.572968,
  NODE, 2320,    0,    0,   0.449152,  57.729080,
  NODE, 2321,    1,    0,   0.000000,  57.500000,
  NODE, 2322,    0,    0,   0.449152,  57.229080,
  NODE, 2323,    0,    0,   2.012408,  56.964973,
  NODE, 2324,    0,    0,   2.178359,  57.464188,
  NODE, 2325,    0,    0,   1.808702,  57.466251,
  NODE, 2326,    0,    0,   3.657595,  55.167645,
  NODE, 2327,    0,    0,   4.100843,  55.410954,
  NODE, 2328,    0,    0,   3.615843,  55.668381,
  NODE, 2329,    0,    0,   5.724337,  53.623856,
  NODE, 2330,    0,    0,   5.686876,  54.174557,
  NODE, 2331,    0,    0,   5.197420,  53.884567,
  NODE, 2332,    0,    0,   7.533742,  50.978195,
  NODE, 2333,    0,    0,   7.023036,  50.961918,
  NODE, 2334,    0,    0,   7.290552,  50.608551,
  NODE, 2335,    0,    0,   8.987896,  48.856941,
  NODE, 2336,    0,    0,   8.977948,  48.325516,
  NODE, 2337,    0,    0,   9.450186,  48.586601,
  NODE, 2338,    0,    0,  12.153593,  47.360420,
  NODE, 2339,    0,    0,  12.158246,  47.864845,
  NODE, 2340,    0,    0,  11.689391,  47.610130,
  NODE, 2341,    0,    0,  14.173014,  45.361763,
  NODE, 2342,    0,    0,  14.151683,  45.871674,
  NODE, 2343,    0,    0,  13.580656,  45.589417,
  NODE, 2344,    0,    0,  16.258038,  43.396141,
  NODE, 2345,    0,    0,  16.221550,  43.887138,
  NODE, 2346,    0,    0,  15.634878,  43.714050,
  NODE, 2347,    0,    0,  18.487362,  41.200584,
  NODE, 2348,    0,    0,  18.503075,  41.728470,
  NODE, 2349,    0,    0,  18.024860,  41.468666,
  NODE, 2350,    0,    0,  20.326361,  39.711571,
  NODE, 2351,    0,    0,  20.597948,  39.257866,
  NODE, 2352,    0,    0,  20.829773,  39.731030,
  NODE, 2353,    0,    0,  23.138863,  36.350189,
  NODE, 2354,    0,    0,  23.469685,  36.828651,
  NODE, 2355,    0,    0,  23.027021,  36.875500,
  NODE, 2356,    0,    0,  24.459477,  34.256798,
  NODE, 2357,    0,    0,  24.825968,  34.021843,
  NODE, 2358,    0,    0,  24.740463,  34.451515,
  NODE, 2359,    0,    0,  25.866861,  32.063255,
  NODE, 2360,    0,    0,  26.319641,  31.859573,
  NODE, 2361,    0,    0,  26.320824,  32.231697,
  NODE, 2362,    0,    0,  28.249876,  30.557928,
  NODE, 2363,    0,    0,  27.968348,  31.035389,
  NODE, 2364,    0,    0,  27.708054,  30.547691,
  NODE, 2365,    0,    0,  31.338566,  28.552689,
  NODE, 2366,    0,    0,  31.105751,  29.057671,
  NODE, 2367,    0,    0,  30.819641,  28.580536,
  NODE, 2368,    0,    0,  32.928040,  26.378605,
  NODE, 2369,    0,    0,  33.490097,  26.380091,
  NODE, 2370,    0,    0,  33.207329,  26.904221,
  NODE, 2371,    0,    0,  35.076962,  24.340048,
  NODE, 2372,    0,    0,  35.584717,  24.331432,
  NODE, 2373,    0,    0,  35.338837,  24.836056,
  NODE, 2374,    0,    0,  37.921028,  21.936962,
  NODE, 2375,    0,    0,  38.234856,  22.457462,
  NODE, 2376,    0,    0,  37.780182,  22.438919,
  NODE, 2377,    0,    0,  39.558365,  21.235130,
  NODE, 2378,    0,    0,  40.000000,  21.500000,
  NODE, 2379,    0,    0,  39.558365,  21.735130,
  NODE, 2380,    0,    0,  38.614891,  21.200165,
  NODE, 2381,    0,    0,  38.616016,  20.696648,
  NODE, 2382,    0,    0,  39.117851,  20.966744,
  NODE, 2383,    0,    0,  39.554379,  22.238705,
  NODE, 2384,    0,    0,  40.000000,  22.500000,
  NODE, 2385,    0,    0,  39.554379,  22.738705,
  NODE, 2386,    0,    0,  38.599999,  23.221909,
  NODE, 2387,    0,    0,  38.601379,  22.718414,
  NODE, 2388,    0,    0,  39.107372,  22.980906,
  NODE, 2389,    0,    0,  36.780872,  25.762081,
  NODE, 2390,    0,    0,  36.772263,  26.121727,
  NODE, 2391,    0,    0,  36.337761,  25.926725,
  NODE, 2392,    0,    0,  34.594948,  27.453684,
  NODE, 2393,    0,    0,  35.171318,  27.480728,
  NODE, 2394,    0,    0,  34.897938,  27.993195,
  NODE, 2395,    0,    0,  32.425858,  29.493229,
  NODE, 2396,    0,    0,  32.945412,  29.486885,
  NODE, 2397,    0,    0,  32.688976,  29.994040,
  NODE, 2398,    0,    0,  30.714050,  32.054047,
  NODE, 2399,    0,    0,  30.952213,  32.559998,
  NODE, 2400,    0,    0,  30.357004,  32.547638,
  NODE, 2401,    0,    0,  28.299774,  33.268929,
  NODE, 2402,    0,    0,  28.708410,  33.314541,
  NODE, 2403,    0,    0,  28.510677,  33.692184,
  NODE, 2404,    0,    0,  26.380943,  36.101746,
  NODE, 2405,    0,    0,  26.361076,  36.472405,
  NODE, 2406,    0,    0,  25.919607,  36.275616,
  NODE, 2407,    0,    0,  24.039776,  38.043854,
  NODE, 2408,    0,    0,  23.569252,  37.886494,
  NODE, 2409,    0,    0,  23.828367,  37.511318,
  NODE, 2410,    0,    0,  21.871096,  39.780502,
  NODE, 2411,    0,    0,  22.396957,  39.788410,
  NODE, 2412,    0,    0,  22.120394,  40.260166,
  NODE, 2413,    0,    0,  20.286320,  42.231140,
  NODE, 2414,    0,    0,  20.301315,  42.756317,
  NODE, 2415,    0,    0,  19.919695,  42.493607,
  NODE, 2416,    0,    0,  18.513262,  44.290810,
  NODE, 2417,    0,    0,  18.511093,  44.788719,
  NODE, 2418,    0,    0,  18.035187,  44.534218,
  NODE, 2419,    0,    0,  15.494270,  46.405083,
  NODE, 2420,    0,    0,  15.893452,  46.750389,
  NODE, 2421,    0,    0,  15.483622,  47.005188,
  NODE, 2422,    0,    0,  13.102169,  48.370964,
  NODE, 2423,    0,    0,  12.631615,  48.126839,
  NODE, 2424,    0,    0,  13.093002,  47.859268,
  NODE, 2425,    0,    0,  11.090698,  50.482719,
  NODE, 2426,    0,    0,  10.578316,  50.146561,
  NODE, 2427,    0,    0,  11.099434,  49.859848,
  NODE, 2428,    0,    0,   9.849606,  52.533142,
  NODE, 2429,    0,    0,   9.516697,  52.625607,
  NODE, 2430,    0,    0,   9.440720,  52.246285,
  NODE, 2431,    0,    0,   7.195719,  54.976273,
  NODE, 2432,    0,    0,   6.673040,  55.310173,
  NODE, 2433,    0,    0,   6.656856,  54.799648,
  NODE, 2434,    0,    0,   4.967208,  56.788860,
  NODE, 2435,    0,    0,   4.603831,  57.077942,
  NODE, 2436,    0,    0,   4.419657,  56.622864,
  NODE, 2437,    0,    0,   2.746468,  57.209267,
  NODE, 2438,    0,    0,   2.542762,  57.710545,
  NODE, 2439,    0,    0,   3.599460,  56.177288,
  NODE, 2440,    0,    0,   4.057686,  56.411820,
  NODE, 2441,    0,    0,   3.598055,  56.677414,
  NODE, 2442,    0,    0,   0.463454,  55.741608,
  NODE, 2443,    1,    0,   0.000000,  55.500000,
  NODE, 2444,    0,    0,   0.463454,  55.241608,
  NODE, 2445,    0,    0,   2.050072,  54.939507,
  NODE, 2446,    0,    0,   2.233827,  55.447159,
  NODE, 2447,    0,    0,   1.856619,  55.459007,
  NODE, 2448,    0,    0,   3.916526,  52.555962,
  NODE, 2449,    0,    0,   3.749779,  52.996223,
  NODE, 2450,    0,    0,   3.378916,  52.778648,
  NODE, 2451,    0,    0,   5.495238,  50.957901,
  NODE, 2452,    0,    0,   6.000435,  51.082039,
  NODE, 2453,    0,    0,   5.747770,  51.459175,
  NODE, 2454,    0,    0,   7.540417,  49.394188,
  NODE, 2455,    0,    0,   7.104468,  49.315273,
  NODE, 2456,    0,    0,   7.316123,  48.951531,
  NODE, 2457,    0,    0,   9.504495,  46.388451,
  NODE, 2458,    0,    0,   9.092934,  46.693405,
  NODE, 2459,    0,    0,   9.120272,  46.110161,
  NODE, 2460,    0,    0,  12.148224,  45.348328,
  NODE, 2461,    0,    0,  12.151945,  45.849384,
  NODE, 2462,    0,    0,  11.698102,  45.609909,
  NODE, 2463,    0,    0,  14.102972,  43.265099,
  NODE, 2464,    0,    0,  14.104151,  43.755238,
  NODE, 2465,    0,    0,  13.596779,  43.555954,
  NODE, 2466,    0,    0,  16.391928,  41.527237,
  NODE, 2467,    0,    0,  16.622587,  41.994270,
  NODE, 2468,    0,    0,  16.034746,  41.995419,
  NODE, 2469,    0,    0,  17.726666,  38.453041,
  NODE, 2470,    0,    0,  17.790489,  38.044636,
  NODE, 2471,    0,    0,  18.132284,  38.387711,
  NODE, 2472,    0,    0,  20.343466,  36.921005,
  NODE, 2473,    0,    0,  20.875526,  36.924965,
  NODE, 2474,    0,    0,  20.603695,  37.395187,
  NODE, 2475,    0,    0,  22.451706,  34.397156,
  NODE, 2476,    0,    0,  23.021145,  34.655739,
  NODE, 2477,    0,    0,  22.648129,  34.945267,
  NODE, 2478,    0,    0,  23.979322,  32.532932,
  NODE, 2479,    0,    0,  24.346397,  32.050240,
  NODE, 2480,    0,    0,  24.587791,  32.548805,
  NODE, 2481,    0,    0,  26.644295,  30.508709,
  NODE, 2482,    0,    0,  27.174437,  30.537132,
  NODE, 2483,    0,    0,  26.896383,  30.996729,
  NODE, 2484,    0,    0,  28.784729,  28.644955,
  NODE, 2485,    0,    0,  29.300449,  28.646025,
  NODE, 2486,    0,    0,  29.043675,  29.119423,
  NODE, 2487,    0,    0,  30.940506,  26.654261,
  NODE, 2488,    0,    0,  30.972942,  27.113909,
  NODE, 2489,    0,    0,  30.471642,  26.864628,
  NODE, 2490,    0,    0,  32.913326,  24.295536,
  NODE, 2491,    0,    0,  33.471962,  24.299761,
  NODE, 2492,    0,    0,  33.191612,  24.818344,
  NODE, 2493,    0,    0,  35.061634,  22.297096,
  NODE, 2494,    0,    0,  35.584404,  22.326336,
  NODE, 2495,    0,    0,  35.318329,  22.825007,
  NODE, 2496,    0,    0,  37.226948,  20.372974,
  NODE, 2497,    0,    0,  37.806618,  20.404236,
  NODE, 2498,    0,    0,  37.533386,  20.898808,
  NODE, 2499,    0,    0,  39.569401,  19.230709,
  NODE, 2500,    0,    0,  40.000000,  19.500000,
  NODE, 2501,    0,    0,  39.569401,  19.730709,
  NODE, 2502,    0,    0,  38.655579,  19.180889,
  NODE, 2503,    0,    0,  38.668137,  18.691479,
  NODE, 2504,    0,    0,  39.151360,  18.972008,
  NODE, 2505,    0,    0,   0.457674,  53.732201,
  NODE, 2506,    1,    0,   0.000000,  53.500000,
  NODE, 2507,    0,    0,   0.457674,  53.232201,
  NODE, 2508,    0,    0,   1.989165,  52.904121,
  NODE, 2509,    0,    0,   2.192184,  53.394249,
  NODE, 2510,    0,    0,   1.839937,  53.419270,
  NODE, 2511,    0,    0,   2.839845,  51.213619,
  NODE, 2512,    0,    0,   3.091344,  50.741909,
  NODE, 2513,    0,    0,   3.384764,  51.165180,
  NODE, 2514,    0,    0,   5.268843,  48.755188,
  NODE, 2515,    0,    0,   5.026969,  48.285233,
  NODE, 2516,    0,    0,   5.583886,  48.299973,
  NODE, 2517,    0,    0,   7.210787,  46.498802,
  NODE, 2518,    0,    0,   6.924001,  46.013603,
  NODE, 2519,    0,    0,   7.499074,  45.945904,
  NODE, 2520,    0,    0,   9.792671,  45.299194,
  NODE, 2521,    0,    0,   9.365797,  45.346676,
  NODE, 2522,    0,    0,   9.626635,  44.840668,
  NODE, 2523,    0,    0,  11.655454,  42.516586,
  NODE, 2524,    0,    0,  11.138020,  42.786911,
  NODE, 2525,    0,    0,  11.151522,  42.244812,
  NODE, 2526,    0,    0,  14.213610,  41.109406,
  NODE, 2527,    0,    0,  14.273125,  41.691193,
  NODE, 2528,    0,    0,  13.751885,  41.481285,
  NODE, 2529,    0,    0,  15.956873,  39.463890,
  NODE, 2530,    0,    0,  16.381706,  39.076901,
  NODE, 2531,    0,    0,  16.585915,  39.582359,
  NODE, 2532,    0,    0,  17.872707,  36.244095,
  NODE, 2533,    0,    0,  17.601465,  35.722015,
  NODE, 2534,    0,    0,  18.167763,  35.766289,
  NODE, 2535,    0,    0,  20.102001,  34.190018,
  NODE, 2536,    0,    0,  20.576920,  33.909157,
  NODE, 2537,    0,    0,  20.616734,  34.448265,
  NODE, 2538,    0,    0,  22.410713,  31.489479,
  NODE, 2539,    0,    0,  22.694475,  31.040142,
  NODE, 2540,    0,    0,  22.938408,  31.507587,
  NODE, 2541,    0,    0,  25.066425,  30.553803,
  NODE, 2542,    0,    0,  24.830498,  31.030685,
  NODE, 2543,    0,    0,  24.538652,  30.593723,
  NODE, 2544,    0,    0,  26.694462,  28.605804,
  NODE, 2545,    0,    0,  27.239788,  28.618607,
  NODE, 2546,    0,    0,  26.941561,  29.088535,
  NODE, 2547,    0,    0,  28.085381,  25.622265,
  NODE, 2548,    0,    0,  28.558394,  25.900471,
  NODE, 2549,    0,    0,  28.086144,  26.173475,
  NODE, 2550,    0,    0,  30.930180,  24.559807,
  NODE, 2551,    0,    0,  30.931826,  25.084408,
  NODE, 2552,    0,    0,  30.418018,  24.831644,
  NODE, 2553,    0,    0,  32.919289,  22.214230,
  NODE, 2554,    0,    0,  33.470390,  22.225493,
  NODE, 2555,    0,    0,  33.184681,  22.740921,
  NODE, 2556,    0,    0,  35.084606,  20.245615,
  NODE, 2557,    0,    0,  35.609604,  20.278261,
  NODE, 2558,    0,    0,  35.337875,  20.772713,
  NODE, 2559,    0,    0,  37.321957,  18.286985,
  NODE, 2560,    0,    0,  37.903809,  18.328146,
  NODE, 2561,    0,    0,  37.590508,  18.859200,
  NODE, 2562,    0,    0,  39.599526,  17.283405,
  NODE, 2563,    0,    0,  40.000000,  17.500000,
  NODE, 2564,    0,    0,  39.599526,  17.783405,
  NODE, 2565,    0,    0,  38.834099,  17.433365,
  NODE, 2566,    0,    0,  38.860405,  17.782433,
  NODE, 2567,    0,    0,  38.495453,  17.648989,
  NODE, 2568,    0,    0,   0.447687,  51.725845,
  NODE, 2569,    1,    0,   0.000000,  51.500000,
  NODE, 2570,    0,    0,   0.447687,  51.225845,
  NODE, 2571,    0,    0,   1.265515,  51.171326,
  NODE, 2572,    0,    0,   0.887176,  50.943314,
  NODE, 2573,    0,    0,   1.257316,  50.662949,
  NODE, 2574,    0,    0,   3.336030,  49.280319,
  NODE, 2575,    0,    0,   2.796630,  49.300041,
  NODE, 2576,    0,    0,   3.078448,  48.811249,
  NODE, 2577,    0,    0,   5.592768,  47.466072,
  NODE, 2578,    0,    0,   5.185228,  47.372086,
  NODE, 2579,    0,    0,   5.435984,  47.008141,
  NODE, 2580,    0,    0,   7.518777,  43.933460,
  NODE, 2581,    0,    0,   7.870317,  43.439034,
  NODE, 2582,    0,    0,   8.128784,  43.943642,
  NODE, 2583,    0,    0,  10.075203,  43.365799,
  NODE, 2584,    0,    0,   9.986685,  43.882675,
  NODE, 2585,    0,    0,   9.508514,  43.527725,
  NODE, 2586,    0,    0,  12.177069,  40.079376,
  NODE, 2587,    0,    0,  12.194990,  39.511093,
  NODE, 2588,    0,    0,  12.703058,  39.787697,
  NODE, 2589,    0,    0,  13.873491,  38.699471,
  NODE, 2590,    0,    0,  14.328829,  38.810028,
  NODE, 2591,    0,    0,  14.118089,  39.149410,
  NODE, 2592,    0,    0,  15.423029,  36.507721,
  NODE, 2593,    0,    0,  15.698626,  36.112286,
  NODE, 2594,    0,    0,  15.948040,  36.515270,
  NODE, 2595,    0,    0,  18.149433,  34.773132,
  NODE, 2596,    0,    0,  17.616242,  34.754608,
  NODE, 2597,    0,    0,  17.869156,  34.283531,
  NODE, 2598,    0,    0,  20.208920,  32.193176,
  NODE, 2599,    0,    0,  20.817459,  32.365944,
  NODE, 2600,    0,    0,  20.455902,  32.741219,
  NODE, 2601,    0,    0,  22.424770,  30.586544,
  NODE, 2602,    0,    0,  22.952463,  30.604652,
  NODE, 2603,    0,    0,  24.535900,  28.210136,
  NODE, 2604,    0,    0,  25.078182,  28.498615,
  NODE, 2605,    0,    0,  24.647036,  28.745037,
  NODE, 2606,    0,    0,  27.124989,  26.129200,
  NODE, 2607,    0,    0,  27.589527,  26.492996,
  NODE, 2608,    0,    0,  27.101387,  26.726925,
  NODE, 2609,    0,    0,  29.051899,  24.563015,
  NODE, 2610,    0,    0,  29.036873,  25.091427,
  NODE, 2611,    0,    0,  28.572659,  24.820852,
  NODE, 2612,    0,    0,  30.403359,  21.638393,
  NODE, 2613,    0,    0,  29.932838,  21.917110,
  NODE, 2614,    0,    0,  29.933786,  21.370714,
  NODE, 2615,    0,    0,  32.960838,  20.136810,
  NODE, 2616,    0,    0,  33.505302,  20.156590,
  NODE, 2617,    0,    0,  33.213516,  20.659880,
  NODE, 2618,    0,    0,  35.128750,  18.246512,
  NODE, 2619,    0,    0,  35.650322,  18.274078,
  NODE, 2620,    0,    0,  35.377628,  18.745092,
  NODE, 2621,    0,    0,  37.394432,  16.292034,
  NODE, 2622,    0,    0,  37.440804,  16.751005,
  NODE, 2623,    0,    0,  36.912556,  16.512737,
  NODE, 2624,    0,    0,  39.413200,  15.262240,
  NODE, 2625,    0,    0,  40.000000,  15.500000,
  NODE, 2626,    0,    0,  39.413200,  15.762240,
  NODE, 2627,    0,    0,  38.405029,  15.004979,
  NODE, 2628,    0,    0,  38.558922,  14.488367,
  NODE, 2629,    0,    0,  38.980286,  15.007868,
  NODE, 2630,    0,    0,   0.439387,  49.712578,
  NODE, 2631,    1,    0,   0.000000,  49.500000,
  NODE, 2632,    0,    0,   0.439387,  49.212578,
  NODE, 2633,    0,    0,   1.252977,  49.138084,
  NODE, 2634,    0,    0,   0.878004,  48.924950,
  NODE, 2635,    0,    0,   1.252206,  48.637878,
  NODE, 2636,    0,    0,   3.644201,  47.393654,
  NODE, 2637,    0,    0,   3.622683,  47.860214,
  NODE, 2638,    0,    0,   3.109097,  47.560783,
  NODE, 2639,    0,    0,   4.547493,  44.692471,
  NODE, 2640,    0,    0,   4.554393,  44.182777,
  NODE, 2641,    0,    0,   5.009787,  44.444321,
  NODE, 2642,    0,    0,   6.989804,  42.907494,
  NODE, 2643,    0,    0,   7.295554,  42.398872,
  NODE, 2644,    0,    0,   7.566061,  42.920239,
  NODE, 2645,    0,    0,  10.183100,  40.085957,
  NODE, 2646,    0,    0,  10.165529,  39.551365,
  NODE, 2647,    0,    0,  10.656418,  39.813515,
  NODE, 2648,    0,    0,  11.125922,  39.002731,
  NODE, 2649,    0,    0,  10.619322,  38.752113,
  NODE, 2650,    0,    0,  11.106397,  38.475922,
  NODE, 2651,    0,    0,  13.315898,  36.440414,
  NODE, 2652,    0,    0,  13.597221,  36.066505,
  NODE, 2653,    0,    0,  13.835634,  36.459580,
  NODE, 2654,    0,    0,  15.995119,  34.670586,
  NODE, 2655,    0,    0,  15.463515,  34.658684,
  NODE, 2656,    0,    0,  15.736798,  34.184757,
  NODE, 2657,    0,    0,  17.392027,  32.328930,
  NODE, 2658,    0,    0,  17.392956,  31.780867,
  NODE, 2659,    0,    0,  17.865406,  32.056969,
  NODE, 2660,    0,    0,  19.846630,  30.456144,
  NODE, 2661,    0,    0,  20.120127,  30.039127,
  NODE, 2662,    0,    0,  20.364525,  30.489687,
  NODE, 2663,    0,    0,  21.870283,  28.114212,
  NODE, 2664,    0,    0,  22.313768,  27.729462,
  NODE, 2665,    0,    0,  22.493717,  28.188980,
  NODE, 2666,    0,    0,  24.610230,  26.045874,
  NODE, 2667,    0,    0,  25.200111,  26.325260,
  NODE, 2668,    0,    0,  24.834885,  26.576044,
  NODE, 2669,    0,    0,  25.775578,  24.153809,
  NODE, 2670,    0,    0,  25.763622,  23.546314,
  NODE, 2671,    0,    0,  26.269228,  23.895699,
  NODE, 2672,    0,    0,  29.010069,  22.480648,
  NODE, 2673,    0,    0,  29.024410,  23.001778,
  NODE, 2674,    0,    0,  28.544853,  22.743179,
  NODE, 2675,    0,    0,  29.944325,  20.237349,
  NODE, 2676,    0,    0,  29.579418,  19.989489,
  NODE, 2677,    0,    0,  30.101700,  19.761158,
  NODE, 2678,    0,    0,  33.027988,  18.095455,
  NODE, 2679,    0,    0,  33.564156,  18.123497,
  NODE, 2680,    0,    0,  33.273369,  18.615078,
  NODE, 2681,    0,    0,  35.446335,  15.816661,
  NODE, 2682,    0,    0,  35.911255,  16.149727,
  NODE, 2683,    0,    0,  35.449379,  16.397488,
  NODE, 2684,    0,    0,  37.426773,  14.228758,
  NODE, 2685,    0,    0,  37.423653,  14.753574,
  NODE, 2686,    0,    0,  36.866760,  14.496855,
  NODE, 2687,    0,    0,  39.036240,  12.952591,
  NODE, 2688,    0,    0,  39.602142,  12.729502,
  NODE, 2689,    0,    0,  39.434097,  13.223089,
  NODE, 2690,    0,    0,  38.298119,  13.430703,
  NODE, 2691,    0,    0,  38.425926,  13.965829,
  NODE, 2692,    0,    0,  37.855854,  13.950353,
  NODE, 2693,    0,    0,   0.397857,  47.770500,
  NODE, 2694,    1,    0,   0.000000,  47.500000,
  NODE, 2695,    0,    0,   0.397857,  47.270500,
  NODE, 2696,    0,    0,   1.541357,  47.143581,
  NODE, 2697,    0,    0,   1.373309,  47.637169,
  NODE, 2698,    0,    0,   0.963762,  47.047409,
  NODE, 2699,    0,    0,   2.724614,  44.727860,
  NODE, 2700,    0,    0,   2.723340,  44.211845,
  NODE, 2701,    0,    0,   3.135171,  44.462242,
  NODE, 2702,    0,    0,   4.835724,  42.627892,
  NODE, 2703,    0,    0,   5.114913,  42.257603,
  NODE, 2704,    0,    0,   5.351248,  42.661125,
  NODE, 2705,    0,    0,   7.639409,  40.864395,
  NODE, 2706,    0,    0,   7.068702,  40.860882,
  NODE, 2707,    0,    0,   7.361816,  40.348717,
  NODE, 2708,    0,    0,   9.139479,  39.045635,
  NODE, 2709,    0,    0,   8.744425,  38.793053,
  NODE, 2710,    0,    0,   9.278204,  38.521099,
  NODE, 2711,    0,    0,  11.815277,  36.359688,
  NODE, 2712,    0,    0,  11.424252,  36.131512,
  NODE, 2713,    0,    0,  11.790239,  35.863171,
  NODE, 2714,    0,    0,  13.861047,  34.631554,
  NODE, 2715,    0,    0,  13.319113,  34.626179,
  NODE, 2716,    0,    0,  13.593280,  34.145790,
  NODE, 2717,    0,    0,  15.944639,  32.862427,
  NODE, 2718,    0,    0,  15.501073,  32.775871,
  NODE, 2719,    0,    0,  15.709300,  32.386345,
  NODE, 2720,    0,    0,  17.343426,  30.698052,
  NODE, 2721,    0,    0,  16.844200,  30.452349,
  NODE, 2722,    0,    0,  17.320564,  30.159626,
  NODE, 2723,    0,    0,  19.684010,  28.659172,
  NODE, 2724,    0,    0,  19.154305,  28.407650,
  NODE, 2725,    0,    0,  19.711550,  28.102280,
  NODE, 2726,    0,    0,  21.846113,  26.338474,
  NODE, 2727,    0,    0,  22.057350,  25.873898,
  NODE, 2728,    0,    0,  22.368954,  26.312199,
  NODE, 2729,    0,    0,  23.959225,  23.819893,
  NODE, 2730,    0,    0,  24.113377,  23.373219,
  NODE, 2731,    0,    0,  24.355129,  23.770432,
  NODE, 2732,    0,    0,  26.650507,  21.979218,
  NODE, 2733,    0,    0,  26.283747,  21.733532,
  NODE, 2734,    0,    0,  26.649557,  21.487261,
  NODE, 2735,    0,    0,  28.120480,  19.921406,
  NODE, 2736,    0,    0,  28.358631,  19.536812,
  NODE, 2737,    0,    0,  28.635811,  19.904274,
  NODE, 2738,    0,    0,  30.365143,  17.978651,
  NODE, 2739,    0,    0,  30.047743,  17.656765,
  NODE, 2740,    0,    0,  30.436985,  17.569702,
  NODE, 2741,    0,    0,  33.763710,  15.540728,
  NODE, 2742,    0,    0,  34.108139,  16.050833,
  NODE, 2743,    0,    0,  33.629284,  16.048424,
  NODE, 2744,    0,    0,  35.451263,  14.281565,
  NODE, 2745,    0,    0,  35.446884,  14.782579,
  NODE, 2746,    0,    0,  35.000710,  14.542420,
  NODE, 2747,    0,    0,  37.186688,  11.570849,
  NODE, 2748,    0,    0,  37.755028,  11.717848,
  NODE, 2749,    0,    0,  37.480759,  12.119661,
  NODE, 2750,    0,    0,  39.121998,  11.075048,
  NODE, 2751,    0,    0,  39.560616,  10.787420,
  NODE, 2752,    0,    0,  39.561386,  11.287628,
  NODE, 2753,    0,    0,  38.747795,  11.362124,
  NODE, 2754,    0,    0,  38.585934,  11.920958,
  NODE, 2755,    0,    0,  38.210960,  11.707825,
  NODE, 2756,    0,    0,   0.432912,  45.754372,
  NODE, 2757,    1,    0,   0.000000,  45.500000,
  NODE, 2758,    0,    0,   0.432912,  45.254372,
  NODE, 2759,    0,    0,   1.594969,  44.995022,
  NODE, 2760,    0,    0,   1.441081,  45.511635,
  NODE, 2761,    0,    0,   1.019714,  44.992134,
  NODE, 2762,    0,    0,   2.702953,  42.636177,
  NODE, 2763,    0,    0,   2.949780,  42.221905,
  NODE, 2764,    0,    0,   3.287988,  42.614014,
  NODE, 2765,    0,    0,   5.425503,  40.792755,
  NODE, 2766,    0,    0,   4.896400,  40.764786,
  NODE, 2767,    0,    0,   5.173288,  40.276501,
  NODE, 2768,    0,    0,   7.659217,  38.801693,
  NODE, 2769,    0,    0,   7.096966,  38.804291,
  NODE, 2770,    0,    0,   7.375313,  38.284847,
  NODE, 2771,    0,    0,   9.232552,  36.454987,
  NODE, 2772,    0,    0,   9.218409,  35.944885,
  NODE, 2773,    0,    0,   9.601299,  36.191742,
  NODE, 2774,    0,    0,  10.926548,  34.373024,
  NODE, 2775,    0,    0,  10.927222,  33.871056,
  NODE, 2776,    0,    0,  11.381007,  34.132881,
  NODE, 2777,    0,    0,  13.882474,  32.674286,
  NODE, 2778,    0,    0,  13.311815,  32.652123,
  NODE, 2779,    0,    0,  13.607613,  32.162502,
  NODE, 2780,    0,    0,  15.869248,  29.992609,
  NODE, 2781,    0,    0,  16.327086,  29.689610,
  NODE, 2782,    0,    0,  16.363499,  30.216923,
  NODE, 2783,    0,    0,  17.827560,  28.286430,
  NODE, 2784,    0,    0,  17.487263,  27.941933,
  NODE, 2785,    0,    0,  17.911556,  27.877823,
  NODE, 2786,    0,    0,  19.423954,  26.122597,
  NODE, 2787,    0,    0,  19.402889,  25.628506,
  NODE, 2788,    0,    0,  19.884857,  25.856014,
  NODE, 2789,    0,    0,  22.415405,  23.964005,
  NODE, 2790,    0,    0,  21.940393,  23.626194,
  NODE, 2791,    0,    0,  22.404278,  23.366055,
  NODE, 2792,    0,    0,  24.016205,  21.650599,
  NODE, 2793,    0,    0,  23.768734,  21.179886,
  NODE, 2794,    0,    0,  24.365322,  21.191727,
  NODE, 2795,    0,    0,  25.965050,  20.003487,
  NODE, 2796,    0,    0,  26.211506,  19.608742,
  NODE, 2797,    0,    0,  26.510712,  19.983818,
  NODE, 2798,    0,    0,  28.099617,  18.129276,
  NODE, 2799,    0,    0,  28.439886,  17.641544,
  NODE, 2800,    0,    0,  28.725193,  18.120560,
  NODE, 2801,    0,    0,  30.699566,  14.741619,
  NODE, 2802,    0,    0,  31.031227,  14.309050,
  NODE, 2803,    0,    0,  31.282959,  14.856748,
  NODE, 2804,    0,    0,  33.052063,  13.953404,
  NODE, 2805,    0,    0,  33.668068,  13.968164,
  NODE, 2806,    0,    0,  33.362763,  14.507056,
  NODE, 2807,    0,    0,  34.973076,  11.714499,
  NODE, 2808,    0,    0,  35.565144,  11.783236,
  NODE, 2809,    0,    0,  35.250145,  12.238175,
  NODE, 2810,    0,    0,  37.534851,  10.191273,
  NODE, 2811,    0,    0,  37.792431,  10.660347,
  NODE, 2812,    0,    0,  37.203369,  10.699961,
  NODE, 2813,    0,    0,  39.112824,   9.056688,
  NODE, 2814,    0,    0,  39.552315,   8.774155,
  NODE, 2815,    0,    0,  39.560513,   9.282534,
  NODE, 2816,    0,    0,  38.244125,   9.630350,
  NODE, 2817,    0,    0,  37.788742,   9.680656,
  NODE, 2818,    0,    0,  37.908958,   9.159348,
  NODE, 2819,    0,    0,   0.466505,  43.675751,
  NODE, 2820,    1,    0,   0.000000,  43.500000,
  NODE, 2821,    0,    0,   0.466505,  43.175751,
  NODE, 2822,    0,    0,   1.165903,  42.566635,
  NODE, 2823,    0,    0,   1.139596,  42.217567,
  NODE, 2824,    0,    0,   1.504545,  42.351013,
  NODE, 2825,    0,    0,   3.281730,  40.683922,
  NODE, 2826,    0,    0,   2.745593,  40.651775,
  NODE, 2827,    0,    0,   3.035957,  40.153740,
  NODE, 2828,    0,    0,   5.459542,  38.756519,
  NODE, 2829,    0,    0,   4.931092,  38.729927,
  NODE, 2830,    0,    0,   5.200918,  38.227982,
  NODE, 2831,    0,    0,   7.651457,  36.736019,
  NODE, 2832,    0,    0,   7.095383,  36.737179,
  NODE, 2833,    0,    0,   7.364978,  36.219185,
  NODE, 2834,    0,    0,   9.067575,  34.917946,
  NODE, 2835,    0,    0,   8.693533,  34.664375,
  NODE, 2836,    0,    0,   9.203428,  34.395790,
  NODE, 2837,    0,    0,  11.223276,  32.374516,
  NODE, 2838,    0,    0,  11.490381,  32.030754,
  NODE, 2839,    0,    0,  11.710484,  32.417641,
  NODE, 2840,    0,    0,  13.584179,  30.252304,
  NODE, 2841,    0,    0,  13.145449,  30.071499,
  NODE, 2842,    0,    0,  13.591470,  29.902020,
  NODE, 2843,    0,    0,  15.310415,  28.126614,
  NODE, 2844,    0,    0,  15.312959,  27.595123,
  NODE, 2845,    0,    0,  15.761799,  27.878582,
  NODE, 2846,    0,    0,  17.590435,  26.217775,
  NODE, 2847,    0,    0,  17.590576,  25.653639,
  NODE, 2848,    0,    0,  17.982269,  25.978167,
  NODE, 2849,    0,    0,  20.399712,  24.012291,
  NODE, 2850,    0,    0,  20.923512,  24.327751,
  NODE, 2851,    0,    0,  20.422054,  24.617355,
  NODE, 2852,    0,    0,  21.946291,  22.079075,
  NODE, 2853,    0,    0,  21.618620,  21.744263,
  NODE, 2854,    0,    0,  22.039856,  21.680559,
  NODE, 2855,    0,    0,  24.352497,  20.255243,
  NODE, 2856,    0,    0,  23.898901,  20.330042,
  NODE, 2857,    0,    0,  24.133549,  19.864269,
  NODE, 2858,    0,    0,  26.167248,  17.698502,
  NODE, 2859,    0,    0,  25.894642,  17.323675,
  NODE, 2860,    0,    0,  26.427279,  17.326622,
  NODE, 2861,    0,    0,  28.259764,  15.880354,
  NODE, 2862,    0,    0,  27.904408,  15.581396,
  NODE, 2863,    0,    0,  28.325628,  15.477833,
  NODE, 2864,    0,    0,  30.863167,  13.868980,
  NODE, 2865,    0,    0,  31.446560,  13.984110,
  NODE, 2866,    0,    0,  32.337341,  11.395903,
  NODE, 2867,    0,    0,  32.683956,  11.047551,
  NODE, 2868,    0,    0,  32.773300,  11.474579,
  NODE, 2869,    0,    0,  34.772499,   9.405519,
  NODE, 2870,    0,    0,  35.030926,   9.855495,
  NODE, 2871,    0,    0,  34.510521,   9.869198,
  NODE, 2872,    0,    0,  37.588379,   7.833569,
  NODE, 2873,    0,    0,  37.442665,   8.216812,
  NODE, 2874,    0,    0,  37.012451,   7.979868,
  NODE, 2875,    0,    0,  39.090591,   7.036140,
  NODE, 2876,    0,    0,  39.542328,   6.767802,
  NODE, 2877,    0,    0,  39.548264,   7.268338,
  NODE, 2878,    0,    0,  38.010834,   7.095876,
  NODE, 2879,    0,    0,  37.807816,   6.605749,
  NODE, 2880,    0,    0,  38.160065,   6.580731,
  NODE, 2881,    0,    0,   0.418042,  41.758701,
  NODE, 2882,    1,    0,   0.000000,  41.500000,
  NODE, 2883,    0,    0,   0.418042,  41.258701,
  NODE, 2884,    0,    0,   1.344419,  40.819111,
  NODE, 2885,    0,    0,   1.331863,  41.308521,
  NODE, 2886,    0,    0,   0.848641,  41.027992,
  NODE, 2887,    0,    0,   3.325866,  38.637100,
  NODE, 2888,    0,    0,   2.789973,  38.607014,
  NODE, 2889,    0,    0,   3.069541,  38.111671,
  NODE, 2890,    0,    0,   5.465536,  36.700104,
  NODE, 2891,    0,    0,   4.941065,  36.684135,
  NODE, 2892,    0,    0,   5.201628,  36.180546,
  NODE, 2893,    0,    0,   7.078836,  34.665344,
  NODE, 2894,    0,    0,   7.346580,  34.146900,
  NODE, 2895,    0,    0,   7.636374,  34.666401,
  NODE, 2896,    0,    0,   9.736845,  31.430265,
  NODE, 2897,    0,    0,  10.041218,  30.934586,
  NODE, 2898,    0,    0,  10.305878,  31.413582,
  NODE, 2899,    0,    0,  11.988101,  30.240265,
  NODE, 2900,    0,    0,  12.436695,  30.555283,
  NODE, 2901,    0,    0,  12.017040,  30.770304,
  NODE, 2902,    0,    0,  13.590502,  28.259987,
  NODE, 2903,    0,    0,  13.274659,  27.923481,
  NODE, 2904,    0,    0,  13.666887,  27.854454,
  NODE, 2905,    0,    0,  15.777012,  26.901981,
  NODE, 2906,    0,    0,  15.292232,  27.027334,
  NODE, 2907,    0,    0,  15.304903,  26.582222,
  NODE, 2908,    0,    0,  17.895046,  23.785793,
  NODE, 2909,    0,    0,  18.399027,  23.495958,
  NODE, 2910,    0,    0,  18.399063,  24.051170,
  NODE, 2911,    0,    0,  19.403164,  22.424892,
  NODE, 2912,    0,    0,  18.928322,  22.167511,
  NODE, 2913,    0,    0,  19.403694,  21.906195,
  NODE, 2914,    0,    0,  21.231056,  20.063215,
  NODE, 2915,    0,    0,  20.757744,  20.074757,
  NODE, 2916,    0,    0,  21.061840,  19.582348,
  NODE, 2917,    0,    0,  23.537586,  17.798403,
  NODE, 2918,    0,    0,  23.577179,  17.315140,
  NODE, 2919,    0,    0,  23.987007,  17.592257,
  NODE, 2920,    0,    0,  26.630579,  15.829527,
  NODE, 2921,    0,    0,  26.185425,  15.577582,
  NODE, 2922,    0,    0,  26.632217,  15.325993,
  NODE, 2923,    0,    0,  28.278038,  13.380852,
  NODE, 2924,    0,    0,  28.032116,  12.903307,
  NODE, 2925,    0,    0,  28.570938,  12.903918,
  NODE, 2926,    0,    0,  31.023586,  11.682983,
  NODE, 2927,    0,    0,  31.535872,  11.982641,
  NODE, 2928,    0,    0,  31.077129,  12.259263,
  NODE, 2929,    0,    0,  32.434525,   9.808016,
  NODE, 2930,    0,    0,  32.709175,   9.390972,
  NODE, 2931,    0,    0,  32.945461,   9.824654,
  NODE, 2932,    0,    0,  35.230690,   7.491383,
  NODE, 2933,    0,    0,  35.729477,   7.783615,
  NODE, 2934,    0,    0,  35.247559,   8.048535,
  NODE, 2935,    0,    0,  36.326263,   5.357430,
  NODE, 2936,    0,    0,  36.342407,   4.832355,
  NODE, 2937,    0,    0,  36.811264,   5.100003,
  NODE, 2938,    0,    0,  39.073147,   5.023457,
  NODE, 2939,    0,    0,  39.536545,   4.758393,
  NODE, 2940,    0,    0,  39.536598,   5.265064,
  NODE, 2941,    0,    0,  37.949928,   5.060493,
  NODE, 2942,    0,    0,  37.766174,   4.552842,
  NODE, 2943,    0,    0,  38.143383,   4.540990,
  NODE, 2944,    0,    0,   0.440511,  39.768387,
  NODE, 2945,    1,    0,   0.000000,  39.500000,
  NODE, 2946,    0,    0,   0.440511,  39.268387,
  NODE, 2947,    0,    0,   1.385107,  38.799835,
  NODE, 2948,    0,    0,   1.383983,  39.303352,
  NODE, 2949,    0,    0,   0.882146,  39.033257,
  NODE, 2950,    0,    0,   3.352778,  36.614361,
  NODE, 2951,    0,    0,   2.823195,  36.584309,
  NODE, 2952,    0,    0,   3.101505,  36.100033,
  NODE, 2953,    0,    0,   5.423732,  34.639572,
  NODE, 2954,    0,    0,   4.846256,  34.623817,
  NODE, 2955,    0,    0,   5.101069,  34.108055,
  NODE, 2956,    0,    0,   7.627006,  32.569000,
  NODE, 2957,    0,    0,   7.069375,  32.579315,
  NODE, 2958,    0,    0,   7.340511,  32.047699,
  NODE, 2959,    0,    0,   9.452824,  29.993391,
  NODE, 2960,    0,    0,   9.192148,  29.541206,
  NODE, 2961,    0,    0,   9.716036,  29.526989,
  NODE, 2962,    0,    0,  11.063979,  28.712412,
  NODE, 2963,    0,    0,  10.658218,  28.473827,
  NODE, 2964,    0,    0,  11.162006,  28.200035,
  NODE, 2965,    0,    0,  13.433903,  26.172829,
  NODE, 2966,    0,    0,  13.696976,  25.707085,
  NODE, 2967,    0,    0,  13.976583,  26.156466,
  NODE, 2968,    0,    0,  16.049952,  23.855778,
  NODE, 2969,    0,    0,  16.307522,  24.324457,
  NODE, 2970,    0,    0,  15.657620,  24.349876,
  NODE, 2971,    0,    0,  17.455399,  22.405029,
  NODE, 2972,    0,    0,  17.000134,  22.147732,
  NODE, 2973,    0,    0,  17.503267,  21.906612,
  NODE, 2974,    0,    0,  20.213173,  19.847714,
  NODE, 2975,    0,    0,  19.823017,  19.605078,
  NODE, 2976,    0,    0,  20.198372,  19.351252,
  NODE, 2977,    0,    0,  22.187714,  18.254635,
  NODE, 2978,    0,    0,  21.752165,  18.183504,
  NODE, 2979,    0,    0,  21.938355,  17.803089,
  NODE, 2980,    0,    0,  24.005653,  15.481761,
  NODE, 2981,    0,    0,  23.813000,  15.074409,
  NODE, 2982,    0,    0,  24.373579,  15.123821,
  NODE, 2983,    0,    0,  26.040958,  13.343781,
  NODE, 2984,    0,    0,  25.793449,  12.841040,
  NODE, 2985,    0,    0,  26.385778,  12.839554,
  NODE, 2986,    0,    0,  28.593374,  11.959695,
  NODE, 2987,    0,    0,  28.067406,  11.942083,
  NODE, 2988,    0,    0,  28.335766,  11.475407,
  NODE, 2989,    0,    0,  30.863127,   9.529479,
  NODE, 2990,    0,    0,  31.414349,   9.774288,
  NODE, 2991,    0,    0,  30.994961,  10.026810,
  NODE, 2992,    0,    0,  33.260384,   7.491502,
  NODE, 2993,    0,    0,  33.753674,   7.819367,
  NODE, 2994,    0,    0,  33.253742,   8.088820,
  NODE, 2995,    0,    0,  34.923447,   5.046159,
  NODE, 2996,    0,    0,  35.432129,   4.808684,
  NODE, 2997,    0,    0,  35.348724,   5.327257,
  NODE, 2998,    0,    0,  36.400543,   3.822712,
  NODE, 2999,    0,    0,  35.942314,   3.588183,
  NODE, 3000,    0,    0,  36.401947,   3.322584,
  NODE, 3001,    0,    0,  39.091667,   3.029922,
  NODE, 3002,    0,    0,  39.550850,   2.770917,
  NODE, 3003,    0,    0,  39.540817,   3.259005,
  NODE, 3004,    0,    0,  37.987595,   3.035027,
  NODE, 3005,    0,    0,  37.821640,   2.535812,
  NODE, 3006,    0,    0,  38.191299,   2.533747,
  NODE, 3007,    0,    0,   0.445621,  37.761292,
  NODE, 3008,    1,    0,   0.000000,  37.500000,
  NODE, 3009,    0,    0,   0.445621,  37.261292,
  NODE, 3010,    0,    0,   1.400004,  36.778091,
  NODE, 3011,    0,    0,   1.398619,  37.281586,
  NODE, 3012,    0,    0,   0.892627,  37.019096,
  NODE, 3013,    0,    0,   3.219128,  34.237915,
  NODE, 3014,    0,    0,   3.227736,  33.878273,
  NODE, 3015,    0,    0,   3.662241,  34.073273,
  NODE, 3016,    0,    0,   5.404543,  32.547752,
  NODE, 3017,    0,    0,   4.828239,  32.519970,
  NODE, 3018,    0,    0,   5.101402,  32.008476,
  NODE, 3019,    0,    0,   7.605811,  30.525723,
  NODE, 3020,    0,    0,   7.067850,  30.526177,
  NODE, 3021,    0,    0,   7.342229,  30.022970,
  NODE, 3022,    0,    0,   8.524763,  28.122009,
  NODE, 3023,    0,    0,   8.600590,  27.667389,
  NODE, 3024,    0,    0,   9.064558,  27.862614,
  NODE, 3025,    0,    0,  11.857775,  25.471649,
  NODE, 3026,    0,    0,  12.013123,  25.046932,
  NODE, 3027,    0,    0,  12.394142,  25.340324,
  NODE, 3028,    0,    0,  14.042511,  24.308659,
  NODE, 3029,    0,    0,  13.635454,  24.087151,
  NODE, 3030,    0,    0,  14.020983,  23.737000,
  NODE, 3031,    0,    0,  15.761633,  22.153160,
  NODE, 3032,    0,    0,  16.018559,  22.492176,
  NODE, 3033,    0,    0,  15.615018,  22.598761,
  NODE, 3034,    0,    0,  17.969168,  20.628338,
  NODE, 3035,    0,    0,  18.444828,  20.371294,
  NODE, 3036,    0,    0,  18.442637,  20.878990,
  NODE, 3037,    0,    0,  19.369717,  17.854919,
  NODE, 3038,    0,    0,  19.393902,  17.356573,
  NODE, 3039,    0,    0,  19.841274,  17.620075,
  NODE, 3040,    0,    0,  22.056679,  15.420416,
  NODE, 3041,    0,    0,  22.245579,  14.960845,
  NODE, 3042,    0,    0,  22.420151,  15.394651,
  NODE, 3043,    0,    0,  24.056633,  13.457462,
  NODE, 3044,    0,    0,  24.138758,  13.017027,
  NODE, 3045,    0,    0,  24.483603,  13.375923,
  NODE, 3046,    0,    0,  26.439976,  11.860672,
  NODE, 3047,    0,    0,  25.908730,  11.835384,
  NODE, 3048,    0,    0,  26.210438,  11.359243,
  NODE, 3049,    0,    0,  28.917814,   9.493784,
  NODE, 3050,    0,    0,  29.410543,   9.837637,
  NODE, 3051,    0,    0,  28.898384,  10.116976,
  NODE, 3052,    0,    0,  30.149912,   7.463343,
  NODE, 3053,    0,    0,  30.483017,   7.372268,
  NODE, 3054,    0,    0,  30.558865,   7.750720,
  NODE, 3055,    0,    0,  32.804283,   5.023728,
  NODE, 3056,    0,    0,  33.326965,   4.689828,
  NODE, 3057,    0,    0,  33.343147,   5.200349,
  NODE, 3058,    0,    0,  35.032791,   3.211140,
  NODE, 3059,    0,    0,  35.396172,   2.922058,
  NODE, 3060,    0,    0,  35.580345,   3.377138,
  NODE, 3061,    0,    0,  36.240845,   0.448645,
  NODE, 3062,    0,    1,  36.500000,   0.000000,
  NODE, 3063,    0,    0,  36.740845,   0.448645,
  NODE, 3064,    0,    0,  38.064926,   0.930260,
  NODE, 3065,    0,    0,  38.320065,   1.487291,
  NODE, 3066,    0,    0,  37.770210,   1.477501,
  NODE, 3067,    0,    0,  38.807388,   0.470025,
  NODE, 3068,    0,    0,  39.500000,   0.500000,
  NODE, 3069,    0,    0,  39.307388,   0.970025,
  NODE, 3070,    0,    0,  39.574181,   1.351642,
  NODE, 3071,    0,    0,  40.000000,   1.500000,
  NODE, 3072,    0,    0,  39.574181,   1.851642,
  NODE, 3073,    0,    0,   0.454087,  35.755730,
  NODE, 3074,    1,    0,   0.000000,  35.500000,
  NODE, 3075,    0,    0,   0.454087,  35.255730,
  NODE, 3076,    0,    0,   1.444842,  34.771278,
  NODE, 3077,    0,    0,   1.437986,  35.272797,
  NODE, 3078,    0,    0,   0.915030,  35.009941,
  NODE, 3079,    0,    0,   3.224738,  32.131470,
  NODE, 3080,    0,    0,   3.226586,  31.774159,
  NODE, 3081,    0,    0,   3.664564,  31.953362,
  NODE, 3082,    0,    0,   5.451358,  30.494907,
  NODE, 3083,    0,    0,   4.927712,  30.475430,
  NODE, 3084,    0,    0,   5.207695,  29.986254,
  NODE, 3085,    0,    0,   7.722471,  28.471169,
  NODE, 3086,    0,    0,   7.110101,  28.511555,
  NODE, 3087,    0,    0,   7.448425,  27.967171,
  NODE, 3088,    0,    0,   9.348941,  25.769512,
  NODE, 3089,    0,    0,   9.136183,  25.290680,
  NODE, 3090,    0,    0,   9.620281,  25.325687,
  NODE, 3091,    0,    0,  11.497685,  24.226900,
  NODE, 3092,    0,    0,  11.157645,  23.834553,
  NODE, 3093,    0,    0,  11.608047,  23.755455,
  NODE, 3094,    0,    0,  13.119013,  22.088261,
  NODE, 3095,    0,    0,  13.149485,  21.492836,
  NODE, 3096,    0,    0,  13.637209,  21.801735,
  NODE, 3097,    0,    0,  16.711895,  19.654522,
  NODE, 3098,    0,    0,  17.051052,  20.112610,
  NODE, 3099,    0,    0,  16.588364,  20.143738,
  NODE, 3100,    0,    0,  17.993393,  17.560772,
  NODE, 3101,    0,    0,  18.471268,  17.316456,
  NODE, 3102,    0,    0,  18.444470,  17.835735,
  NODE, 3103,    0,    0,  19.791397,  15.421879,
  NODE, 3104,    0,    0,  19.545364,  14.905058,
  NODE, 3105,    0,    0,  20.146931,  14.907056,
  NODE, 3106,    0,    0,  22.433510,  13.706385,
  NODE, 3107,    0,    0,  21.892098,  13.752292,
  NODE, 3108,    0,    0,  22.135178,  13.266446,
  NODE, 3109,    0,    0,  24.144028,  11.285017,
  NODE, 3110,    0,    0,  23.897972,  10.815106,
  NODE, 3111,    0,    0,  24.407936,  10.818714,
  NODE, 3112,    0,    0,  26.227545,   9.584605,
  NODE, 3113,    0,    0,  26.145138,   9.144312,
  NODE, 3114,    0,    0,  26.592835,   9.223166,
  NODE, 3115,    0,    0,  27.883720,   7.914185,
  NODE, 3116,    0,    0,  27.393692,   7.679490,
  NODE, 3117,    0,    0,  27.851994,   7.394906,
  NODE, 3118,    0,    0,  30.801079,   4.554146,
  NODE, 3119,    0,    0,  31.142588,   4.056124,
  NODE, 3120,    0,    0,  31.423906,   4.552899,
  NODE, 3121,    0,    0,  32.806271,   3.044264,
  NODE, 3122,    0,    0,  33.269157,   2.824973,
  NODE, 3123,    0,    0,  33.236942,   3.328824,
  NODE, 3124,    0,    0,  34.227520,   0.450567,
  NODE, 3125,    0,    1,  34.500000,   0.000000,
  NODE, 3126,    0,    0,  34.727520,   0.450567,
  NODE, 3127,    0,    0,  34.960716,   0.900769,
  NODE, 3128,    0,    0,  35.233196,   0.450201,
  NODE, 3129,    0,    0,   0.465936,  33.748688,
  NODE, 3130,    1,    0,   0.000000,  33.500000,
  NODE, 3131,    0,    0,   0.465936,  33.248688,
  NODE, 3132,    0,    0,   1.477401,  32.740097,
  NODE, 3133,    0,    0,   1.476090,  33.244324,
  NODE, 3134,    0,    0,   0.933183,  32.993141,
  NODE, 3135,    0,    0,   3.392644,  30.405708,
  NODE, 3136,    0,    0,   2.863910,  30.407667,
  NODE, 3137,    0,    0,   3.112598,  29.940018,
  NODE, 3138,    0,    0,   5.477244,  28.519604,
  NODE, 3139,    0,    0,   4.947772,  28.523348,
  NODE, 3140,    0,    0,   5.209796,  28.034206,
  NODE, 3141,    0,    0,   7.016419,  26.558231,
  NODE, 3142,    0,    0,   7.147588,  26.152603,
  NODE, 3143,    0,    0,   7.426768,  26.587006,
  NODE, 3144,    0,    0,   9.175127,  24.352894,
  NODE, 3145,    0,    0,   9.536587,  23.857317,
  NODE, 3146,    0,    0,   9.768984,  24.351276,
  NODE, 3147,    0,    0,  11.718544,  21.758171,
  NODE, 3148,    0,    0,  11.258921,  21.826119,
  NODE, 3149,    0,    0,  11.383183,  21.344193,
  NODE, 3150,    0,    0,  13.240086,  20.208801,
  NODE, 3151,    0,    0,  12.764121,  20.014553,
  NODE, 3152,    0,    0,  13.383164,  19.708368,
  NODE, 3153,    0,    0,  15.343017,  17.774422,
  NODE, 3154,    0,    0,  15.383049,  17.279009,
  NODE, 3155,    0,    0,  15.742918,  17.541878,
  NODE, 3156,    0,    0,  18.022377,  14.641708,
  NODE, 3157,    0,    0,  18.310455,  14.274232,
  NODE, 3158,    0,    0,  18.543667,  14.668001,
  NODE, 3159,    0,    0,  19.658485,  13.871681,
  NODE, 3160,    0,    0,  19.956642,  13.361710,
  NODE, 3161,    0,    0,  20.199053,  13.880262,
  NODE, 3162,    0,    0,  21.827229,  11.807695,
  NODE, 3163,    0,    0,  22.078571,  11.314199,
  NODE, 3164,    0,    0,  22.350477,  11.793346,
  NODE, 3165,    0,    0,  24.445705,   9.893694,
  NODE, 3166,    0,    0,  23.917046,   9.869879,
  NODE, 3167,    0,    0,  24.200872,   9.414770,
  NODE, 3168,    0,    0,  26.367146,   7.181759,
  NODE, 3169,    0,    0,  26.854790,   6.898678,
  NODE, 3170,    0,    0,  26.874319,   7.443293,
  NODE, 3171,    0,    0,  28.620297,   4.827337,
  NODE, 3172,    0,    0,  28.752941,   4.323586,
  NODE, 3173,    0,    0,  29.141354,   4.573629,
  NODE, 3174,    0,    0,  30.234436,   3.556769,
  NODE, 3175,    0,    0,  30.521040,   3.055784,
  NODE, 3176,    0,    0,  30.806366,   3.556385,
  NODE, 3177,    0,    0,  32.217655,   0.435952,
  NODE, 3178,    0,    1,  32.500000,   0.000000,
  NODE, 3179,    0,    0,  32.717655,   0.435952,
  NODE, 3180,    0,    0,  32.938980,   0.882153,
  NODE, 3181,    0,    0,  33.221329,   0.446201,
  NODE, 3182,    0,    0,   0.463027,  31.738424,
  NODE, 3183,    1,    0,   0.000000,  31.500000,
  NODE, 3184,    0,    0,   0.463027,  31.238424,
  NODE, 3185,    0,    0,   1.444276,  30.708231,
  NODE, 3186,    0,    0,   1.450474,  31.209213,
  NODE, 3187,    0,    0,   0.919857,  30.975864,
  NODE, 3188,    0,    0,   2.838754,  29.463127,
  NODE, 3189,    0,    0,   2.254828,  29.461296,
  NODE, 3190,    0,    0,   2.509719,  28.982443,
  NODE, 3191,    0,    0,   5.439631,  26.577923,
  NODE, 3192,    0,    0,   4.869669,  26.553589,
  NODE, 3193,    0,    0,   5.131329,  26.073107,
  NODE, 3194,    0,    0,   7.628183,  24.084141,
  NODE, 3195,    0,    0,   7.248905,  23.815664,
  NODE, 3196,    0,    0,   7.639182,  23.542698,
  NODE, 3197,    0,    0,   9.563004,  21.004852,
  NODE, 3198,    0,    0,   9.814770,  20.504952,
  NODE, 3199,    0,    0,  10.121168,  20.977932,
  NODE, 3200,    0,    0,  11.181020,  19.963497,
  NODE, 3201,    0,    0,  11.459223,  19.494991,
  NODE, 3202,    0,    0,  11.728005,  19.981171,
  NODE, 3203,    0,    0,  13.421457,  18.523472,
  NODE, 3204,    0,    0,  13.954401,  18.334490,
  NODE, 3205,    0,    0,  13.988794,  18.766312,
  NODE, 3206,    0,    0,  15.798477,  16.614918,
  NODE, 3207,    0,    0,  15.307146,  16.766705,
  NODE, 3208,    0,    0,  15.322673,  16.335157,
  NODE, 3209,    0,    0,  17.542332,  13.769659,
  NODE, 3210,    0,    0,  17.831204,  13.306980,
  NODE, 3211,    0,    0,  18.078039,  13.785259,
  NODE, 3212,    0,    0,  19.728935,  11.883175,
  NODE, 3213,    0,    0,  19.997253,  11.384103,
  NODE, 3214,    0,    0,  20.246216,  11.865488,
  NODE, 3215,    0,    0,  22.342394,  10.825359,
  NODE, 3216,    0,    0,  22.598862,  10.343500,
  NODE, 3217,    0,    0,  22.858284,  10.817991,
  NODE, 3218,    0,    0,  23.920914,   7.449749,
  NODE, 3219,    0,    0,  23.900806,   6.867575,
  NODE, 3220,    0,    0,  24.294632,   7.114316,
  NODE, 3221,    0,    0,  26.296509,   4.990400,
  NODE, 3222,    0,    0,  26.788641,   4.745739,
  NODE, 3223,    0,    0,  26.799746,   5.305433,
  NODE, 3224,    0,    0,  28.592859,   3.296588,
  NODE, 3225,    0,    0,  28.188175,   3.048587,
  NODE, 3226,    0,    0,  28.575159,   2.780911,
  NODE, 3227,    0,    0,  30.513201,   1.644624,
  NODE, 3228,    0,    0,  31.124109,   1.498502,
  NODE, 3229,    0,    0,  31.127571,   2.057492,
  NODE, 3230,    0,    0,  31.023222,   0.929708,
  NODE, 3231,    0,    0,  30.754870,   0.542817,
  NODE, 3232,    0,    0,  31.268353,   0.386891,
  NODE, 3233,    0,    0,   0.453354,  29.741333,
  NODE, 3234,    1,    0,   0.000000,  29.500000,
  NODE, 3235,    0,    0,   0.453354,  29.241333,
  NODE, 3236,    0,    0,   1.413966,  28.738651,
  NODE, 3237,    0,    0,   1.416250,  29.231640,
  NODE, 3238,    0,    0,   0.904423,  28.989681,
  NODE, 3239,    0,    0,   3.394610,  26.729847,
  NODE, 3240,    0,    0,   2.945374,  26.542080,
  NODE, 3241,    0,    0,   3.211758,  26.182146,
  NODE, 3242,    0,    0,   4.956432,  24.085516,
  NODE, 3243,    0,    0,   4.955357,  23.542839,
  NODE, 3244,    0,    0,   5.333827,  23.798891,
  NODE, 3245,    0,    0,   7.690660,  21.094614,
  NODE, 3246,    0,    0,   7.943183,  20.717846,
  NODE, 3247,    0,    0,   8.151105,  21.240086,
  NODE, 3248,    0,    0,   9.502128,  20.005056,
  NODE, 3249,    0,    0,  10.060293,  19.978136,
  NODE, 3250,    0,    0,  11.130367,  18.080349,
  NODE, 3251,    0,    0,  11.137821,  17.521971,
  NODE, 3252,    0,    0,  11.527512,  17.864147,
  NODE, 3253,    0,    0,  11.996698,  17.512989,
  NODE, 3254,    0,    0,  12.017601,  16.941452,
  NODE, 3255,    0,    0,  12.479334,  17.148674,
  NODE, 3256,    0,    0,  13.631743,  15.308411,
  NODE, 3257,    0,    0,  13.407697,  14.840272,
  NODE, 3258,    0,    0,  14.007687,  14.968758,
  NODE, 3259,    0,    0,  15.341330,  13.487455,
  NODE, 3260,    0,    0,  15.693893,  13.107698,
  NODE, 3261,    0,    0,  15.860062,  13.567705,
  NODE, 3262,    0,    0,  16.014071,  12.715034,
  NODE, 3263,    0,    0,  16.333170,  12.283430,
  NODE, 3264,    0,    0,  16.531725,  12.756344,
  NODE, 3265,    0,    0,  17.940699,  11.435427,
  NODE, 3266,    0,    0,  17.698755,  10.991678,
  NODE, 3267,    0,    0,  18.209683,  10.986458,
  NODE, 3268,    0,    0,  19.743679,   9.032505,
  NODE, 3269,    0,    0,  19.217621,   9.105131,
  NODE, 3270,    0,    0,  19.471020,   8.608835,
  NODE, 3271,    0,    0,  22.456154,   7.510900,
  NODE, 3272,    0,    0,  22.985029,   7.738924,
  NODE, 3273,    0,    0,  22.647144,   7.998207,
  NODE, 3274,    0,    0,  24.275658,   5.195078,
  NODE, 3275,    0,    0,  24.624928,   4.872389,
  NODE, 3276,    0,    0,  24.878498,   5.280903,
  NODE, 3277,    0,    0,  26.349991,   3.163740,
  NODE, 3278,    0,    0,  26.691349,   2.907766,
  NODE, 3279,    0,    0,  26.911947,   3.332850,
  NODE, 3280,    0,    0,  28.363462,   1.249887,
  NODE, 3281,    0,    0,  28.936417,   1.389613,
  NODE, 3282,    0,    0,  28.720066,   1.769774,
  NODE, 3283,    0,    0,  29.028164,   0.821349,
  NODE, 3284,    0,    0,  28.789906,   0.434863,
  NODE, 3285,    0,    0,  29.238258,   0.386486,
  NODE, 3286,    0,    0,   0.455396,  27.753195,
  NODE, 3287,    1,    0,   0.000000,  27.500000,
  NODE, 3288,    0,    0,   0.455396,  27.253195,
  NODE, 3289,    0,    0,   1.438506,  26.761452,
  NODE, 3290,    0,    0,   1.435972,  27.263102,
  NODE, 3291,    0,    0,   0.913325,  27.004740,
  NODE, 3292,    0,    0,   3.414927,  24.378490,
  NODE, 3293,    0,    0,   2.871532,  24.408463,
  NODE, 3294,    0,    0,   3.117878,  23.908659,
  NODE, 3295,    0,    0,   4.734928,  22.488695,
  NODE, 3296,    0,    0,   4.250616,  22.226317,
  NODE, 3297,    0,    0,   4.740964,  21.881130,
  NODE, 3298,    0,    0,   7.965206,  20.306131,
  NODE, 3299,    0,    0,   7.594797,  19.999451,
  NODE, 3300,    0,    0,   8.077263,  19.733208,
  NODE, 3301,    0,    0,   8.775888,  18.515947,
  NODE, 3302,    0,    0,   9.145671,  18.227913,
  NODE, 3303,    0,    0,   9.113676,  18.787769,
  NODE, 3304,    0,    0,   0.458215,  25.747540,
  NODE, 3305,    1,    0,   0.000000,  25.500000,
  NODE, 3306,    0,    0,   0.458215,  25.247540,
  NODE, 3307,    0,    0,   1.432463,  24.730806,
  NODE, 3308,    0,    0,   1.439606,  25.234276,
  NODE, 3309,    0,    0,   0.909287,  24.991608,
  NODE, 3310,    0,    0,   3.270879,  22.517944,
  NODE, 3311,    0,    0,   2.806189,  22.444153,
  NODE, 3312,    0,    0,   3.006893,  22.018862,
  NODE, 3313,    0,    0,   5.233411,  20.047001,
  NODE, 3314,    0,    0,   4.906367,  19.726681,
  NODE, 3315,    0,    0,   5.340094,  19.681862,
  NODE, 3316,    0,    0,   8.315505,  18.727480,
  NODE, 3317,    0,    0,   8.350180,  18.173456,
  NODE, 3318,    0,    0,   6.335965,  19.422981,
  NODE, 3319,    0,    0,   6.468760,  18.924988,
  NODE, 3320,    0,    0,   6.815386,  19.259110,
  NODE, 3321,    0,    0,   0.848596,  22.975439,
  NODE, 3322,    0,    0,   0.440085,  23.240627,
  NODE, 3323,    0,    0,   0.408511,  22.734812,
  NODE, 3324,    0,    0,   1.143888,  22.118969,
  NODE, 3325,    0,    0,   0.730314,  22.045729,
  NODE, 3326,    0,    0,   1.057179,  21.695074,
  NODE, 3327,    0,    0,   3.136429,  20.445854,
  NODE, 3328,    0,    0,   3.563757,  20.150122,
  NODE, 3329,    0,    0,   3.671630,  20.826611,
  NODE, 3330,    0,    0,   4.062465,  20.060738,
  NODE, 3331,    0,    0,   3.528395,  19.686300,
  NODE, 3332,    0,    0,   0.433069,  20.927912,
  NODE, 3333,    1,    0,   0.000000,  20.500000,
  NODE, 3334,    0,    0,   0.433069,  20.427912,
  NODE, 3335,    0,    0,   0.754872,  21.238829,
  NODE, 3336,    0,    0,   0.321803,  21.310917,
  NODE, 3337,    0,    0,  13.943153,  15.911760,
  NODE, 3338,    0,    0,  14.533689,  15.964302,
  NODE, 3339,    0,    0,  14.240807,  16.434403,
  NODE, 3340,    0,    0,  18.219471,  10.083448,
  NODE, 3341,    0,    0,  17.727337,  10.124374,
  NODE, 3342,    0,    0,  17.979067,   9.665113,
  NODE, 3343,    0,    0,  18.450527,   8.744673,
  NODE, 3344,    0,    0,  18.173456,   8.350180,
  NODE, 3345,    0,    0,  18.662060,   8.284289,
  NODE, 3346,    0,    0,  19.070692,   7.325916,
  NODE, 3347,    0,    0,  19.276886,   6.819011,
  NODE, 3348,    0,    0,  19.592535,   7.198822,
  NODE, 3349,    0,    0,  21.535793,   6.071052,
  NODE, 3350,    0,    0,  21.080151,   5.780595,
  NODE, 3351,    0,    0,  21.613968,   5.460746,
  NODE, 3352,    0,    0,  23.942171,   3.152657,
  NODE, 3353,    0,    0,  24.475773,   2.938363,
  NODE, 3354,    0,    0,  24.466341,   3.480132,
  NODE, 3355,    0,    0,  26.310402,   1.293808,
  NODE, 3356,    0,    0,  26.838127,   1.413938,
  NODE, 3357,    0,    0,  26.599114,   1.807500,
  NODE, 3358,    0,    0,  27.058025,   0.894667,
  NODE, 3359,    0,    0,  26.774708,   0.450123,
  NODE, 3360,    0,    0,  27.283318,   0.444544,
  NODE, 3361,    0,    0,  18.924988,   6.468760,
  NODE, 3362,    0,    0,  19.440758,   6.339589,
  NODE, 3363,    0,    0,  19.742058,   5.321942,
  NODE, 3364,    0,    0,  19.853247,   4.790396,
  NODE, 3365,    0,    0,  20.233761,   5.099287,
  NODE, 3366,    0,    0,  22.163185,   4.238473,
  NODE, 3367,    0,    0,  21.722015,   4.382555,
  NODE, 3368,    0,    0,  21.763773,   3.934969,
  NODE, 3369,    0,    0,  24.234766,   1.285228,
  NODE, 3370,    0,    0,  24.762735,   1.433183,
  NODE, 3371,    0,    0,  24.496117,   1.813042,
  NODE, 3372,    0,    0,  25.013599,   0.906518,
  NODE, 3373,    0,    0,  24.750692,   0.452684,
  NODE, 3374,    0,    0,  25.262905,   0.453834,
  NODE, 3375,    0,    0,  20.640450,   5.400561,
  NODE, 3376,    0,    0,  20.751638,   4.869016,
  NODE, 3377,    0,    0,  21.087864,   3.185057,
  NODE, 3378,    0,    0,  20.538193,   3.093356,
  NODE, 3379,    0,    0,  21.091412,   2.746871,
  NODE, 3380,    0,    0,  21.597084,   1.306730,
  NODE, 3381,    0,    0,  21.892471,   0.915411,
  NODE, 3382,    0,    0,  22.134848,   1.307446,
  NODE, 3383,    0,    0,  23.234268,   0.453592,
  NODE, 3384,    0,    1,  23.500000,   0.000000,
  NODE, 3385,    0,    0,  23.734268,   0.453592,
  NODE, 3386,    0,    0,  20.219563,   2.339268,
  NODE, 3387,    0,    0,  20.386587,   1.941080,
  NODE, 3388,    0,    0,  20.708763,   2.256982,
  NODE, 3389,    0,    0,  20.664520,   0.963839,
  NODE, 3390,    0,    0,  20.487166,   0.506492,
  NODE, 3391,    0,    0,  21.177353,   0.457347,
  NODE, 3392,    0,    0,  39.545914,  24.244267,
  NODE, 3393,    0,    0,  40.000000,  24.500000,
  NODE, 3394,    0,    0,  39.545914,  24.744267,
  NODE, 3395,    0,    0,  38.555157,  25.228725,
  NODE, 3396,    0,    0,  38.562012,  24.727203,
  NODE, 3397,    0,    0,  39.084969,  24.990057,
  NODE, 3398,    0,    0,  36.775181,  27.868656,
  NODE, 3399,    0,    0,  36.773308,  28.226013,
  NODE, 3400,    0,    0,  36.335251,  28.046940,
  NODE, 3401,    0,    0,  34.544930,  29.513790,
  NODE, 3402,    0,    0,  35.068337,  29.532024,
  NODE, 3403,    0,    0,  34.787235,  30.024532,
  NODE, 3404,    0,    0,  32.425003,  32.771881,
  NODE, 3405,    0,    0,  32.172363,  33.132233,
  NODE, 3406,    0,    0,  31.929653,  32.780521,
  NODE, 3407,    0,    0,  30.463043,  34.025345,
  NODE, 3408,    0,    0,  30.766441,  34.480660,
  NODE, 3409,    0,    0,  30.173161,  34.478191,
  NODE, 3410,    0,    0,  28.883625,  35.909546,
  NODE, 3411,    0,    0,  28.638393,  36.331871,
  NODE, 3412,    0,    0,  28.284998,  35.939041,
  NODE, 3413,    0,    0,  26.358337,  38.355087,
  NODE, 3414,    0,    0,  26.598122,  38.793747,
  NODE, 3415,    0,    0,  26.066093,  38.777962,
  NODE, 3416,    0,    0,  24.029169,  39.830776,
  NODE, 3417,    0,    0,  24.647545,  39.830971,
  NODE, 3418,    0,    0,  24.364105,  40.313545,
  NODE, 3419,    0,    0,  22.615093,  41.652374,
  NODE, 3420,    0,    0,  23.080067,  41.897709,
  NODE, 3421,    0,    0,  22.600887,  42.211258,
  NODE, 3422,    0,    0,  19.461639,  44.297104,
  NODE, 3423,    0,    0,  18.997013,  44.036873,
  NODE, 3424,    0,    0,  19.469486,  43.788666,
  NODE, 3425,    0,    0,  17.458427,  46.363483,
  NODE, 3426,    0,    0,  16.942808,  46.050255,
  NODE, 3427,    0,    0,  17.449726,  45.763107,
  NODE, 3428,    0,    0,  15.805805,  48.359600,
  NODE, 3429,    0,    0,  16.167614,  48.730164,
  NODE, 3430,    0,    0,  15.698855,  48.802185,
  NODE, 3431,    0,    0,  13.560818,  50.732029,
  NODE, 3432,    0,    0,  13.059732,  51.000412,
  NODE, 3433,    0,    0,  13.087847,  50.477455,
  NODE, 3434,    0,    0,  12.109400,  52.076126,
  NODE, 3435,    0,    0,  12.590607,  52.306374,
  NODE, 3436,    0,    0,  12.133074,  52.588818,
  NODE, 3437,    0,    0,   9.199107,  55.445816,
  NODE, 3438,    0,    0,   8.857548,  55.943855,
  NODE, 3439,    0,    0,   8.576151,  55.447079,
  NODE, 3440,    0,    0,   7.193730,  56.955734,
  NODE, 3441,    0,    0,   6.730844,  57.175026,
  NODE, 3442,    0,    0,   6.763058,  56.671177,
  NODE, 3443,    0,    0,   5.636185,  57.653008,
  NODE, 3444,    0,    0,   5.601801,  58.188820,
  NODE, 3445,    0,    0,   5.116999,  57.779759,
  NODE, 3446,    0,    0,  39.534065,  26.251314,
  NODE, 3447,    0,    0,  40.000000,  26.500000,
  NODE, 3448,    0,    0,  39.534065,  26.751314,
  NODE, 3449,    0,    0,  38.522598,  27.259901,
  NODE, 3450,    0,    0,  38.523911,  26.755673,
  NODE, 3451,    0,    0,  39.066818,  27.006855,
  NODE, 3452,    0,    0,  36.606468,  29.595997,
  NODE, 3453,    0,    0,  37.135948,  29.592590,
  NODE, 3454,    0,    0,  36.886570,  30.061600,
  NODE, 3455,    0,    0,  34.501141,  31.513077,
  NODE, 3456,    0,    0,  35.041496,  31.498741,
  NODE, 3457,    0,    0,  34.770294,  31.998789,
  NODE, 3458,    0,    0,  32.402817,  33.579010,
  NODE, 3459,    0,    0,  32.936726,  33.566254,
  NODE, 3460,    0,    0,  32.671837,  34.021668,
  NODE, 3461,    0,    0,  30.276596,  35.336350,
  NODE, 3462,    0,    0,  30.714199,  35.363411,
  NODE, 3463,    0,    0,  30.514237,  35.766258,
  NODE, 3464,    0,    0,  28.290512,  37.897286,
  NODE, 3465,    0,    0,  28.843784,  37.907402,
  NODE, 3466,    0,    0,  28.543375,  38.418522,
  NODE, 3467,    0,    0,  26.075913,  39.544159,
  NODE, 3468,    0,    0,  26.410713,  39.581909,
  NODE, 3469,    0,    0,  26.180748,  39.909451,
  NODE, 3470,    0,    0,  24.027119,  41.623184,
  NODE, 3471,    0,    0,  24.379250,  41.642227,
  NODE, 3472,    0,    0,  24.160904,  42.011116,
  NODE, 3473,    0,    0,  22.631081,  43.787399,
  NODE, 3474,    0,    0,  23.088957,  44.033432,
  NODE, 3475,    0,    0,  22.621552,  44.297211,
  NODE, 3476,    0,    0,  19.899061,  46.607426,
  NODE, 3477,    0,    0,  19.414173,  46.865543,
  NODE, 3478,    0,    0,  19.419937,  46.351738,
  NODE, 3479,    0,    0,  18.453344,  47.925766,
  NODE, 3480,    0,    0,  18.933846,  48.169266,
  NODE, 3481,    0,    0,  18.463139,  48.444588,
  NODE, 3482,    0,    0,  14.838585,  50.759674,
  NODE, 3483,    0,    0,  14.590446,  50.189087,
  NODE, 3484,    0,    0,  15.064917,  50.218609,
  NODE, 3485,    0,    0,  13.076178,  52.544533,
  NODE, 3486,    0,    0,  13.052504,  52.031838,
  NODE, 3487,    0,    0,  11.384190,  55.168755,
  NODE, 3488,    0,    0,  11.250734,  55.674248,
  NODE, 3489,    0,    0,  10.860430,  55.424549,
  NODE, 3490,    0,    0,   9.765846,  56.443230,
  NODE, 3491,    0,    0,   9.479119,  56.944237,
  NODE, 3492,    0,    0,   9.193776,  56.443596,
  NODE, 3493,    0,    0,   7.711519,  57.774109,
  NODE, 3494,    0,    0,   7.695165,  58.227188,
  NODE, 3495,    0,    0,   7.145161,  57.912666,
  NODE, 3496,    0,    0,  39.536972,  28.261576,
  NODE, 3497,    0,    0,  40.000000,  28.500000,
  NODE, 3498,    0,    0,  39.536972,  28.761576,
  NODE, 3499,    0,    0,  38.555725,  29.291771,
  NODE, 3500,    0,    0,  38.549526,  28.790787,
  NODE, 3501,    0,    0,  39.080143,  29.024136,
  NODE, 3502,    0,    0,  37.160835,  30.537983,
  NODE, 3503,    0,    0,  37.745113,  30.538820,
  NODE, 3504,    0,    0,  37.489899,  31.018612,
  NODE, 3505,    0,    0,  34.550789,  33.472366,
  NODE, 3506,    0,    0,  35.135582,  33.469898,
  NODE, 3507,    0,    0,  34.873623,  33.960575,
  NODE, 3508,    0,    0,  32.338951,  35.411140,
  NODE, 3509,    0,    0,  32.959068,  35.461311,
  NODE, 3510,    0,    0,  32.648956,  35.922409,
  NODE, 3511,    0,    0,  30.437004,  38.011150,
  NODE, 3512,    0,    0,  30.945820,  38.029263,
  NODE, 3513,    0,    0,  30.662949,  38.486992,
  NODE, 3514,    0,    0,  28.510920,  40.399418,
  NODE, 3515,    0,    0,  28.754095,  40.819122,
  NODE, 3516,    0,    0,  28.230433,  40.822296,
  NODE, 3517,    0,    0,  26.597351,  42.413975,
  NODE, 3518,    0,    0,  26.842392,  42.801437,
  NODE, 3519,    0,    0,  26.231234,  42.831635,
  NODE, 3520,    0,    0,  25.042379,  44.179970,
  NODE, 3521,    0,    0,  25.495266,  44.103294,
  NODE, 3522,    0,    0,  25.225010,  44.704369,
  NODE, 3523,    0,    0,  22.724419,  46.319099,
  NODE, 3524,    0,    0,  22.736202,  46.833225,
  NODE, 3525,    0,    0,  22.229200,  46.591751,
  NODE, 3526,    0,    0,  19.905705,  48.667461,
  NODE, 3527,    0,    0,  19.429192,  48.935074,
  NODE, 3528,    0,    0,  19.420151,  48.420479,
  NODE, 3529,    0,    0,  16.853643,  50.806191,
  NODE, 3530,    0,    0,  16.678799,  50.346970,
  NODE, 3531,    0,    0,  17.138203,  50.326370,
  NODE, 3532,    0,    0,  15.561427,  52.187840,
  NODE, 3533,    0,    0,  14.939668,  52.193977,
  NODE, 3534,    0,    0,  15.207949,  51.736298,
  NODE, 3535,    0,    0,  13.753277,  54.948692,
  NODE, 3536,    0,    0,  13.252577,  55.228310,
  NODE, 3537,    0,    0,  13.228716,  54.633675,
  NODE, 3538,    0,    0,  11.409037,  56.703690,
  NODE, 3539,    0,    0,  11.813071,  56.952095,
  NODE, 3540,    0,    0,  11.424906,  57.219750,
  NODE, 3541,    0,    0,   9.195230,  57.370499,
  NODE, 3542,    0,    0,   9.767301,  57.370132,
  NODE, 3543,    0,    0,  39.546646,  30.258671,
  NODE, 3544,    0,    0,  40.000000,  30.500000,
  NODE, 3545,    0,    0,  39.546646,  30.758671,
  NODE, 3546,    0,    0,  38.586037,  31.261364,
  NODE, 3547,    0,    0,  38.583733,  30.768395,
  NODE, 3548,    0,    0,  39.095596,  31.010311,
  NODE, 3549,    0,    0,  36.613960,  33.264267,
  NODE, 3550,    0,    0,  37.060371,  33.450218,
  NODE, 3551,    0,    0,  36.798470,  33.806809,
  NODE, 3552,    0,    0,  34.505070,  35.217724,
  NODE, 3553,    0,    0,  34.926880,  35.304665,
  NODE, 3554,    0,    0,  34.663849,  35.664345,
  NODE, 3555,    0,    0,  32.866623,  38.090202,
  NODE, 3556,    0,    0,  32.655640,  38.481583,
  NODE, 3557,    0,    0,  32.371170,  38.132484,
  NODE, 3558,    0,    0,  30.635231,  40.421757,
  NODE, 3559,    0,    0,  30.901856,  40.911339,
  NODE, 3560,    0,    0,  30.365032,  40.911476,
  NODE, 3561,    0,    0,  28.269440,  41.582398,
  NODE, 3562,    0,    0,  28.597214,  41.589699,
  NODE, 3563,    0,    0,  28.393045,  41.930092,
  NODE, 3564,    0,    0,  25.866314,  43.847626,
  NODE, 3565,    0,    0,  25.894455,  43.399002,
  NODE, 3566,    0,    0,  26.448135,  43.667725,
  NODE, 3567,    0,    0,  23.759258,  46.221710,
  NODE, 3568,    0,    0,  23.189190,  46.046761,
  NODE, 3569,    0,    0,  23.717030,  45.707893,
  NODE, 3570,    0,    0,  22.738171,  47.890415,
  NODE, 3571,    0,    0,  23.225170,  48.159622,
  NODE, 3572,    0,    0,  22.729675,  48.415108,
  NODE, 3573,    0,    0,  19.964716,  50.709511,
  NODE, 3574,    0,    0,  19.498619,  50.969429,
  NODE, 3575,    0,    0,  19.482706,  50.465027,
  NODE, 3576,    0,    0,  18.568630,  52.469696,
  NODE, 3577,    0,    0,  18.551245,  52.964855,
  NODE, 3578,    0,    0,  18.081509,  52.713703,
  NODE, 3579,    0,    0,  15.908596,  54.919617,
  NODE, 3580,    0,    0,  15.381461,  55.205383,
  NODE, 3581,    0,    0,  15.354185,  54.600491,
  NODE, 3582,    0,    0,  13.650015,  56.852684,
  NODE, 3583,    0,    0,  13.299002,  57.107365,
  NODE, 3584,    0,    0,  13.098409,  56.673538,
  NODE, 3585,    0,    0,  11.267984,  57.779335,
  NODE, 3586,    0,    0,  10.863951,  57.530930,
  NODE, 3587,    0,    0,  39.544739,  32.246685,
  NODE, 3588,    0,    0,  40.000000,  32.500000,
  NODE, 3589,    0,    0,  39.544739,  32.746685,
  NODE, 3590,    0,    0,  38.562466,  33.237579,
  NODE, 3591,    0,    0,  38.564926,  32.736099,
  NODE, 3592,    0,    0,  39.087013,  32.994850,
  NODE, 3593,    0,    0,  36.479977,  35.602181,
  NODE, 3594,    0,    0,  37.104065,  35.572937,
  NODE, 3595,    0,    0,  36.763676,  36.087711,
  NODE, 3596,    0,    0,  34.756214,  38.297730,
  NODE, 3597,    0,    0,  35.050919,  38.782856,
  NODE, 3598,    0,    0,  34.506126,  38.816849,
  NODE, 3599,    0,    0,  32.979569,  39.915855,
  NODE, 3600,    0,    0,  32.738297,  40.408630,
  NODE, 3601,    0,    0,  32.460228,  39.924866,
  NODE, 3602,    0,    0,  30.366104,  41.875691,
  NODE, 3603,    0,    0,  30.913580,  41.884522,
  NODE, 3604,    0,    0,  30.648029,  42.359158,
  NODE, 3605,    0,    0,  28.622147,  44.493557,
  NODE, 3606,    0,    0,  28.853401,  44.834255,
  NODE, 3607,    0,    0,  28.294619,  44.865509,
  NODE, 3608,    0,    0,  26.775223,  46.415527,
  NODE, 3609,    0,    0,  26.755507,  47.029388,
  NODE, 3610,    0,    0,  26.353478,  46.767880,
  NODE, 3611,    0,    0,  24.688622,  47.973091,
  NODE, 3612,    0,    0,  25.151947,  48.260372,
  NODE, 3613,    0,    0,  24.658062,  48.488373,
  NODE, 3614,    0,    0,  21.880055,  50.463394,
  NODE, 3615,    0,    0,  22.272665,  50.723103,
  NODE, 3616,    0,    0,  21.894344,  50.971836,
  NODE, 3617,    0,    0,  20.569367,  51.962349,
  NODE, 3618,    0,    0,  20.950697,  52.199505,
  NODE, 3619,    0,    0,  20.376587,  52.448105,
  NODE, 3620,    0,    0,  18.032768,  53.734116,
  NODE, 3621,    0,    0,  17.462124,  53.938904,
  NODE, 3622,    0,    0,  17.493477,  53.413651,
  NODE, 3623,    0,    0,  15.785057,  56.846916,
  NODE, 3624,    0,    0,  15.433296,  57.087524,
  NODE, 3625,    0,    0,  15.247486,  56.648850,
  NODE, 3626,    0,    0,  14.392539,  57.661583,
  NODE, 3627,    0,    0,  14.423256,  58.175980,
  NODE, 3628,    0,    0,  13.881325,  57.800911,
  NODE, 3629,    0,    0,  39.541760,  34.251839,
  NODE, 3630,    0,    0,  40.000000,  34.500000,
  NODE, 3631,    0,    0,  39.541760,  34.751839,
  NODE, 3632,    0,    0,  38.565609,  35.264694,
  NODE, 3633,    0,    0,  38.560097,  34.761818,
  NODE, 3634,    0,    0,  39.089035,  35.006554,
  NODE, 3635,    0,    0,  36.626740,  37.643982,
  NODE, 3636,    0,    0,  37.170006,  37.598736,
  NODE, 3637,    0,    0,  36.920349,  38.128960,
  NODE, 3638,    0,    0,  34.828522,  40.306679,
  NODE, 3639,    0,    0,  35.098537,  40.784199,
  NODE, 3640,    0,    0,  34.571587,  40.821533,
  NODE, 3641,    0,    0,  32.522759,  41.873119,
  NODE, 3642,    0,    0,  33.046333,  41.851151,
  NODE, 3643,    0,    0,  32.803726,  42.339218,
  NODE, 3644,    0,    0,  30.366238,  43.658100,
  NODE, 3645,    0,    0,  30.834545,  43.765965,
  NODE, 3646,    0,    0,  30.583729,  44.146851,
  NODE, 3647,    0,    0,  28.634670,  46.634468,
  NODE, 3648,    0,    0,  28.861378,  46.998554,
  NODE, 3649,    0,    0,  28.318546,  46.998589,
  NODE, 3650,    0,    0,  26.034576,  48.847443,
  NODE, 3651,    0,    0,  25.634285,  49.062790,
  NODE, 3652,    0,    0,  25.521679,  48.560310,
  NODE, 3653,    0,    0,  24.634251,  50.024185,
  NODE, 3654,    0,    0,  25.083969,  50.285812,
  NODE, 3655,    0,    0,  24.612274,  50.514862,
  NODE, 3656,    0,    0,  22.778557,  52.504952,
  NODE, 3657,    0,    0,  22.763245,  53.006584,
  NODE, 3658,    0,    0,  22.280327,  52.736862,
  NODE, 3659,    0,    0,  20.020519,  54.797012,
  NODE, 3660,    0,    0,  19.507752,  55.072777,
  NODE, 3661,    0,    0,  19.525219,  54.527786,
  NODE, 3662,    0,    0,  18.012928,  56.930244,
  NODE, 3663,    0,    0,  17.535738,  57.186207,
  NODE, 3664,    0,    0,  17.542057,  56.660568,
  NODE, 3665,    0,    0,  16.487606,  57.675331,
  NODE, 3666,    0,    0,  16.490147,  58.189289,
  NODE, 3667,    0,    0,  15.973409,  57.799553,
  NODE, 3668,    0,    0,  39.107330,  37.018616,
  NODE, 3669,    0,    0,  39.551781,  36.757465,
  NODE, 3670,    0,    0,  39.555550,  37.261150,
  NODE, 3671,    0,    0,  38.743645,  37.782711,
  NODE, 3672,    0,    0,  39.112427,  38.025852,
  NODE, 3673,    0,    0,  38.744965,  38.286263,
  NODE, 3674,    0,    0,  36.689537,  39.666107,
  NODE, 3675,    0,    0,  37.226051,  39.628635,
  NODE, 3676,    0,    0,  36.960304,  40.157089,
  NODE, 3677,    0,    0,  34.593491,  41.784275,
  NODE, 3678,    0,    0,  35.103485,  41.770515,
  NODE, 3679,    0,    0,  34.855370,  42.255737,
  NODE, 3680,    0,    0,  32.266003,  44.217957,
  NODE, 3681,    0,    0,  31.866362,  43.915764,
  NODE, 3682,    0,    0,  32.187325,  43.724747,
  NODE, 3683,    0,    0,  30.251679,  47.411987,
  NODE, 3684,    0,    0,  29.942585,  47.758610,
  NODE, 3685,    0,    0,  29.720058,  47.404907,
  NODE, 3686,    0,    0,  28.816408,  48.420609,
  NODE, 3687,    0,    0,  28.795778,  48.886871,
  NODE, 3688,    0,    0,  28.456982,  48.645721,
  NODE, 3689,    0,    0,  27.101761,  50.411888,
  NODE, 3690,    0,    0,  27.048704,  50.838257,
  NODE, 3691,    0,    0,  26.658119,  50.611431,
  NODE, 3692,    0,    0,  23.746496,  52.523560,
  NODE, 3693,    0,    0,  23.266140,  52.264706,
  NODE, 3694,    0,    0,  23.751162,  52.013592,
  NODE, 3695,    0,    0,  21.607155,  54.560925,
  NODE, 3696,    0,    0,  21.090334,  54.206085,
  NODE, 3697,    0,    0,  21.634626,  53.953697,
  NODE, 3698,    0,    0,  19.953495,  56.941971,
  NODE, 3699,    0,    0,  19.461191,  57.208290,
  NODE, 3700,    0,    0,  19.471779,  56.679989,
  NODE, 3701,    0,    0,  18.489483,  57.775356,
  NODE, 3702,    0,    0,  18.484188,  58.227257,
  NODE, 3703,    0,    0,  18.001312,  57.907776,
  NODE, 3704,    0,    0,  39.118095,  39.032642,
  NODE, 3705,    0,    0,  39.556873,  38.764702,
  NODE, 3706,    0,    0,  39.561226,  39.267941,
  NODE, 3707,    0,    0,  38.760292,  39.803474,
  NODE, 3708,    0,    0,  39.126469,  40.039143,
  NODE, 3709,    0,    0,  38.764313,  40.306732,
  NODE, 3710,    0,    0,  36.693161,  41.690956,
  NODE, 3711,    0,    0,  37.251679,  41.726921,
  NODE, 3712,    0,    0,  36.964928,  42.232948,
  NODE, 3713,    0,    0,  34.642517,  43.467827,
  NODE, 3714,    0,    0,  34.995850,  43.491570,
  NODE, 3715,    0,    0,  34.794041,  43.840599,
  NODE, 3716,    0,    0,  33.091690,  46.371941,
  NODE, 3717,    0,    0,  32.755974,  46.753731,
  NODE, 3718,    0,    0,  32.560898,  46.277138,
  NODE, 3719,    0,    0,  30.243271,  48.214493,
  NODE, 3720,    0,    0,  30.770161,  48.205170,
  NODE, 3721,    0,    0,  30.539227,  48.653973,
  NODE, 3722,    0,    0,  28.892315,  50.437614,
  NODE, 3723,    0,    0,  28.877476,  50.980228,
  NODE, 3724,    0,    0,  28.404812,  50.681015,
  NODE, 3725,    0,    0,  25.747311,  52.423336,
  NODE, 3726,    0,    0,  25.192587,  52.252770,
  NODE, 3727,    0,    0,  25.705277,  51.908615,
  NODE, 3728,    0,    0,  24.153046,  54.973976,
  NODE, 3729,    0,    0,  23.626080,  55.223251,
  NODE, 3730,    0,    0,  23.664282,  54.652542,
  NODE, 3731,    0,    0,  21.881689,  56.947655,
  NODE, 3732,    0,    0,  21.411251,  57.201172,
  NODE, 3733,    0,    0,  21.392242,  56.704918,
  NODE, 3734,    0,    0,  20.436548,  57.783989,
  NODE, 3735,    0,    0,  20.441620,  58.233536,
  NODE, 3736,    0,    0,  19.947979,  57.919823,
  NODE, 3737,    0,    0,  39.144100,  41.040962,
  NODE, 3738,    0,    0,  39.565247,  40.771202,
  NODE, 3739,    0,    0,  39.578857,  41.269760,
  NODE, 3740,    0,    0,  38.815888,  41.807339,
  NODE, 3741,    0,    0,  39.172714,  42.026085,
  NODE, 3742,    0,    0,  38.830891,  42.293900,
  NODE, 3743,    0,    0,  36.749458,  43.418655,
  NODE, 3744,    0,    0,  37.154587,  43.189781,
  NODE, 3745,    0,    0,  37.101814,  43.617561,
  NODE, 3746,    0,    0,  35.307129,  46.273994,
  NODE, 3747,    0,    0,  35.480904,  46.764160,
  NODE, 3748,    0,    0,  34.935043,  46.511295,
  NODE, 3749,    0,    0,  32.438057,  48.164726,
  NODE, 3750,    0,    0,  32.983360,  48.179634,
  NODE, 3751,    0,    0,  32.706646,  48.659569,
  NODE, 3752,    0,    0,  30.501167,  50.331417,
  NODE, 3753,    0,    0,  30.671318,  50.833092,
  NODE, 3754,    0,    0,  30.305176,  50.813515,
  NODE, 3755,    0,    0,  27.823196,  52.527245,
  NODE, 3756,    0,    0,  27.361462,  52.232582,
  NODE, 3757,    0,    0,  27.870155,  51.987736,
  NODE, 3758,    0,    0,  26.231426,  54.997658,
  NODE, 3759,    0,    0,  25.705101,  55.264557,
  NODE, 3760,    0,    0,  25.719784,  54.690590,
  NODE, 3761,    0,    0,  23.848080,  56.813385,
  NODE, 3762,    0,    0,  23.427517,  57.025635,
  NODE, 3763,    0,    0,  23.264732,  56.581703,
  NODE, 3764,    0,    0,  22.427759,  57.744530,
  NODE, 3765,    0,    0,  22.448868,  58.200073,
  NODE, 3766,    0,    0,  21.921810,  57.899460,
  NODE, 3767,    0,    0,  39.164879,  43.009544,
  NODE, 3768,    0,    0,  39.593861,  42.756325,
  NODE, 3769,    0,    0,  39.571014,  43.253223,
  NODE, 3770,    0,    0,  38.689804,  43.751335,
  NODE, 3771,    0,    0,  39.109108,  44.038418,
  NODE, 3772,    0,    0,  38.656879,  44.283310,
  NODE, 3773,    0,    0,  36.797470,  46.494888,
  NODE, 3774,    0,    0,  36.333031,  46.790558,
  NODE, 3775,    0,    0,  36.317429,  46.231190,
  NODE, 3776,    0,    0,  34.812264,  48.717674,
  NODE, 3777,    0,    0,  35.071892,  49.193062,
  NODE, 3778,    0,    0,  34.549900,  49.189255,
  NODE, 3779,    0,    0,  32.975174,  50.067062,
  NODE, 3780,    0,    0,  32.777565,  50.466904,
  NODE, 3781,    0,    0,  32.534538,  50.002094,
  NODE, 3782,    0,    0,  30.879597,  52.526848,
  NODE, 3783,    0,    0,  30.557669,  52.640328,
  NODE, 3784,    0,    0,  30.468325,  52.251587,
  NODE, 3785,    0,    0,  28.227810,  54.926472,
  NODE, 3786,    0,    0,  27.733917,  55.188492,
  NODE, 3787,    0,    0,  27.747198,  54.680534,
  NODE, 3788,    0,    0,  25.990431,  56.851418,
  NODE, 3789,    0,    0,  25.626240,  57.086304,
  NODE, 3790,    0,    0,  25.468655,  56.650005,
  NODE, 3791,    0,    0,  24.536844,  57.645210,
  NODE, 3792,    0,    0,  24.536617,  58.168171,
  NODE, 3793,    0,    0,  24.010639,  57.780281,
  NODE, 3794,    0,    0,  39.110596,  45.103485,
  NODE, 3795,    0,    0,  39.538094,  44.785194,
  NODE, 3796,    0,    0,  39.572506,  45.318291,
  NODE, 3797,    0,    0,  39.678108,  46.244721,
  NODE, 3798,    0,    0,  40.000000,  46.500000,
  NODE, 3799,    0,    0,  39.678108,  46.744721,
  NODE, 3800,    0,    0,  37.150108,  48.396782,
  NODE, 3801,    0,    0,  36.898926,  48.784885,
  NODE, 3802,    0,    0,  36.628090,  48.385529,
  NODE, 3803,    0,    0,  34.533402,  50.132958,
  NODE, 3804,    0,    0,  35.064278,  50.148991,
  NODE, 3805,    0,    0,  34.788147,  50.617302,
  NODE, 3806,    0,    0,  33.166496,  51.960945,
  NODE, 3807,    0,    0,  33.655220,  52.183258,
  NODE, 3808,    0,    0,  33.175343,  52.529804,
  NODE, 3809,    0,    0,  31.418991,  54.420708,
  NODE, 3810,    0,    0,  31.895020,  54.410976,
  NODE, 3811,    0,    0,  31.578600,  54.924782,
  NODE, 3812,    0,    0,  28.180475,  56.962013,
  NODE, 3813,    0,    0,  27.707224,  57.206909,
  NODE, 3814,    0,    0,  27.721285,  56.691574,
  NODE, 3815,    0,    0,  26.638920,  57.683655,
  NODE, 3816,    0,    0,  26.608276,  58.197807,
  NODE, 3817,    0,    0,  26.117371,  57.801868,
  NODE, 3818,    0,    0,  38.833881,  46.059067,
  NODE, 3819,    0,    0,  39.250614,  46.063011,
  NODE, 3820,    0,    0,  38.939484,  46.485497,
  NODE, 3821,    0,    0,  39.542160,  48.184448,
  NODE, 3822,    0,    0,  40.000000,  48.500000,
  NODE, 3823,    0,    0,  39.542160,  48.684448,
  NODE, 3824,    0,    0,  36.652695,  49.255299,
  NODE, 3825,    0,    0,  36.394795,  49.714359,
  NODE, 3826,    0,    0,  36.119007,  49.232689,
  NODE, 3827,    0,    0,  34.025612,  52.504616,
  NODE, 3828,    0,    0,  34.016762,  51.935753,
  NODE, 3829,    0,    0,  32.444149,  55.165817,
  NODE, 3830,    0,    0,  32.309799,  55.672298,
  NODE, 3831,    0,    0,  31.920277,  55.421532,
  NODE, 3832,    0,    0,  30.812395,  56.444977,
  NODE, 3833,    0,    0,  30.519817,  56.948662,
  NODE, 3834,    0,    0,  30.235924,  56.446209,
  NODE, 3835,    0,    0,  27.648121,  57.778469,
  NODE, 3836,    0,    0,  27.188931,  57.508034,
  NODE, 3837,    0,    0,  39.117294,  47.851536,
  NODE, 3838,    0,    0,  38.519859,  48.017689,
  NODE, 3839,    0,    0,  38.552834,  47.500324,
  NODE, 3840,    0,    0,  39.550900,  50.198555,
  NODE, 3841,    0,    0,  40.000000,  50.500000,
  NODE, 3842,    0,    0,  39.550900,  50.698555,
  NODE, 3843,    0,    0,  36.727436,  51.932526,
  NODE, 3844,    0,    0,  37.091087,  51.948029,
  NODE, 3845,    0,    0,  36.906899,  52.315697,
  NODE, 3846,    0,    0,  34.798355,  54.955765,
  NODE, 3847,    0,    0,  34.299980,  55.232632,
  NODE, 3848,    0,    0,  34.284988,  54.634491,
  NODE, 3849,    0,    0,  32.460503,  56.703728,
  NODE, 3850,    0,    0,  32.862526,  56.951443,
  NODE, 3851,    0,    0,  32.471619,  57.219975,
  NODE, 3852,    0,    0,  30.229469,  57.376350,
  NODE, 3853,    0,    0,  30.805939,  57.375122,
  NODE, 3854,    0,    0,  39.100472,  49.897247,
  NODE, 3855,    0,    0,  38.596928,  50.100967,
  NODE, 3856,    0,    0,  38.595604,  49.601112,
  NODE, 3857,    0,    0,  39.509987,  52.201794,
  NODE, 3858,    0,    0,  40.000000,  52.500000,
  NODE, 3859,    0,    0,  39.509987,  52.701794,
  NODE, 3860,    0,    0,  36.304955,  54.653725,
  NODE, 3861,    0,    0,  35.803642,  54.353108,
  NODE, 3862,    0,    0,  36.297813,  54.094502,
  NODE, 3863,    0,    0,  34.689335,  56.868721,
  NODE, 3864,    0,    0,  34.340347,  57.119919,
  NODE, 3865,    0,    0,  34.142899,  56.681027,
  NODE, 3866,    0,    0,  33.387520,  57.772274,
  NODE, 3867,    0,    0,  33.391659,  58.223984,
  NODE, 3868,    0,    0,  32.877777,  57.919399,
  NODE, 3869,    0,    0,  39.049736,  51.894798,
  NODE, 3870,    0,    0,  38.515450,  52.060654,
  NODE, 3871,    0,    0,  38.545212,  51.551868,
  NODE, 3872,    0,    0,  39.068535,  55.989624,
  NODE, 3873,    0,    0,  38.510193,  56.227688,
  NODE, 3874,    0,    0,  38.507072,  55.727554,
  NODE, 3875,    0,    0,  36.824738,  55.945091,
  NODE, 3876,    0,    0,  36.369858,  56.197926,
  NODE, 3877,    0,    0,  36.352959,  55.690617,
  NODE, 3878,    0,    0,  35.409546,  57.695763,
  NODE, 3879,    0,    0,  35.431000,  58.207962,
  NODE, 3880,    0,    0,  34.908238,  57.819809,
  NODE, 3881,    0,    0,  38.685982,  54.745022,
  NODE, 3882,    0,    0,  39.060989,  54.993221,
  NODE, 3883,    0,    0,  38.690403,  55.241287,
  NODE, 3884,    0,    0,  39.070763,  57.003159,
  NODE, 3885,    0,    0,  39.535828,  56.744881,
  NODE, 3886,    0,    0,  39.534935,  57.258278,
  NODE, 3887,    0,    0,  36.855003,  56.959595,
  NODE, 3888,    0,    0,  36.404099,  57.204010,
  NODE, 3889,    0,    0,  36.390728,  56.696816,
  NODE, 3890,    0,    0,  37.958733,  56.984722,
  NODE, 3891,    0,    0,  37.769428,  56.471134,
  NODE, 3892,    0,    0,  38.138031,  56.479206,
  NODE, 3893,    0,    0,  37.722633,  59.551575,
  NODE, 3894,    0,    0,  37.500000,  60.000000,
  NODE, 3895,    0,    0,  37.222633,  59.551575,
  NODE, 3896,    0,    0,  35.733635,  59.551804,
  NODE, 3897,    0,    0,  35.500000,  60.000000,
  NODE, 3898,    0,    0,  35.233635,  59.551804,
  NODE, 3899,    0,    0,  33.724518,  59.555595,
  NODE, 3900,    0,    0,  33.500000,  60.000000,
  NODE, 3901,    0,    0,  33.224518,  59.555595,
  NODE, 3902,    0,    0,  31.768795,  59.613728,
  NODE, 3903,    0,    0,  31.500000,  60.000000,
  NODE, 3904,    0,    0,  31.268795,  59.613728,
  NODE, 3905,    0,    0,  29.737419,  59.615089,
  NODE, 3906,    0,    0,  29.500000,  60.000000,
  NODE, 3907,    0,    0,  29.237419,  59.615089,
  NODE, 3908,    0,    0,  27.782848,  59.557388,
  NODE, 3909,    0,    0,  27.500000,  60.000000,
  NODE, 3910,    0,    0,  27.282848,  59.557388,
  NODE, 3911,    0,    0,  25.767700,  59.545670,
  NODE, 3912,    0,    0,  25.500000,  60.000000,
  NODE, 3913,    0,    0,  25.267700,  59.545670,
  NODE, 3914,    0,    0,  23.747608,  59.544830,
  NODE, 3915,    0,    0,  23.500000,  60.000000,
  NODE, 3916,    0,    0,  23.247608,  59.544830,
  NODE, 3917,    0,    0,  21.735006,  59.551872,
  NODE, 3918,    0,    0,  21.500000,  60.000000,
  NODE, 3919,    0,    0,  21.235006,  59.551872,
  NODE, 3920,    0,    0,  19.739172,  59.551762,
  NODE, 3921,    0,    0,  19.500000,  60.000000,
  NODE, 3922,    0,    0,  19.239172,  59.551762,
  NODE, 3923,    0,    0,  17.750176,  59.549385,
  NODE, 3924,    0,    0,  17.500000,  60.000000,
  NODE, 3925,    0,    0,  17.250176,  59.549385,
  NODE, 3926,    0,    0,  14.970848,  59.090630,
  NODE, 3927,    0,    0,  14.731125,  59.545464,
  NODE, 3928,    0,    0,  12.939770,  59.105476,
  NODE, 3929,    0,    0,  12.716062,  59.555641,
  NODE, 3930,    0,    0,  10.971848,  59.178654,
  NODE, 3931,    0,    0,  10.761749,  59.613518,
  NODE, 3932,    0,    0,   8.976784,  59.070293,
  NODE, 3933,    0,    0,   8.731648,  59.613110,
  NODE, 3934,    0,    0,   8.013993,  59.177158,
  NODE, 3935,    0,    0,   7.913107,  58.608364,
  NODE, 3936,    0,    0,   8.362410,  58.657425,
  NODE, 3937,    0,    0,   6.051154,  59.103233,
  NODE, 3938,    0,    0,   5.832975,  58.580467,
  NODE, 3939,    0,    0,   6.339167,  58.584831,
  NODE, 3940,    0,    0,   4.025958,  59.101154,
  NODE, 3941,    0,    0,   3.792820,  58.588448,
  NODE, 3942,    0,    0,   4.300469,  58.586891,
  NODE, 3943,    0,    0,   5.076557,  54.953842,
  NODE, 3944,    0,    0,   4.567875,  55.191315,
  NODE, 3945,    0,    0,   4.651278,  54.672745,
  NODE, 3946,    0,    0,   4.526123,  55.692051,
  NODE, 3947,    0,    0,   7.723248,  55.715958,
  NODE, 3948,    0,    0,   7.730268,  56.198502,
  NODE, 3949,    0,    0,   7.218925,  55.969338,
  NODE, 3950,    0,    0,   9.760984,  54.452683,
  NODE, 3951,    0,    0,   9.482124,  54.942932,
  NODE, 3952,    0,    0,   9.196571,  54.458786,
  NODE, 3953,    0,    0,  12.239842,  55.672890,
  NODE, 3954,    0,    0,  12.251196,  56.181679,
  NODE, 3955,    0,    0,  11.785849,  55.927246,
  NODE, 3956,    0,    0,  14.321407,  55.739327,
  NODE, 3957,    0,    0,  14.516226,  56.172112,
  NODE, 3958,    0,    0,  13.971956,  55.976112,
  NODE, 3959,    0,    0,  16.498573,  55.711899,
  NODE, 3960,    0,    0,  16.694689,  56.152817,
  NODE, 3961,    0,    0,  16.131985,  55.965424,
  NODE, 3962,    0,    0,  18.014557,  55.874603,
  NODE, 3963,    0,    0,  17.540264,  56.151947,
  NODE, 3964,    0,    0,  17.535572,  55.621948,
  NODE, 3965,    0,    0,  20.485218,  55.620987,
  NODE, 3966,    0,    0,  20.465735,  56.156822,
  NODE, 3967,    0,    0,  19.983568,  55.877838,
  NODE, 3968,    0,    0,  22.280249,  55.814049,
  NODE, 3969,    0,    0,  22.573755,  55.673035,
  NODE, 3970,    0,    0,  22.757097,  56.006844,
  NODE, 3971,    0,    0,  24.263542,  55.972771,
  NODE, 3972,    0,    0,  24.630302,  55.746319,
  NODE, 3973,    0,    0,  24.779003,  56.174408,
  NODE, 3974,    0,    0,  26.381409,  56.000969,
  NODE, 3975,    0,    0,  26.750732,  55.756138,
  NODE, 3976,    0,    0,  26.915398,  56.185478,
  NODE, 3977,    0,    0,  28.740887,  55.687550,
  NODE, 3978,    0,    0,  28.730890,  56.193676,
  NODE, 3979,    0,    0,  28.204533,  55.940556,
  NODE, 3980,    0,    0,  30.816921,  54.453102,
  NODE, 3981,    0,    0,  30.535477,  54.940132,
  NODE, 3982,    0,    0,  30.249825,  54.458725,
  NODE, 3983,    0,    0,  33.296433,  55.672058,
  NODE, 3984,    0,    0,  33.305306,  56.181366,
  NODE, 3985,    0,    0,  32.842545,  55.925888,
  NODE, 3986,    0,    0,  35.355713,  55.748680,
  NODE, 3987,    0,    0,  35.552132,  56.185661,
  NODE, 3988,    0,    0,  35.009769,  55.990887,
  NODE, 3989,    0,    0,  36.803482,  54.916451,
  NODE, 3990,    0,    0,  36.309311,  55.175057,
  NODE, 3991,    0,    0,   3.673740,  54.642571,
  NODE, 3992,    0,    0,   3.188739,  54.899994,
  NODE, 3993,    0,    0,   6.739597,  52.508400,
  NODE, 3994,    0,    0,   6.246325,  52.180626,
  NODE, 3995,    0,    0,   6.746239,  51.911087,
  NODE, 3996,    0,    0,   6.734943,  53.065498,
  NODE, 3997,    0,    0,   6.721998,  53.633453,
  NODE, 3998,    0,    0,   6.226739,  53.345894,
  NODE, 3999,    0,    0,   9.700507,  53.440498,
  NODE, 4000,    0,    0,   9.235971,  53.574417,
  NODE, 4001,    0,    0,   9.461048,  53.046383,
  NODE, 4002,    0,    0,  12.185875,  53.609486,
  NODE, 4003,    0,    0,  12.209671,  54.123295,
  NODE, 4004,    0,    0,  11.726513,  53.882919,
  NODE, 4005,    0,    0,  13.139106,  53.564209,
  NODE, 4006,    0,    0,  12.641658,  53.334465,
  NODE, 4007,    0,    0,  13.111730,  53.048813,
  NODE, 4008,    0,    0,  15.834005,  52.638138,
  NODE, 4009,    0,    0,  16.102287,  52.180466,
  NODE, 4010,    0,    0,  17.700111,  52.450913,
  NODE, 4011,    0,    0,  17.682726,  52.946068,
  NODE, 4012,    0,    0,  20.558538,  53.401760,
  NODE, 4013,    0,    0,  20.577896,  53.925446,
  NODE, 4014,    0,    0,  20.018629,  53.728340,
  NODE, 4015,    0,    0,  23.238304,  53.298080,
  NODE, 4016,    0,    0,  22.740074,  53.529991,
  NODE, 4017,    0,    0,  24.737280,  53.593971,
  NODE, 4018,    0,    0,  24.714018,  54.134857,
  NODE, 4019,    0,    0,  24.214510,  53.862377,
  NODE, 4020,    0,    0,  26.779247,  53.591408,
  NODE, 4021,    0,    0,  26.766449,  54.149742,
  NODE, 4022,    0,    0,  26.258907,  53.865360,
  NODE, 4023,    0,    0,  28.824890,  53.655220,
  NODE, 4024,    0,    0,  28.794899,  54.184597,
  NODE, 4025,    0,    0,  28.271080,  53.889137,
  NODE, 4026,    0,    0,  30.750107,  53.443642,
  NODE, 4027,    0,    0,  30.291700,  53.586411,
  NODE, 4028,    0,    0,  30.510536,  53.058357,
  NODE, 4029,    0,    0,  33.257191,  53.582443,
  NODE, 4030,    0,    0,  33.282028,  54.103668,
  NODE, 4031,    0,    0,  32.790882,  53.866013,
  NODE, 4032,    0,    0,  34.252457,  53.481117,
  NODE, 4033,    0,    0,  33.706204,  53.286110,
  NODE, 4034,    0,    0,  34.210327,  52.947128,
  NODE, 4035,    0,    0,  37.414787,  53.630920,
  NODE, 4036,    0,    0,  37.372948,  54.223541,
  NODE, 4037,    0,    0,  36.840965,  53.802494,
  NODE, 4038,    0,    0,   2.411623,  52.166435,
  NODE, 4039,    0,    0,   2.557337,  51.783188,
  NODE, 4040,    0,    0,   2.987551,  52.020134,
  NODE, 4041,    0,    0,   4.769311,  52.508614,
  NODE, 4042,    0,    0,   4.270523,  52.216385,
  NODE, 4043,    0,    0,   4.752445,  51.951462,
  NODE, 4044,    0,    0,   9.133102,  50.465824,
  NODE, 4045,    0,    0,   8.584012,  50.223640,
  NODE, 4046,    0,    0,   9.001060,  49.969750,
  NODE, 4047,    0,    0,  10.037863,  51.083794,
  NODE, 4048,    0,    0,  10.562273,  51.367653,
  NODE, 4049,    0,    0,  10.030556,  51.682022,
  NODE, 4050,    0,    0,  12.078487,  51.550453,
  NODE, 4051,    0,    0,  11.620955,  51.832893,
  NODE, 4052,    0,    0,  14.059446,  51.498711,
  NODE, 4053,    0,    0,  14.062132,  52.006214,
  NODE, 4054,    0,    0,  13.535389,  51.762489,
  NODE, 4055,    0,    0,  16.111973,  51.278473,
  NODE, 4056,    0,    0,  15.571383,  51.259682,
  NODE, 4057,    0,    0,  15.853648,  50.807991,
  NODE, 4058,    0,    0,  18.569561,  51.481491,
  NODE, 4059,    0,    0,  18.570461,  51.971001,
  NODE, 4060,    0,    0,  18.097996,  51.729034,
  NODE, 4061,    0,    0,  20.562054,  51.463833,
  NODE, 4062,    0,    0,  19.987942,  51.712433,
  NODE, 4063,    0,    0,  22.778881,  51.493141,
  NODE, 4064,    0,    0,  22.783222,  51.994984,
  NODE, 4065,    0,    0,  22.291298,  51.733387,
  NODE, 4066,    0,    0,  24.672157,  51.497353,
  NODE, 4067,    0,    0,  24.691036,  52.005245,
  NODE, 4068,    0,    0,  24.212639,  51.764557,
  NODE, 4069,    0,    0,  25.486576,  50.585693,
  NODE, 4070,    0,    0,  25.508553,  50.095017,
  NODE, 4071,    0,    0,  28.859181,  51.511063,
  NODE, 4072,    0,    0,  28.830139,  52.040451,
  NODE, 4073,    0,    0,  28.360931,  51.753017,
  NODE, 4074,    0,    0,  30.632790,  51.726646,
  NODE, 4075,    0,    0,  31.022835,  51.635876,
  NODE, 4076,    0,    0,  31.180298,  52.047333,
  NODE, 4077,    0,    0,  33.077946,  51.447907,
  NODE, 4078,    0,    0,  32.598068,  51.794453,
  NODE, 4079,    0,    0,  34.572704,  51.881737,
  NODE, 4080,    0,    0,  34.202316,  51.560375,
  NODE, 4081,    0,    0,  37.177609,  51.138504,
  NODE, 4082,    0,    0,  37.727257,  51.214943,
  NODE, 4083,    0,    0,  37.461273,  51.641289,
  NODE, 4084,    0,    0,   2.465153,  49.808731,
  NODE, 4085,    0,    0,   2.207571,  49.339653,
  NODE, 4086,    0,    0,   5.227502,  50.594475,
  NODE, 4087,    0,    0,   4.969073,  50.144501,
  NODE, 4088,    0,    0,   5.489474,  50.130795,
  NODE, 4089,    0,    0,   7.565010,  50.191380,
  NODE, 4090,    0,    0,   7.054304,  50.175102,
  NODE, 4091,    0,    0,  12.167414,  48.376545,
  NODE, 4092,    0,    0,  12.165065,  48.883995,
  NODE, 4093,    0,    0,  11.691696,  48.622002,
  NODE, 4094,    0,    0,  12.634470,  49.164131,
  NODE, 4095,    0,    0,  12.158752,  49.409592,
  NODE, 4096,    0,    0,  14.212788,  49.398399,
  NODE, 4097,    0,    0,  14.202854,  49.928551,
  NODE, 4098,    0,    0,  13.598865,  49.678925,
  NODE, 4099,    0,    0,  16.512013,  49.519951,
  NODE, 4100,    0,    0,  16.436043,  49.963432,
  NODE, 4101,    0,    0,  15.984695,  49.616230,
  NODE, 4102,    0,    0,  18.484264,  49.478630,
  NODE, 4103,    0,    0,  18.516876,  49.987465,
  NODE, 4104,    0,    0,  18.025795,  49.752384,
  NODE, 4105,    0,    0,  20.500183,  49.436607,
  NODE, 4106,    0,    0,  20.517210,  49.948135,
  NODE, 4107,    0,    0,  19.931774,  49.693581,
  NODE, 4108,    0,    0,  22.728050,  49.451576,
  NODE, 4109,    0,    0,  22.735970,  49.967335,
  NODE, 4110,    0,    0,  22.250456,  49.698906,
  NODE, 4111,    0,    0,  24.637425,  49.515144,
  NODE, 4112,    0,    0,  24.165728,  49.744198,
  NODE, 4113,    0,    0,  26.429178,  49.767494,
  NODE, 4114,    0,    0,  26.773655,  49.426949,
  NODE, 4115,    0,    0,  27.055653,  49.844521,
  NODE, 4116,    0,    0,  28.937489,  49.357948,
  NODE, 4117,    0,    0,  28.929138,  49.871155,
  NODE, 4118,    0,    0,  28.428001,  49.625195,
  NODE, 4119,    0,    0,  30.797504,  49.098465,
  NODE, 4120,    0,    0,  31.346529,  49.185928,
  NODE, 4121,    0,    0,  31.077915,  49.639744,
  NODE, 4122,    0,    0,  31.981936,  50.064575,
  NODE, 4123,    0,    0,  32.179546,  49.664726,
  NODE, 4124,    0,    0,  35.597683,  49.206615,
  NODE, 4125,    0,    0,  35.335320,  49.678200,
  NODE, 4126,    0,    0,  37.174713,  49.266556,
  NODE, 4127,    0,    0,  37.756500,  49.300488,
  NODE, 4128,    0,    0,  37.510269,  49.770901,
  NODE, 4129,    0,    0,   2.813313,  48.429153,
  NODE, 4130,    0,    0,   2.244976,  48.282154,
  NODE, 4131,    0,    0,   2.519240,  47.880341,
  NODE, 4132,    0,    0,   4.434857,  48.216766,
  NODE, 4133,    0,    0,   4.749900,  47.761551,
  NODE, 4134,    0,    0,   7.662357,  48.601425,
  NODE, 4135,    0,    0,   7.226409,  48.522511,
  NODE, 4136,    0,    0,   8.461138,  48.014607,
  NODE, 4137,    0,    0,   8.923428,  47.744267,
  NODE, 4138,    0,    0,  13.919617,  46.850021,
  NODE, 4139,    0,    0,  13.547696,  46.595715,
  NODE, 4140,    0,    0,  13.931246,  46.353638,
  NODE, 4141,    0,    0,  13.071976,  46.845703,
  NODE, 4142,    0,    0,  13.083605,  46.349320,
  NODE, 4143,    0,    0,  16.427805,  46.400459,
  NODE, 4144,    0,    0,  16.417156,  47.000565,
  NODE, 4145,    0,    0,  18.445019,  47.401123,
  NODE, 4146,    0,    0,  17.974312,  47.676445,
  NODE, 4147,    0,    0,  20.476067,  47.372604,
  NODE, 4148,    0,    0,  20.477753,  47.888424,
  NODE, 4149,    0,    0,  19.894980,  47.637051,
  NODE, 4150,    0,    0,  23.232544,  47.097752,
  NODE, 4151,    0,    0,  22.737326,  47.370403,
  NODE, 4152,    0,    0,  24.710802,  47.431599,
  NODE, 4153,    0,    0,  24.216919,  47.659599,
  NODE, 4154,    0,    0,  26.594990,  47.921722,
  NODE, 4155,    0,    0,  26.960430,  47.497940,
  NODE, 4156,    0,    0,  27.221661,  48.037918,
  NODE, 4157,    0,    0,  28.978108,  47.557102,
  NODE, 4158,    0,    0,  28.944286,  47.965492,
  NODE, 4159,    0,    0,  28.511433,  47.771065,
  NODE, 4160,    0,    0,  31.144238,  47.274006,
  NODE, 4161,    0,    0,  31.009823,  47.654823,
  NODE, 4162,    0,    0,  30.608620,  47.384872,
  NODE, 4163,    0,    0,  33.000771,  47.266663,
  NODE, 4164,    0,    0,  33.532097,  47.309586,
  NODE, 4165,    0,    0,  33.246101,  47.727715,
  NODE, 4166,    0,    0,  34.517380,  47.373367,
  NODE, 4167,    0,    0,  34.277813,  47.789314,
  NODE, 4168,    0,    0,  34.016998,  47.354691,
  NODE, 4169,    0,    0,  37.384235,  47.360367,
  NODE, 4170,    0,    0,  37.417336,  47.831951,
  NODE, 4171,    0,    0,  36.846169,  47.525841,
  NODE, 4172,    0,    0,   2.573252,  45.771198,
  NODE, 4173,    0,    0,   2.576391,  45.246391,
  NODE, 4174,    0,    0,   3.133306,  45.503067,
  NODE, 4175,    0,    0,   4.548048,  45.716713,
  NODE, 4176,    0,    0,   4.552783,  45.216007,
  NODE, 4177,    0,    0,   4.998151,  45.454720,
  NODE, 4178,    0,    0,   6.323846,  46.016335,
  NODE, 4179,    0,    0,   6.612133,  45.463432,
  NODE, 4180,    0,    0,   8.552700,  45.913216,
  NODE, 4181,    0,    0,   8.964260,  45.608254,
  NODE, 4182,    0,    0,  12.604977,  46.093559,
  NODE, 4183,    0,    0,  12.154854,  46.355133,
  NODE, 4184,    0,    0,  16.671524,  44.074684,
  NODE, 4185,    0,    0,  16.048365,  44.392597,
  NODE, 4186,    0,    0,  14.867533,  44.721176,
  NODE, 4187,    0,    0,  15.077539,  44.379425,
  NODE, 4188,    0,    0,  15.388384,  44.546799,
  NODE, 4189,    0,    0,  18.974239,  45.057564,
  NODE, 4190,    0,    0,  18.496166,  45.300976,
  NODE, 4191,    0,    0,  20.489233,  45.327484,
  NODE, 4192,    0,    0,  20.480185,  45.839462,
  NODE, 4193,    0,    0,  19.913876,  45.581642,
  NODE, 4194,    0,    0,  22.663345,  45.302269,
  NODE, 4195,    0,    0,  22.682190,  45.805283,
  NODE, 4196,    0,    0,  22.198572,  45.574604,
  NODE, 4197,    0,    0,  23.559658,  44.297344,
  NODE, 4198,    0,    0,  23.569187,  43.787533,
  NODE, 4199,    0,    0,  26.985252,  45.347168,
  NODE, 4200,    0,    0,  26.953878,  45.874741,
  NODE, 4201,    0,    0,  26.404568,  45.626446,
  NODE, 4202,    0,    0,  29.258349,  45.004429,
  NODE, 4203,    0,    0,  28.930821,  45.376381,
  NODE, 4204,    0,    0,  31.202370,  43.349884,
  NODE, 4205,    0,    0,  31.419859,  43.838631,
  NODE, 4206,    0,    0,  33.151817,  44.526062,
  NODE, 4207,    0,    0,  33.664768,  44.748726,
  NODE, 4208,    0,    0,  33.239914,  45.101860,
  NODE, 4209,    0,    0,  35.268208,  45.064117,
  NODE, 4210,    0,    0,  35.272263,  45.717339,
  NODE, 4211,    0,    0,  34.757210,  45.367912,
  NODE, 4212,    0,    0,  37.337120,  45.063751,
  NODE, 4213,    0,    0,  37.356937,  45.607491,
  NODE, 4214,    0,    0,  36.762047,  45.391777,
  NODE, 4215,    0,    0,   2.605608,  43.707962,
  NODE, 4216,    0,    0,   2.559240,  43.248993,
  NODE, 4217,    0,    0,   3.087529,  43.487259,
  NODE, 4218,    0,    0,   4.089082,  43.850185,
  NODE, 4219,    0,    0,   4.551375,  43.602036,
  NODE, 4220,    0,    0,   6.211656,  44.448196,
  NODE, 4221,    0,    0,   5.888634,  43.943741,
  NODE, 4222,    0,    0,   6.350738,  43.942253,
  NODE, 4223,    0,    0,   8.798224,  45.149727,
  NODE, 4224,    0,    0,  11.303187,  44.389580,
  NODE, 4225,    0,    0,  10.740822,  44.195274,
  NODE, 4226,    0,    0,  11.115739,  43.915054,
  NODE, 4227,    0,    0,  13.599972,  44.562801,
  NODE, 4228,    0,    0,  13.113476,  44.827202,
  NODE, 4229,    0,    0,  13.111461,  44.310494,
  NODE, 4230,    0,    0,  17.636875,  42.256187,
  NODE, 4231,    0,    0,  18.038010,  42.510689,
  NODE, 4232,    0,    0,  17.634316,  42.770329,
  NODE, 4233,    0,    0,  17.038946,  43.042530,
  NODE, 4234,    0,    0,  16.555058,  43.015839,
  NODE, 4235,    0,    0,  16.749294,  42.489143,
  NODE, 4236,    0,    0,  20.492634,  43.282578,
  NODE, 4237,    0,    0,  20.492346,  43.797630,
  NODE, 4238,    0,    0,  19.934401,  43.533844,
  NODE, 4239,    0,    0,  22.624897,  43.268601,
  NODE, 4240,    0,    0,  22.157494,  43.532379,
  NODE, 4241,    0,    0,  24.718939,  43.229691,
  NODE, 4242,    0,    0,  24.676262,  43.815170,
  NODE, 4243,    0,    0,  24.082565,  43.465965,
  NODE, 4244,    0,    0,  27.334160,  42.990753,
  NODE, 4245,    0,    0,  26.968044,  43.408417,
  NODE, 4246,    0,    0,  28.220966,  42.329804,
  NODE, 4247,    0,    0,  28.548740,  42.337105,
  NODE, 4248,    0,    0,  30.906281,  42.822601,
  NODE, 4249,    0,    0,  31.491592,  42.895271,
  NODE, 4250,    0,    0,  32.591923,  42.807327,
  NODE, 4251,    0,    0,  33.115494,  42.785358,
  NODE, 4252,    0,    0,  34.594849,  42.694145,
  NODE, 4253,    0,    0,  35.104843,  42.680382,
  NODE, 4254,    0,    0,  37.162834,  42.629890,
  NODE, 4255,    0,    0,  37.515190,  42.828796,
  NODE, 4256,    0,    0,   2.678055,  41.713013,
  NODE, 4257,    0,    0,   2.096193,  41.671852,
  NODE, 4258,    0,    0,   2.409503,  41.140797,
  NODE, 4259,    0,    0,   4.874002,  41.752708,
  NODE, 4260,    0,    0,   4.350166,  41.725830,
  NODE, 4261,    0,    0,   4.624779,  41.254166,
  NODE, 4262,    0,    0,   7.032796,  41.881340,
  NODE, 4263,    0,    0,   6.466435,  41.868065,
  NODE, 4264,    0,    0,   6.779934,  41.363277,
  NODE, 4265,    0,    0,   9.254506,  42.190552,
  NODE, 4266,    0,    0,   9.632276,  42.475342,
  NODE, 4267,    0,    0,   9.219263,  42.726059,
  NODE, 4268,    0,    0,  12.172861,  42.248276,
  NODE, 4269,    0,    0,  12.159359,  42.790379,
  NODE, 4270,    0,    0,  13.244083,  42.292572,
  NODE, 4271,    0,    0,  12.690852,  41.986889,
  NODE, 4272,    0,    0,  13.258169,  41.757389,
  NODE, 4273,    0,    0,  15.414803,  41.966019,
  NODE, 4274,    0,    0,  14.880183,  41.861485,
  NODE, 4275,    0,    0,  15.269468,  41.423851,
  NODE, 4276,    0,    0,  19.767094,  40.458782,
  NODE, 4277,    0,    0,  19.386730,  40.660240,
  NODE, 4278,    0,    0,  19.309164,  40.208363,
  NODE, 4279,    0,    0,  19.405119,  41.185524,
  NODE, 4280,    0,    0,  18.947189,  40.935104,
  NODE, 4281,    0,    0,  22.369530,  40.659374,
  NODE, 4282,    0,    0,  21.843670,  40.651466,
  NODE, 4283,    0,    0,  23.995596,  40.783825,
  NODE, 4284,    0,    0,  24.613972,  40.784020,
  NODE, 4285,    0,    0,  25.942047,  40.242012,
  NODE, 4286,    0,    0,  26.276846,  40.279770,
  NODE, 4287,    0,    0,  29.257816,  40.920075,
  NODE, 4288,    0,    0,  28.977329,  41.342957,
  NODE, 4289,    0,    0,  31.443775,  40.913033,
  NODE, 4290,    0,    0,  31.173576,  41.402752,
  NODE, 4291,    0,    0,  33.011501,  40.892334,
  NODE, 4292,    0,    0,  33.531014,  40.884232,
  NODE, 4293,    0,    0,  33.284878,  41.376946,
  NODE, 4294,    0,    0,  35.889629,  40.231953,
  NODE, 4295,    0,    0,  36.156876,  40.714119,
  NODE, 4296,    0,    0,  35.622719,  40.751511,
  NODE, 4297,    0,    0,  37.238365,  40.652271,
  NODE, 4298,    0,    0,  37.824623,  40.613724,
  NODE, 4299,    0,    0,  37.566170,  41.146378,
  NODE, 4300,    0,    0,   2.773058,  39.627022,
  NODE, 4301,    0,    0,   2.193381,  39.595764,
  NODE, 4302,    0,    0,   2.466620,  39.101189,
  NODE, 4303,    0,    0,   4.916951,  39.753502,
  NODE, 4304,    0,    0,   4.390694,  39.721550,
  NODE, 4305,    0,    0,   4.663460,  39.226517,
  NODE, 4306,    0,    0,   7.085990,  39.833172,
  NODE, 4307,    0,    0,   6.522947,  39.829357,
  NODE, 4308,    0,    0,   6.817828,  39.317322,
  NODE, 4309,    0,    0,   9.148955,  39.570698,
  NODE, 4310,    0,    0,   9.682734,  39.298744,
  NODE, 4311,    0,    0,  11.153924,  39.540848,
  NODE, 4312,    0,    0,  11.640999,  39.264656,
  NODE, 4313,    0,    0,  14.114279,  40.079182,
  NODE, 4314,    0,    0,  14.134836,  40.603508,
  NODE, 4315,    0,    0,  13.671811,  40.375176,
  NODE, 4316,    0,    0,  14.946984,  40.069397,
  NODE, 4317,    0,    0,  14.575365,  39.783745,
  NODE, 4318,    0,    0,  14.945046,  39.545624,
  NODE, 4319,    0,    0,  18.525852,  39.563492,
  NODE, 4320,    0,    0,  18.977480,  39.849365,
  NODE, 4321,    0,    0,  18.477173,  40.123947,
  NODE, 4322,    0,    0,  22.185791,  38.353035,
  NODE, 4323,    0,    0,  22.433327,  38.835320,
  NODE, 4324,    0,    0,  21.900126,  38.826458,
  NODE, 4325,    0,    0,  21.927340,  37.865921,
  NODE, 4326,    0,    0,  22.460541,  37.874786,
  NODE, 4327,    0,    0,  25.080282,  38.832886,
  NODE, 4328,    0,    0,  24.836292,  39.303833,
  NODE, 4329,    0,    0,  24.556599,  38.877251,
  NODE, 4330,    0,    0,  27.114349,  38.924667,
  NODE, 4331,    0,    0,  26.822107,  39.347534,
  NODE, 4332,    0,    0,  28.253574,  38.916527,
  NODE, 4333,    0,    0,  27.927692,  39.451553,
  NODE, 4334,    0,    0,  27.664219,  38.943428,
  NODE, 4335,    0,    0,  30.909405,  38.976242,
  NODE, 4336,    0,    0,  31.426102,  38.979866,
  NODE, 4337,    0,    0,  31.163738,  39.451004,
  NODE, 4338,    0,    0,  32.926296,  38.935696,
  NODE, 4339,    0,    0,  33.447762,  38.910996,
  NODE, 4340,    0,    0,  33.222969,  39.407394,
  NODE, 4341,    0,    0,  35.839047,  38.218971,
  NODE, 4342,    0,    0,  36.122307,  38.694351,
  NODE, 4343,    0,    0,  35.584267,  38.739121,
  NODE, 4344,    0,    0,  37.919899,  38.063416,
  NODE, 4345,    0,    0,  38.245686,  38.555122,
  NODE, 4346,    0,    0,  37.789402,  38.575417,
  NODE, 4347,    0,    0,   2.078972,  38.063042,
  NODE, 4348,    0,    0,   1.765146,  37.542538,
  NODE, 4349,    0,    0,   2.219822,  37.561081,
  NODE, 4350,    0,    0,   4.938721,  37.702545,
  NODE, 4351,    0,    0,   4.415686,  37.673576,
  NODE, 4352,    0,    0,   4.681938,  37.174725,
  NODE, 4353,    0,    0,   7.097462,  37.770729,
  NODE, 4354,    0,    0,   6.539873,  37.766365,
  NODE, 4355,    0,    0,   6.824272,  37.249649,
  NODE, 4356,    0,    0,   9.110553,  37.487579,
  NODE, 4357,    0,    0,   9.099592,  36.973496,
  NODE, 4358,    0,    0,   9.626402,  37.215923,
  NODE, 4359,    0,    0,  11.037861,  37.422562,
  NODE, 4360,    0,    0,  10.994788,  36.906868,
  NODE, 4361,    0,    0,  11.492363,  37.143723,
  NODE, 4362,    0,    0,  12.975752,  37.924744,
  NODE, 4363,    0,    0,  12.530266,  37.587643,
  NODE, 4364,    0,    0,  12.984917,  37.364029,
  NODE, 4365,    0,    0,  15.320480,  38.082123,
  NODE, 4366,    0,    0,  14.772294,  37.808479,
  NODE, 4367,    0,    0,  15.147657,  37.553494,
  NODE, 4368,    0,    0,  17.027256,  37.665962,
  NODE, 4369,    0,    0,  17.247252,  37.211174,
  NODE, 4370,    0,    0,  17.604866,  37.655174,
  NODE, 4371,    0,    0,  20.095461,  38.335579,
  NODE, 4372,    0,    0,  20.351593,  38.785179,
  NODE, 4373,    0,    0,  19.838402,  38.788803,
  NODE, 4374,    0,    0,  24.829830,  35.446159,
  NODE, 4375,    0,    0,  25.249809,  35.712273,
  NODE, 4376,    0,    0,  24.747826,  36.005859,
  NODE, 4377,    0,    0,  23.950607,  36.549202,
  NODE, 4378,    0,    0,  23.838764,  37.074509,
  NODE, 4379,    0,    0,  26.590504,  36.848366,
  NODE, 4380,    0,    0,  27.145283,  36.831821,
  NODE, 4381,    0,    0,  26.913374,  37.381653,
  NODE, 4382,    0,    0,  28.913971,  36.844269,
  NODE, 4383,    0,    0,  29.458355,  36.876766,
  NODE, 4384,    0,    0,  29.135307,  37.418663,
  NODE, 4385,    0,    0,  31.012302,  34.936340,
  NODE, 4386,    0,    0,  31.249939,  35.366249,
  NODE, 4387,    0,    0,  33.195007,  34.922550,
  NODE, 4388,    0,    0,  33.505013,  35.433823,
  NODE, 4389,    0,    0,  34.977638,  36.958115,
  NODE, 4390,    0,    0,  34.541458,  36.876534,
  NODE, 4391,    0,    0,  34.782578,  36.491615,
  NODE, 4392,    0,    0,  37.865585,  36.041214,
  NODE, 4393,    0,    0,  38.216354,  36.532181,
  NODE, 4394,    0,    0,  37.738533,  36.549431,
  NODE, 4395,    0,    0,   2.112632,  36.049187,
  NODE, 4396,    0,    0,   1.810571,  35.531261,
  NODE, 4397,    0,    0,   2.269860,  35.552055,
  NODE, 4398,    0,    0,   4.923038,  35.659954,
  NODE, 4399,    0,    0,   4.415283,  35.668572,
  NODE, 4400,    0,    0,   4.661164,  35.163948,
  NODE, 4401,    0,    0,   7.088767,  35.702595,
  NODE, 4402,    0,    0,   6.529319,  35.698898,
  NODE, 4403,    0,    0,   6.809182,  35.181149,
  NODE, 4404,    0,    0,   9.072418,  35.434090,
  NODE, 4405,    0,    0,   9.582314,  35.165501,
  NODE, 4406,    0,    0,  10.937313,  35.394318,
  NODE, 4407,    0,    0,  10.927874,  34.894241,
  NODE, 4408,    0,    0,  11.389772,  35.134922,
  NODE, 4409,    0,    0,  12.629376,  36.069344,
  NODE, 4410,    0,    0,  12.298403,  35.605370,
  NODE, 4411,    0,    0,  12.746513,  35.583366,
  NODE, 4412,    0,    0,  15.447725,  35.624626,
  NODE, 4413,    0,    0,  14.924940,  35.614410,
  NODE, 4414,    0,    0,  15.199051,  35.134300,
  NODE, 4415,    0,    0,  17.045904,  35.688324,
  NODE, 4416,    0,    0,  17.340960,  35.210522,
  NODE, 4417,    0,    0,  20.127274,  35.190048,
  NODE, 4418,    0,    0,  20.637989,  35.066940,
  NODE, 4419,    0,    0,  20.623446,  35.527863,
  NODE, 4420,    0,    0,  22.428291,  36.013855,
  NODE, 4421,    0,    0,  22.178310,  36.423256,
  NODE, 4422,    0,    0,  21.910402,  36.040070,
  NODE, 4423,    0,    0,  26.593651,  34.148140,
  NODE, 4424,    0,    0,  26.842297,  34.639984,
  NODE, 4425,    0,    0,  26.226959,  34.663582,
  NODE, 4426,    0,    0,  25.903709,  35.153999,
  NODE, 4427,    0,    0,  25.655064,  34.662155,
  NODE, 4428,    0,    0,  29.005140,  32.934403,
  NODE, 4429,    0,    0,  29.216044,  33.357658,
  NODE, 4430,    0,    0,  31.302183,  34.483494,
  NODE, 4431,    0,    0,  32.393494,  34.492233,
  NODE, 4432,    0,    0,  32.927403,  34.479477,
  NODE, 4433,    0,    0,  34.528465,  34.410545,
  NODE, 4434,    0,    0,  35.113258,  34.408073,
  NODE, 4435,    0,    0,  37.770187,  33.995438,
  NODE, 4436,    0,    0,  38.166084,  34.509041,
  NODE, 4437,    0,    0,  37.640778,  34.506359,
  NODE, 4438,    0,    0,   2.257432,  34.027947,
  NODE, 4439,    0,    0,   1.875274,  33.502129,
  NODE, 4440,    0,    0,   2.402465,  33.517098,
  NODE, 4441,    0,    0,   4.827487,  33.575775,
  NODE, 4442,    0,    0,   4.334412,  33.556007,
  NODE, 4443,    0,    0,   4.638305,  33.039482,
  NODE, 4444,    0,    0,   7.072456,  33.623230,
  NODE, 4445,    0,    0,   6.509667,  33.620338,
  NODE, 4446,    0,    0,   6.793080,  33.097725,
  NODE, 4447,    0,    0,   9.061665,  33.359726,
  NODE, 4448,    0,    0,   9.035532,  32.905525,
  NODE, 4449,    0,    0,   9.536383,  33.161457,
  NODE, 4450,    0,    0,  11.753908,  34.386482,
  NODE, 4451,    0,    0,  11.754583,  33.884514,
  NODE, 4452,    0,    0,  13.319012,  33.652161,
  NODE, 4453,    0,    0,  12.716905,  33.648346,
  NODE, 4454,    0,    0,  12.984570,  33.160091,
  NODE, 4455,    0,    0,  15.470803,  33.712402,
  NODE, 4456,    0,    0,  14.949695,  33.687538,
  NODE, 4457,    0,    0,  15.215303,  33.227085,
  NODE, 4458,    0,    0,  17.359814,  33.355316,
  NODE, 4459,    0,    0,  17.360174,  32.895287,
  NODE, 4460,    0,    0,  17.864119,  33.065056,
  NODE, 4461,    0,    0,  19.469406,  33.464874,
  NODE, 4462,    0,    0,  19.361996,  32.923645,
  NODE, 4463,    0,    0,  19.954777,  33.109680,
  NODE, 4464,    0,    0,  21.554047,  33.259880,
  NODE, 4465,    0,    0,  21.579048,  32.799507,
  NODE, 4466,    0,    0,  22.068653,  33.145393,
  NODE, 4467,    0,    0,  23.963369,  33.508076,
  NODE, 4468,    0,    0,  24.382847,  33.429314,
  NODE, 4469,    0,    0,  24.125500,  33.905891,
  NODE, 4470,    0,    0,  28.492565,  31.999447,
  NODE, 4471,    0,    0,  28.764156,  32.449242,
  NODE, 4472,    0,    0,  28.225918,  32.441490,
  NODE, 4473,    0,    0,  28.232250,  31.518660,
  NODE, 4474,    0,    0,  28.770487,  31.526415,
  NODE, 4475,    0,    0,  31.493136,  32.603638,
  NODE, 4476,    0,    0,  31.136089,  33.097233,
  NODE, 4477,    0,    0,  33.387276,  32.540146,
  NODE, 4478,    0,    0,  33.194531,  33.081131,
  NODE, 4479,    0,    0,  32.860451,  32.582615,
  NODE, 4480,    0,    0,  35.837944,  31.977013,
  NODE, 4481,    0,    0,  36.109863,  32.437485,
  NODE, 4482,    0,    0,  35.582573,  32.444923,
  NODE, 4483,    0,    0,  37.884022,  31.987228,
  NODE, 4484,    0,    0,  38.191288,  32.486618,
  NODE, 4485,    0,    0,  37.733112,  32.479439,
  NODE, 4486,    0,    0,   2.259481,  31.960674,
  NODE, 4487,    0,    0,   1.853547,  31.455330,
  NODE, 4488,    0,    0,   2.380827,  31.446926,
  NODE, 4489,    0,    0,   4.848237,  31.482388,
  NODE, 4490,    0,    0,   4.342319,  31.430275,
  NODE, 4491,    0,    0,   4.665458,  30.931969,
  NODE, 4492,    0,    0,   7.057157,  31.543469,
  NODE, 4493,    0,    0,   6.513892,  31.542275,
  NODE, 4494,    0,    0,   6.788168,  31.027733,
  NODE, 4495,    0,    0,   8.684746,  31.471283,
  NODE, 4496,    0,    0,   8.936403,  30.973515,
  NODE, 4497,    0,    0,   9.220528,  31.449038,
  NODE, 4498,    0,    0,  11.067746,  31.111343,
  NODE, 4499,    0,    0,  11.089348,  30.686594,
  NODE, 4500,    0,    0,  11.546844,  30.880032,
  NODE, 4501,    0,    0,  13.043954,  31.130249,
  NODE, 4502,    0,    0,  12.801896,  30.753553,
  NODE, 4503,    0,    0,  13.380216,  30.798477,
  NODE, 4504,    0,    0,  15.426280,  31.351547,
  NODE, 4505,    0,    0,  15.385742,  30.824318,
  NODE, 4506,    0,    0,  15.946201,  31.047154,
  NODE, 4507,    0,    0,  18.352581,  32.347237,
  NODE, 4508,    0,    0,  18.353508,  31.799173,
  NODE, 4509,    0,    0,  19.873394,  31.283119,
  NODE, 4510,    0,    0,  20.330750,  31.362303,
  NODE, 4511,    0,    0,  20.113117,  31.738718,
  NODE, 4512,    0,    0,  21.893473,  31.457855,
  NODE, 4513,    0,    0,  22.137405,  31.925301,
  NODE, 4514,    0,    0,  24.020325,  31.552486,
  NODE, 4515,    0,    0,  24.628794,  31.568359,
  NODE, 4516,    0,    0,  26.115959,  31.329720,
  NODE, 4517,    0,    0,  26.569923,  31.498158,
  NODE, 4518,    0,    0,  30.342821,  29.582739,
  NODE, 4519,    0,    0,  30.863331,  29.566025,
  NODE, 4520,    0,    0,  30.619324,  30.063248,
  NODE, 4521,    0,    0,  29.829105,  29.600227,
  NODE, 4522,    0,    0,  30.073113,  29.103005,
  NODE, 4523,    0,    0,  32.938866,  30.471306,
  NODE, 4524,    0,    0,  33.455124,  30.496292,
  NODE, 4525,    0,    0,  33.185455,  30.979902,
  NODE, 4526,    0,    0,  35.041489,  30.527897,
  NODE, 4527,    0,    0,  35.568138,  30.530142,
  NODE, 4528,    0,    0,  35.298988,  31.015274,
  NODE, 4529,    0,    0,  37.876038,  30.048607,
  NODE, 4530,    0,    0,  38.205101,  30.529236,
  NODE, 4531,    0,    0,   2.123915,  29.951485,
  NODE, 4532,    0,    0,   1.794880,  29.470802,
  NODE, 4533,    0,    0,   4.949635,  29.487763,
  NODE, 4534,    0,    0,   4.426753,  29.479721,
  NODE, 4535,    0,    0,   4.692338,  29.000706,
  NODE, 4536,    0,    0,   7.094208,  29.519489,
  NODE, 4537,    0,    0,   6.543278,  29.520924,
  NODE, 4538,    0,    0,   6.833217,  29.016987,
  NODE, 4539,    0,    0,   8.949874,  29.071055,
  NODE, 4540,    0,    0,   8.716559,  28.692272,
  NODE, 4541,    0,    0,   9.222047,  28.696018,
  NODE, 4542,    0,    0,  11.069784,  29.227016,
  NODE, 4543,    0,    0,  11.573572,  28.953228,
  NODE, 4544,    0,    0,  12.780248,  29.873230,
  NODE, 4545,    0,    0,  12.485891,  29.506064,
  NODE, 4546,    0,    0,  12.858381,  29.354050,
  NODE, 4547,    0,    0,  15.284452,  29.241768,
  NODE, 4548,    0,    0,  15.247664,  28.714153,
  NODE, 4549,    0,    0,  15.796045,  28.937683,
  NODE, 4550,    0,    0,  17.267307,  29.056467,
  NODE, 4551,    0,    0,  17.058083,  28.616764,
  NODE, 4552,    0,    0,  17.612492,  28.790243,
  NODE, 4553,    0,    0,  19.879135,  29.652908,
  NODE, 4554,    0,    0,  20.397030,  29.686451,
  NODE, 4555,    0,    0,  22.095902,  29.000366,
  NODE, 4556,    0,    0,  22.595306,  28.859711,
  NODE, 4557,    0,    0,  22.640976,  29.286346,
  NODE, 4558,    0,    0,  23.956551,  29.769314,
  NODE, 4559,    0,    0,  23.433231,  29.651222,
  NODE, 4560,    0,    0,  23.663702,  29.263783,
  NODE, 4561,    0,    0,  26.379973,  30.045090,
  NODE, 4562,    0,    0,  26.101919,  30.504684,
  NODE, 4563,    0,    0,  28.258768,  29.594292,
  NODE, 4564,    0,    0,  28.788202,  29.601515,
  NODE, 4565,    0,    0,  28.519016,  30.077452,
  NODE, 4566,    0,    0,  32.378197,  27.438171,
  NODE, 4567,    0,    0,  32.931953,  27.424500,
  NODE, 4568,    0,    0,  32.664879,  27.959938,
  NODE, 4569,    0,    0,  32.396713,  28.479843,
  NODE, 4570,    0,    0,  32.153488,  29.007950,
  NODE, 4571,    0,    0,  31.867901,  28.501719,
  NODE, 4572,    0,    0,  35.150173,  28.520760,
  NODE, 4573,    0,    0,  35.656956,  28.570881,
  NODE, 4574,    0,    0,  35.332817,  29.071402,
  NODE, 4575,    0,    0,  37.740517,  28.039326,
  NODE, 4576,    0,    0,  38.146454,  28.544670,
  NODE, 4577,    0,    0,  37.619171,  28.553074,
  NODE, 4578,    0,    0,   2.116467,  28.012556,
  NODE, 4579,    0,    0,   1.809659,  27.512545,
  NODE, 4580,    0,    0,   2.267961,  27.519825,
  NODE, 4581,    0,    0,   4.156608,  28.038071,
  NODE, 4582,    0,    0,   3.890264,  27.570690,
  NODE, 4583,    0,    0,   4.413979,  27.570572,
  NODE, 4584,    0,    0,   6.770406,  27.019936,
  NODE, 4585,    0,    0,   6.491226,  26.585533,
  NODE, 4586,    0,    0,   9.428652,  28.213808,
  NODE, 4587,    0,    0,   9.504478,  27.759186,
  NODE, 4588,    0,    0,  10.910727,  27.141186,
  NODE, 4589,    0,    0,  10.886135,  26.605272,
  NODE, 4590,    0,    0,  11.486356,  26.831865,
  NODE, 4591,    0,    0,  12.906952,  27.705774,
  NODE, 4592,    0,    0,  12.508196,  27.312185,
  NODE, 4593,    0,    0,  12.952290,  27.124359,
  NODE, 4594,    0,    0,  14.840849,  27.275368,
  NODE, 4595,    0,    0,  17.155552,  27.151722,
  NODE, 4596,    0,    0,  17.360989,  26.656212,
  NODE, 4597,    0,    0,  17.776693,  27.037815,
  NODE, 4598,    0,    0,  19.543411,  27.098551,
  NODE, 4599,    0,    0,  19.482647,  26.617590,
  NODE, 4600,    0,    0,  19.966686,  26.831066,
  NODE, 4601,    0,    0,  21.257206,  27.665766,
  NODE, 4602,    0,    0,  20.887562,  27.234150,
  NODE, 4603,    0,    0,  21.320688,  27.223076,
  NODE, 4604,    0,    0,  24.201103,  26.819771,
  NODE, 4605,    0,    0,  24.790985,  27.099157,
  NODE, 4606,    0,    0,  26.215744,  27.685358,
  NODE, 4607,    0,    0,  26.753159,  27.719692,
  NODE, 4608,    0,    0,  26.455273,  28.101542,
  NODE, 4609,    0,    0,  28.552162,  26.924328,
  NODE, 4610,    0,    0,  29.044052,  26.778233,
  NODE, 4611,    0,    0,  29.037056,  27.250879,
  NODE, 4612,    0,    0,  30.316544,  28.614927,
  NODE, 4613,    0,    0,  29.802826,  28.632416,
  NODE, 4614,    0,    0,  34.576214,  25.360519,
  NODE, 4615,    0,    0,  35.153740,  25.376186,
  NODE, 4616,    0,    0,  34.898880,  25.892031,
  NODE, 4617,    0,    0,  35.172367,  26.424458,
  NODE, 4618,    0,    0,  34.594841,  26.408791,
  NODE, 4619,    0,    0,  37.742569,  25.972050,
  NODE, 4620,    0,    0,  38.124725,  26.497868,
  NODE, 4621,    0,    0,  37.597534,  26.482901,
  NODE, 4622,    0,    0,   2.234461,  25.996384,
  NODE, 4623,    0,    0,   1.834591,  25.485931,
  NODE, 4624,    0,    0,   2.362652,  25.483929,
  NODE, 4625,    0,    0,   5.285527,  24.808516,
  NODE, 4626,    0,    0,   5.796858,  24.694939,
  NODE, 4627,    0,    0,   5.747482,  25.161888,
  NODE, 4628,    0,    0,   6.806791,  25.214216,
  NODE, 4629,    0,    0,   6.748360,  24.702709,
  NODE, 4630,    0,    0,   7.296338,  24.868614,
  NODE, 4631,    0,    0,   8.835028,  24.835226,
  NODE, 4632,    0,    0,   8.602633,  24.341267,
  NODE, 4633,    0,    0,  10.950999,  25.079533,
  NODE, 4634,    0,    0,  10.736263,  24.643404,
  NODE, 4635,    0,    0,  11.262020,  24.742127,
  NODE, 4636,    0,    0,  12.696545,  25.744244,
  NODE, 4637,    0,    0,  12.851893,  25.319527,
  NODE, 4638,    0,    0,  15.610670,  25.256084,
  NODE, 4639,    0,    0,  15.056345,  25.233006,
  NODE, 4640,    0,    0,  15.360864,  24.795475,
  NODE, 4641,    0,    0,  17.487919,  25.204342,
  NODE, 4642,    0,    0,  17.444256,  24.667830,
  NODE, 4643,    0,    0,  17.938746,  24.877518,
  NODE, 4644,    0,    0,  20.795633,  26.329378,
  NODE, 4645,    0,    0,  20.428482,  26.570782,
  NODE, 4646,    0,    0,  20.273073,  26.108700,
  NODE, 4647,    0,    0,  21.475925,  25.039326,
  NODE, 4648,    0,    0,  21.448689,  24.578480,
  NODE, 4649,    0,    0,  21.978760,  24.684990,
  NODE, 4650,    0,    0,  23.636072,  25.042645,
  NODE, 4651,    0,    0,  23.643353,  24.502209,
  NODE, 4652,    0,    0,  24.193695,  24.757546,
  NODE, 4653,    0,    0,  26.336742,  25.526539,
  NODE, 4654,    0,    0,  26.716333,  25.890831,
  NODE, 4655,    0,    0,  26.257259,  25.998835,
  NODE, 4656,    0,    0,  29.034824,  25.630005,
  NODE, 4657,    0,    0,  29.035587,  26.181213,
  NODE, 4658,    0,    0,  31.307858,  25.338486,
  NODE, 4659,    0,    0,  30.795696,  25.610323,
  NODE, 4660,    0,    0,  32.921890,  25.334297,
  NODE, 4661,    0,    0,  32.653732,  25.854357,
  NODE, 4662,    0,    0,  32.364815,  25.334179,
  NODE, 4663,    0,    0,  36.647224,  23.385639,
  NODE, 4664,    0,    0,  37.176804,  23.415691,
  NODE, 4665,    0,    0,  36.898495,  23.899967,
  NODE, 4666,    0,    0,  37.887367,  23.950813,
  NODE, 4667,    0,    0,  38.189430,  24.468739,
  NODE, 4668,    0,    0,  37.730141,  24.447945,
  NODE, 4669,    0,    0,   2.109089,  23.953766,
  NODE, 4670,    0,    0,   1.761558,  23.455185,
  NODE, 4671,    0,    0,   2.226953,  23.440050,
  NODE, 4672,    0,    0,   5.810893,  24.075020,
  NODE, 4673,    0,    0,   6.272848,  24.428391,
  NODE, 4674,    0,    0,   6.793716,  22.925739,
  NODE, 4675,    0,    0,   6.838754,  22.467506,
  NODE, 4676,    0,    0,   7.304940,  22.815987,
  NODE, 4677,    0,    0,   9.790163,  23.456253,
  NODE, 4678,    0,    0,   9.196306,  23.457871,
  NODE, 4679,    0,    0,  10.825976,  22.951662,
  NODE, 4680,    0,    0,  10.989115,  22.390156,
  NODE, 4681,    0,    0,  11.431145,  22.801601,
  NODE, 4682,    0,    0,  13.056596,  23.292223,
  NODE, 4683,    0,    0,  13.053001,  22.733055,
  NODE, 4684,    0,    0,  13.610332,  22.956326,
  NODE, 4685,    0,    0,  15.275345,  22.953686,
  NODE, 4686,    0,    0,  15.018419,  22.614670,
  NODE, 4687,    0,    0,  17.423637,  22.938366,
  NODE, 4688,    0,    0,  17.926771,  22.697247,
  NODE, 4689,    0,    0,  19.408569,  22.947149,
  NODE, 4690,    0,    0,  19.883944,  22.685833,
  NODE, 4691,    0,    0,  21.426346,  23.973415,
  NODE, 4692,    0,    0,  21.415215,  23.375464,
  NODE, 4693,    0,    0,  23.298380,  23.563273,
  NODE, 4694,    0,    0,  22.978285,  23.216639,
  NODE, 4695,    0,    0,  23.397375,  23.076046,
  NODE, 4696,    0,    0,  25.741200,  22.964829,
  NODE, 4697,    0,    0,  25.754911,  22.433468,
  NODE, 4698,    0,    0,  26.270985,  22.756847,
  NODE, 4699,    0,    0,  28.195648,  23.515617,
  NODE, 4700,    0,    0,  28.573439,  23.778376,
  NODE, 4701,    0,    0,  28.209894,  24.029682,
  NODE, 4702,    0,    0,  30.783386,  23.513908,
  NODE, 4703,    0,    0,  30.789181,  24.040854,
  NODE, 4704,    0,    0,  30.410580,  23.780098,
  NODE, 4705,    0,    0,  32.360680,  23.250557,
  NODE, 4706,    0,    0,  32.913628,  23.253304,
  NODE, 4707,    0,    0,  32.640728,  23.774204,
  NODE, 4708,    0,    0,  34.534977,  23.299372,
  NODE, 4709,    0,    0,  35.059200,  23.315594,
  NODE, 4710,    0,    0,  34.798622,  23.819199,
  NODE, 4711,    0,    0,   2.006478,  21.856691,
  NODE, 4712,    0,    0,   1.756026,  21.266953,
  NODE, 4713,    0,    0,   2.291752,  21.355330,
  NODE, 4714,    0,    0,   4.648499,  20.747408,
  NODE, 4715,    0,    0,   4.449321,  20.311348,
  NODE, 4716,    0,    0,   4.998861,  20.527878,
  NODE, 4717,    0,    0,   6.605635,  21.161774,
  NODE, 4718,    0,    0,   6.900448,  20.659054,
  NODE, 4719,    0,    0,   7.187926,  21.075096,
  NODE, 4720,    0,    0,   8.637184,  21.226540,
  NODE, 4721,    0,    0,   8.830116,  20.697594,
  NODE, 4722,    0,    0,   9.063673,  21.060818,
  NODE, 4723,    0,    0,  11.646305,  20.862961,
  NODE, 4724,    0,    0,  12.035423,  20.482330,
  NODE, 4725,    0,    0,  12.231926,  20.895615,
  NODE, 4726,    0,    0,  12.626166,  21.147173,
  NODE, 4727,    0,    0,  13.144362,  20.860649,
  NODE, 4728,    0,    0,  15.037298,  21.672386,
  NODE, 4729,    0,    0,  14.663950,  21.330990,
  NODE, 4730,    0,    0,  15.114340,  21.146141,
  NODE, 4731,    0,    0,  17.447249,  20.868931,
  NODE, 4732,    0,    0,  17.449440,  20.361233,
  NODE, 4733,    0,    0,  19.401970,  20.873940,
  NODE, 4734,    0,    0,  19.378058,  20.361744,
  NODE, 4735,    0,    0,  19.861731,  20.613735,
  NODE, 4736,    0,    0,  21.253279,  21.506630,
  NODE, 4737,    0,    0,  20.860666,  21.111569,
  NODE, 4738,    0,    0,  21.319572,  20.950686,
  NODE, 4739,    0,    0,  23.264519,  21.110989,
  NODE, 4740,    0,    0,  23.613636,  20.652119,
  NODE, 4741,    0,    0,  25.786068,  20.983826,
  NODE, 4742,    0,    0,  25.776798,  20.552319,
  NODE, 4743,    0,    0,  26.273527,  20.810070,
  NODE, 4744,    0,    0,  27.918598,  20.947178,
  NODE, 4745,    0,    0,  27.872440,  20.500526,
  NODE, 4746,    0,    0,  28.443821,  20.735518,
  NODE, 4747,    0,    0,  29.442654,  21.057556,
  NODE, 4748,    0,    0,  29.913176,  20.778837,
  NODE, 4749,    0,    0,  32.386208,  21.155956,
  NODE, 4750,    0,    0,  32.937027,  21.169449,
  NODE, 4751,    0,    0,  32.654182,  21.685309,
  NODE, 4752,    0,    0,  34.543839,  21.241242,
  NODE, 4753,    0,    0,  35.070297,  21.269245,
  NODE, 4754,    0,    0,  34.801254,  21.770422,
  NODE, 4755,    0,    0,  36.674149,  21.362888,
  NODE, 4756,    0,    0,  37.210037,  21.392983,
  NODE, 4757,    0,    0,  36.930466,  21.888325,
  NODE, 4758,    0,    0,   9.245771,  19.277023,
  NODE, 4759,    0,    0,   9.615555,  18.988987,
  NODE, 4760,    0,    0,  11.763132,  18.967594,
  NODE, 4761,    0,    0,  12.069607,  18.559364,
  NODE, 4762,    0,    0,  12.312683,  19.104433,
  NODE, 4763,    0,    0,  13.181524,  19.234707,
  NODE, 4764,    0,    0,  12.763178,  19.105162,
  NODE, 4765,    0,    0,  13.037504,  18.825748,
  NODE, 4766,    0,    0,  15.098290,  18.755077,
  NODE, 4767,    0,    0,  15.112312,  18.307310,
  NODE, 4768,    0,    0,  15.688864,  18.485058,
  NODE, 4769,    0,    0,  17.958771,  19.614176,
  NODE, 4770,    0,    0,  18.420017,  19.359736,
  NODE, 4771,    0,    0,  18.432606,  19.866200,
  NODE, 4772,    0,    0,  19.347719,  18.856512,
  NODE, 4773,    0,    0,  19.352156,  18.361416,
  NODE, 4774,    0,    0,  19.812655,  18.613518,
  NODE, 4775,    0,    0,  21.416466,  18.634037,
  NODE, 4776,    0,    0,  21.167107,  18.182493,
  NODE, 4777,    0,    0,  23.415676,  18.765579,
  NODE, 4778,    0,    0,  23.477200,  18.267284,
  NODE, 4779,    0,    0,  23.885891,  18.573814,
  NODE, 4780,    0,    0,  25.914654,  19.136694,
  NODE, 4781,    0,    0,  26.460316,  19.117027,
  NODE, 4782,    0,    0,  28.114113,  19.081120,
  NODE, 4783,    0,    0,  28.629444,  19.063986,
  NODE, 4784,    0,    0,  29.946842,  18.787289,
  NODE, 4785,    0,    0,  29.701201,  18.379095,
  NODE, 4786,    0,    0,  30.221542,  18.473908,
  NODE, 4787,    0,    0,  32.452072,  19.082073,
  NODE, 4788,    0,    0,  32.994911,  19.110279,
  NODE, 4789,    0,    0,  32.709786,  19.605316,
  NODE, 4790,    0,    0,  34.582680,  19.204378,
  NODE, 4791,    0,    0,  35.106194,  19.234345,
  NODE, 4792,    0,    0,  34.832817,  19.721197,
  NODE, 4793,    0,    0,  36.718304,  19.316065,
  NODE, 4794,    0,    0,  37.254417,  19.348221,
  NODE, 4795,    0,    0,  36.964066,  19.846247,
  NODE, 4796,    0,    0,  11.480166,  16.860518,
  NODE, 4797,    0,    0,  11.962800,  16.496201,
  NODE, 4798,    0,    0,  12.835810,  17.474571,
  NODE, 4799,    0,    0,  12.856710,  16.903032,
  NODE, 4800,    0,    0,  13.338861,  15.778511,
  NODE, 4801,    0,    0,  14.907245,  16.999249,
  NODE, 4802,    0,    0,  17.455597,  16.768139,
  NODE, 4803,    0,    0,  17.503264,  16.230354,
  NODE, 4804,    0,    0,  18.067860,  16.503708,
  NODE, 4805,    0,    0,  19.873322,  16.673517,
  NODE, 4806,    0,    0,  20.435631,  16.398823,
  NODE, 4807,    0,    0,  20.427765,  16.847035,
  NODE, 4808,    0,    0,  21.610260,  16.798050,
  NODE, 4809,    0,    0,  21.610663,  16.213280,
  NODE, 4810,    0,    0,  22.230850,  16.438990,
  NODE, 4811,    0,    0,  24.043816,  16.678410,
  NODE, 4812,    0,    0,  24.578671,  16.429043,
  NODE, 4813,    0,    0,  24.561455,  16.859627,
  NODE, 4814,    0,    0,  25.625490,  16.781029,
  NODE, 4815,    0,    0,  25.640045,  16.345688,
  NODE, 4816,    0,    0,  26.169228,  16.516457,
  NODE, 4817,    0,    0,  27.737597,  16.684525,
  NODE, 4818,    0,    0,  27.494789,  16.326614,
  NODE, 4819,    0,    0,  28.081350,  16.341827,
  NODE, 4820,    0,    0,  29.592524,  17.440323,
  NODE, 4821,    0,    0,  29.240269,  17.064323,
  NODE, 4822,    0,    0,  29.767330,  16.871819,
  NODE, 4823,    0,    0,  33.029869,  17.090576,
  NODE, 4824,    0,    0,  32.778667,  17.589806,
  NODE, 4825,    0,    0,  32.489761,  17.076506,
  NODE, 4826,    0,    0,  35.166111,  17.371275,
  NODE, 4827,    0,    0,  34.890717,  17.740879,
  NODE, 4828,    0,    0,  34.655380,  17.336657,
  NODE, 4829,    0,    0,  37.297092,  17.363819,
  NODE, 4830,    0,    0,  37.050263,  17.778091,
  NODE, 4831,    0,    0,  36.712105,  17.385979,
  NODE, 4832,    0,    0,  15.271984,  14.700322,
  NODE, 4833,    0,    0,  15.174029,  14.296349,
  NODE, 4834,    0,    0,  15.605452,  14.351436,
  NODE, 4835,    0,    0,  16.968185,  14.767698,
  NODE, 4836,    0,    0,  17.196709,  14.271814,
  NODE, 4837,    0,    0,  17.560642,  14.743822,
  NODE, 4838,    0,    0,  19.010788,  14.860203,
  NODE, 4839,    0,    0,  19.366320,  14.345381,
  NODE, 4840,    0,    0,  21.488720,  14.723249,
  NODE, 4841,    0,    0,  21.642881,  14.326058,
  NODE, 4842,    0,    0,  22.036268,  14.589420,
  NODE, 4843,    0,    0,  23.747414,  14.460936,
  NODE, 4844,    0,    0,  23.857689,  14.010881,
  NODE, 4845,    0,    0,  24.291203,  14.266414,
  NODE, 4846,    0,    0,  25.687019,  14.837378,
  NODE, 4847,    0,    0,  25.651640,  14.379656,
  NODE, 4848,    0,    0,  26.151684,  14.616325,
  NODE, 4849,    0,    0,  27.523823,  15.378407,
  NODE, 4850,    0,    0,  27.109291,  15.006184,
  NODE, 4851,    0,    0,  27.555740,  14.806652,
  NODE, 4852,    0,    0,  30.093815,  14.760749,
  NODE, 4853,    0,    0,  30.345547,  15.308447,
  NODE, 4854,    0,    0,  32.387260,  16.067541,
  NODE, 4855,    0,    0,  32.172932,  16.614922,
  NODE, 4856,    0,    0,  31.819225,  16.105187,
  NODE, 4857,    0,    0,  35.452271,  15.306168,
  NODE, 4858,    0,    0,  34.990395,  15.553928,
  NODE, 4859,    0,    0,  37.275436,  15.272105,
  NODE, 4860,    0,    0,  37.276707,  15.788153,
  NODE, 4861,    0,    0,  36.864910,  15.537719,
  NODE, 4862,    0,    0,  15.500313,  12.638841,
  NODE, 4863,    0,    0,  16.949875,  13.793535,
  NODE, 4864,    0,    0,  16.408440,  13.741818,
  NODE, 4865,    0,    0,  16.754061,  13.239664,
  NODE, 4866,    0,    0,  17.661102,  11.902080,
  NODE, 4867,    0,    0,  18.172030,  11.896858,
  NODE, 4868,    0,    0,  19.696987,  12.858845,
  NODE, 4869,    0,    0,  19.178249,  12.860632,
  NODE, 4870,    0,    0,  19.459160,  12.366348,
  NODE, 4871,    0,    0,  21.846451,  12.799598,
  NODE, 4872,    0,    0,  21.312323,  12.820644,
  NODE, 4873,    0,    0,  21.565006,  12.307890,
  NODE, 4874,    0,    0,  23.426479,  12.662301,
  NODE, 4875,    0,    0,  23.641148,  12.202457,
  NODE, 4876,    0,    0,  23.926455,  12.638721,
  NODE, 4877,    0,    0,  25.279409,  12.789819,
  NODE, 4878,    0,    0,  25.624229,  12.285593,
  NODE, 4879,    0,    0,  27.481587,  12.884035,
  NODE, 4880,    0,    0,  27.774485,  12.407101,
  NODE, 4881,    0,    0,  30.483915,  13.611909,
  NODE, 4882,    0,    0,  30.899248,  13.286970,
  NODE, 4883,    0,    0,  32.780632,  13.467741,
  NODE, 4884,    0,    0,  32.475323,  14.006632,
  NODE, 4885,    0,    0,  34.407570,  12.531828,
  NODE, 4886,    0,    0,  34.814911,  12.627243,
  NODE, 4887,    0,    0,  34.564407,  12.989633,
  NODE, 4888,    0,    0,  36.355797,  12.606346,
  NODE, 4889,    0,    0,  36.377319,  12.139788,
  NODE, 4890,    0,    0,  36.890904,  12.439220,
  NODE, 4891,    0,    0,  19.744927,  10.913452,
  NODE, 4892,    0,    0,  20.262207,  10.895765,
  NODE, 4893,    0,    0,  21.819145,  10.839708,
  NODE, 4894,    0,    0,  21.299320,  10.851286,
  NODE, 4895,    0,    0,  21.563143,  10.362445,
  NODE, 4896,    0,    0,  23.374409,  10.808771,
  NODE, 4897,    0,    0,  23.638317,  10.342468,
  NODE, 4898,    0,    0,  25.960114,  10.882837,
  NODE, 4899,    0,    0,  25.439205,  10.855196,
  NODE, 4900,    0,    0,  25.720125,  10.404078,
  NODE, 4901,    0,    0,  27.872505,  10.534890,
  NODE, 4902,    0,    0,  27.891964,  10.067497,
  NODE, 4903,    0,    0,  28.386196,  10.240515,
  NODE, 4904,    0,    0,  31.006626,  11.146536,
  NODE, 4905,    0,    0,  30.547886,  11.423157,
  NODE, 4906,    0,    0,  32.459404,  10.605286,
  NODE, 4907,    0,    0,  32.895363,  10.683962,
  NODE, 4908,    0,    0,  34.731201,  11.244490,
  NODE, 4909,    0,    0,  34.416203,  11.699430,
  NODE, 4910,    0,    0,  36.663971,  10.719681,
  NODE, 4911,    0,    0,  36.921555,  11.188755,
  NODE, 4912,    0,    0,  19.165651,   8.193595,
  NODE, 4913,    0,    0,  18.882748,   7.796422,
  NODE, 4914,    0,    0,  21.867708,   9.023331,
  NODE, 4915,    0,    0,  21.383190,   8.891556,
  NODE, 4916,    0,    0,  21.652922,   8.496233,
  NODE, 4917,    0,    0,  24.279764,   8.164842,
  NODE, 4918,    0,    0,  24.823097,   8.055100,
  NODE, 4919,    0,    0,  24.788124,   8.523453,
  NODE, 4920,    0,    0,  25.920942,   8.598291,
  NODE, 4921,    0,    0,  25.859066,   8.070043,
  NODE, 4922,    0,    0,  26.448551,   8.254623,
  NODE, 4923,    0,    0,  27.921372,   8.435452,
  NODE, 4924,    0,    0,  28.379673,   8.150868,
  NODE, 4925,    0,    0,  29.961449,   8.905367,
  NODE, 4926,    0,    0,  29.437027,   8.620399,
  NODE, 4927,    0,    0,  29.968502,   8.311321,
  NODE, 4928,    0,    0,  32.465965,   9.021225,
  NODE, 4929,    0,    0,  32.976906,   9.037863,
  NODE, 4930,    0,    0,  34.504761,   9.042089,
  NODE, 4931,    0,    0,  33.999565,   8.917953,
  NODE, 4932,    0,    0,  34.252228,   8.540821,
  NODE, 4933,    0,    0,  37.160156,   8.786383,
  NODE, 4934,    0,    0,  36.908657,   9.258092,
  NODE, 4935,    0,    0,  36.615234,   8.834820,
  NODE, 4936,    0,    0,  36.083473,   7.444037,
  NODE, 4937,    0,    0,  36.250221,   7.003778,
  NODE, 4938,    0,    0,  36.621086,   7.221354,
  NODE, 4939,    0,    0,  34.275665,   6.376142,
  NODE, 4940,    0,    0,  34.313126,   5.825443,
  NODE, 4941,    0,    0,  34.802582,   6.115431,
  NODE, 4942,    0,    0,  32.240196,   6.349753,
  NODE, 4943,    0,    0,  32.265530,   5.793412,
  NODE, 4944,    0,    0,  32.795136,   6.090591,
  NODE, 4945,    0,    0,  30.299439,   6.557911,
  NODE, 4946,    0,    0,  30.764149,   6.425190,
  NODE, 4947,    0,    0,  30.538775,   6.952170,
  NODE, 4948,    0,    0,  27.811600,   6.369150,
  NODE, 4949,    0,    0,  27.792053,   5.854950,
  NODE, 4950,    0,    0,  28.273895,   6.105992,
  NODE, 4951,    0,    0,  25.843689,   6.909770,
  NODE, 4952,    0,    0,  25.341366,   6.632277,
  NODE, 4953,    0,    0,  25.845291,   6.359652,
  NODE, 4954,    0,    0,  23.299936,   6.761103,
  NODE, 4955,    0,    0,  23.673657,   6.425669,
  NODE, 4956,    0,    0,  21.536655,   6.591437,
  NODE, 4957,    0,    0,  22.070473,   6.271588,
  NODE, 4958,    0,    0,  21.639875,   4.928174,
  NODE, 4959,    0,    0,  21.240463,   4.624671,
  NODE, 4960,    0,    0,  23.514545,   5.009043,
  NODE, 4961,    0,    0,  23.011570,   4.714544,
  NODE, 4962,    0,    0,  23.519112,   4.492064,
  NODE, 4963,    0,    0,  25.847662,   4.261332,
  NODE, 4964,    0,    0,  25.643024,   3.860794,
  NODE, 4965,    0,    0,  26.080765,   4.030168,
  NODE, 4966,    0,    0,  27.770300,   4.322775,
  NODE, 4967,    0,    0,  27.757294,   3.816260,
  NODE, 4968,    0,    0,  28.218880,   4.070778,
  NODE, 4969,    0,    0,  30.239529,   5.546587,
  NODE, 4970,    0,    0,  30.518322,   5.056582,
  NODE, 4971,    0,    0,  30.803604,   5.540927,
  NODE, 4972,    0,    0,  32.276756,   4.284042,
  NODE, 4973,    0,    0,  32.269737,   3.801496,
  NODE, 4974,    0,    0,  32.781078,   4.030661,
  NODE, 4975,    0,    0,  34.110611,   4.345362,
  NODE, 4976,    0,    0,  34.681122,   4.175931,
  NODE, 4977,    0,    0,  34.436337,   4.697018,
  NODE, 4978,    0,    0,  35.899159,   4.589046,
  NODE, 4979,    0,    0,  36.384159,   4.331619,
  NODE, 4980,    0,    0,  21.740273,   2.268669,
  NODE, 4981,    0,    0,  21.258434,   2.348683,
  NODE, 4982,    0,    0,  21.357624,   1.778780,
  NODE, 4983,    0,    0,  23.423546,   2.288264,
  NODE, 4984,    0,    0,  23.431816,   1.815363,
  NODE, 4985,    0,    0,  23.959875,   2.137987,
  NODE, 4986,    0,    0,  25.576740,   2.349827,
  NODE, 4987,    0,    0,  25.547737,   1.824184,
  NODE, 4988,    0,    0,  26.100391,   2.213013,
  NODE, 4989,    0,    0,  27.648659,   2.230270,
  NODE, 4990,    0,    0,  27.636976,   1.778839,
  NODE, 4991,    0,    0,  28.158794,   2.081479,
  NODE, 4992,    0,    0,  30.804817,   2.629507,
  NODE, 4993,    0,    0,  30.232887,   2.629891,
  NODE, 4994,    0,    0,  32.288483,   2.225892,
  NODE, 4995,    0,    0,  32.304836,   1.772814,
  NODE, 4996,    0,    0,  32.854839,   2.087336,
  NODE, 4997,    0,    0,  34.363815,   2.346995,
  NODE, 4998,    0,    0,  34.398201,   1.811178,
  NODE, 4999,    0,    0,  34.883003,   2.220242,
  NODE, 5000,    0,    0,  36.416428,   2.816215,
  NODE, 5001,    0,    0,  35.938194,   2.506935,
  NODE, 5002,    0,    0,  36.410900,   2.235095,
  NODE, 5003,    0,    0,   0.506654,  19.993582,
  NODE, 5004,    0,    0,   0.939561,  20.415077,
  NODE, 5005,    1,    0,   0.000000,  22.500000,
  NODE, 5006,    0,    0,   0.408511,  22.234812,
  NODE, 5007,    0,    0,   1.272919,  24.228518,
  NODE, 5008,    0,    0,   0.891157,  23.984695,
  NODE, 5009,    0,    0,   1.261932,  23.725077,
  NODE, 5010,    0,    0,   1.311129,  26.250736,
  NODE, 5011,    0,    0,   0.916144,  25.999085,
  NODE, 5012,    0,    0,   1.311415,  25.746731,
  NODE, 5013,    0,    0,   1.280152,  28.250984,
  NODE, 5014,    0,    0,   0.906465,  28.001541,
  NODE, 5015,    0,    0,   1.284478,  27.755833,
  NODE, 5016,    0,    0,   1.288812,  30.217938,
  NODE, 5017,    0,    0,   0.910183,  29.978775,
  NODE, 5018,    0,    0,   1.285337,  29.721830,
  NODE, 5019,    0,    0,   1.329128,  31.722963,
  NODE, 5020,    0,    0,   1.331056,  33.755177,
  NODE, 5021,    0,    0,   1.280759,  35.769928,
  NODE, 5022,    0,    0,   1.257769,  37.783539,
  NODE, 5023,    0,    0,   1.239180,  39.803818,
  NODE, 5024,    0,    0,   1.742140,  39.570396,
  NODE, 5025,    0,    0,   1.157161,  41.759674,
  NODE, 5026,    0,    0,   1.652939,  41.550789,
  NODE, 5027,    0,    0,   1.053306,  43.913513,
  NODE, 5028,    0,    0,   1.505165,  43.410599,
  NODE, 5029,    0,    0,   1.625461,  43.972611,
  NODE, 5030,    0,    0,   0.565905,  46.276909,
  NODE, 5031,    0,    0,   0.998818,  46.031281,
  NODE, 5032,    0,    0,   0.438616,  48.212372,
  NODE, 5033,    0,    0,   0.836473,  47.982872,
  NODE, 5034,    0,    0,   0.439488,  50.217468,
  NODE, 5035,    0,    0,   0.878876,  49.930046,
  NODE, 5036,    0,    0,   0.451735,  52.231659,
  NODE, 5037,    0,    0,   0.899423,  51.957504,
  NODE, 5038,    0,    0,   0.463401,  54.234936,
  NODE, 5039,    0,    0,   0.921075,  53.967133,
  NODE, 5040,    0,    0,   0.459181,  56.240997,
  NODE, 5041,    0,    0,   0.922635,  55.982601,
  NODE, 5042,    0,    0,   0.874969,  57.877441,
  NODE, 5043,    0,    0,   1.436479,  57.711815,
  NODE, 5044,    0,    0,   1.413144,  58.131092,
  NODE, 5045,    0,    0,  19.993582,   0.506654,
  NODE, 5046,    0,    1,  20.500000,   0.000000,
  NODE, 5047,    0,    0,  19.942259,   1.518662,
  NODE, 5048,    0,    0,  20.425060,   1.435889,
  NODE, 5049,    0,    0,  20.062622,   3.778756,
  NODE, 5050,    0,    0,  19.686300,   3.528395,
  NODE, 5051,    0,    0,  20.152004,   3.280049,
  NODE, 5052,    0,    0,  20.439796,   4.049642,
  NODE, 5053,    0,    0,  19.967775,   4.296856,
  NODE, 5054,    0,    0,  19.960651,   6.161375,
  NODE, 5055,    0,    0,  19.602678,   5.809048,
  NODE, 5056,    0,    0,  17.727202,   9.259933,
  NODE, 5057,    0,    0,  18.213646,   9.216035,
  NODE, 5058,    0,    0,  16.922520,  11.433006,
  NODE, 5059,    0,    0,  16.699436,  11.005855,
  NODE, 5060,    0,    0,  17.201328,  11.009964,
  NODE, 5061,    0,    0,  16.120565,  11.837542,
  NODE, 5062,    0,    0,  16.633045,  11.875053,
  NODE, 5063,    0,    0,  15.001677,  13.863401,
  NODE, 5064,    0,    0,  14.840272,  13.407697,
  NODE, 5065,    0,    0,  14.142136,  14.142136,
  NODE, 5066,    0,    0,  14.668209,  14.212287,
  NODE, 5067,    0,    0,  14.309950,  14.570545,
  NODE, 5068,    0,    0,  12.638841,  15.500313,
  NODE, 5069,    0,    0,  12.946196,  16.098688,
  NODE, 5070,    0,    0,  11.837542,  16.120565,
  NODE, 5071,    0,    0,  12.371178,  16.196325,
  NODE, 5072,    0,    0,  10.223358,  17.612553,
  NODE, 5073,    0,    0,  10.145916,  17.235439,
  NODE, 5074,    0,    0,  10.659979,  17.355530,
  NODE, 5075,    0,    0,   9.594749,  17.993332,
  NODE, 5076,    0,    0,  10.033787,  18.000444,
  NODE, 5077,    0,    0,   9.922497,  18.506844,
  NODE, 5078,    0,    0,   5.501922,  19.228334,
  NODE, 5079,    0,    0,   5.827200,  19.542484,
  NODE, 5080,    0,    0,   4.412827,  19.841209,
  NODE, 5081,    0,    0,   4.520961,  19.482323,
  NODE, 5082,    0,    0,   2.526772,  19.839743,
  NODE, 5083,    0,    0,   2.534928,  20.267479,
  NODE, 5084,    0,    0,   2.032333,  20.331490,
  NODE, 5085,    0,    0,   1.518662,  19.942259,
  NODE, 5086,    0,    0,   1.527142,  20.369961,
  NODE, 5087,    0,    1,  39.500000,   0.000000,
  NODE, 5088,    0,    0,  40.000000,   0.500000,
  NODE, 5089,    0,    0,  37.757534,   0.460235,
  NODE, 5090,    0,    0,  38.307388,   0.470025,
  NODE, 5091,    0,    1,  35.500000,   0.000000,
  NODE, 5092,    0,    0,  35.733196,   0.450201,
  NODE, 5093,    0,    1,  33.500000,   0.000000,
  NODE, 5094,    0,    0,  33.721329,   0.446201,
  NODE, 5095,    0,    1,  31.500000,   0.000000,
  NODE, 5096,    0,    0,  31.768353,   0.386891,
  NODE, 5097,    0,    1,  29.500000,   0.000000,
  NODE, 5098,    0,    0,  29.738258,   0.386486,
  NODE, 5099,    0,    1,  27.500000,   0.000000,
  NODE, 5100,    0,    0,  27.783318,   0.444544,
  NODE, 5101,    0,    1,  25.500000,   0.000000,
  NODE, 5102,    0,    0,  25.762905,   0.453834,
  NODE, 5103,    0,    0,  22.949387,   0.911656,
  NODE, 5104,    0,    0,  22.715118,   0.458064,
  NODE, 5105,    0,    1,  21.500000,   0.000000,
  NODE, 5106,    0,    0,  21.677353,   0.457347,
  NODE, 5107,    0,    0,  40.000000,  59.500000,
  NODE, 5108,    0,    0,  39.500000,  60.000000,
  NODE, 5109,    0,    0,  39.534935,  57.758278,
  NODE, 5110,    0,    0,  39.527821,  58.305576,
  NODE, 5111,    0,    0,  39.062752,  58.063858,
  NODE, 5112,    0,    0,  39.532707,  55.744743,
  NODE, 5113,    0,    0,  39.535828,  56.244881,
  NODE, 5114,    0,    0,  39.503662,  53.734318,
  NODE, 5115,    0,    0,  39.528286,  54.248478,
  NODE, 5116,    0,    0,  39.031944,  53.982796,
  NODE, 5117,    0,    0,  39.539749,  51.193008,
  NODE, 5118,    0,    0,  40.000000,  51.500000,
  NODE, 5119,    0,    0,  39.539749,  51.693008,
  NODE, 5120,    0,    0,  39.549576,  49.198696,
  NODE, 5121,    0,    0,  40.000000,  49.500000,
  NODE, 5122,    0,    0,  39.549576,  49.698696,
  NODE, 5123,    0,    0,  39.575134,  47.167084,
  NODE, 5124,    0,    0,  40.000000,  47.500000,
  NODE, 5125,    0,    0,  39.575134,  47.667084,
  NODE, 5126,    0,    0,  40.000000,  45.500000,
  NODE, 5127,    0,    0,  39.572506,  45.818291,
  NODE, 5128,    0,    0,  40.000000,  43.500000,
  NODE, 5129,    0,    0,  39.571014,  43.753223,
  NODE, 5130,    0,    0,  40.000000,  41.500000,
  NODE, 5131,    0,    0,  39.578857,  41.769760,
  NODE, 5132,    0,    0,  40.000000,  39.500000,
  NODE, 5133,    0,    0,  39.561226,  39.767941,
  NODE, 5134,    0,    0,  40.000000,  37.500000,
  NODE, 5135,    0,    0,  39.555550,  37.761150,
  NODE, 5136,    0,    0,  38.718979,  35.766697,
  NODE, 5137,    0,    0,  39.099052,  36.012180,
  NODE, 5138,    0,    0,  38.723484,  36.269447,
  NODE, 5139,    0,    0,  38.690025,  33.747223,
  NODE, 5140,    0,    0,  39.084038,  34.000000,
  NODE, 5141,    0,    0,  38.689507,  34.250900,
  NODE, 5142,    0,    0,  38.720047,  31.748846,
  NODE, 5143,    0,    0,  39.093689,  31.998325,
  NODE, 5144,    0,    0,  38.715836,  32.243889,
  NODE, 5145,    0,    0,  38.711182,  29.782070,
  NODE, 5146,    0,    0,  39.089813,  30.021231,
  NODE, 5147,    0,    0,  38.714657,  30.278181,
  NODE, 5148,    0,    0,  38.670872,  28.277037,
  NODE, 5149,    0,    0,  38.668945,  26.244824,
  NODE, 5150,    0,    0,  38.719242,  24.230072,
  NODE, 5151,    0,    0,  38.742230,  22.216457,
  NODE, 5152,    0,    0,  39.581955,  18.741299,
  NODE, 5153,    0,    0,  39.133019,  17.107651,
  NODE, 5154,    0,    0,  39.533493,  16.824246,
  NODE, 5155,    0,    0,  39.567085,  14.745628,
  NODE, 5156,    0,    0,  39.434097,  13.723089,
  NODE, 5157,    0,    0,  39.567085,  14.245628,
  NODE, 5158,    0,    0,  39.001183,  13.968718,
  NODE, 5159,    0,    0,  39.561386,  11.787628,
  NODE, 5160,    0,    0,  39.602142,  12.229502,
  NODE, 5161,    0,    0,  39.163528,  12.017130,
  NODE, 5162,    0,    0,  39.560513,   9.782534,
  NODE, 5163,    0,    0,  39.560616,  10.287420,
  NODE, 5164,    0,    0,  39.121124,  10.069954,
  NODE, 5165,    0,    0,  39.548264,   7.768338,
  NODE, 5166,    0,    0,  39.552315,   8.274155,
  NODE, 5167,    0,    0,  39.100578,   8.042493,
  NODE, 5168,    0,    0,  39.536598,   5.765064,
  NODE, 5169,    0,    0,  39.542328,   6.267802,
  NODE, 5170,    0,    0,  39.078926,   6.032866,
  NODE, 5171,    0,    0,  39.540817,   3.759005,
  NODE, 5172,    0,    0,  39.536545,   4.258393,
  NODE, 5173,    0,    0,  39.077366,   4.017398,
  NODE, 5174,    0,    0,  38.881573,   1.321666,
  NODE, 5175,    0,    0,   0.500000,  60.000000,
  NODE, 5176,    1,    0,   0.000000,  59.500000,
  NODE, 5177,    0,    0,   2.242466,  59.539764,
  NODE, 5178,    0,    0,   1.692609,  59.529976,
  NODE, 5179,    0,    0,   1.935075,  59.069740,
  NODE, 5180,    0,    0,   4.766804,  59.549797,
  NODE, 5181,    0,    0,   4.500000,  60.000000,
  NODE, 5182,    0,    0,   4.266804,  59.549797,
  NODE, 5183,    0,    0,   6.778673,  59.553799,
  NODE, 5184,    0,    0,   6.500000,  60.000000,
  NODE, 5185,    0,    0,   6.278673,  59.553799,
  NODE, 5186,    0,    0,   8.500000,  60.000000,
  NODE, 5187,    0,    0,   8.231648,  59.613110,
  NODE, 5188,    0,    0,  10.500000,  60.000000,
  NODE, 5189,    0,    0,  10.261749,  59.613518,
  NODE, 5190,    0,    0,  12.500000,  60.000000,
  NODE, 5191,    0,    0,  12.216062,  59.555641,
  NODE, 5192,    0,    0,  14.500000,  60.000000,
  NODE, 5193,    0,    0,  14.231125,  59.545464,
  NODE, 5194,    0,    0,  16.234467,  58.704342,
  NODE, 5195,    0,    0,  15.986214,  59.092751,
  NODE, 5196,    0,    0,  15.727699,  58.701920,
  NODE, 5197,    0,    0,  18.244099,  58.733410,
  NODE, 5198,    0,    0,  17.996265,  59.102959,
  NODE, 5199,    0,    0,  17.748184,  58.729225,
  NODE, 5200,    0,    0,  20.211292,  58.739029,
  NODE, 5201,    0,    0,  19.973938,  59.106102,
  NODE, 5202,    0,    0,  19.715698,  58.736446,
  NODE, 5203,    0,    0,  21.706467,  58.729374,
  NODE, 5204,    0,    0,  21.436554,  58.226357,
  NODE, 5205,    0,    0,  23.752813,  58.696449,
  NODE, 5206,    0,    0,  23.482615,  58.174194,
  NODE, 5207,    0,    0,  25.811062,  58.703682,
  NODE, 5208,    0,    0,  25.574776,  58.174561,
  NODE, 5209,    0,    0,  27.855715,  58.746601,
  NODE, 5210,    0,    0,  27.637779,  58.229012,
  NODE, 5211,    0,    0,  29.991606,  59.075619,
  NODE, 5212,    0,    0,  29.898285,  58.511219,
  NODE, 5213,    0,    0,  32.218124,  59.566189,
  NODE, 5214,    0,    0,  31.986918,  59.179916,
  NODE, 5215,    0,    0,  34.229244,  59.551636,
  NODE, 5216,    0,    0,  33.953762,  59.107231,
  NODE, 5217,    0,    0,  36.232369,  59.553707,
  NODE, 5218,    0,    0,  35.966003,  59.105511,
  NODE, 5219,    0,    0,  37.868355,  59.124542,
  NODE, 5220,    0,    0,  37.700783,  58.559261,
  NODE, 5221,    0,    0,  38.123871,  58.580658,
  NODE, 5222,    0,    0,  14.538299,  15.043448,
  NODE, 5223,    0,    0,  14.762642,  15.462059,
  NODE, 5224,    0,    0,  15.064905,  15.063847,
  NODE, 5225,    0,    0,   2.502936,  58.150482,
  NODE, 5226,    0,    0,   3.071045,  57.895561,
  NODE, 5227,    0,    0,   1.500000,  60.000000,
  NODE, 5228,    0,    0,   3.001620,  59.091118,
  NODE, 5229,    0,    0,   2.742466,  59.539764,
  NODE, 5230,    0,    0,   3.589101,  57.764904,
  NODE, 5231,    0,    0,   3.549275,  58.204842,
  NODE, 5232,    0,    0,   5.039285,  59.099232,
  NODE, 5233,    0,    0,   5.313788,  58.707222,
  NODE, 5234,    0,    0,   4.808111,  58.707588,
  NODE, 5235,    0,    0,   7.061018,  59.117847,
  NODE, 5236,    0,    0,   7.346748,  58.746918,
  NODE, 5237,    0,    0,   6.843077,  58.736671,
  NODE, 5238,    0,    0,  38.141819,  57.504086,
  NODE, 5239,    0,    0,  37.773216,  57.496014,
  NODE, 5240,    0,    0,  40.000000,  58.500000,
  NODE, 5241,    0,    0,   1.483641,  55.724937,
  NODE, 5242,    0,    0,   1.479368,  56.224327,
  NODE, 5243,    0,    0,   1.679935,  58.512711,
  NODE, 5244,    0,    0,   1.118426,  58.678337,
  NODE, 5245,    0,    0,  38.770733,  19.695276,
  NODE, 5246,    0,    0,  39.128891,  19.962320,
  NODE, 5247,    0,    0,  38.760819,  20.196180,
  NODE, 5248,    0,    0,  39.559486,  20.231613,
  NODE, 5249,    0,    0,  40.000000,  20.500000,
  NODE, 5250,    0,    0,  39.559486,  20.731613,
  NODE, 5251,    0,    0,  39.552994,  23.242199,
  NODE, 5252,    0,    0,  40.000000,  23.500000,
  NODE, 5253,    0,    0,  39.552994,  23.742199,
  NODE, 5254,    0,    0,  38.746216,  21.712883,
  NODE, 5255,    0,    0,  39.112743,  21.973835,
  NODE, 5256,    0,    0,   1.479152,  53.686897,
  NODE, 5257,    0,    0,   1.484879,  54.189636,
  NODE, 5258,    0,    0,   1.841562,  56.466850,
  NODE, 5259,    0,    0,   2.211218,  56.464783,
  NODE, 5260,    0,    0,  39.181480,  18.024704,
  NODE, 5261,    0,    0,  38.842838,  18.240330,
  NODE, 5262,    0,    0,  39.581955,  18.241299,
  NODE, 5263,    0,    0,  40.000000,  18.500000,
  NODE, 5264,    0,    0,   1.438391,  51.690590,
  NODE, 5265,    0,    0,   1.442439,  52.196404,
  NODE, 5266,    0,    0,   1.857910,  54.430378,
  NODE, 5267,    0,    0,   2.235118,  54.418526,
  NODE, 5268,    0,    0,  38.256813,  15.523510,
  NODE, 5269,    0,    0,  38.374538,  16.027391,
  NODE, 5270,    0,    0,  37.804955,  16.026421,
  NODE, 5271,    0,    0,  39.533493,  16.324246,
  NODE, 5272,    0,    0,  40.000000,  16.500000,
  NODE, 5273,    0,    0,   1.377434,  49.636749,
  NODE, 5274,    0,    0,   1.377535,  50.141640,
  NODE, 5275,    0,    0,   2.161410,  52.404297,
  NODE, 5276,    0,    0,   2.591624,  52.641243,
  NODE, 5277,    0,    0,  38.458645,  12.856420,
  NODE, 5278,    0,    0,  38.626694,  12.362831,
  NODE, 5279,    0,    0,  40.000000,  14.500000,
  NODE, 5280,    0,    0,   1.414068,  48.079041,
  NODE, 5281,    0,    0,   1.755874,  50.369652,
  NODE, 5282,    0,    0,   2.211259,  50.319344,
  NODE, 5283,    0,    0,   2.091040,  50.840653,
  NODE, 5284,    0,    0,  38.747025,  10.861916,
  NODE, 5285,    0,    0,  40.000000,  12.500000,
  NODE, 5286,    0,    0,   1.574073,  46.034172,
  NODE, 5287,    0,    0,   1.789041,  48.292175,
  NODE, 5288,    0,    0,  38.734486,   8.828674,
  NODE, 5289,    0,    0,  38.742683,   9.337054,
  NODE, 5290,    0,    0,  40.000000,  10.500000,
  NODE, 5291,    0,    0,   0.586801,  44.737763,
  NODE, 5292,    1,    0,   0.000000,  44.500000,
  NODE, 5293,    0,    0,   0.586801,  44.237763,
  NODE, 5294,    0,    0,   1.701888,  46.569290,
  NODE, 5295,    0,    0,   2.144151,  46.049637,
  NODE, 5296,    0,    0,  37.838593,   7.595703,
  NODE, 5297,    0,    0,  37.408379,   7.358759,
  NODE, 5298,    0,    0,  40.000000,   8.500000,
  NODE, 5299,    0,    0,   0.400477,  42.716599,
  NODE, 5300,    1,    0,   0.000000,  42.500000,
  NODE, 5301,    0,    0,   0.400477,  42.216599,
  NODE, 5302,    0,    0,   1.743192,  44.476494,
  NODE, 5303,    0,    0,   2.195051,  43.973579,
  NODE, 5304,    0,    0,  38.142090,   5.569622,
  NODE, 5305,    0,    0,  37.764885,   5.581474,
  NODE, 5306,    0,    0,  40.000000,   6.500000,
  NODE, 5307,    0,    0,   0.430598,  40.769291,
  NODE, 5308,    1,    0,   0.000000,  40.500000,
  NODE, 5309,    0,    0,   0.430598,  40.269291,
  NODE, 5310,    0,    0,   0.818519,  41.975296,
  NODE, 5311,    0,    0,  38.158440,   3.533151,
  NODE, 5312,    0,    0,  37.788780,   3.535216,
  NODE, 5313,    0,    0,  40.000000,   4.500000,
  NODE, 5314,    0,    0,   0.441635,  38.764870,
  NODE, 5315,    1,    0,   0.000000,  38.500000,
  NODE, 5316,    0,    0,   0.441635,  38.264870,
  NODE, 5317,    0,    0,   1.229267,  40.304722,
  NODE, 5318,    0,    0,   0.871110,  40.037682,
  NODE, 5319,    0,    0,  38.586857,   1.868908,
  NODE, 5320,    0,    0,  39.550850,   2.270917,
  NODE, 5321,    0,    0,  40.000000,   2.500000,
  NODE, 5322,    0,    0,   0.447006,  36.757801,
  NODE, 5323,    1,    0,   0.000000,  36.500000,
  NODE, 5324,    0,    0,   0.447006,  36.257801,
  NODE, 5325,    0,    0,   1.253784,  38.287117,
  NODE, 5326,    0,    0,   0.887256,  38.026161,
  NODE, 5327,    0,    0,  36.928955,   2.104435,
  NODE, 5328,    0,    0,  36.450726,   1.795155,
  NODE, 5329,    0,    0,  35.974045,   0.898846,
  NODE, 5330,    0,    0,  36.207184,   1.411552,
  NODE, 5331,    0,    0,  35.699532,   1.413109,
  NODE, 5332,    0,    0,  37.497063,   1.849514,
  NODE, 5333,    0,    0,  37.457237,   2.289454,
  NODE, 5334,    0,    1,  38.500000,   0.000000,
  NODE, 5335,    0,    0,   0.460943,  34.754211,
  NODE, 5336,    1,    0,   0.000000,  34.500000,
  NODE, 5337,    0,    0,   0.460943,  34.254211,
  NODE, 5338,    0,    0,   1.273678,  36.271996,
  NODE, 5339,    0,    0,   0.901093,  36.013535,
  NODE, 5340,    0,    0,  34.686211,   1.292779,
  NODE, 5341,    0,    0,  35.191887,   1.292413,
  NODE, 5342,    0,    0,  33.948845,   0.896769,
  NODE, 5343,    0,    0,  34.167027,   1.419533,
  NODE, 5344,    0,    0,  33.660835,   1.415167,
  NODE, 5345,    0,    0,   0.467247,  32.744457,
  NODE, 5346,    1,    0,   0.000000,  32.500000,
  NODE, 5347,    0,    0,   0.467247,  32.244457,
  NODE, 5348,    0,    0,   1.326063,  34.260704,
  NODE, 5349,    0,    0,   0.926879,  34.002899,
  NODE, 5350,    0,    0,  32.653252,   1.253081,
  NODE, 5351,    0,    0,  33.156921,   1.263330,
  NODE, 5352,    0,    0,  31.986008,   0.822843,
  NODE, 5353,    0,    0,  32.086895,   1.391637,
  NODE, 5354,    0,    0,  31.637592,   1.342575,
  NODE, 5355,    0,    0,   0.456829,  30.737442,
  NODE, 5356,    1,    0,   0.000000,  30.500000,
  NODE, 5357,    0,    0,   0.456829,  30.237442,
  NODE, 5358,    0,    0,   1.333348,  32.228996,
  NODE, 5359,    0,    0,   0.930274,  31.982882,
  NODE, 5360,    0,    0,  29.993126,   0.929303,
  NODE, 5361,    0,    0,  29.901379,   1.497567,
  NODE, 5362,    0,    0,  29.384768,   1.341236,
  NODE, 5363,    0,    0,  30.254870,   0.542817,
  NODE, 5364,    0,    1,  30.500000,   0.000000,
  NODE, 5365,    0,    0,   0.451070,  28.748346,
  NODE, 5366,    1,    0,   0.000000,  28.500000,
  NODE, 5367,    0,    0,   0.451070,  28.248346,
  NODE, 5368,    0,    0,  27.856875,   1.259567,
  NODE, 5369,    0,    0,  28.073225,   0.879407,
  NODE, 5370,    0,    0,  28.289906,   0.434863,
  NODE, 5371,    0,    1,  28.500000,   0.000000,
  NODE, 5372,    0,    0,   0.457929,  26.751545,
  NODE, 5373,    1,    0,   0.000000,  26.500000,
  NODE, 5374,    0,    0,   0.457929,  26.251545,
  NODE, 5375,    0,    0,   0.451072,  24.744068,
  NODE, 5376,    1,    0,   0.000000,  24.500000,
  NODE, 5377,    0,    0,   0.451072,  24.244068,
  NODE, 5378,    0,    0,   0.440085,  23.740627,
  NODE, 5379,    1,    0,   0.000000,  23.500000,
  NODE, 5380,    0,    0,   1.379796,  23.211361,
  NODE, 5381,    0,    0,   0.321803,  21.810917,
  NODE, 5382,    1,    0,   0.000000,  21.500000,
  NODE, 5383,    0,    0,   1.168445,  21.312069,
  NODE, 5384,    0,    0,  25.798599,   1.297519,
  NODE, 5385,    0,    0,  26.037613,   0.903957,
  NODE, 5386,    0,    0,  26.274708,   0.450123,
  NODE, 5387,    0,    1,  26.500000,   0.000000,
  NODE, 5388,    0,    0,  23.182011,   1.436412,
  NODE, 5389,    0,    0,  22.662861,   1.440883,
  NODE, 5390,    0,    0,  24.250692,   0.452684,
  NODE, 5391,    0,    1,  24.500000,   0.000000,
  NODE, 5392,    0,    0,  22.367474,   1.832203,
  NODE, 5393,    0,    0,  22.215118,   0.458064,
  NODE, 5394,    0,    1,  22.500000,   0.000000,
  NODE, 5395,    0,    0,  39.539055,  25.245789,
  NODE, 5396,    0,    0,  40.000000,  25.500000,
  NODE, 5397,    0,    0,  39.539055,  25.745789,
  NODE, 5398,    0,    0,  38.726322,  23.728005,
  NODE, 5399,    0,    0,  39.098908,  23.986467,
  NODE, 5400,    0,    0,  39.532753,  27.255543,
  NODE, 5401,    0,    0,  40.000000,  27.500000,
  NODE, 5402,    0,    0,  39.532753,  27.755543,
  NODE, 5403,    0,    0,  38.673935,  25.739300,
  NODE, 5404,    0,    0,  39.073120,  25.997105,
  NODE, 5405,    0,    0,  39.543171,  29.262560,
  NODE, 5406,    0,    0,  40.000000,  29.500000,
  NODE, 5407,    0,    0,  39.543171,  29.762560,
  NODE, 5408,    0,    0,  38.666653,  27.771004,
  NODE, 5409,    0,    0,  39.069725,  28.017117,
  NODE, 5410,    0,    0,  39.548950,  31.251640,
  NODE, 5411,    0,    0,  40.000000,  31.500000,
  NODE, 5412,    0,    0,  39.548950,  31.751640,
  NODE, 5413,    0,    0,  39.542275,  33.248161,
  NODE, 5414,    0,    0,  40.000000,  33.500000,
  NODE, 5415,    0,    0,  39.542275,  33.748161,
  NODE, 5416,    0,    0,  39.547272,  35.254715,
  NODE, 5417,    0,    0,  40.000000,  35.500000,
  NODE, 5418,    0,    0,  39.547272,  35.754715,
  NODE, 5419,    0,    0,  39.551781,  36.257465,
  NODE, 5420,    0,    0,  40.000000,  36.500000,
  NODE, 5421,    0,    0,  38.596432,  36.777664,
  NODE, 5422,    0,    0,  39.556873,  38.264702,
  NODE, 5423,    0,    0,  40.000000,  38.500000,
  NODE, 5424,    0,    0,  38.614468,  38.798264,
  NODE, 5425,    0,    0,  39.565247,  40.271202,
  NODE, 5426,    0,    0,  40.000000,  40.500000,
  NODE, 5427,    0,    0,  38.641457,  40.825119,
  NODE, 5428,    0,    0,  38.275276,  40.589447,
  NODE, 5429,    0,    0,  39.593861,  42.256325,
  NODE, 5430,    0,    0,  40.000000,  42.500000,
  NODE, 5431,    0,    0,  38.409638,  42.516716,
  NODE, 5432,    0,    0,  38.766468,  42.735458,
  NODE, 5433,    0,    0,  39.538094,  44.285194,
  NODE, 5434,    0,    0,  40.000000,  44.500000,
  NODE, 5435,    0,    0,  38.504097,  44.924927,
  NODE, 5436,    0,    0,  38.084793,  44.637848,
  NODE, 5437,    0,    0,  39.253243,  46.911804,
  NODE, 5438,    0,    0,  38.239075,  47.074013,
  NODE, 5439,    0,    0,  37.776501,  47.074829,
  NODE, 5440,    0,    0,  38.060177,  46.482369,
  NODE, 5441,    0,    0,  39.091736,  48.883148,
  NODE, 5442,    0,    0,  38.706265,  48.588127,
  NODE, 5443,    0,    0,  38.713677,  49.102371,
  NODE, 5444,    0,    0,  39.090649,  50.891560,
  NODE, 5445,    0,    0,  37.894585,  50.757862,
  NODE, 5446,    0,    0,  37.767822,  50.258495,
  NODE, 5447,    0,    0,  38.218815,  50.304199,
  NODE, 5448,    0,    0,  38.501671,  54.274460,
  NODE, 5449,    0,    0,  38.477043,  53.760300,
  NODE, 5450,    0,    0,  37.646805,  52.597515,
  NODE, 5451,    0,    0,  37.640739,  52.024460,
  NODE, 5452,    0,    0,  38.016991,  52.290779,
  NODE, 5453,    0,    0,  38.515190,  53.166233,
  NODE, 5454,    0,    0,  37.984913,  53.457901,
  NODE, 5455,    0,    0,  40.000000,  54.500000,
  NODE, 5456,    0,    0,  39.528286,  54.748478,
  NODE, 5457,    0,    0,  38.132065,  55.479355,
  NODE, 5458,    0,    0,  40.000000,  56.500000,
  NODE, 5459,    0,    0,  35.699791,  58.593758,
  NODE, 5460,    0,    0,  36.198525,  58.595665,
  NODE, 5461,    0,    0,  38.505974,  58.313263,
  NODE, 5462,    0,    0,  38.673542,  58.878544,
  NODE, 5463,    0,    0,  33.675217,  58.594025,
  NODE, 5464,    0,    0,  34.179947,  58.590065,
  NODE, 5465,    0,    0,  36.432854,  58.219620,
  NODE, 5466,    0,    0,  36.400345,  57.775349,
  NODE, 5467,    0,    0,  32.088997,  58.613335,
  NODE, 5468,    0,    0,  34.415546,  58.204437,
  NODE, 5469,    0,    0,  30.754185,  59.460533,
  NODE, 5470,    0,    0,  30.500000,  60.000000,
  NODE, 5471,    0,    0,  30.254185,  59.460533,
  NODE, 5472,    0,    0,  32.311832,  58.232700,
  NODE, 5473,    0,    0,  28.789171,  59.568207,
  NODE, 5474,    0,    0,  28.500000,  60.000000,
  NODE, 5475,    0,    0,  28.289171,  59.568207,
  NODE, 5476,    0,    0,  30.511982,  58.361939,
  NODE, 5477,    0,    0,  29.901896,  57.952095,
  NODE, 5478,    0,    0,  26.776554,  59.550442,
  NODE, 5479,    0,    0,  26.500000,  60.000000,
  NODE, 5480,    0,    0,  26.276554,  59.550442,
  NODE, 5481,    0,    0,  28.362038,  58.757423,
  NODE, 5482,    0,    0,  28.072022,  59.125595,
  NODE, 5483,    0,    0,  24.759499,  59.544014,
  NODE, 5484,    0,    0,  24.500000,  60.000000,
  NODE, 5485,    0,    0,  24.259499,  59.544014,
  NODE, 5486,    0,    0,  26.319920,  58.708454,
  NODE, 5487,    0,    0,  26.044254,  59.096108,
  NODE, 5488,    0,    0,  22.738922,  59.548904,
  NODE, 5489,    0,    0,  22.500000,  60.000000,
  NODE, 5490,    0,    0,  22.238922,  59.548904,
  NODE, 5491,    0,    0,  24.264704,  58.695633,
  NODE, 5492,    0,    0,  24.007107,  59.088844,
  NODE, 5493,    0,    0,  20.734766,  59.554344,
  NODE, 5494,    0,    0,  20.500000,  60.000000,
  NODE, 5495,    0,    0,  20.234766,  59.554344,
  NODE, 5496,    0,    0,  22.210383,  58.726406,
  NODE, 5497,    0,    0,  21.973930,  59.100777,
  NODE, 5498,    0,    0,  18.746090,  59.553574,
  NODE, 5499,    0,    0,  18.500000,  60.000000,
  NODE, 5500,    0,    0,  18.246090,  59.553574,
  NODE, 5501,    0,    0,  19.462704,  58.232101,
  NODE, 5502,    0,    0,  16.746491,  59.547585,
  NODE, 5503,    0,    0,  16.500000,  60.000000,
  NODE, 5504,    0,    0,  16.246491,  59.547585,
  NODE, 5505,    0,    0,  17.252348,  58.581921,
  NODE, 5506,    0,    0,  17.500181,  58.212372,
  NODE, 5507,    0,    0,  15.206959,  58.563488,
  NODE, 5508,    0,    0,  15.455210,  58.175079,
  NODE, 5509,    0,    0,  16.748663,  58.580120,
  NODE, 5510,    0,    0,  16.996666,  59.096973,
  NODE, 5511,    0,    0,  13.679730,  58.707489,
  NODE, 5512,    0,    0,  13.158149,  58.587174,
  NODE, 5513,    0,    0,  13.390461,  58.194996,
  NODE, 5514,    0,    0,  14.187145,  58.703121,
  NODE, 5515,    0,    0,  13.954833,  59.095299,
  NODE, 5516,    0,    0,  11.635996,  58.750382,
  NODE, 5517,    0,    0,  11.063612,  58.610397,
  NODE, 5518,    0,    0,  11.279413,  58.230503,
  NODE, 5519,    0,    0,  12.141960,  58.740887,
  NODE, 5520,    0,    0,  11.926159,  59.120781,
  NODE, 5521,    0,    0,   9.486841,  58.355385,
  NODE, 5522,    0,    0,   8.875896,  58.501499,
  NODE, 5523,    0,    0,   8.872467,  57.942513,
  NODE, 5524,    0,    0,  10.006886,  59.070702,
  NODE, 5525,    0,    0,  10.098650,  58.502441,
  NODE, 5526,    0,    0,  10.615265,  58.658775,
  NODE, 5527,    0,    0,   1.348222,  22.705547,
  NODE, 5528,    0,    0,   0.866982,  42.892349,
  NODE, 5529,    0,    0,   0.565905,  46.776909,
  NODE, 5530,    1,    0,   0.000000,  46.500000,
  NODE, 5531,    0,    0,   0.438616,  48.712372,
  NODE, 5532,    1,    0,   0.000000,  48.500000,
  NODE, 5533,    0,    0,   0.439488,  50.717468,
  NODE, 5534,    1,    0,   0.000000,  50.500000,
  NODE, 5535,    0,    0,   0.909409,  52.963860,
  NODE, 5536,    0,    0,   0.451735,  52.731659,
  NODE, 5537,    1,    0,   0.000000,  52.500000,
  NODE, 5538,    0,    0,   0.926855,  54.976540,
  NODE, 5539,    0,    0,   0.463401,  54.734936,
  NODE, 5540,    1,    0,   0.000000,  54.500000,
  NODE, 5541,    0,    0,   0.908333,  56.970078,
  NODE, 5542,    0,    0,   0.459181,  56.740997,
  NODE, 5543,    1,    0,   0.000000,  56.500000,
  NODE, 5544,    0,    0,  36.998383,   0.908879,
  NODE, 5545,    0,    0,  37.257534,   0.460235,
  NODE, 5546,    0,    1,  37.500000,   0.000000,
  NODE, 5547,    0,    0,  35.425026,   1.805119,
  NODE, 5548,    0,    0,  33.375103,   1.786095,
  NODE, 5549,    0,    0,  27.346739,   1.408359,
  NODE, 5550,    0,    0,  25.274948,   1.434332,
  NODE, 5551,    0,    0,  23.984961,   0.906276,
  NODE, 5552,    0,    0,  23.718342,   1.286136,
  NODE, 5553,    0,    0,  21.115248,   1.386745,
  NODE, 5554,    0,    0,  40.000000,  57.500000,
  NODE, 5555,    0,    0,  38.513084,  57.765968,
  NODE, 5556,    0,    0,  39.532707,  55.244743,
  NODE, 5557,    0,    0,  40.000000,  55.500000,
  NODE, 5558,    0,    0,  39.013649,  52.936112,
  NODE, 5559,    0,    0,  39.503662,  53.234318,
  NODE, 5560,    0,    0,  40.000000,  53.500000,
  NODE, 5561,    0,    0,  38.712536,  51.094788,
  NODE, 5562,    0,    0,  38.178249,  51.260643,
  NODE, 5563,    0,    0,  38.210133,  49.306091,
  NODE, 5564,    0,    0,  38.836510,  46.907860,
  NODE, 5565,    0,    0,  38.538509,  45.458023,
  NODE, 5566,    0,    0,  38.291397,  43.477249,
  NODE, 5567,    0,    0,  38.743622,  43.232361,
  NODE, 5568,    0,    0,  38.655067,  41.323677,
  NODE, 5569,    0,    0,  38.618820,  39.301498,
  NODE, 5570,    0,    0,  38.600205,  37.281349,
  NODE, 5571,    0,    0,  38.257858,  20.429604,
  NODE, 5572,    0,    0,  38.347061,  18.449209,
  NODE, 5573,    0,    0,  38.946693,  16.086487,
  NODE, 5574,    0,    0,  38.494835,  16.589397,
  NODE, 5575,    0,    0,  40.000000,  13.500000,
  NODE, 5576,    0,    0,  40.000000,  11.500000,
  NODE, 5577,    0,    0,  40.000000,   9.500000,
  NODE, 5578,    0,    0,  38.622566,  10.363249,
  NODE, 5579,    0,    0,  38.622467,   9.858364,
  NODE, 5580,    0,    0,  40.000000,   7.500000,
  NODE, 5581,    0,    0,  38.561607,   8.309410,
  NODE, 5582,    0,    0,  38.557564,   7.803595,
  NODE, 5583,    0,    0,  40.000000,   5.500000,
  NODE, 5584,    0,    0,  38.520851,   6.313104,
  NODE, 5585,    0,    0,  38.515122,   5.810366,
  NODE, 5586,    0,    0,  40.000000,   3.500000,
  NODE, 5587,    0,    0,  38.516361,   4.275063,
  NODE, 5588,    0,    0,  38.520634,   3.775675,
  NODE, 5589,    0,    0,  39.125031,   2.122558,
  NODE, 5590,    0,    0,  38.563522,   2.288183,
  NODE, 5591,    0,    0,   2.500000,  60.000000,
  NODE, 5592,    0,    0,   2.229793,  58.522499,
  NODE, 5593,    0,    0,   4.574973,  58.194878,
  NODE, 5594,    0,    0,   6.624897,  58.213905,
  NODE, 5595,    0,    0,  12.650501,  58.592979,
  NODE, 5596,    0,    0,  14.698359,  58.563789,
  NODE, 5597,    0,    0,  32.718124,  59.566189,
  NODE, 5598,    0,    0,  32.500000,  60.000000,
  NODE, 5599,    0,    0,  34.729244,  59.551636,
  NODE, 5600,    0,    0,  34.500000,  60.000000,
  NODE, 5601,    0,    0,  36.955002,  59.105278,
  NODE, 5602,    0,    0,  36.732369,  59.553707,
  NODE, 5603,    0,    0,  36.500000,  60.000000,
  NODE, 5604,    0,    0,  11.989245,  18.071369,
  NODE, 5605,    0,    0,  11.057123,  17.139326,
  NODE, 5606,    0,    0,  11.005855,  16.699436,
  NODE, 5607,    0,    0,   7.083703,  20.167776,
  NODE, 5608,    0,    0,   7.195761,  19.594852,
  NODE, 5609,    0,    0,   7.326480,  19.090784,
  NODE, 5610,    0,    0,   7.418992,  18.573061,
  NODE, 5611,    0,    0,   7.796986,  18.902840,
  NODE, 5612,    0,    0,  17.140297,  11.882694,
  NODE, 5613,    0,    0,  17.470312,  10.560995,
  NODE, 5614,    0,    0,   5.432588,  20.483061,
  NODE, 5615,    0,    0,  17.073160,  12.808061,
  NODE, 5616,    0,    0,  16.055874,  14.121576,
  NODE, 5617,    0,    0,  20.273003,   8.987574,
  NODE, 5618,    0,    0,  20.582741,   8.450334,
  NODE, 5619,    0,    0,  20.858666,   8.901697,
  NODE, 5620,    0,    0,  18.980742,   9.576494,
  NODE, 5621,    0,    0,  18.708080,   9.152824,
  NODE, 5622,    0,    0,   9.259933,  17.727202,
  NODE, 5623,    0,    0,  10.329944,  19.477779,
  NODE, 5624,    0,    0,  10.054592,  18.996098,
  NODE, 5625,    0,    0,  10.636886,  18.995638,
  NODE, 5626,    0,    0,  17.235439,  10.145916,
  NODE, 5627,    0,    0,  18.475197,  10.513521,
  NODE, 5628,    0,    0,  18.717140,  10.957270,
  NODE, 5629,    0,    0,  19.482323,   4.520961,
  NODE, 5630,    0,    0,  20.833778,   4.323397,
  NODE, 5631,    0,    0,   6.175902,  19.882679,
  NODE, 5632,    0,    0,   6.501412,  20.254456,
  NODE, 5633,    0,    0,   5.992647,  20.373957,
  NODE, 5634,    0,    0,  21.182180,   6.874855,
  NODE, 5635,    0,    0,  21.716862,   7.075392,
  NODE, 5636,    0,    0,  19.919010,   7.604590,
  NODE, 5637,    0,    0,  20.125206,   7.097685,
  NODE, 5638,    0,    0,  20.562273,   6.010867,
  NODE, 5639,    0,    0,  20.400353,   6.541409,
  NODE, 5640,    0,    0,  19.228334,   5.501922,
  NODE, 5641,    0,    0,  20.155554,   2.841863,
  NODE, 5642,    0,    0,  19.839743,   2.526772,
  NODE, 5643,    0,    0,   5.758098,  20.854836,
  NODE, 5644,    0,    0,  15.496328,  15.118935,
  NODE, 5645,    0,    0,  19.691708,   8.120969,
  NODE, 5646,    0,    0,  20.224379,   8.019831,
  NODE, 5647,    0,    0,  18.573061,   7.418992,
  NODE, 5648,    0,    0,   8.225374,  19.251164,
  NODE, 5649,    0,    0,   8.595783,  19.557846,
  NODE, 5650,    0,    0,  18.726929,  10.054260,
  NODE, 5651,    0,    0,   5.608850,  21.872582,
  NODE, 5652,    0,    0,   5.211657,  21.553724,
  NODE, 5653,    0,    0,   5.595231,  21.282795,
  NODE, 5654,    0,    0,   4.727345,  21.291346,
  NODE, 5655,    0,    0,  20.928623,   3.805297,
  NODE, 5656,    0,    0,  22.570782,   3.484628,
  NODE, 5657,    0,    0,  21.923012,   3.314730,
  NODE, 5658,    0,    0,  22.288853,   3.008471,
  NODE, 5659,    0,    0,  21.481842,   3.458812,
  NODE, 5660,    0,    0,   9.152781,  20.156662,
  NODE, 5661,    0,    0,   8.852139,  20.285881,
  NODE, 5662,    0,    0,   8.748314,  19.910669,
  NODE, 5663,    0,    0,  22.564217,   4.958791,
  NODE, 5664,    0,    0,  22.568781,   4.441812,
  NODE, 5665,    0,    0,  19.231314,  10.943061,
  NODE, 5666,    0,    0,  19.496267,  10.454723,
  NODE, 5667,    0,    0,  18.696026,  11.899171,
  NODE, 5668,    0,    0,  18.416428,  12.365824,
  NODE, 5669,    0,    0,  15.989442,  15.080805,
  NODE, 5670,    0,    0,  15.782362,  15.444330,
  NODE, 5671,    0,    0,  15.060295,  15.984701,
  NODE, 5672,    0,    0,   1.453719,  20.810707,
  NODE, 5673,    0,    0,   2.893253,  21.533707,
  NODE, 5674,    0,    0,   2.642801,  20.943966,
  NODE, 5675,    0,    0,   1.675087,  22.354893,
  NODE, 5676,    0,    0,  22.268284,   2.402106,
  NODE, 5677,    0,    0,  37.209450,  38.610683,
  NODE, 5678,    0,    0,  37.535236,  39.102387,
  NODE, 5679,    0,    0,  38.232742,  37.541760,
  NODE, 5680,    0,    0,  37.947475,  40.095337,
  NODE, 5681,    0,    0,  38.256661,  39.569092,
  NODE, 5682,    0,    0,  37.934326,  42.613590,
  NODE, 5683,    0,    0,  37.998749,  42.172035,
  NODE, 5684,    0,    0,  38.313240,  41.591492,
  NODE, 5685,    0,    0,   2.822330,  23.440933,
  NODE, 5686,    0,    0,   2.474798,  22.942352,
  NODE, 5687,    0,    0,   1.803238,  24.471188,
  NODE, 5688,    0,    0,   2.965551,  25.436337,
  NODE, 5689,    0,    0,   2.565681,  24.925884,
  NODE, 5690,    0,    0,   1.833777,  26.509098,
  NODE, 5691,    0,    0,   2.851498,  27.554810,
  NODE, 5692,    0,    0,   2.544690,  27.054798,
  NODE, 5693,    0,    0,   1.791979,  28.492943,
  NODE, 5694,    0,    0,   2.250281,  28.500225,
  NODE, 5695,    0,    0,   2.834207,  28.502056,
  NODE, 5696,    0,    0,   1.819429,  30.451286,
  NODE, 5697,    0,    0,   2.965359,  31.412813,
  NODE, 5698,    0,    0,   2.559425,  30.907467,
  NODE, 5699,    0,    0,   1.876255,  32.480179,
  NODE, 5700,    0,    0,   2.987351,  33.523773,
  NODE, 5701,    0,    0,   2.605193,  32.997955,
  NODE, 5702,    0,    0,   1.849019,  34.523556,
  NODE, 5703,    0,    0,   2.853807,  35.606583,
  NODE, 5704,    0,    0,   2.551746,  35.088661,
  NODE, 5705,    0,    0,   1.779670,  36.534485,
  NODE, 5706,    0,    0,   2.804058,  37.590111,
  NODE, 5707,    0,    0,   2.490232,  37.069611,
  NODE, 5708,    0,    0,   1.755620,  38.557213,
  NODE, 5709,    0,    0,   2.048579,  40.096230,
  NODE, 5710,    0,    0,   1.712489,  40.585251,
  NODE, 5711,    0,    0,   1.921491,  42.123005,
  NODE, 5712,    0,    0,   1.947799,  42.472076,
  NODE, 5713,    0,    0,  37.132080,  36.586113,
  NODE, 5714,    0,    0,  37.482849,  37.077080,
  NODE, 5715,    0,    0,  38.190041,  35.521961,
  NODE, 5716,    0,    0,  37.032623,  34.540081,
  NODE, 5717,    0,    0,  37.428520,  35.053680,
  NODE, 5718,    0,    0,  38.167938,  33.488472,
  NODE, 5719,    0,    0,  37.150856,  32.443863,
  NODE, 5720,    0,    0,  37.458122,  32.943253,
  NODE, 5721,    0,    0,  38.208187,  31.506931,
  NODE, 5722,    0,    0,  37.750011,  31.499748,
  NODE, 5723,    0,    0,  37.165733,  31.498909,
  NODE, 5724,    0,    0,  38.180565,  29.548721,
  NODE, 5725,    0,    0,  37.034538,  28.587359,
  NODE, 5726,    0,    0,  37.440476,  29.092705,
  NODE, 5727,    0,    0,  38.123745,  27.519821,
  NODE, 5728,    0,    0,  37.012650,  26.476223,
  NODE, 5729,    0,    0,  37.394806,  27.002041,
  NODE, 5730,    0,    0,  38.150978,  25.476444,
  NODE, 5731,    0,    0,  37.146195,  24.393414,
  NODE, 5732,    0,    0,  37.448254,  24.911341,
  NODE, 5733,    0,    0,  38.220329,  23.465513,
  NODE, 5734,    0,    0,  37.195946,  22.409889,
  NODE, 5735,    0,    0,  37.509769,  22.930389,
  NODE, 5736,    0,    0,  38.244377,  21.442787,
  NODE, 5737,    0,    0,  15.452668,  57.661121,
  NODE, 5738,    0,    0,  17.505478,  57.760475,
  NODE, 5739,    0,    0,  19.457632,  57.782555,
  NODE, 5740,    0,    0,  21.415443,  57.770809,
  NODE, 5741,    0,    0,  23.482842,  57.651230,
  NODE, 5742,    0,    0,  25.605419,  57.660408,
  NODE, 5743,    0,    0,  28.156073,  57.927887,
  NODE, 5744,    0,    0,  28.716965,  58.239903,
  NODE, 5745,    0,    0,  28.731747,   2.221205,
  NODE, 5746,    0,    0,  26.628117,   2.333143,
  NODE, 5747,    0,    0,  13.359745,  57.680595,
  NODE, 5748,    0,    0,  11.840368,  57.919323,
  NODE, 5749,    0,    0,  12.360338,  58.222588,
  NODE, 5750,    0,    0,  24.487845,   2.285943,
  NODE, 5751,    0,    0,  37.951424,  19.903770,
  NODE, 5752,    0,    0,  38.287514,  19.414749,
  NODE, 5753,    0,    0,  38.078507,  17.876995,
  NODE, 5754,    0,    0,  38.052200,  17.527926,
  NODE, 5755,    0,    0,  10.551106,  18.126064,
  NODE, 5756,    0,    0,  17.593964,  12.827446,
  NODE, 5757,    0,    0,  17.371628,  12.344126,
  NODE, 5758,    0,    0,  18.129673,  12.843046,
  NODE, 5759,    0,    0,   7.395848,  21.597336,
  NODE, 5760,    0,    0,  20.726828,   6.947177,
  NODE, 5761,    0,    0,  20.810043,   7.933956,
  NODE, 5762,    0,    0,   8.425650,  20.451603,
  NODE, 5763,    0,    0,   8.896425,  19.428627,
  NODE, 5764,    0,    0,   9.398303,  19.629845,
  NODE, 5765,    0,    0,  20.279404,   9.932026,
  NODE, 5766,    0,    0,  19.750080,   9.976958,
  NODE, 5767,    0,    0,  20.019606,   9.483870,
  NODE, 5768,    0,    0,  19.236469,  10.006567,
  NODE, 5769,    0,    0,  21.840473,   9.884761,
  NODE, 5770,    0,    0,  21.320646,   9.896338,
  NODE, 5771,    0,    0,  18.653667,  12.845358,
  NODE, 5772,    0,    0,  33.358749,   2.239173,
  NODE, 5773,    0,    0,   6.641252,  57.760826,
  NODE, 5774,    0,    0,  32.307697,  57.780991,
  NODE, 5775,    0,    0,  35.390644,   2.340937,
  NODE, 5776,    0,    0,   4.609357,  57.659065,
  NODE, 5777,    0,    0,  34.394093,  57.692234,
  NODE, 5778,    0,    0,  36.604321,  42.593929,
  NODE, 5779,    0,    0,  37.837933,  41.688370,
  NODE, 5780,    0,    0,  36.736969,  18.309143,
  NODE, 5781,    0,    0,  37.778969,  17.143118,
  NODE, 5782,    0,    0,  38.195915,  16.915112,
  NODE, 5783,    0,    0,   3.263090,  41.690849,
  NODE, 5784,    0,    0,   2.221032,  42.856880,
  NODE, 5785,    0,    0,   1.804086,  43.084889,
  NODE, 5786,    0,    0,   9.370071,  21.533798,
  NODE, 5787,    0,    0,  11.216147,  18.949923,
  NODE, 5788,    0,    0,  10.940796,  18.468241,
  NODE, 5789,    0,    0,  29.136433,   2.469206,
  NODE, 5790,    0,    0,  27.729591,   3.320570,
  NODE, 5791,    0,    0,  27.711891,   2.804893,
  NODE, 5792,    0,    0,  28.569342,  57.229218,
  NODE, 5793,    0,    0,  28.583403,  56.713882,
  NODE, 5794,    0,    0,  28.727306,  57.789360,
  NODE, 5795,    0,    0,  12.272299,  56.682129,
  NODE, 5796,    0,    0,  12.288168,  57.198189,
  NODE, 5797,    0,    0,  12.348910,  57.771416,
  NODE, 5798,    0,    0,   6.210579,  57.476269,
  NODE, 5799,    0,    0,   7.559135,  57.217384,
  NODE, 5800,    0,    0,   7.591351,  56.713532,
  NODE, 5801,    0,    0,  33.789421,   2.523732,
  NODE, 5802,    0,    0,  32.440865,   2.782617,
  NODE, 5803,    0,    0,  32.408653,   3.286467,
  NODE, 5804,    0,    0,  31.905674,  57.533276,
  NODE, 5805,    0,    0,  33.322662,  56.683708,
  NODE, 5806,    0,    0,  33.333778,  57.199959,
  NODE, 5807,    0,    0,  36.701851,  40.689743,
  NODE, 5808,    0,    0,  37.806004,  39.593369,
  NODE, 5809,    0,    0,  36.690834,  20.340818,
  NODE, 5810,    0,    0,  37.836269,  19.389381,
  NODE, 5811,    0,    0,   3.309196,  39.659164,
  NODE, 5812,    0,    0,   2.163730,  40.610619,
  NODE, 5813,    0,    0,  27.190073,   2.502253,
  NODE, 5814,    0,    0,  25.438034,   3.447734,
  NODE, 5815,    0,    0,  25.564669,   3.002248,
  NODE, 5816,    0,    0,  26.002762,   3.184143,
  NODE, 5817,    0,    0,  25.083643,  57.458996,
  NODE, 5818,    0,    0,  26.347042,  56.859013,
  NODE, 5819,    0,    0,  26.189461,  56.422714,
  NODE, 5820,    0,    0,  12.808138,  57.501450,
  NODE, 5821,    0,    0,  14.531250,  56.649178,
  NODE, 5822,    0,    0,  14.373167,  57.087982,
  NODE, 5823,    0,    0,  14.008692,  56.847702,
  NODE, 5824,    0,    0,  20.526598,  10.399569,
  NODE, 5825,    0,    0,  20.778927,  10.870219,
  NODE, 5826,    0,    0,  36.666184,  38.655930,
  NODE, 5827,    0,    0,  37.776459,  37.562054,
  NODE, 5828,    0,    0,  36.660057,  22.379795,
  NODE, 5829,    0,    0,  37.789703,  21.424244,
  NODE, 5830,    0,    0,   3.357942,  21.607498,
  NODE, 5831,    0,    0,   3.750477,  21.370548,
  NODE, 5832,    0,    0,   3.864117,  21.855703,
  NODE, 5833,    0,    0,   2.210813,  22.443268,
  NODE, 5834,    0,    0,   3.339952,  37.620194,
  NODE, 5835,    0,    0,   2.210295,  38.575760,
  NODE, 5836,    0,    0,   4.061806,  57.493065,
  NODE, 5837,    0,    0,   5.397993,  56.709831,
  NODE, 5838,    0,    0,   5.213819,  56.254753,
  NODE, 5839,    0,    0,  34.602009,   3.290167,
  NODE, 5840,    0,    0,  34.786186,   3.745248,
  NODE, 5841,    0,    0,  33.847656,  57.504540,
  NODE, 5842,    0,    0,  35.573006,  56.684551,
  NODE, 5843,    0,    0,  35.413303,  57.124420,
  NODE, 5844,    0,    0,  35.046486,  56.867737,
  NODE, 5845,    0,    0,   3.858081,  22.463268,
  NODE, 5846,    0,    0,   3.657377,  22.888557,
  NODE, 5847,    0,    0,   4.177805,  21.074814,
  NODE, 5848,    0,    0,  10.642586,  19.977676,
  NODE, 5849,    0,    0,  22.538309,   5.491363,
  NODE, 5850,    0,    0,  22.095520,   5.218631,
  NODE, 5851,    0,    0,  25.012014,   2.613418,
  NODE, 5852,    0,    0,  23.434681,   3.436397,
  NODE, 5853,    0,    0,  23.444111,   2.894628,
  NODE, 5854,    0,    0,  22.899494,  57.419548,
  NODE, 5855,    0,    0,  24.211556,  56.829090,
  NODE, 5856,    0,    0,  24.048771,  56.385155,
  NODE, 5857,    0,    0,  14.915096,  57.463055,
  NODE, 5858,    0,    0,  16.696484,  56.661438,
  NODE, 5859,    0,    0,  16.517868,  57.101063,
  NODE, 5860,    0,    0,  16.149483,  56.845963,
  NODE, 5861,    0,    0,  36.507988,  36.615356,
  NODE, 5862,    0,    0,  37.712219,  35.539215,
  NODE, 5863,    0,    0,  36.616608,  24.363361,
  NODE, 5864,    0,    0,  37.761040,  23.444719,
  NODE, 5865,    0,    0,   3.365724,  23.410961,
  NODE, 5866,    0,    0,   2.268633,  24.456055,
  NODE, 5867,    0,    0,   3.383390,  35.636635,
  NODE, 5868,    0,    0,   2.238958,  36.555283,
  NODE, 5869,    0,    0,   7.121545,  21.967785,
  NODE, 5870,    0,    0,   7.624280,  21.987303,
  NODE, 5871,    0,    0,   6.159976,  22.089457,
  NODE, 5872,    0,    0,   5.776402,  22.360386,
  NODE, 5873,    0,    0,  36.569534,  26.640869,
  NODE, 5874,    0,    0,  37.623787,  25.461477,
  NODE, 5875,    0,    0,   3.229046,  25.810448,
  NODE, 5876,    0,    0,   3.432075,  25.252405,
  NODE, 5877,    0,    0,   2.361838,  26.507097,
  NODE, 5878,    0,    0,  36.787361,  34.163780,
  NODE, 5879,    0,    0,  36.575104,  34.711102,
  NODE, 5880,    0,    0,  37.642632,  33.485794,
  NODE, 5881,    0,    0,   3.430463,  33.359131,
  NODE, 5882,    0,    0,   2.376211,  34.538521,
  NODE, 5883,    0,    0,  17.034607,  57.490799,
  NODE, 5884,    0,    0,  18.975916,  57.520569,
  NODE, 5885,    0,    0,  20.925997,  57.528069,
  NODE, 5886,    0,    0,  22.353424,  56.622673,
  NODE, 5887,    0,    0,  22.372435,  57.118931,
  NODE, 5888,    0,    0,  36.895538,  31.974808,
  NODE, 5889,    0,    0,  36.620548,  32.438622,
  NODE, 5890,    0,    0,  36.594612,  28.765640,
  NODE, 5891,    0,    0,  37.596466,  27.528225,
  NODE, 5892,    0,    0,   3.103831,  28.029013,
  NODE, 5893,    0,    0,   3.380560,  27.563984,
  NODE, 5894,    0,    0,   3.405184,  31.234703,
  NODE, 5895,    0,    0,   2.403534,  32.471775,
  NODE, 5896,    0,    0,  36.631355,  30.541391,
  NODE, 5897,    0,    0,  37.720581,  29.558306,
  NODE, 5898,    0,    0,   3.367488,  29.461166,
  NODE, 5899,    0,    0,   2.279378,  30.441780,
  NODE, 5900,    0,    0,  18.493042,  57.201092,
  NODE, 5901,    0,    0,  20.442944,  56.686054,
  NODE, 5902,    0,    0,  20.432356,  57.214356,
  NODE, 5903,    0,    0,  18.891495,  13.337854,
  NODE, 5904,    0,    0,  18.599327,  13.811553,
  NODE, 5905,    0,    0,  20.796124,   9.906479,
  NODE, 5906,    0,    0,   8.384662,  21.603310,
  NODE, 5907,    0,    0,   8.146358,  22.176254,
  NODE, 5908,    0,    0,   7.872056,  22.546703,
  NODE, 5909,    0,    0,   7.827019,  23.004938,
  NODE, 5910,    0,    0,   6.610322,  22.077538,
  NODE, 5911,    0,    0,  36.453930,  18.795349,
  NODE, 5912,    0,    0,  36.182236,  18.286453,
  NODE, 5913,    0,    0,  36.434937,  41.209301,
  NODE, 5914,    0,    0,   3.546154,  41.204620,
  NODE, 5915,    0,    0,   3.817878,  41.713516,
  NODE, 5916,    0,    0,   9.421751,  22.668430,
  NODE, 5917,    0,    0,   8.922009,  22.896231,
  NODE, 5918,    0,    0,   8.893878,  22.507856,
  NODE, 5919,    0,    0,   8.632439,  22.162710,
  NODE, 5920,    0,    0,  13.300125,  17.660290,
  NODE, 5921,    0,    0,  12.922749,  17.905932,
  NODE, 5922,    0,    0,  12.538796,  18.208208,
  NODE, 5923,    0,    0,  26.223358,   3.609227,
  NODE, 5924,    0,    0,  27.266377,  56.438561,
  NODE, 5925,    0,    0,  27.739628,  56.193665,
  NODE, 5926,    0,    0,  26.698025,  57.112091,
  NODE, 5927,    0,    0,  13.808098,  56.413872,
  NODE, 5928,    0,    0,   6.400581,  56.446549,
  NODE, 5929,    0,    0,   6.863468,  56.227257,
  NODE, 5930,    0,    0,   5.725777,  57.067207,
  NODE, 5931,    0,    0,  33.599419,   3.553453,
  NODE, 5932,    0,    0,  33.136536,   3.772744,
  NODE, 5933,    0,    0,  34.274223,   2.932796,
  NODE, 5934,    0,    0,  34.849037,  56.428848,
  NODE, 5935,    0,    0,  36.408295,  20.836453,
  NODE, 5936,    0,    0,  36.145409,  20.309725,
  NODE, 5937,    0,    0,  36.411408,  39.176079,
  NODE, 5938,    0,    0,   3.591750,  39.163506,
  NODE, 5939,    0,    0,   3.854649,  39.690224,
  NODE, 5940,    0,    0,  24.859217,   3.712620,
  NODE, 5941,    0,    0,  25.204931,   3.678898,
  NODE, 5942,    0,    0,  25.064205,   4.125679,
  NODE, 5943,    0,    0,  25.125113,  56.416420,
  NODE, 5944,    0,    0,  25.489304,  56.181534,
  NODE, 5945,    0,    0,  24.557665,  57.071106,
  NODE, 5946,    0,    0,  15.963675,  56.407291,
  NODE, 5947,    0,    0,  36.331001,  37.179215,
  NODE, 5948,    0,    0,  35.962597,  36.680809,
  NODE, 5949,    0,    0,  36.383316,  22.877804,
  NODE, 5950,    0,    0,  36.117840,  22.356239,
  NODE, 5951,    0,    0,   3.952926,  23.356285,
  NODE, 5952,    0,    0,   3.616686,  37.122196,
  NODE, 5953,    0,    0,   3.882169,  37.643753,
  NODE, 5954,    0,    0,   4.421062,  56.122734,
  NODE, 5955,    0,    0,   3.583576,  57.183785,
  NODE, 5956,    0,    0,  37.253532,   2.790733,
  NODE, 5957,    0,    0,  35.578941,   3.877265,
  NODE, 5958,    0,    0,  37.229248,  57.221718,
  NODE, 5959,    0,    0,  37.215881,  56.714523,
  NODE, 5960,    0,    0,  35.936066,  57.512573,
  NODE, 5961,    0,    0,   6.155290,  21.173691,
  NODE, 5962,    0,    0,   5.279014,  22.699862,
  NODE, 5963,    0,    0,   5.830141,  22.916737,
  NODE, 5964,    0,    0,  22.916054,   2.572004,
  NODE, 5965,    0,    0,  22.610539,   3.994226,
  NODE, 5966,    0,    0,  22.571198,   6.035200,
  NODE, 5967,    0,    0,  22.572060,   6.555585,
  NODE, 5968,    0,    0,  22.976379,   3.687967,
  NODE, 5969,    0,    0,  22.947388,  56.329887,
  NODE, 5970,    0,    0,  23.367950,  56.117641,
  NODE, 5971,    0,    0,  17.063072,  56.407913,
  NODE, 5972,    0,    0,  36.355450,  24.842125,
  NODE, 5973,    0,    0,  36.107750,  24.348679,
  NODE, 5974,    0,    0,  37.039841,  25.406946,
  NODE, 5975,    0,    0,  36.340946,  33.977829,
  NODE, 5976,    0,    0,   3.678281,  25.998215,
  NODE, 5977,    0,    0,   3.644551,  35.157875,
  NODE, 5978,    0,    0,   3.892249,  35.651321,
  NODE, 5979,    0,    0,   2.960158,  34.593052,
  NODE, 5980,    0,    0,  37.926079,  43.173477,
  NODE, 5981,    0,    0,  19.210197,  11.884962,
  NODE, 5982,    0,    0,  18.965799,  11.415997,
  NODE, 5983,    0,    0,  36.332344,  26.987824,
  NODE, 5984,    0,    0,  36.091961,  26.633328,
  NODE, 5985,    0,    0,  37.011581,  27.521547,
  NODE, 5986,    0,    0,   3.637931,  27.096485,
  NODE, 5987,    0,    0,  36.365181,  32.906536,
  NODE, 5988,    0,    0,   3.667654,  33.012177,
  NODE, 5989,    0,    0,   3.908039,  33.366673,
  NODE, 5990,    0,    0,   2.988420,  32.478455,
  NODE, 5991,    0,    0,  20.944595,  56.429207,
  NODE, 5992,    0,    0,  21.415031,  56.175690,
  NODE, 5993,    0,    0,  36.347721,  29.124256,
  NODE, 5994,    0,    0,  36.086487,  28.762909,
  NODE, 5995,    0,    0,   3.651748,  30.876606,
  NODE, 5996,    0,    0,   3.912976,  31.237953,
  NODE, 5997,    0,    0,  36.635429,  31.493671,
  NODE, 5998,    0,    0,  36.365631,  31.017647,
  NODE, 5999,    0,    0,  36.091362,  30.541264,
  NODE, 6000,    0,    0,   3.363269,  28.511231,
  NODE, 6001,    0,    0,   3.631551,  28.988470,
  NODE, 6002,    0,    0,   3.905395,  29.465363,
  NODE, 6003,    0,    0,  18.499363,  56.675453,
  NODE, 6004,    0,    0,  18.984684,  56.406559,
  NODE, 6005,    0,    0,  19.476988,  56.140244,
  NODE, 6006,    0,    0,  20.237553,  12.867425,
  NODE, 6007,    0,    0,  19.123909,  13.826827,
  NODE, 6008,    0,    0,  21.034929,  11.347483,
  NODE, 6009,    0,    0,  20.772707,  11.847677,
  NODE, 6010,    0,    0,  20.504387,  12.346748,
  NODE, 6011,    0,    0,  17.793854,  15.137592,
  NODE, 6012,    0,    0,  10.396481,  21.444988,
  NODE, 6013,    0,    0,  10.648247,  20.945086,
  NODE, 6014,    0,    0,   9.888784,  22.410137,
  NODE, 6015,    0,    0,   9.916914,  22.798512,
  NODE, 6016,    0,    0,  12.456703,  19.513392,
  NODE, 6017,    0,    0,  12.313625,  20.013825,
  NODE, 6018,    0,    0,  37.916885,  11.159013,
  NODE, 6019,    0,    0,  38.248367,  10.650325,
  NODE, 6020,    0,    0,  37.874577,  48.801746,
  NODE, 6021,    0,    0,  38.141804,  48.236916,
  NODE, 6022,    0,    0,   2.083114,  48.840988,
  NODE, 6023,    0,    0,   1.751636,  49.349678,
  NODE, 6024,    0,    0,  12.112785,  22.009728,
  NODE, 6025,    0,    0,  12.237047,  21.527803,
  NODE, 6026,    0,    0,  10.911369,  20.463854,
  NODE, 6027,    0,    0,  13.740221,  17.736494,
  NODE, 6028,    0,    0,  13.653282,  17.305134,
  NODE, 6029,    0,    0,  13.003111,  18.393927,
  NODE, 6030,    0,    0,  17.016224,  55.363312,
  NODE, 6031,    0,    0,  17.490519,  55.085968,
  NODE, 6032,    0,    0,  18.504570,  56.135712,
  NODE, 6033,    0,    0,  19.496471,  55.604408,
  NODE, 6034,    0,    0,  35.333618,  32.943543,
  NODE, 6035,    0,    0,  35.061699,  32.483070,
  NODE, 6036,    0,    0,  36.095436,  31.493544,
  NODE, 6037,    0,    0,   4.662803,  27.080799,
  NODE, 6038,    0,    0,   4.929148,  27.548178,
  NODE, 6039,    0,    0,   3.901175,  28.515427,
  NODE, 6040,    0,    0,  35.833866,  30.053886,
  NODE, 6041,    0,    0,  36.098343,  29.593266,
  NODE, 6042,    0,    0,   4.162691,  29.952419,
  NODE, 6043,    0,    0,   3.900436,  30.408958,
  NODE, 6044,    0,    0,  36.647286,  11.590569,
  NODE, 6045,    0,    0,  37.688171,  48.231308,
  NODE, 6046,    0,    0,   3.352713,  48.409432,
  NODE, 6047,    0,    0,  13.657489,  19.428955,
  NODE, 6048,    0,    0,  14.190434,  19.239973,
  NODE, 6049,    0,    0,  35.933357,  17.787872,
  NODE, 6050,    0,    0,  36.189789,  17.265402,
  NODE, 6051,    0,    0,  36.436615,  16.851131,
  NODE, 6052,    0,    0,  35.885887,  42.219479,
  NODE, 6053,    0,    0,  36.139923,  42.721283,
  NODE, 6054,    0,    0,  35.619400,  42.743778,
  NODE, 6055,    0,    0,  36.148186,  41.715328,
  NODE, 6056,    0,    0,   4.067102,  42.212059,
  NODE, 6057,    0,    0,   3.810439,  42.734589,
  NODE, 6058,    0,    0,   3.563612,  43.148865,
  NODE, 6059,    0,    0,  28.739937,   3.817070,
  NODE, 6060,    0,    0,  27.281010,   3.572566,
  NODE, 6061,    0,    0,  27.749624,  55.687538,
  NODE, 6062,    0,    0,  29.119757,  56.460877,
  NODE, 6063,    0,    0,  11.262088,  56.183037,
  NODE, 6064,    0,    0,  12.726294,  56.427773,
  NODE, 6065,    0,    0,  32.318672,  56.181606,
  NODE, 6066,    0,    0,  33.776554,  56.429882,
  NODE, 6067,    0,    0,   6.856447,  55.744709,
  NODE, 6068,    0,    0,   8.095674,  56.460152,
  NODE, 6069,    0,    0,  33.143555,   4.255291,
  NODE, 6070,    0,    0,  31.904331,   3.539848,
  NODE, 6071,    0,    0,  35.892139,  19.782627,
  NODE, 6072,    0,    0,  36.163574,  19.293375,
  NODE, 6073,    0,    0,  35.365784,  41.266365,
  NODE, 6074,    0,    0,  36.145657,  39.704529,
  NODE, 6075,    0,    0,   4.108140,  40.217209,
  NODE, 6076,    0,    0,   3.836519,  40.706589,
  NODE, 6077,    0,    0,  26.427998,   4.009766,
  NODE, 6078,    0,    0,  13.613279,  55.981091,
  NODE, 6079,    0,    0,  14.880701,  56.412392,
  NODE, 6080,    0,    0,  26.024796,  55.993374,
  NODE, 6081,    0,    0,  25.681252,  55.759789,
  NODE, 6082,    0,    0,  35.861145,  21.828327,
  NODE, 6083,    0,    0,  36.128727,  21.331795,
  NODE, 6084,    0,    0,   4.138951,  38.171574,
  NODE, 6085,    0,    0,   3.871319,  38.668160,
  NODE, 6086,    0,    0,  35.334179,  39.258240,
  NODE, 6087,    0,    0,  36.081345,  37.709435,
  NODE, 6088,    0,    0,  37.189331,  58.729237,
  NODE, 6089,    0,    0,  34.652618,  55.991867,
  NODE, 6090,    0,    0,  35.918953,  56.442345,
  NODE, 6091,    0,    0,   4.888094,  55.903095,
  NODE, 6092,    0,    0,   5.318879,  55.824066,
  NODE, 6093,    0,    0,   3.274764,  58.719109,
  NODE, 6094,    0,    0,   2.760946,  56.702896,
  NODE, 6095,    0,    0,   3.125350,  56.949257,
  NODE, 6096,    0,    0,  36.725235,   1.280892,
  NODE, 6097,    0,    0,  37.239052,   3.297102,
  NODE, 6098,    0,    0,  36.874649,   3.050744,
  NODE, 6099,    0,    0,  35.111908,   4.096903,
  NODE, 6100,    0,    0,  35.473877,   4.307948,
  NODE, 6101,    0,    0,   6.442768,  21.589733,
  NODE, 6102,    0,    0,  37.830338,  44.135643,
  NODE, 6103,    0,    0,  37.677551,  44.777260,
  NODE, 6104,    0,    0,  37.872257,  43.692455,
  NODE, 6105,    0,    0,  23.474438,   3.945995,
  NODE, 6106,    0,    0,  23.977413,   4.240495,
  NODE, 6107,    0,    0,  23.039894,   5.775360,
  NODE, 6108,    0,    0,  24.370289,   4.472981,
  NODE, 6109,    0,    0,  24.325615,   3.926913,
  NODE, 6110,    0,    0,  15.767559,  55.966377,
  NODE, 6111,    0,    0,  23.900068,  55.957069,
  NODE, 6112,    0,    0,  23.582722,  55.705257,
  NODE, 6113,    0,    0,  35.845879,  23.852669,
  NODE, 6114,    0,    0,  36.105003,  23.362080,
  NODE, 6115,    0,    0,   4.154122,  36.147331,
  NODE, 6116,    0,    0,   3.894996,  36.637920,
  NODE, 6117,    0,    0,  35.152206,  36.162243,
  NODE, 6118,    0,    0,  35.612625,  35.934120,
  NODE, 6119,    0,    0,  35.679169,  36.345078,
  NODE, 6120,    0,    0,  35.956528,  35.565918,
  NODE, 6121,    0,    0,  36.296921,  35.051140,
  NODE, 6122,    0,    0,   4.411271,  23.331673,
  NODE, 6123,    0,    0,   4.788666,  23.045048,
  NODE, 6124,    0,    0,   3.992830,  24.359955,
  NODE, 6125,    0,    0,   3.746484,  24.859757,
  NODE, 6126,    0,    0,  35.902779,  26.097035,
  NODE, 6127,    0,    0,  35.665588,  26.443989,
  NODE, 6128,    0,    0,  35.911385,  25.737389,
  NODE, 6129,    0,    0,   4.097220,  33.902962,
  NODE, 6130,    0,    0,   4.088613,  34.262611,
  NODE, 6131,    0,    0,   4.128469,  25.837643,
  NODE, 6132,    0,    0,   4.111179,  26.209341,
  NODE, 6133,    0,    0,   3.904314,  26.736551,
  NODE, 6134,    0,    0,  35.894127,  34.146454,
  NODE, 6135,    0,    0,  35.905235,  33.789482,
  NODE, 6136,    0,    0,  36.103275,  33.263123,
  NODE, 6137,    0,    0,  35.903847,  28.212267,
  NODE, 6138,    0,    0,  35.905716,  27.854912,
  NODE, 6139,    0,    0,   4.095755,  31.788370,
  NODE, 6140,    0,    0,   4.093907,  32.145683,
  NODE, 6141,    0,    0,  20.764044,  12.849613,
  NODE, 6142,    0,    0,  21.293100,  11.828743,
  NODE, 6143,    0,    0,  17.723822,  15.602814,
  NODE, 6144,    0,    0,  18.185556,  15.500700,
  NODE, 6145,    0,    0,  16.803799,  15.322954,
  NODE, 6146,    0,    0,  17.111561,  15.867247,
  NODE, 6147,    0,    0,  16.583241,  15.950493,
  NODE, 6148,    0,    0,  10.653753,  21.976179,
  NODE, 6149,    0,    0,  10.126674,  22.009026,
  NODE, 6150,    0,    0,  11.186681,  20.930908,
  NODE, 6151,    0,    0,   8.206297,  23.273415,
  NODE, 6152,    0,    0,   6.762395,  24.082790,
  NODE, 6153,    0,    0,   6.773393,  23.541344,
  NODE, 6154,    0,    0,  23.093960,  55.383827,
  NODE, 6155,    0,    0,  24.692352,  54.680374,
  NODE, 6156,    0,    0,  24.654150,  55.251083,
  NODE, 6157,    0,    0,  15.400774,  55.729919,
  NODE, 6158,    0,    0,  14.846365,  55.410797,
  NODE, 6159,    0,    0,  16.426247,  54.571026,
  NODE, 6160,    0,    0,  16.453522,  55.175919,
  NODE, 6161,    0,    0,  34.573799,  28.493715,
  NODE, 6162,    0,    0,  35.664543,  27.500259,
  NODE, 6163,    0,    0,  36.095947,  27.334932,
  NODE, 6164,    0,    0,   5.424541,  31.510174,
  NODE, 6165,    0,    0,   4.335164,  32.500206,
  NODE, 6166,    0,    0,   3.903973,  32.665196,
  NODE, 6167,    0,    0,  34.352936,   5.215590,
  NODE, 6168,    0,    0,   5.647068,  54.784409,
  NODE, 6169,    0,    0,   5.563666,  55.302979,
  NODE, 6170,    0,    0,   5.889390,  55.654636,
  NODE, 6171,    0,    0,  34.286270,  55.740723,
  NODE, 6172,    0,    0,  33.772903,  55.419449,
  NODE, 6173,    0,    0,  35.297073,  54.634979,
  NODE, 6174,    0,    0,  35.312065,  55.233116,
  NODE, 6175,    0,    0,  35.615944,  34.486496,
  NODE, 6176,    0,    0,  35.270786,  34.936462,
  NODE, 6177,    0,    0,  35.656456,  33.431751,
  NODE, 6178,    0,    0,   4.780270,  25.058342,
  NODE, 6179,    0,    0,   4.829645,  24.591394,
  NODE, 6180,    0,    0,   4.354501,  26.575981,
  NODE, 6181,    0,    0,  35.661499,  25.367569,
  NODE, 6182,    0,    0,  36.096481,  25.197260,
  NODE, 6183,    0,    0,  35.361549,  26.960751,
  NODE, 6184,    0,    0,   5.404963,  33.591530,
  NODE, 6185,    0,    0,   4.338501,  34.632431,
  NODE, 6186,    0,    0,   3.903521,  34.802742,
  NODE, 6187,    0,    0,  19.001171,  55.335182,
  NODE, 6188,    0,    0,  20.550425,  54.532669,
  NODE, 6189,    0,    0,  20.532957,  55.077660,
  NODE, 6190,    0,    0,  25.169609,  55.452721,
  NODE, 6191,    0,    0,  26.749708,  54.683121,
  NODE, 6192,    0,    0,  26.735024,  55.257088,
  NODE, 6193,    0,    0,  26.797058,   4.249481,
  NODE, 6194,    0,    0,  27.300297,   4.564514,
  NODE, 6195,    0,    0,  25.767691,   5.254154,
  NODE, 6196,    0,    0,  25.756586,   4.694460,
  NODE, 6197,    0,    0,  13.241164,  55.735325,
  NODE, 6198,    0,    0,  12.716602,  55.420307,
  NODE, 6199,    0,    0,  14.278235,  54.620159,
  NODE, 6200,    0,    0,  14.302095,  55.214794,
  NODE, 6201,    0,    0,  34.552738,  24.323826,
  NODE, 6202,    0,    0,  35.581970,  23.344833,
  NODE, 6203,    0,    0,   5.447509,  35.675922,
  NODE, 6204,    0,    0,   4.418030,  36.655167,
  NODE, 6205,    0,    0,  33.682419,   4.431911,
  NODE, 6206,    0,    0,  32.410748,   4.777186,
  NODE, 6207,    0,    0,  32.426933,   5.287708,
  NODE, 6208,    0,    0,   6.317585,  55.568085,
  NODE, 6209,    0,    0,   7.589269,  55.222809,
  NODE, 6210,    0,    0,   7.573084,  54.712288,
  NODE, 6211,    0,    0,  32.435173,  54.651146,
  NODE, 6212,    0,    0,  32.824696,  54.901909,
  NODE, 6213,    0,    0,  33.301167,  54.649300,
  NODE, 6214,    0,    0,  33.310143,  55.163971,
  NODE, 6215,    0,    0,  34.518082,  30.509665,
  NODE, 6216,    0,    0,  35.575119,  29.582146,
  NODE, 6217,    0,    0,   5.473280,  29.507237,
  NODE, 6218,    0,    0,   4.421795,  30.423317,
  NODE, 6219,    0,    0,  36.719460,  44.347237,
  NODE, 6220,    0,    0,  36.287224,  44.589226,
  NODE, 6221,    0,    0,  36.264450,  44.088425,
  NODE, 6222,    0,    0,  37.465019,  43.831871,
  NODE, 6223,    0,    0,  24.973129,   4.558807,
  NODE, 6224,    0,    0,  23.394066,   5.463063,
  NODE, 6225,    0,    0,  23.901608,   5.240583,
  NODE, 6226,    0,    0,  34.618019,  18.211893,
  NODE, 6227,    0,    0,  34.332794,  18.680323,
  NODE, 6228,    0,    0,  34.094757,  18.174690,
  NODE, 6229,    0,    0,  35.657875,  17.253025,
  NODE, 6230,    0,    0,  34.074883,  41.819168,
  NODE, 6231,    0,    0,  34.322998,  41.333946,
  NODE, 6232,    0,    0,  35.627663,  41.737824,
  NODE, 6233,    0,    0,   5.389526,  41.785934,
  NODE, 6234,    0,    0,   5.681094,  41.315521,
  NODE, 6235,    0,    0,   5.922006,  41.820416,
  NODE, 6236,    0,    0,   4.342727,  42.746906,
  NODE, 6237,    0,    0,  34.535175,  22.269093,
  NODE, 6238,    0,    0,  34.265671,  22.773975,
  NODE, 6239,    0,    0,  34.005287,  22.247301,
  NODE, 6240,    0,    0,  35.595291,  21.301891,
  NODE, 6241,    0,    0,   5.467171,  37.729134,
  NODE, 6242,    0,    0,   5.735828,  37.224487,
  NODE, 6243,    0,    0,   5.998025,  37.749928,
  NODE, 6244,    0,    0,   4.404835,  38.697979,
  NODE, 6245,    0,    0,  28.631529,   5.334586,
  NODE, 6246,    0,    0,  28.243118,   5.084543,
  NODE, 6247,    0,    0,  27.773113,   5.326283,
  NODE, 6248,    0,    0,  27.761883,   4.819033,
  NODE, 6249,    0,    0,  11.372097,  54.657894,
  NODE, 6250,    0,    0,  11.762402,  54.907593,
  NODE, 6251,    0,    0,  12.239162,  54.655010,
  NODE, 6252,    0,    0,  12.251255,  55.165871,
  NODE, 6253,    0,    0,  27.269013,  55.441597,
  NODE, 6254,    0,    0,  28.611260,  55.186218,
  NODE, 6255,    0,    0,  28.624540,  54.678261,
  NODE, 6256,    0,    0,  34.561089,  20.215649,
  NODE, 6257,    0,    0,  34.285431,  20.709864,
  NODE, 6258,    0,    0,  34.033638,  20.185446,
  NODE, 6259,    0,    0,  35.627766,  19.261911,
  NODE, 6260,    0,    0,   5.446054,  39.781464,
  NODE, 6261,    0,    0,   5.722251,  39.285988,
  NODE, 6262,    0,    0,   5.978589,  39.808987,
  NODE, 6263,    0,    0,   4.372564,  40.737915,
  NODE, 6264,    0,    0,  14.831484,  19.164877,
  NODE, 6265,    0,    0,  15.408035,  19.342625,
  NODE, 6266,    0,    0,  13.431728,  16.805395,
  NODE, 6267,    0,    0,  13.075254,  16.479498,
  NODE, 6268,    0,    0,  13.871824,  16.881599,
  NODE, 6269,    0,    0,  35.828320,   9.349173,
  NODE, 6270,    0,    0,  36.109154,   9.801289,
  NODE, 6271,    0,    0,  35.573738,   9.843933,
  NODE, 6272,    0,    0,  37.199684,   9.720271,
  NODE, 6273,    0,    0,  36.654762,   9.768708,
  NODE, 6274,    0,    0,  37.186035,  50.224564,
  NODE, 6275,    0,    0,  36.121841,  50.178711,
  NODE, 6276,    0,    0,  36.655525,  50.201325,
  NODE, 6277,    0,    0,   4.171682,  50.650826,
  NODE, 6278,    0,    0,   3.890846,  50.198711,
  NODE, 6279,    0,    0,   4.426266,  50.156067,
  NODE, 6280,    0,    0,   2.800318,  50.279732,
  NODE, 6281,    0,    0,   3.345237,  50.231293,
  NODE, 6282,    0,    0,  37.059891,  44.060745,
  NODE, 6283,    0,    0,  36.337830,  43.118229,
  NODE, 6284,    0,    0,  36.390244,  16.392160,
  NODE, 6285,    0,    0,   3.609980,  43.607834,
  NODE, 6286,    0,    0,  36.699066,  58.731369,
  NODE, 6287,    0,    0,   2.758076,  58.707516,
  NODE, 6288,    0,    0,  37.241924,   1.292483,
  NODE, 6289,    0,    0,  29.621065,   2.482834,
  NODE, 6290,    0,    0,  29.904842,   2.056557,
  NODE, 6291,    0,    0,  29.126921,   3.549395,
  NODE, 6292,    0,    0,  10.379109,  57.517189,
  NODE, 6293,    0,    0,  10.095221,  57.943459,
  NODE, 6294,    0,    0,  10.873922,  56.450691,
  NODE, 6295,    0,    0,  29.457808,  56.965492,
  NODE, 6296,    0,    0,  29.605295,  56.445282,
  NODE, 6297,    0,    0,  29.130234,  57.541229,
  NODE, 6298,    0,    0,  31.419020,  57.520863,
  NODE, 6299,    0,    0,  31.128670,  57.948551,
  NODE, 6300,    0,    0,  31.927761,  56.450138,
  NODE, 6301,    0,    0,   8.431902,  56.959892,
  NODE, 6302,    0,    0,   8.570820,  56.444862,
  NODE, 6303,    0,    0,   8.109139,  57.531906,
  NODE, 6304,    0,    0,  31.568108,   3.040109,
  NODE, 6305,    0,    0,  31.429192,   3.555138,
  NODE, 6306,    0,    0,  31.890863,   2.468094,
  NODE, 6307,    0,    0,  37.395180,  56.209007,
  NODE, 6308,    0,    0,   3.156212,  55.933979,
  NODE, 6309,    0,    0,   2.590101,  56.204773,
  NODE, 6310,    0,    0,   2.606484,  55.695866,
  NODE, 6311,    0,    0,  36.843788,   4.066020,
  NODE, 6312,    0,    0,  37.409901,   3.795226,
  NODE, 6313,    0,    0,  37.393517,   4.304133,
  NODE, 6314,    0,    0,  15.232463,  56.171787,
  NODE, 6315,    0,    0,  21.073452,   9.428795,
  NODE, 6316,    0,    0,  22.354614,   9.869153,
  NODE, 6317,    0,    0,  22.112118,   9.403046,
  NODE, 6318,    0,    0,  16.439865,  14.850945,
  NODE, 6319,    0,    0,  16.352503,  16.339077,
  NODE, 6320,    0,    0,  16.336977,  16.770626,
  NODE, 6321,    0,    0,  18.722710,  15.227679,
  NODE, 6322,    0,    0,  18.652678,  15.692902,
  NODE, 6323,    0,    0,   5.809817,  23.532341,
  NODE, 6324,    0,    0,   6.307207,  23.192865,
  NODE, 6325,    0,    0,  33.927208,   3.910825,
  NODE, 6326,    0,    0,  34.027615,   3.466904,
  NODE, 6327,    0,    0,   6.072797,  56.089172,
  NODE, 6328,    0,    0,   5.972387,  56.533096,
  NODE, 6329,    0,    0,  21.979794,  55.965820,
  NODE, 6330,    0,    0,  21.532147,  55.690109,
  NODE, 6331,    0,    0,  22.653881,  56.470902,
  NODE, 6332,    0,    0,  22.163136,  56.299629,
  NODE, 6333,    0,    0,  21.045488,  13.341322,
  NODE, 6334,    0,    0,  20.796272,  13.915089,
  NODE, 6335,    0,    0,  20.498116,  14.425060,
  NODE, 6336,    0,    0,  36.605339,  25.211945,
  NODE, 6337,    0,    0,   3.394663,  34.788055,
  NODE, 6338,    0,    0,  36.573525,  27.342474,
  NODE, 6339,    0,    0,   3.426397,  32.657654,
  NODE, 6340,    0,    0,  12.046774,  22.654526,
  NODE, 6341,    0,    0,  11.883637,  23.216030,
  NODE, 6342,    0,    0,  14.538262,  17.446446,
  NODE, 6343,    0,    0,  14.462359,  16.934141,
  NODE, 6344,    0,    0,  14.307558,  17.979334,
  NODE, 6345,    0,    0,  18.556389,  16.265205,
  NODE, 6346,    0,    0,  18.508722,  16.802992,
  NODE, 6347,    0,    0,  20.137075,  15.824593,
  NODE, 6348,    0,    0,  19.535507,  15.822594,
  NODE, 6349,    0,    0,  19.093540,  15.992186,
  NODE, 6350,    0,    0,  21.579884,  55.146778,
  NODE, 6351,    0,    0,  21.015123,  55.356644,
  NODE, 6352,    0,    0,  22.124176,  54.894390,
  NODE, 6353,    0,    0,  13.763404,  20.554464,
  NODE, 6354,    0,    0,  14.300059,  20.353682,
  NODE, 6355,    0,    0,  14.204335,  21.005529,
  NODE, 6356,    0,    0,  18.005638,  54.801987,
  NODE, 6357,    0,    0,  17.486294,  54.543350,
  NODE, 6358,    0,    0,  23.176226,  54.361656,
  NODE, 6359,    0,    0,  23.703192,  54.112377,
  NODE, 6360,    0,    0,  22.617111,  55.191032,
  NODE, 6361,    0,    0,  34.290703,  29.000282,
  NODE, 6362,    0,    0,  34.038467,  28.472717,
  NODE, 6363,    0,    0,   5.708140,  31.005310,
  NODE, 6364,    0,    0,   5.961305,  31.531401,
  NODE, 6365,    0,    0,  37.939484,  54.980904,
  NODE, 6366,    0,    0,  37.756149,  55.467167,
  NODE, 6367,    0,    0,  35.854431,  55.427891,
  NODE, 6368,    0,    0,  37.200066,   4.823636,
  NODE, 6369,    0,    0,  35.818531,   5.624074,
  NODE, 6370,    0,    0,  35.309849,   5.861548,
  NODE, 6371,    0,    0,   2.799938,  55.176361,
  NODE, 6372,    0,    0,   4.181470,  54.375927,
  NODE, 6373,    0,    0,   4.690152,  54.138451,
  NODE, 6374,    0,    0,  34.318859,  26.923462,
  NODE, 6375,    0,    0,  34.045372,  26.391035,
  NODE, 6376,    0,    0,   5.680836,  33.077042,
  NODE, 6377,    0,    0,   5.954418,  33.609322,
  NODE, 6378,    0,    0,  33.641571,  32.027378,
  NODE, 6379,    0,    0,  33.975647,  32.525894,
  NODE, 6380,    0,    0,   6.540634,  27.527397,
  NODE, 6381,    0,    0,   7.065827,  27.500095,
  NODE, 6382,    0,    0,  25.318844,   4.525085,
  NODE, 6383,    0,    0,  25.285368,   5.520186,
  NODE, 6384,    0,    0,  24.936096,   5.842875,
  NODE, 6385,    0,    0,  14.805638,  54.269962,
  NODE, 6386,    0,    0,  15.332773,  53.984192,
  NODE, 6387,    0,    0,  25.215122,  54.411964,
  NODE, 6388,    0,    0,  25.741449,  54.145069,
  NODE, 6389,    0,    0,  33.767475,  54.365730,
  NODE, 6390,    0,    0,  34.265850,  54.088860,
  NODE, 6391,    0,    0,  33.826019,   5.476301,
  NODE, 6392,    0,    0,  33.303337,   5.810202,
  NODE, 6393,    0,    0,   6.173985,  54.523697,
  NODE, 6394,    0,    0,   6.696664,  54.189796,
  NODE, 6395,    0,    0,  33.849381,  17.655067,
  NODE, 6396,    0,    0,  34.052979,  40.856426,
  NODE, 6397,    0,    0,   6.174867,  42.338478,
  NODE, 6398,    0,    0,  27.310818,   5.589440,
  NODE, 6399,    0,    0,  26.818686,   5.834101,
  NODE, 6400,    0,    0,  12.698525,  54.381577,
  NODE, 6401,    0,    0,  13.199225,  54.101959,
  NODE, 6402,    0,    0,  27.270046,  54.409172,
  NODE, 6403,    0,    0,  27.763939,  54.147152,
  NODE, 6404,    0,    0,  37.736084,   8.640083,
  NODE, 6405,    0,    0,  38.191467,   8.589777,
  NODE, 6406,    0,    0,  35.835114,  11.234016,
  NODE, 6407,    0,    0,  36.112183,  11.757693,
  NODE, 6408,    0,    0,  36.118362,  10.752261,
  NODE, 6409,    0,    0,  36.400181,  10.263468,
  NODE, 6410,    0,    0,  38.723686,  50.600334,
  NODE, 6411,    0,    0,  36.647099,  51.115265,
  NODE, 6412,    0,    0,  36.913082,  50.688919,
  NODE, 6413,    0,    0,  35.855583,  48.747555,
  NODE, 6414,    0,    0,  36.122406,  48.236645,
  NODE, 6415,    0,    0,  36.373589,  47.848541,
  NODE, 6416,    0,    0,   4.164887,  48.765984,
  NODE, 6417,    0,    0,   3.887818,  48.242310,
  NODE, 6418,    0,    0,   3.881639,  49.247742,
  NODE, 6419,    0,    0,   3.599821,  49.736534,
  NODE, 6420,    0,    0,   2.263916,  51.359917,
  NODE, 6421,    0,    0,   1.808532,  51.410225,
  NODE, 6422,    0,    0,   1.270527,  57.212601,
  NODE, 6423,    0,    0,  38.729473,   2.787398,
  NODE, 6424,    0,    0,  23.117941,  11.290629,
  NODE, 6425,    0,    0,  22.871494,  11.762943,
  NODE, 6426,    0,    0,  22.620155,  12.256439,
  NODE, 6427,    0,    0,  22.381851,   9.007723,
  NODE, 6428,    0,    0,  16.153830,  14.525549,
  NODE, 6429,    0,    0,   7.750220,  24.590353,
  NODE, 6430,    0,    0,   7.808651,  25.101860,
  NODE, 6431,    0,    0,  12.223677,  23.608379,
  NODE, 6432,    0,    0,  10.588863,  24.080849,
  NODE, 6433,    0,    0,  10.699225,  23.609402,
  NODE, 6434,    0,    0,  31.415726,   2.483384,
  NODE, 6435,    0,    0,   8.584286,  57.516617,
  NODE, 6436,    0,    0,  22.995245,  13.712971,
  NODE, 6437,    0,    0,  22.752167,  14.198816,
  NODE, 6438,    0,    0,  21.344551,  13.886120,
  NODE, 6439,    0,    0,  29.897873,  55.941597,
  NODE, 6440,    0,    0,  29.615772,  57.525635,
  NODE, 6441,    0,    0,   5.709326,  35.166390,
  NODE, 6442,    0,    0,   5.987916,  35.686981,
  NODE, 6443,    0,    0,  34.290665,  24.833622,
  NODE, 6444,    0,    0,  34.012325,  24.312773,
  NODE, 6445,    0,    0,   6.271215,  38.271011,
  NODE, 6446,    0,    0,  33.739899,  21.720610,
  NODE, 6447,    0,    0,   6.246750,  40.324837,
  NODE, 6448,    0,    0,  33.780960,  19.662376,
  NODE, 6449,    0,    0,  36.387196,  15.811333,
  NODE, 6450,    0,    0,  36.385925,  15.295285,
  NODE, 6451,    0,    0,   3.612998,  44.188583,
  NODE, 6452,    0,    0,   3.614272,  44.704594,
  NODE, 6453,    0,    0,   4.424890,  28.515308,
  NODE, 6454,    0,    0,   5.748754,  29.013584,
  NODE, 6455,    0,    0,   6.006814,  29.512075,
  NODE, 6456,    0,    0,  35.568146,  31.500986,
  NODE, 6457,    0,    0,  34.237030,  31.008961,
  NODE, 6458,    0,    0,  33.982773,  30.505596,
  NODE, 6459,    0,    0,   7.815381,  25.968800,
  NODE, 6460,    0,    0,   7.456353,  25.780750,
  NODE, 6461,    0,    0,   7.713798,  25.568171,
  NODE, 6462,    0,    0,   6.219265,  26.110636,
  NODE, 6463,    0,    0,   5.980052,  25.572876,
  NODE, 6464,    0,    0,   6.498026,  25.586071,
  NODE, 6465,    0,    0,   4.451175,  24.335342,
  NODE, 6466,    0,    0,   4.119617,  23.854076,
  NODE, 6467,    0,    0,  18.506931,  54.531456,
  NODE, 6468,    0,    0,  18.511158,  55.074074,
  NODE, 6469,    0,    0,  18.499878,  55.605709,
  NODE, 6470,    0,    0,  34.521343,  32.497406,
  NODE, 6471,    0,    0,   5.458620,  27.544434,
  NODE, 6472,    0,    0,  38.719444,   3.275486,
  NODE, 6473,    0,    0,   1.280557,  56.724514,
  NODE, 6474,    0,    0,  34.551201,  39.822990,
  NODE, 6475,    0,    0,  35.078152,  39.785660,
  NODE, 6476,    0,    0,  35.611500,  39.741921,
  NODE, 6477,    0,    0,  34.125542,  56.178684,
  NODE, 6478,    0,    0,  26.939652,   3.828540,
  NODE, 6479,    0,    0,  13.077307,  56.173088,
  NODE, 6480,    0,    0,  34.534233,  48.260925,
  NODE, 6481,    0,    0,  35.056229,  48.264732,
  NODE, 6482,    0,    0,  35.601082,  48.210571,
  NODE, 6483,    0,    0,   5.918556,  47.813866,
  NODE, 6484,    0,    0,   6.160431,  48.283821,
  NODE, 6485,    0,    0,   4.428678,  49.222199,
  NODE, 6486,    0,    0,  34.081741,  12.184231,
  NODE, 6487,    0,    0,  33.839871,  11.714222,
  NODE, 6488,    0,    0,  35.571323,  10.777803,
  NODE, 6489,    0,    0,  20.691521,  15.998108,
  NODE, 6490,    0,    0,  22.208229,  53.773514,
  NODE, 6491,    0,    0,  21.691410,  53.418678,
  NODE, 6492,    0,    0,  15.317130,  53.513794,
  NODE, 6493,    0,    0,  15.038686,  53.149590,
  NODE, 6494,    0,    0,  15.571590,  53.009720,
  NODE, 6495,    0,    0,  16.402077,  53.966583,
  NODE, 6496,    0,    0,  16.947002,  54.222885,
  NODE, 6497,    0,    0,  23.726454,  53.571491,
  NODE, 6498,    0,    0,  33.770100,  27.956207,
  NODE, 6499,    0,    0,  33.487000,  28.462774,
  NODE, 6500,    0,    0,  34.045479,  27.435928,
  NODE, 6501,    0,    0,   6.230293,  32.047134,
  NODE, 6502,    0,    0,   5.953999,  32.565548,
  NODE, 6503,    0,    0,  37.378285,  55.701698,
  NODE, 6504,    0,    0,  34.769974,  53.749878,
  NODE, 6505,    0,    0,  35.289932,  54.075752,
  NODE, 6506,    0,    0,  37.183918,   5.348711,
  NODE, 6507,    0,    0,  35.272389,   6.412247,
  NODE, 6508,    0,    0,   4.727613,  53.587753,
  NODE, 6509,    0,    0,   2.816082,  54.651287,
  NODE, 6510,    0,    0,  33.766075,  25.865419,
  NODE, 6511,    0,    0,  34.035801,  25.349466,
  NODE, 6512,    0,    0,   6.233794,  34.134827,
  NODE, 6513,    0,    0,   5.964139,  34.650631,
  NODE, 6514,    0,    0,  33.747284,  33.985977,
  NODE, 6515,    0,    0,  34.014893,  34.429054,
  NODE, 6516,    0,    0,  33.473347,  34.451988,
  NODE, 6517,    0,    0,  34.005089,  33.500855,
  NODE, 6518,    0,    0,  34.267048,  33.010178,
  NODE, 6519,    0,    0,   7.046004,  25.751976,
  NODE, 6520,    0,    0,   5.973252,  26.572342,
  NODE, 6521,    0,    0,   5.711593,  27.052822,
  NODE, 6522,    0,    0,  26.327614,   6.093619,
  NODE, 6523,    0,    0,  26.838688,   6.377626,
  NODE, 6524,    0,    0,  25.825291,   5.816126,
  NODE, 6525,    0,    0,  13.669297,  53.816307,
  NODE, 6526,    0,    0,  14.256821,  54.003861,
  NODE, 6527,    0,    0,  25.754246,  53.586739,
  NODE, 6528,    0,    0,  32.275566,  54.147072,
  NODE, 6529,    0,    0,  32.250729,  53.625843,
  NODE, 6530,    0,    0,  33.278004,   6.366544,
  NODE, 6531,    0,    0,  31.871994,   5.546870,
  NODE, 6532,    0,    0,  31.396496,   5.551748,
  NODE, 6533,    0,    0,  31.557896,   5.046044,
  NODE, 6534,    0,    0,   7.204868,  53.909401,
  NODE, 6535,    0,    0,   8.128030,  54.453121,
  NODE, 6536,    0,    0,   8.603569,  54.448227,
  NODE, 6537,    0,    0,   8.442172,  54.953930,
  NODE, 6538,    0,    0,  35.358879,  43.182190,
  NODE, 6539,    0,    0,  33.836338,  42.293373,
  NODE, 6540,    0,    0,  34.120842,  42.730148,
  NODE, 6541,    0,    0,  33.611801,  42.754021,
  NODE, 6542,    0,    0,  34.452248,  16.762791,
  NODE, 6543,    0,    0,  34.479084,  16.311478,
  NODE, 6544,    0,    0,  34.957619,  16.515738,
  NODE, 6545,    0,    0,   5.549888,  43.234604,
  NODE, 6546,    0,    0,   5.522202,  43.686211,
  NODE, 6547,    0,    0,   5.044373,  43.483021,
  NODE, 6548,    0,    0,  28.790031,   5.839374,
  NODE, 6549,    0,    0,  28.809576,   6.353574,
  NODE, 6550,    0,    0,  11.212641,  54.153984,
  NODE, 6551,    0,    0,  11.188845,  53.640175,
  NODE, 6552,    0,    0,  27.793930,  53.617775,
  NODE, 6553,    0,    0,  29.178349,  54.444344,
  NODE, 6554,    0,    0,  29.658543,  54.448219,
  NODE, 6555,    0,    0,  29.488184,  54.941879,
  NODE, 6556,    0,    0,  36.055042,   8.823648,
  NODE, 6557,    0,    0,  36.306541,   8.351940,
  NODE, 6558,    0,    0,  37.459244,  12.586220,
  NODE, 6559,    0,    0,  36.340488,  47.376961,
  NODE, 6560,    0,    0,  35.850800,  50.649506,
  NODE, 6561,    0,    0,  36.107597,  51.165474,
  NODE, 6562,    0,    0,  35.575825,  51.149307,
  NODE, 6563,    0,    0,   2.540759,  47.413780,
  NODE, 6564,    0,    0,   3.944960,  51.176354,
  NODE, 6565,    0,    0,   3.693461,  51.648064,
  NODE, 6566,    0,    0,  22.387863,  12.753691,
  NODE, 6567,    0,    0,  22.908880,  12.723288,
  NODE, 6568,    0,    0,   8.668432,  23.297295,
  NODE, 6569,    0,    0,   8.140497,  24.317387,
  NODE, 6570,    0,    0,  10.277844,  24.418255,
  NODE, 6571,    0,    0,   9.916384,  24.913834,
  NODE, 6572,    0,    0,  10.257195,  23.197960,
  NODE, 6573,    0,    0,  23.149237,   9.389196,
  NODE, 6574,    0,    0,  22.901140,   8.806834,
  NODE, 6575,    0,    0,  23.424116,   8.808592,
  NODE, 6576,    0,    0,  22.870506,   9.861785,
  NODE, 6577,    0,    0,   6.267501,  36.208427,
  NODE, 6578,    0,    0,   5.996390,  36.720898,
  NODE, 6579,    0,    0,  33.734039,  23.789965,
  NODE, 6580,    0,    0,  34.005089,  23.277580,
  NODE, 6581,    0,    0,   5.992077,  38.784042,
  NODE, 6582,    0,    0,  34.016388,  21.211041,
  NODE, 6583,    0,    0,   5.957982,  40.827232,
  NODE, 6584,    0,    0,  34.059418,  19.167175,
  NODE, 6585,    0,    0,  18.959797,  17.077955,
  NODE, 6586,    0,    0,  16.856094,  17.545141,
  NODE, 6587,    0,    0,  16.686173,  17.018503,
  NODE, 6588,    0,    0,  17.060925,  17.021423,
  NODE, 6589,    0,    0,  24.397556,  11.733750,
  NODE, 6590,    0,    0,  23.887592,  11.730143,
  NODE, 6591,    0,    0,  23.387619,  11.753723,
  NODE, 6592,    0,    0,   6.267804,  30.014576,
  NODE, 6593,    0,    0,   5.988122,  30.516134,
  NODE, 6594,    0,    0,  33.736179,  29.996998,
  NODE, 6595,    0,    0,  34.009598,  29.492790,
  NODE, 6596,    0,    0,  31.441109,  56.437725,
  NODE, 6597,    0,    0,  31.582943,  56.959847,
  NODE, 6598,    0,    0,  29.611553,   3.563023,
  NODE, 6599,    0,    0,  29.464478,   3.042540,
  NODE, 6600,    0,    0,  10.389082,  56.436951,
  NODE, 6601,    0,    0,  10.536030,  56.957607,
  NODE, 6602,    0,    0,  16.132145,  17.294342,
  NODE, 6603,    0,    0,  14.752443,  18.044441,
  NODE, 6604,    0,    0,   5.468721,  25.686453,
  NODE, 6605,    0,    0,  19.020001,  54.275032,
  NODE, 6606,    0,    0,  19.532768,  53.999271,
  NODE, 6607,    0,    0,  14.096823,  22.127197,
  NODE, 6608,    0,    0,  14.127295,  21.531773,
  NODE, 6609,    0,    0,  12.565277,  22.424158,
  NODE, 6610,    0,    0,  31.899405,   4.548021,
  NODE, 6611,    0,    0,  29.896879,   4.063624,
  NODE, 6612,    0,    0,   8.100613,  55.451973,
  NODE, 6613,    0,    0,  10.103739,  55.936317,
  NODE, 6614,    0,    0,  30.248440,  55.444138,
  NODE, 6615,    0,    0,  29.617811,  55.443214,
  NODE, 6616,    0,    0,  31.157215,  55.935272,
  NODE, 6617,    0,    0,  35.422539,  16.848805,
  NODE, 6618,    0,    0,  35.902824,  15.045311,
  NODE, 6619,    0,    0,  36.380539,  14.771698,
  NODE, 6620,    0,    0,   4.579061,  43.150429,
  NODE, 6621,    0,    0,   4.097390,  44.954468,
  NODE, 6622,    0,    0,   3.619562,  45.228130,
  NODE, 6623,    0,    0,  37.835449,  15.004009,
  NODE, 6624,    0,    0,   2.164559,  44.995995,
  NODE, 6625,    0,    0,  19.431355,  16.843109,
  NODE, 6626,    0,    0,  19.439219,  16.394899,
  NODE, 6627,    0,    0,  38.699497,  56.741276,
  NODE, 6628,    0,    0,  22.399738,  14.563655,
  NODE, 6629,    0,    0,  22.961475,  14.570241,
  NODE, 6630,    0,    0,  22.432686,   7.021795,
  NODE, 6631,    0,    0,  22.933411,   6.785407,
  NODE, 6632,    0,    0,  22.094803,   7.281078,
  NODE, 6633,    0,    0,   8.480596,  23.835054,
  NODE, 6634,    0,    0,  34.272636,  39.342335,
  NODE, 6635,    0,    0,  33.977928,  38.857208,
  NODE, 6636,    0,    0,  21.265396,   7.861634,
  NODE, 6637,    0,    0,  20.907034,   7.431131,
  NODE, 6638,    0,    0,  35.590065,  50.162544,
  NODE, 6639,    0,    0,  34.033852,  48.242249,
  NODE, 6640,    0,    0,   5.760409,  49.690842,
  NODE, 6641,    0,    0,   6.018838,  50.140816,
  NODE, 6642,    0,    0,   4.688237,  49.692387,
  NODE, 6643,    0,    0,   4.971485,  49.210632,
  NODE, 6644,    0,    0,  34.239578,  10.309128,
  NODE, 6645,    0,    0,  33.981152,   9.859152,
  NODE, 6646,    0,    0,  35.311760,  10.307612,
  NODE, 6647,    0,    0,  35.028511,  10.789366,
  NODE, 6648,    0,    0,  37.452931,  53.036850,
  NODE, 6649,    0,    0,  37.076675,  52.770535,
  NODE, 6650,    0,    0,  37.755173,  54.510342,
  NODE, 6651,    0,    0,  38.131081,  54.522530,
  NODE, 6652,    0,    0,  37.223213,   6.950994,
  NODE, 6653,    0,    0,  37.372440,   6.435849,
  NODE, 6654,    0,    0,  36.287384,   5.891722,
  NODE, 6655,    0,    0,   2.776790,  53.049004,
  NODE, 6656,    0,    0,   2.627562,  53.564152,
  NODE, 6657,    0,    0,   3.712614,  54.108276,
  NODE, 6658,    0,    0,  35.429565,  35.383087,
  NODE, 6659,    0,    0,  34.254524,  34.876553,
  NODE, 6660,    0,    0,   4.898759,  25.662117,
  NODE, 6661,    0,    0,   4.442877,  25.444996,
  NODE, 6662,    0,    0,  30.815537,  55.438519,
  NODE, 6663,    0,    0,  35.510399,  43.554962,
  NODE, 6664,    0,    0,  34.370316,  43.154793,
  NODE, 6665,    0,    0,  30.237003,   4.559806,
  NODE, 6666,    0,    0,  29.167210,   5.582168,
  NODE, 6667,    0,    0,   9.763520,  55.439713,
  NODE, 6668,    0,    0,  10.834429,  54.415154,
  NODE, 6669,    0,    0,  36.660538,   8.012362,
  NODE, 6670,    0,    0,  36.100342,   8.001190,
  NODE, 6671,    0,    0,  36.372124,  51.615067,
  NODE, 6672,    0,    0,   3.339464,  51.987640,
  NODE, 6673,    0,    0,   3.899660,  51.998810,
  NODE, 6674,    0,    0,  18.514483,  54.002941,
  NODE, 6675,    0,    0,   9.132181,  21.934910,
  NODE, 6676,    0,    0,  11.712421,  24.663029,
  NODE, 6677,    0,    0,  21.643337,   8.067321,
  NODE, 6678,    0,    0,  21.740330,   7.564497,
  NODE, 6679,    0,    0,  22.656731,   8.427120,
  NODE, 6680,    0,    0,  18.904781,  18.097914,
  NODE, 6681,    0,    0,  18.426907,  18.342230,
  NODE, 6682,    0,    0,  23.393482,   9.863543,
  NODE, 6683,    0,    0,  24.882092,  11.761499,
  NODE, 6684,    0,    0,  24.625656,  12.206624,
  NODE, 6685,    0,    0,  15.551626,  15.832914,
  NODE, 6686,    0,    0,  16.092114,  17.789757,
  NODE, 6687,    0,    0,  23.749622,  53.048080,
  NODE, 6688,    0,    0,  24.736197,  53.044491,
  NODE, 6689,    0,    0,  24.234646,  52.796967,
  NODE, 6690,    0,    0,  24.733070,  52.519966,
  NODE, 6691,    0,    0,  19.513413,  53.475586,
  NODE, 6692,    0,    0,  31.117703,   6.041753,
  NODE, 6693,    0,    0,  29.639980,   5.574598,
  NODE, 6694,    0,    0,  29.481480,   5.069811,
  NODE, 6695,    0,    0,   8.882429,  53.957977,
  NODE, 6696,    0,    0,  10.360754,  54.424038,
  NODE, 6697,    0,    0,  10.520212,  54.927948,
  NODE, 6698,    0,    0,  29.137617,  55.439339,
  NODE, 6699,    0,    0,  29.939991,  53.961186,
  NODE, 6700,    0,    0,  35.238869,   6.946296,
  NODE, 6701,    0,    0,  35.746132,   6.692413,
  NODE, 6702,    0,    0,  34.254540,   7.489177,
  NODE, 6703,    0,    0,  34.262718,   6.944090,
  NODE, 6704,    0,    0,  34.756943,   7.211216,
  NODE, 6705,    0,    0,   4.761135,  53.053703,
  NODE, 6706,    0,    0,   4.253867,  53.307587,
  NODE, 6707,    0,    0,   5.745459,  52.510819,
  NODE, 6708,    0,    0,   5.737283,  53.055908,
  NODE, 6709,    0,    0,   5.243057,  52.788780,
  NODE, 6710,    0,    0,  37.298958,  13.693632,
  NODE, 6711,    0,    0,  36.869629,  13.438908,
  NODE, 6712,    0,    0,  37.298714,  13.160503,
  NODE, 6713,    0,    0,  34.613510,  15.803780,
  NODE, 6714,    0,    0,  34.619446,  15.293285,
  NODE, 6715,    0,    0,   2.701067,  46.306313,
  NODE, 6716,    0,    0,   3.130391,  46.561050,
  NODE, 6717,    0,    0,   2.701291,  46.839489,
  NODE, 6718,    0,    0,   5.383119,  44.192154,
  NODE, 6719,    0,    0,   5.376219,  44.701843,
  NODE, 6720,    0,    0,  14.142741,  22.683376,
  NODE, 6721,    0,    0,  14.146336,  23.242542,
  NODE, 6722,    0,    0,  20.232384,  17.379799,
  NODE, 6723,    0,    0,  20.794693,  17.105106,
  NODE, 6724,    0,    0,  20.208202,  17.878147,
  NODE, 6725,    0,    0,  20.744148,  14.941881,
  NODE, 6726,    0,    0,  21.206841,  14.959637,
  NODE, 6727,    0,    0,  21.600227,  15.222999,
  NODE, 6728,    0,    0,  25.753162,  53.037262,
  NODE, 6729,    0,    0,  25.235704,  53.316971,
  NODE, 6730,    0,    0,  26.787254,  52.425636,
  NODE, 6731,    0,    0,  26.793106,  53.039558,
  NODE, 6732,    0,    0,  26.265854,  52.693108,
  NODE, 6733,    0,    0,  23.194187,  13.159552,
  NODE, 6734,    0,    0,  21.774799,  15.656804,
  NODE, 6735,    0,    0,  31.444250,  55.431267,
  NODE, 6736,    0,    0,  10.386755,  55.433434,
  NODE, 6737,    0,    0,  29.614124,   4.566060,
  NODE, 6738,    0,    0,  24.401876,   6.067866,
  NODE, 6739,    0,    0,  24.808746,   6.307150,
  NODE, 6740,    0,    0,  24.155176,   5.649097,
  NODE, 6741,    0,    0,  24.027826,   6.113372,
  NODE, 6742,    0,    0,  33.965828,  31.509007,
  NODE, 6743,    0,    0,   5.992241,  27.538849,
  NODE, 6744,    0,    0,   6.010777,  28.524441,
  NODE, 6745,    0,    0,  22.683292,  54.065014,
  NODE, 6746,    0,    0,  22.644383,  54.605179,
  NODE, 6747,    0,    0,  33.265057,   6.934492,
  NODE, 6748,    0,    0,  33.773262,   6.654102,
  NODE, 6749,    0,    0,  32.291370,   6.934543,
  NODE, 6750,    0,    0,  32.765125,   7.203944,
  NODE, 6751,    0,    0,  32.286697,   7.491553,
  NODE, 6752,    0,    0,   7.708604,  53.065308,
  NODE, 6753,    0,    0,   7.234856,  52.795960,
  NODE, 6754,    0,    0,   7.713257,  52.508209,
  NODE, 6755,    0,    0,   7.759814,  53.650238,
  NODE, 6756,    0,    0,   7.734480,  54.206581,
  NODE, 6757,    0,    0,  32.316303,  52.595783,
  NODE, 6758,    0,    0,  32.726330,  52.826138,
  NODE, 6759,    0,    0,  32.356018,  53.114430,
  NODE, 6760,    0,    0,  33.215057,  53.048451,
  NODE, 6761,    0,    0,  23.426956,   6.006900,
  NODE, 6762,    0,    0,  22.127855,   8.199096,
  NODE, 6763,    0,    0,  23.710405,   8.429712,
  NODE, 6764,    0,    0,  23.745379,   7.961360,
  NODE, 6765,    0,    0,  32.419312,  30.477650,
  NODE, 6766,    0,    0,  32.181496,  30.968380,
  NODE, 6767,    0,    0,  31.931610,  30.491114,
  NODE, 6768,    0,    0,  33.481949,  29.483490,
  NODE, 6769,    0,    0,   7.632169,  29.519035,
  NODE, 6770,    0,    0,   7.914267,  29.041431,
  NODE, 6771,    0,    0,   8.162289,  29.544910,
  NODE, 6772,    0,    0,   6.524587,  30.524983,
  NODE, 6773,    0,    0,  33.494011,  27.425987,
  NODE, 6774,    0,    0,  32.950466,  28.466169,
  NODE, 6775,    0,    0,  33.218834,  28.982678,
  NODE, 6776,    0,    0,   7.614787,  31.533157,
  NODE, 6777,    0,    0,   7.866027,  31.012344,
  NODE, 6778,    0,    0,   8.149382,  31.516571,
  NODE, 6779,    0,    0,   6.506586,  32.576424,
  NODE, 6780,    0,    0,  35.860447,  47.113258,
  NODE, 6781,    0,    0,  37.205338,  46.768723,
  NODE, 6782,    0,    0,  37.189735,  46.209351,
  NODE, 6783,    0,    0,   2.111435,  47.159050,
  NODE, 6784,    0,    0,   3.615602,  46.275486,
  NODE, 6785,    0,    0,   3.615825,  46.808662,
  NODE, 6786,    0,    0,  37.888573,  12.840943,
  NODE, 6787,    0,    0,  36.384457,  13.724373,
  NODE, 6788,    0,    0,  36.384209,  13.191244,
  NODE, 6789,    0,    0,  27.807789,  53.065926,
  NODE, 6790,    0,    0,  27.300648,  53.323940,
  NODE, 6791,    0,    0,  28.776623,  53.092259,
  NODE, 6792,    0,    0,  28.316481,  52.821079,
  NODE, 6793,    0,    0,  28.792030,  52.553581,
  NODE, 6794,    0,    0,  28.719463,   7.361341,
  NODE, 6795,    0,    0,  28.317730,   7.124897,
  NODE, 6796,    0,    0,  28.695171,   6.856636,
  NODE, 6797,    0,    0,  27.827702,   6.890202,
  NODE, 6798,    0,    0,  11.276444,  52.629494,
  NODE, 6799,    0,    0,  11.677292,  52.863838,
  NODE, 6800,    0,    0,  11.301868,  53.134766,
  NODE, 6801,    0,    0,  12.158499,  53.094090,
  NODE, 6802,    0,    0,  33.779602,  40.371815,
  NODE, 6803,    0,    0,  34.023003,  39.863350,
  NODE, 6804,    0,    0,  31.907471,  33.587650,
  NODE, 6805,    0,    0,  33.463547,  33.523789,
  NODE, 6806,    0,    0,  32.370964,  26.378487,
  NODE, 6807,    0,    0,  32.043541,  26.903137,
  NODE, 6808,    0,    0,  31.769232,  26.378891,
  NODE, 6809,    0,    0,  33.480530,  25.338522,
  NODE, 6810,    0,    0,   7.629993,  33.624287,
  NODE, 6811,    0,    0,   7.958343,  33.102203,
  NODE, 6812,    0,    0,   8.232466,  33.625874,
  NODE, 6813,    0,    0,   6.519388,  34.661648,
  NODE, 6814,    0,    0,  16.248997,  18.309523,
  NODE, 6815,    0,    0,  16.234974,  18.757290,
  NODE, 6816,    0,    0,  32.360378,  24.292786,
  NODE, 6817,    0,    0,  32.038483,  24.813343,
  NODE, 6818,    0,    0,  31.765884,  24.292011,
  NODE, 6819,    0,    0,  33.464729,  23.264568,
  NODE, 6820,    0,    0,   7.644842,  35.701435,
  NODE, 6821,    0,    0,   7.963156,  35.185692,
  NODE, 6822,    0,    0,   8.239367,  35.702278,
  NODE, 6823,    0,    0,   6.537793,  36.732811,
  NODE, 6824,    0,    0,  32.368469,  22.200737,
  NODE, 6825,    0,    0,  32.037296,  22.724476,
  NODE, 6826,    0,    0,  31.772190,  22.195557,
  NODE, 6827,    0,    0,  33.481491,  21.189232,
  NODE, 6828,    0,    0,   7.659713,  37.768131,
  NODE, 6829,    0,    0,   7.982802,  37.249584,
  NODE, 6830,    0,    0,   8.260654,  37.763702,
  NODE, 6831,    0,    0,   6.533924,  38.800476,
  NODE, 6832,    0,    0,  35.519623,   8.866293,
  NODE, 6833,    0,    0,   4.480379,  51.133705,
  NODE, 6834,    0,    0,  34.934452,  51.883244,
  NODE, 6835,    0,    0,  35.295441,  51.585815,
  NODE, 6836,    0,    0,  35.471638,  51.962704,
  NODE, 6837,    0,    0,  32.417999,  20.108604,
  NODE, 6838,    0,    0,  32.075859,  20.615200,
  NODE, 6839,    0,    0,  31.824802,  20.083706,
  NODE, 6840,    0,    0,  33.531078,  19.138321,
  NODE, 6841,    0,    0,   7.656697,  39.836685,
  NODE, 6842,    0,    0,   7.993285,  39.319363,
  NODE, 6843,    0,    0,   8.269112,  39.834908,
  NODE, 6844,    0,    0,   6.502341,  40.847603,
  NODE, 6845,    0,    0,  24.353424,  12.557182,
  NODE, 6846,    0,    0,  24.837959,  12.584930,
  NODE, 6847,    0,    0,  32.487881,  18.081387,
  NODE, 6848,    0,    0,  32.166649,  18.545441,
  NODE, 6849,    0,    0,  31.917326,  18.039791,
  NODE, 6850,    0,    0,  33.646244,  17.081204,
  NODE, 6851,    0,    0,  34.176849,  17.132397,
  NODE, 6852,    0,    0,  31.997826,  41.882820,
  NODE, 6853,    0,    0,  32.240429,  41.394749,
  NODE, 6854,    0,    0,  33.565846,  41.843048,
  NODE, 6855,    0,    0,   7.609054,  41.894089,
  NODE, 6856,    0,    0,   7.968536,  41.385704,
  NODE, 6857,    0,    0,   8.231295,  41.903236,
  NODE, 6858,    0,    0,   6.373507,  42.911964,
  NODE, 6859,    0,    0,   5.829077,  42.864315,
  NODE, 6860,    0,    0,  38.698601,  57.254677,
  NODE, 6861,    0,    0,  35.406979,  12.695980,
  NODE, 6862,    0,    0,  35.870625,  12.891811,
  NODE, 6863,    0,    0,  35.435391,  13.280878,
  NODE, 6864,    0,    0,  33.647125,  11.177824,
  NODE, 6865,    0,    0,  33.312660,  11.662625,
  NODE, 6866,    0,    0,   4.593116,  47.303619,
  NODE, 6867,    0,    0,   4.129412,  47.108093,
  NODE, 6868,    0,    0,   4.564740,  46.718628,
  NODE, 6869,    0,    0,   6.352967,  48.821274,
  NODE, 6870,    0,    0,   6.687638,  48.335163,
  NODE, 6871,    0,    0,  35.488365,  47.350563,
  NODE, 6872,    0,    0,  35.323052,  47.753822,
  NODE, 6873,    0,    0,  11.850280,  26.030497,
  NODE, 6874,    0,    0,  11.469260,  25.737104,
  NODE, 6875,    0,    0,  11.079306,  26.066322,
  NODE, 6876,    0,    0,  11.086800,  25.507477,
  NODE, 6877,    0,    0,   8.167679,  25.289909,
  NODE, 6878,    0,    0,   7.943364,  26.415844,
  NODE, 6879,    0,    0,   7.812195,  26.821470,
  NODE, 6880,    0,    0,   9.631512,  21.878944,
  NODE, 6881,    0,    0,  34.473969,  37.837380,
  NODE, 6882,    0,    0,  35.018765,  37.803387,
  NODE, 6883,    0,    0,  35.543308,  37.754200,
  NODE, 6884,    0,    0,  31.357039,   6.436011,
  NODE, 6885,    0,    0,  29.925263,   6.058944,
  NODE, 6886,    0,    0,   8.642969,  53.563858,
  NODE, 6887,    0,    0,  10.075201,  53.939888,
  NODE, 6888,    0,    0,  29.700420,  53.575905,
  NODE, 6889,    0,    0,  31.133341,  53.939297,
  NODE, 6890,    0,    0,  20.324249,  18.375725,
  NODE, 6891,    0,    0,  20.319813,  18.870821,
  NODE, 6892,    0,    0,   3.027003,  52.811142,
  NODE, 6893,    0,    0,   3.193750,  52.370880,
  NODE, 6894,    0,    0,  36.973000,   7.188859,
  NODE, 6895,    0,    0,  36.806252,   7.629118,
  NODE, 6896,    0,    0,  34.716030,  36.080662,
  NODE, 6897,    0,    0,  35.489792,  44.097382,
  NODE, 6898,    0,    0,  35.852821,  43.787998,
  NODE, 6899,    0,    0,  34.164913,  44.443810,
  NODE, 6900,    0,    0,  34.253006,  45.019608,
  NODE, 6901,    0,    0,  36.051655,  34.674843,
  NODE, 6902,    0,    0,   4.009979,  25.233868,
  NODE, 6903,    0,    0,  10.129142,  25.392664,
  NODE, 6904,    0,    0,  10.561045,  25.408752,
  NODE, 6905,    0,    0,  10.264942,  25.820606,
  NODE, 6906,    0,    0,   8.468834,  25.745361,
  NODE, 6907,    0,    0,   8.563687,  25.279051,
  NODE, 6908,    0,    0,  38.521515,  52.633709,
  NODE, 6909,    0,    0,  36.713028,  52.755035,
  NODE, 6910,    0,    0,  36.350723,  52.969826,
  NODE, 6911,    0,    0,  36.180943,  52.514992,
  NODE, 6912,    0,    0,   6.057767,  49.235397,
  NODE, 6913,    0,    0,   5.528402,  49.225372,
  NODE, 6914,    0,    0,  33.942268,  10.764252,
  NODE, 6915,    0,    0,  34.471642,  10.774298,
  NODE, 6916,    0,    0,  38.700115,   4.782713,
  NODE, 6917,    0,    0,  37.376083,   5.857841,
  NODE, 6918,    0,    0,   1.299886,  55.217285,
  NODE, 6919,    0,    0,   2.623920,  54.142159,
  NODE, 6920,    0,    0,  12.676408,  23.565144,
  NODE, 6921,    0,    0,  13.233738,  23.788412,
  NODE, 6922,    0,    0,  12.248789,  24.531704,
  NODE, 6923,    0,    0,  17.956387,  18.593882,
  NODE, 6924,    0,    0,  18.416702,  18.856060,
  NODE, 6925,    0,    0,  17.012978,  18.064907,
  NODE, 6926,    0,    0,  16.638224,  18.061989,
  NODE, 6927,    0,    0,  16.044741,  15.794786,
  NODE, 6928,    0,    0,  19.518818,  52.962753,
  NODE, 6929,    0,    0,  19.032959,  53.233681,
  NODE, 6930,    0,    0,  20.378593,  52.944962,
  NODE, 6931,    0,    0,  19.997265,  52.707802,
  NODE, 6932,    0,    0,  14.553392,  23.464050,
  NODE, 6933,    0,    0,  13.255266,  24.360071,
  NODE, 6934,    0,    0,  23.027062,  15.183714,
  NODE, 6935,    0,    0,  23.379490,  14.818875,
  NODE, 6936,    0,    0,  22.838163,  15.643285,
  NODE, 6937,    0,    0,  24.807144,   6.857268,
  NODE, 6938,    0,    0,  24.827250,   7.439443,
  NODE, 6939,    0,    0,  33.240364,   8.542399,
  NODE, 6940,    0,    0,  33.483574,   8.912148,
  NODE, 6941,    0,    0,   6.759597,  51.457436,
  NODE, 6942,    0,    0,   6.516407,  51.087791,
  NODE, 6943,    0,    0,  34.571869,  52.699623,
  NODE, 6944,    0,    0,  35.818127,  45.970200,
  NODE, 6945,    0,    0,  36.282566,  45.674530,
  NODE, 6946,    0,    0,  34.943508,  47.404724,
  NODE, 6947,    0,    0,   4.547226,  46.239262,
  NODE, 6948,    0,    0,   4.101858,  46.000549,
  NODE, 6949,    0,    0,  35.452061,  13.759058,
  NODE, 6950,    0,    0,  35.898239,  13.999216,
  NODE, 6951,    0,    0,  27.899197,  51.458351,
  NODE, 6952,    0,    0,  25.335609,   7.798053,
  NODE, 6953,    0,    0,  25.863218,   7.454385,
  NODE, 6954,    0,    0,  27.345860,   6.639159,
  NODE, 6955,    0,    0,  13.573626,  52.774277,
  NODE, 6956,    0,    0,  32.492161,  40.901344,
  NODE, 6957,    0,    0,  33.501038,  39.891159,
  NODE, 6958,    0,    0,  32.617744,  32.230904,
  NODE, 6959,    0,    0,  16.522158,  19.133701,
  NODE, 6960,    0,    0,  16.984844,  19.102575,
  NODE, 6961,    0,    0,  15.962025,  19.309238,
  NODE, 6962,    0,    0,  15.695219,  19.719036,
  NODE, 6963,    0,    0,  34.988415,  13.563227,
  NODE, 6964,    0,    0,   5.010930,  46.434792,
  NODE, 6965,    0,    0,  24.680548,  10.362620,
  NODE, 6966,    0,    0,  24.926605,  10.832531,
  NODE, 6967,    0,    0,  25.166594,  11.311291,
  NODE, 6968,    0,    0,  23.512844,  13.651983,
  NODE, 6969,    0,    0,  31.507851,  18.026337,
  NODE, 6970,    0,    0,  31.175238,  18.197716,
  NODE, 6971,    0,    0,  31.086996,  17.720209,
  NODE, 6972,    0,    0,  31.967224,  40.911045,
  NODE, 6973,    0,    0,   8.356653,  42.426445,
  NODE, 6974,    0,    0,   8.716136,  41.918060,
  NODE, 6975,    0,    0,  34.632874,  13.338224,
  NODE, 6976,    0,    0,  34.649544,  13.816402,
  NODE, 6977,    0,    0,   5.365530,  46.657517,
  NODE, 6978,    0,    0,   5.348016,  46.178150,
  NODE, 6979,    0,    0,  34.291084,  49.650131,
  NODE, 6980,    0,    0,  34.031456,  49.174736,
  NODE, 6981,    0,    0,  33.771111,  48.694168,
  NODE, 6982,    0,    0,  33.512295,  49.155045,
  NODE, 6983,    0,    0,  34.682694,  46.970100,
  NODE, 6984,    0,    0,  34.508915,  46.479935,
  NODE, 6985,    0,    0,  36.339653,  53.501877,
  NODE, 6986,    0,    0,  35.807571,  53.261833,
  NODE, 6987,    0,    0,   3.716257,  53.530273,
  NODE, 6988,    0,    0,   3.208526,  53.796913,
  NODE, 6989,    0,    0,  36.283745,   6.469729,
  NODE, 6990,    0,    0,  36.791473,   6.203086,
  NODE, 6991,    0,    0,   8.433506,  31.992096,
  NODE, 6992,    0,    0,  31.581791,  28.024582,
  NODE, 6993,    0,    0,  31.306767,  26.383972,
  NODE, 6994,    0,    0,  30.805466,  26.134689,
  NODE, 6995,    0,    0,   8.695100,  33.623005,
  NODE, 6996,    0,    0,   9.195950,  33.878937,
  NODE, 6997,    0,    0,  23.732285,  51.505699,
  NODE, 6998,    0,    0,  35.251885,   8.502863,
  NODE, 6999,    0,    0,  35.025162,   9.028388,
  NODE, 7000,    0,    0,   4.748115,  51.497135,
  NODE, 7001,    0,    0,   4.974837,  50.971611,
  NODE, 7002,    0,    0,  34.487549,  14.782626,
  NODE, 7003,    0,    0,  34.491928,  14.281611,
  NODE, 7004,    0,    0,  34.225540,  13.242809,
  NODE, 7005,    0,    0,   5.507432,  45.210083,
  NODE, 7006,    0,    0,   5.502697,  45.710793,
  NODE, 7007,    0,    0,   5.773069,  46.751503,
  NODE, 7008,    0,    0,  34.257065,  45.672829,
  NODE, 7009,    0,    0,  22.705351,  16.198139,
  NODE, 7010,    0,    0,  22.704948,  16.782908,
  NODE, 7011,    0,    0,  21.154209,  16.015863,
  NODE, 7012,    0,    0,  24.313633,  15.889500,
  NODE, 7013,    0,    0,  23.753054,  15.840087,
  NODE, 7014,    0,    0,  23.312264,  15.987203,
  NODE, 7015,    0,    0,  20.709969,  19.113457,
  NODE, 7016,    0,    0,  19.365835,  19.856649,
  NODE, 7017,    0,    0,  19.351036,  19.360188,
  NODE, 7018,    0,    0,  33.357338,  16.567904,
  NODE, 7019,    0,    0,  33.012909,  16.057797,
  NODE, 7020,    0,    0,  34.110664,  15.032476,
  NODE, 7021,    0,    0,   6.644013,  43.433327,
  NODE, 7022,    0,    0,   6.967035,  43.937782,
  NODE, 7023,    0,    0,   5.880764,  44.957920,
  NODE, 7024,    0,    0,   9.080177,  26.118443,
  NODE, 7025,    0,    0,   9.564276,  26.153450,
  NODE, 7026,    0,    0,   8.200808,  26.203264,
  NODE, 7027,    0,    0,  34.130348,  37.311462,
  NODE, 7028,    0,    0,  33.935288,  36.844963,
  NODE, 7029,    0,    0,  35.261063,  37.293850,
  NODE, 7030,    0,    0,  21.246441,  17.152149,
  NODE, 7031,    0,    0,  21.866627,  17.377859,
  NODE, 7032,    0,    0,  20.715359,  18.135449,
  NODE, 7033,    0,    0,  35.292683,  44.522553,
  NODE, 7034,    0,    0,  35.807739,  44.871979,
  NODE, 7035,    0,    0,  36.285061,  43.546013,
  NODE, 7036,    0,    0,   1.299833,  54.710617,
  NODE, 7037,    0,    0,  38.700169,   5.289384,
  NODE, 7038,    0,    0,   8.596816,  26.192406,
  NODE, 7039,    0,    0,  31.352455,   7.440898,
  NODE, 7040,    0,    0,  31.775808,   7.797467,
  NODE, 7041,    0,    0,  31.315323,   8.016213,
  NODE, 7042,    0,    0,   8.647408,  52.558155,
  NODE, 7043,    0,    0,   8.224062,  52.201881,
  NODE, 7044,    0,    0,   8.684465,  51.982475,
  NODE, 7045,    0,    0,  34.933617,  52.701134,
  NODE, 7046,    0,    0,  34.748901,  52.258621,
  NODE, 7047,    0,    0,  35.276543,  53.468010,
  NODE, 7048,    0,    0,  31.840702,  53.395489,
  NODE, 7049,    0,    0,  32.863861,  50.906643,
  NODE, 7050,    0,    0,  33.432289,  51.073135,
  NODE, 7051,    0,    0,  36.262749,  45.130791,
  NODE, 7052,    0,    0,  37.764805,  45.881325,
  NODE, 7053,    0,    0,   3.616424,  45.752937,
  NODE, 7054,    0,    0,  36.383659,  14.246881,
  NODE, 7055,    0,    0,  29.699284,  52.594914,
  NODE, 7056,    0,    0,  29.290279,  52.311630,
  NODE, 7057,    0,    0,  29.737392,  52.081780,
  NODE, 7058,    0,    0,  29.211308,   6.590017,
  NODE, 7059,    0,    0,  28.893051,   7.827977,
  NODE, 7060,    0,    0,  28.930700,   8.349243,
  NODE, 7061,    0,    0,  26.906048,   7.962571,
  NODE, 7062,    0,    0,  10.787995,  53.405830,
  NODE, 7063,    0,    0,  11.103416,  52.162224,
  NODE, 7064,    0,    0,  11.072505,  51.636551,
  NODE, 7065,    0,    0,  13.984386,  52.999058,
  NODE, 7066,    0,    0,  13.948834,  52.494774,
  NODE, 7067,    0,    0,  14.196701,  53.466110,
  NODE, 7068,    0,    0,  31.597126,  34.031120,
  NODE, 7069,    0,    0,  31.842985,  34.486801,
  NODE, 7070,    0,    0,  32.617371,  31.867313,
  NODE, 7071,    0,    0,  32.181923,  32.056580,
  NODE, 7072,    0,    0,  33.377457,  31.523262,
  NODE, 7073,    0,    0,  25.007179,  13.140377,
  NODE, 7074,    0,    0,  24.925053,  13.580813,
  NODE, 7075,    0,    0,  31.921726,  17.114151,
  NODE, 7076,    0,    0,  33.399998,  43.222130,
  NODE, 7077,    0,    0,  31.737829,  42.364590,
  NODE, 7078,    0,    0,  32.033920,  42.891869,
  NODE, 7079,    0,    0,   8.176068,  42.930420,
  NODE, 7080,    0,    0,  33.771664,  46.893639,
  NODE, 7081,    0,    0,  34.024506,  46.571102,
  NODE, 7082,    0,    0,  33.539604,  46.525997,
  NODE, 7083,    0,    0,  35.287609,  52.935959,
  NODE, 7084,    0,    0,  35.825630,  52.197529,
  NODE, 7085,    0,    0,  36.187935,  51.982735,
  NODE, 7086,    0,    0,   8.229478,  32.570587,
  NODE, 7087,    0,    0,  31.776466,  27.438576,
  NODE, 7088,    0,    0,  31.770321,  25.333405,
  NODE, 7089,    0,    0,   8.230899,  34.667244,
  NODE, 7090,    0,    0,  23.351555,   7.714620,
  NODE, 7091,    0,    0,  23.160564,   7.227313,
  NODE, 7092,    0,    0,  21.316887,  53.146591,
  NODE, 7093,    0,    0,  20.937861,  53.142059,
  NODE, 7094,    0,    0,  21.136944,  52.689789,
  NODE, 7095,    0,    0,  21.329723,  52.204033,
  NODE, 7096,    0,    0,  34.247902,   8.086493,
  NODE, 7097,    0,    0,   5.752100,  51.913502,
  NODE, 7098,    0,    0,  31.408213,   7.020801,
  NODE, 7099,    0,    0,  31.761766,   6.637363,
  NODE, 7100,    0,    0,  29.585484,   7.088985,
  NODE, 7101,    0,    0,  29.699888,   6.585923,
  NODE, 7102,    0,    0,   8.591759,  52.978931,
  NODE, 7103,    0,    0,   8.238215,  53.362488,
  NODE, 7104,    0,    0,  10.413302,  52.906441,
  NODE, 7105,    0,    0,  10.300278,  53.411854,
  NODE, 7106,    0,    0,  29.652151,  53.012947,
  NODE, 7107,    0,    0,  29.300442,  53.387718,
  NODE, 7108,    0,    0,  31.457466,  52.899834,
  NODE, 7109,    0,    0,  31.352177,  53.411247,
  NODE, 7110,    0,    0,  25.254688,   9.472168,
  NODE, 7111,    0,    0,  25.030495,   8.926147,
  NODE, 7112,    0,    0,  25.555653,   8.959731,
  NODE, 7113,    0,    0,  24.964375,   9.907511,
  NODE, 7114,    0,    0,  26.028877,  51.642235,
  NODE, 7115,    0,    0,  25.474154,  51.471664,
  NODE, 7116,    0,    0,  33.681252,  38.385510,
  NODE, 7117,    0,    0,  33.867798,  37.805805,
  NODE, 7118,    0,    0,  33.737740,  50.566567,
  NODE, 7119,    0,    0,  33.951824,  51.107830,
  NODE, 7120,    0,    0,  34.014957,  50.118439,
  NODE, 7121,    0,    0,  33.736103,   9.413416,
  NODE, 7122,    0,    0,  33.465160,   9.853346,
  NODE, 7123,    0,    0,  34.753098,   8.210630,
  NODE, 7124,    0,    0,   6.263875,  50.586521,
  NODE, 7125,    0,    0,   6.534810,  50.146568,
  NODE, 7126,    0,    0,   5.246902,  51.789368,
  NODE, 7127,    0,    0,  24.794228,  14.208532,
  NODE, 7128,    0,    0,  24.683950,  14.658588,
  NODE, 7129,    0,    0,  32.469978,  47.171860,
  NODE, 7130,    0,    0,  32.130108,  47.614376,
  NODE, 7131,    0,    0,  31.885311,  47.101448,
  NODE, 7132,    0,    0,  33.344528,  46.049404,
  NODE, 7133,    0,    0,  26.374798,  13.750450,
  NODE, 7134,    0,    0,  25.782467,  13.751934,
  NODE, 7135,    0,    0,  25.317802,  13.972986,
  NODE, 7136,    0,    0,  24.487162,   9.035890,
  NODE, 7137,    0,    0,  37.082665,  44.561546,
  NODE, 7138,    0,    0,  34.008694,  43.994892,
  NODE, 7139,    0,    0,  34.596932,  44.265778,
  NODE, 7140,    0,    0,  34.950260,  44.289520,
  NODE, 7141,    0,    0,  24.831270,  16.070717,
  NODE, 7142,    0,    0,  17.560383,  19.365555,
  NODE, 7143,    0,    0,  17.572971,  19.872017,
  NODE, 7144,    0,    0,  18.890537,  19.108084,
  NODE, 7145,    0,    0,  12.007649,  26.513361,
  NODE, 7146,    0,    0,  12.032240,  27.049274,
  NODE, 7147,    0,    0,  10.503676,  26.375645,
  NODE, 7148,    0,    0,  10.071774,  26.359554,
  NODE, 7149,    0,    0,   9.803009,  26.708489,
  NODE, 7150,    0,    0,   9.725445,  27.161293,
  NODE, 7151,    0,    0,   9.217949,  26.955189,
  NODE, 7152,    0,    0,  31.758169,  52.420319,
  NODE, 7153,    0,    0,  32.128479,  52.132027,
  NODE, 7154,    0,    0,  34.507767,  51.053810,
  NODE, 7155,    0,    0,  38.227379,  45.880508,
  NODE, 7156,    0,    0,  29.270491,   7.559715,
  NODE, 7157,    0,    0,  13.049818,  51.524330,
  NODE, 7158,    0,    0,  14.472892,  52.230995,
  NODE, 7159,    0,    0,  10.727993,  52.433151,
  NODE, 7160,    0,    0,  33.755558,  35.774994,
  NODE, 7161,    0,    0,  33.991493,  35.236233,
  NODE, 7162,    0,    0,  32.098553,  34.944607,
  NODE, 7163,    0,    0,  31.745775,  32.243286,
  NODE, 7164,    0,    0,  32.425373,  31.323954,
  NODE, 7165,    0,    0,  32.861198,  31.498274,
  NODE, 7166,    0,    0,  33.240181,  43.713196,
  NODE, 7167,    0,    0,  33.736488,  43.681862,
  NODE, 7168,    0,    0,  32.345688,  43.338009,
  NODE, 7169,    0,    0,  22.679104,  17.272522,
  NODE, 7170,    0,    0,  23.153605,  17.031672,
  NODE, 7171,    0,    0,  22.302177,  17.448990,
  NODE, 7172,    0,    0,  22.750832,  17.697754,
  NODE, 7173,    0,    0,  32.249565,   8.066868,
  NODE, 7174,    0,    0,   7.750315,  51.932529,
  NODE, 7175,    0,    0,  27.070938,   9.449269,
  NODE, 7176,    0,    0,  27.422451,   9.798477,
  NODE, 7177,    0,    0,  27.026756,  10.012667,
  NODE, 7178,    0,    0,  25.489531,   9.941094,
  NODE, 7179,    0,    0,  26.834211,  51.886124,
  NODE, 7180,    0,    0,  32.430847,  38.977978,
  NODE, 7181,    0,    0,  33.337631,  37.859596,
  NODE, 7182,    0,    0,  32.037811,  51.060886,
  NODE, 7183,    0,    0,  32.039932,  51.618988,
  NODE, 7184,    0,    0,  31.568222,  51.398460,
  NODE, 7185,    0,    0,  33.495422,  50.083740,
  NODE, 7186,    0,    0,  31.968456,   8.873558,
  NODE, 7187,    0,    0,  32.236187,   8.520449,
  NODE, 7188,    0,    0,   8.031189,  51.125511,
  NODE, 7189,    0,    0,   7.763673,  51.478882,
  NODE, 7190,    0,    0,  21.719559,  51.974487,
  NODE, 7191,    0,    0,  21.715218,  51.472649,
  NODE, 7192,    0,    0,  23.958502,   9.012074,
  NODE, 7193,    0,    0,   7.678197,  27.459707,
  NODE, 7194,    0,    0,   8.194793,  27.288546,
  NODE, 7195,    0,    0,  33.807739,  36.191307,
  NODE, 7196,    0,    0,  33.396626,  36.626236,
  NODE, 7197,    0,    0,  34.294220,  35.993721,
  NODE, 7198,    0,    0,  35.038639,  51.069847,
  NODE, 7199,    0,    0,   8.754499,  39.835480,
  NODE, 7200,    0,    0,   9.297756,  40.088585,
  NODE, 7201,    0,    0,  31.359280,  20.051388,
  NODE, 7202,    0,    0,  30.974632,  20.299660,
  NODE, 7203,    0,    0,  30.851250,  19.760746,
  NODE, 7204,    0,    0,   8.733446,  37.756836,
  NODE, 7205,    0,    0,   9.260256,  37.999260,
  NODE, 7206,    0,    0,  31.303883,  22.185469,
  NODE, 7207,    0,    0,  30.921713,  22.452044,
  NODE, 7208,    0,    0,  30.784580,  21.918215,
  NODE, 7209,    0,    0,   8.703671,  35.697334,
  NODE, 7210,    0,    0,  31.302986,  24.293617,
  NODE, 7211,    0,    0,  17.370644,  18.844734,
  NODE, 7212,    0,    0,  17.380850,  18.330902,
  NODE, 7213,    0,    0,  33.825687,  13.502956,
  NODE, 7214,    0,    0,  33.757217,  13.154366,
  NODE, 7215,    0,    0,  33.831238,  12.546621,
  NODE, 7216,    0,    0,   6.169165,  46.483688,
  NODE, 7217,    0,    0,   6.239618,  46.834316,
  NODE, 7218,    0,    0,   6.169312,  47.449921,
  NODE, 7219,    0,    0,   7.225501,  44.442390,
  NODE, 7220,    0,    0,  32.659206,  15.548062,
  NODE, 7221,    0,    0,   6.559171,  28.512989,
  NODE, 7222,    0,    0,   8.404563,  30.015062,
  NODE, 7223,    0,    0,   8.686661,  29.537457,
  NODE, 7224,    0,    0,  31.654629,  30.023459,
  NODE, 7225,    0,    0,  31.416817,  30.514189,
  NODE, 7226,    0,    0,  31.695507,  40.419632,
  NODE, 7227,    0,    0,  31.949696,  39.936134,
  NODE, 7228,    0,    0,  32.190971,  39.443359,
  NODE, 7229,    0,    0,  32.992050,  49.138363,
  NODE, 7230,    0,    0,  32.446747,  49.123459,
  NODE, 7231,    0,    0,  33.514690,  48.222557,
  NODE, 7232,    0,    0,  26.491360,  10.908125,
  NODE, 7233,    0,    0,  25.394692,  11.784164,
  NODE, 7234,    0,    0,  31.920313,  38.989250,
  NODE, 7235,    0,    0,  18.545837,  53.477692,
  NODE, 7236,    0,    0,  19.516811,  52.465897,
  NODE, 7237,    0,    0,  19.040197,  52.222153,
  NODE, 7238,    0,    0,  19.518642,  51.967201,
  NODE, 7239,    0,    0,  17.625519,  17.294777,
  NODE, 7240,    0,    0,  20.855656,  15.441631,
  NODE, 7241,    0,    0,  32.390156,  15.025051,
  NODE, 7242,    0,    0,  33.015804,  15.015307,
  NODE, 7243,    0,    0,  33.631813,  15.030067,
  NODE, 7244,    0,    0,   7.494766,  44.949387,
  NODE, 7245,    0,    0,   6.943025,  44.953709,
  NODE, 7246,    0,    0,   6.342869,  44.956436,
  NODE, 7247,    0,    0,  21.905806,  52.464775,
  NODE, 7248,    0,    0,  23.603025,  16.825525,
  NODE, 7249,    0,    0,  23.620241,  16.394941,
  NODE, 7250,    0,    0,  23.712917,  50.998211,
  NODE, 7251,    0,    0,  23.251440,  51.247246,
  NODE, 7252,    0,    0,  24.178158,  50.754952,
  NODE, 7253,    0,    0,  23.697315,  50.496498,
  NODE, 7254,    0,    0,  32.747074,   8.214535,
  NODE, 7255,    0,    0,   7.252868,  51.785210,
  NODE, 7256,    0,    0,  31.951515,  50.621147,
  NODE, 7257,    0,    0,  32.423225,  50.841675,
  NODE, 7258,    0,    0,  15.644581,  21.049454,
  NODE, 7259,    0,    0,  15.271232,  20.708059,
  NODE, 7260,    0,    0,  14.632827,  22.413414,
  NODE, 7261,    0,    0,  27.941160,  50.931175,
  NODE, 7262,    0,    0,  27.450384,  51.165894,
  NODE, 7263,    0,    0,  27.956001,  50.388557,
  NODE, 7264,    0,    0,  28.923649,   8.943291,
  NODE, 7265,    0,    0,  28.411488,   9.222629,
  NODE, 7266,    0,    0,  11.079811,  51.038322,
  NODE, 7267,    0,    0,  11.600929,  50.751614,
  NODE, 7268,    0,    0,  34.168510,  43.503826,
  NODE, 7269,    0,    0,  31.896654,  13.039945,
  NODE, 7270,    0,    0,  32.103775,  12.629738,
  NODE, 7271,    0,    0,  32.411011,  13.110762,
  NODE, 7272,    0,    0,  33.431389,  12.806768,
  NODE, 7273,    0,    0,   8.096238,  46.932228,
  NODE, 7274,    0,    0,   7.892852,  47.358223,
  NODE, 7275,    0,    0,   7.582473,  46.857098,
  NODE, 7276,    0,    0,   6.565408,  47.182106,
  NODE, 7277,    0,    0,  32.336002,  44.644089,
  NODE, 7278,    0,    0,  32.656963,  44.453072,
  NODE, 7279,    0,    0,  21.322607,  51.212936,
  NODE, 7280,    0,    0,  22.745224,  50.477211,
  NODE, 7281,    0,    0,  22.759514,  50.985649,
  NODE, 7282,    0,    0,  30.390060,  31.548489,
  NODE, 7283,    0,    0,  30.985270,  31.560844,
  NODE, 7284,    0,    0,  31.745403,  31.879698,
  NODE, 7285,    0,    0,  31.501528,  31.524124,
  NODE, 7286,    0,    0,  31.937674,  31.337418,
  NODE, 7287,    0,    0,  32.963020,  37.071518,
  NODE, 7288,    0,    0,  33.053162,  37.510498,
  NODE, 7289,    0,    0,  32.492012,  37.302124,
  NODE, 7290,    0,    0,  32.835472,  36.417862,
  NODE, 7291,    0,    0,  14.826370,  52.682533,
  NODE, 7292,    0,    0,  14.571910,  53.186607,
  NODE, 7293,    0,    0,  26.967922,   8.490820,
  NODE, 7294,    0,    0,  26.988529,   9.008976,
  NODE, 7295,    0,    0,  27.446026,   8.716925,
  NODE, 7296,    0,    0,  12.576847,  51.269760,
  NODE, 7297,    0,    0,  13.948408,  50.992569,
  NODE, 7298,    0,    0,  13.976522,  50.469612,
  NODE, 7299,    0,    0,   6.809268,  49.729397,
  NODE, 7300,    0,    0,   9.111099,  51.058937,
  NODE, 7301,    0,    0,   8.883633,  51.512180,
  NODE, 7302,    0,    0,   8.488586,  51.172955,
  NODE, 7303,    0,    0,  33.190510,  10.270390,
  NODE, 7304,    0,    0,  30.887720,   8.936624,
  NODE, 7305,    0,    0,  31.115799,   8.484535,
  NODE, 7306,    0,    0,  31.510597,   8.824869,
  NODE, 7307,    0,    0,  31.894142,  49.185936,
  NODE, 7308,    0,    0,  31.418560,  47.055683,
  NODE, 7309,    0,    0,  31.017359,  46.785729,
  NODE, 7310,    0,    0,  26.887249,  13.888363,
  NODE, 7311,    0,    0,  26.628758,  14.296516,
  NODE, 7312,    0,    0,  30.947727,   7.239547,
  NODE, 7313,    0,    0,  29.759071,   7.555621,
  NODE, 7314,    0,    0,   9.052162,  52.759525,
  NODE, 7315,    0,    0,  10.240274,  52.439171,
  NODE, 7316,    0,    0,  30.099262,  52.783096,
  NODE, 7317,    0,    0,  31.269642,  52.436073,
  NODE, 7318,    0,    0,  20.382389,  20.328583,
  NODE, 7319,    0,    0,  20.406302,  20.840778,
  NODE, 7320,    0,    0,  18.906075,  20.116854,
  NODE, 7321,    0,    0,  21.051060,  17.684917,
  NODE, 7322,    0,    0,  13.405639,  25.191128,
  NODE, 7323,    0,    0,  13.103237,  24.787209,
  NODE, 7324,    0,    0,  12.396164,  26.247906,
  NODE, 7325,    0,    0,  22.690445,  18.166634,
  NODE, 7326,    0,    0,  22.504255,  18.547047,
  NODE, 7327,    0,    0,  30.372725,  39.934635,
  NODE, 7328,    0,    0,  30.909550,  39.934498,
  NODE, 7329,    0,    0,  31.426247,  39.938126,
  NODE, 7330,    0,    0,  12.015313,  28.166111,
  NODE, 7331,    0,    0,  11.539356,  27.903200,
  NODE, 7332,    0,    0,  11.986902,  27.630690,
  NODE, 7333,    0,    0,  11.133596,  27.664616,
  NODE, 7334,    0,    0,  26.809654,  10.396795,
  NODE, 7335,    0,    0,  27.059977,  10.873202,
  NODE, 7336,    0,    0,  26.010441,   9.968735,
  NODE, 7337,    0,    0,  33.252396,  49.618931,
  NODE, 7338,    0,    0,  33.415062,  10.712654,
  NODE, 7339,    0,    0,  32.108498,  10.256658,
  NODE, 7340,    0,    0,  31.872208,   9.822976,
  NODE, 7341,    0,    0,   6.584974,  49.286739,
  NODE, 7342,    0,    0,   7.890366,  49.742748,
  NODE, 7343,    0,    0,   8.126614,  50.176197,
  NODE, 7344,    0,    0,   6.287662,  28.019009,
  NODE, 7345,    0,    0,   8.261651,  40.873543,
  NODE, 7346,    0,    0,  31.881519,  19.040478,
  NODE, 7347,    0,    0,   8.271631,  38.799919,
  NODE, 7348,    0,    0,  31.793011,  21.131060,
  NODE, 7349,    0,    0,   8.252398,  36.731590,
  NODE, 7350,    0,    0,  31.764397,  23.245377,
  NODE, 7351,    0,    0,   8.140406,  30.509138,
  NODE, 7352,    0,    0,  31.897049,  29.515104,
  NODE, 7353,    0,    0,  17.112080,  53.150860,
  NODE, 7354,    0,    0,  19.511330,  51.468685,
  NODE, 7355,    0,    0,  10.089539,  27.512486,
  NODE, 7356,    0,    0,  10.533376,  27.438023,
  NODE, 7357,    0,    0,  10.312408,  28.035915,
  NODE, 7358,    0,    0,   8.252590,  28.497044,
  NODE, 7359,    0,    0,  24.876604,  15.065941,
  NODE, 7360,    0,    0,  25.314926,  15.090426,
  NODE, 7361,    0,    0,  25.814970,  15.327097,
  NODE, 7362,    0,    0,  24.378990,  17.369190,
  NODE, 7363,    0,    0,  24.913845,  17.119824,
  NODE, 7364,    0,    0,  24.339397,  17.852453,
  NODE, 7365,    0,    0,  15.888577,  21.386549,
  NODE, 7366,    0,    0,  16.045469,  20.948467,
  NODE, 7367,    0,    0,  14.972500,  22.058491,
  NODE, 7368,    0,    0,  15.422891,  21.873642,
  NODE, 7369,    0,    0,  27.006741,  51.365433,
  NODE, 7370,    0,    0,  26.432531,  51.558491,
  NODE, 7371,    0,    0,  29.401802,  50.170364,
  NODE, 7372,    0,    0,  26.458139,  10.047588,
  NODE, 7373,    0,    0,  27.941979,   8.953608,
  NODE, 7374,    0,    0,  12.607460,  50.217785,
  NODE, 7375,    0,    0,  13.108545,  49.949402,
  NODE, 7376,    0,    0,  12.088403,  51.026527,
  NODE, 7377,    0,    0,  30.692448,   8.127967,
  NODE, 7378,    0,    0,   9.306978,  51.868454,
  NODE, 7379,    0,    0,  30.310862,  51.840126,
  NODE, 7380,    0,    0,  29.901857,  51.556843,
  NODE, 7381,    0,    0,  31.665978,  38.514484,
  NODE, 7382,    0,    0,  31.934109,  38.074692,
  NODE, 7383,    0,    0,  32.145088,  37.683312,
  NODE, 7384,    0,    0,  17.598721,  17.814056,
  NODE, 7385,    0,    0,  25.854458,  50.800095,
  NODE, 7386,    0,    0,  26.258110,  50.716351,
  NODE, 7387,    0,    0,  26.201408,  51.121544,
  NODE, 7388,    0,    0,  25.106274,  51.257263,
  NODE, 7389,    0,    0,  24.627876,  51.016575,
  NODE, 7390,    0,    0,  23.222820,  50.229881,
  NODE, 7391,    0,    0,  23.688061,  49.986626,
  NODE, 7392,    0,    0,  32.054947,  37.244328,
  NODE, 7393,    0,    0,  32.987747,  13.057533,
  NODE, 7394,    0,    0,   7.007400,  46.924797,
  NODE, 7395,    0,    0,  30.358805,  42.813770,
  NODE, 7396,    0,    0,  30.033102,  43.271423,
  NODE, 7397,    0,    0,  29.774851,  42.807983,
  NODE, 7398,    0,    0,  31.455498,  41.886219,
  NODE, 7399,    0,    0,  30.359341,   8.219042,
  NODE, 7400,    0,    0,  29.834919,   7.934073,
  NODE, 7401,    0,    0,  28.088268,  11.082851,
  NODE, 7402,    0,    0,  27.594036,  10.909834,
  NODE, 7403,    0,    0,   9.639887,  51.775990,
  NODE, 7404,    0,    0,  10.164297,  52.059849,
  NODE, 7405,    0,    0,  11.650581,  49.662727,
  NODE, 7406,    0,    0,  11.138199,  49.326569,
  NODE, 7407,    0,    0,  30.331959,  49.932060,
  NODE, 7408,    0,    0,  30.698101,  49.951637,
  NODE, 7409,    0,    0,  29.346684,  51.267662,
  NODE, 7410,    0,    0,  26.664137,  14.754238,
  NODE, 7411,    0,    0,  29.933519,  34.998505,
  NODE, 7412,    0,    0,  29.630119,  34.543190,
  NODE, 7413,    0,    0,  31.366669,  33.584343,
  NODE, 7414,    0,    0,  29.920153,  51.026009,
  NODE, 7415,    0,    0,  31.216705,  50.595676,
  NODE, 7416,    0,    0,  31.020714,  51.077774,
  NODE, 7417,    0,    0,  31.740376,   9.325645,
  NODE, 7418,    0,    0,  29.936855,   9.498222,
  NODE, 7419,    0,    0,  30.468330,   9.189145,
  NODE, 7420,    0,    0,   8.258656,  50.672272,
  NODE, 7421,    0,    0,  10.059866,  50.490685,
  NODE, 7422,    0,    0,   9.528149,  50.805050,
  NODE, 7423,    0,    0,  24.446466,  18.362835,
  NODE, 7424,    0,    0,  24.384945,  18.861130,
  NODE, 7425,    0,    0,  23.067371,  17.990166,
  NODE, 7426,    0,    0,  34.136387,  14.056608,
  NODE, 7427,    0,    0,  32.966045,  12.010977,
  NODE, 7428,    0,    0,  33.061768,  12.449789,
  NODE, 7429,    0,    0,   5.857296,  45.933518,
  NODE, 7430,    0,    0,   7.033873,  47.985058,
  NODE, 7431,    0,    0,   6.937094,  47.540402,
  NODE, 7432,    0,    0,  20.336454,  21.915546,
  NODE, 7433,    0,    0,  19.882090,  21.644756,
  NODE, 7434,    0,    0,  20.340008,  21.396725,
  NODE, 7435,    0,    0,  19.407250,  21.387371,
  NODE, 7436,    0,    0,  30.825745,  33.540703,
  NODE, 7437,    0,    0,  29.853584,  31.556011,
  NODE, 7438,    0,    0,  30.124804,  31.062813,
  NODE, 7439,    0,    0,  31.596521,  50.283783,
  NODE, 7440,    0,    0,  32.246048,  45.676395,
  NODE, 7441,    0,    0,  32.161221,  45.168320,
  NODE, 7442,    0,    0,  32.811791,  45.387276,
  NODE, 7443,    0,    0,  29.916910,  37.960018,
  NODE, 7444,    0,    0,  30.199783,  37.502289,
  NODE, 7445,    0,    0,  31.439896,  38.065308,
  NODE, 7446,    0,    0,  21.183279,  19.101917,
  NODE, 7447,    0,    0,  21.768337,  19.102928,
  NODE, 7448,    0,    0,  22.377840,  19.083805,
  NODE, 7449,    0,    0,  22.880571,  18.995804,
  NODE, 7450,    0,    0,  21.817837,  20.020155,
  NODE, 7451,    0,    0,  22.144653,  19.551685,
  NODE, 7452,    0,    0,  22.427342,  20.001034,
  NODE, 7453,    0,    0,  32.522408,  12.261743,
  NODE, 7454,    0,    0,   7.475865,  47.727749,
  NODE, 7455,    0,    0,   8.734588,  27.029152,
  NODE, 7456,    0,    0,   8.812151,  26.576345,
  NODE, 7457,    0,    0,  16.364496,  20.606598,
  NODE, 7458,    0,    0,  16.608494,  20.943693,
  NODE, 7459,    0,    0,  15.471352,  20.181898,
  NODE, 7460,    0,    0,  14.941111,  20.278585,
  NODE, 7461,    0,    0,  27.936144,   9.504101,
  NODE, 7462,    0,    0,  12.119988,  49.942871,
  NODE, 7463,    0,    0,  12.099289,  50.470924,
  NODE, 7464,    0,    0,  21.890492,  52.966404,
  NODE, 7465,    0,    0,  17.575516,  51.975906,
  NODE, 7466,    0,    0,  17.574616,  51.486397,
  NODE, 7467,    0,    0,  23.691235,  49.477585,
  NODE, 7468,    0,    0,  31.662401,  15.753260,
  NODE, 7469,    0,    0,  31.448071,  16.300638,
  NODE, 7470,    0,    0,  31.824089,  14.990992,
  NODE, 7471,    0,    0,  32.180687,  14.458237,
  NODE, 7472,    0,    0,   8.927281,  44.667210,
  NODE, 7473,    0,    0,   8.525745,  44.928787,
  NODE, 7474,    0,    0,   8.086966,  44.924686,
  NODE, 7475,    0,    0,   7.804488,  45.436005,
  NODE, 7476,    0,    0,  27.446240,  50.071343,
  NODE, 7477,    0,    0,  27.909893,  49.821190,
  NODE, 7478,    0,    0,  27.918242,  49.307983,
  NODE, 7479,    0,    0,  29.849899,  39.924213,
  NODE, 7480,    0,    0,  30.124218,  39.436955,
  NODE, 7481,    0,    0,  16.838097,  52.657021,
  NODE, 7482,    0,    0,  16.648850,  53.124603,
  NODE, 7483,    0,    0,  25.813332,  15.830631,
  NODE, 7484,    0,    0,  26.681110,  12.362321,
  NODE, 7485,    0,    0,  26.928623,  12.865063,
  NODE, 7486,    0,    0,  27.186253,  13.361268,
  NODE, 7487,    0,    0,  31.498539,  44.331844,
  NODE, 7488,    0,    0,  28.972403,  42.141419,
  NODE, 7489,    0,    0,  29.100935,  41.690651,
  NODE, 7490,    0,    0,  29.352516,  41.894676,
  NODE, 7491,    0,    0,   8.956052,  49.422798,
  NODE, 7492,    0,    0,   8.483814,  49.161713,
  NODE, 7493,    0,    0,  31.038555,  10.579164,
  NODE, 7494,    0,    0,  31.514256,  10.838990,
  NODE, 7495,    0,    0,  31.490337,  35.832779,
  NODE, 7496,    0,    0,  31.788439,  35.405708,
  NODE, 7497,    0,    0,  29.033365,  34.038673,
  NODE, 7498,    0,    0,  29.394539,  33.880341,
  NODE, 7499,    0,    0,  29.508591,  34.181213,
  NODE, 7500,    0,    0,  13.948319,  25.174767,
  NODE, 7501,    0,    0,  12.853914,  26.227108,
  NODE, 7502,    0,    0,  19.029320,  51.224197,
  NODE, 7503,    0,    0,  20.340427,  50.456162,
  NODE, 7504,    0,    0,  20.908835,  50.199188,
  NODE, 7505,    0,    0,  31.877501,  36.789158,
  NODE, 7506,    0,    0,  31.530579,  37.170345,
  NODE, 7507,    0,    0,  32.215355,  36.367691,
  NODE, 7508,    0,    0,   8.133865,  48.813152,
  NODE, 7509,    0,    0,   8.044151,  48.384132,
  NODE, 7510,    0,    0,   8.102020,  49.379005,
  NODE, 7511,    0,    0,  31.613730,  48.644653,
  NODE, 7512,    0,    0,  31.853390,  48.094315,
  NODE, 7513,    0,    0,  31.865162,  11.187618,
  NODE, 7514,    0,    0,  31.954504,  11.614647,
  NODE, 7515,    0,    0,  31.897091,  10.620247,
  NODE, 7516,    0,    0,  30.400587,  38.958130,
  NODE, 7517,    0,    0,  29.877762,  38.947708,
  NODE, 7518,    0,    0,  18.447914,  21.392422,
  NODE, 7519,    0,    0,  18.923576,  21.135380,
  NODE, 7520,    0,    0,  16.668734,  21.467438,
  NODE, 7521,    0,    0,  16.987763,  21.125570,
  NODE, 7522,    0,    0,  13.118477,  49.419251,
  NODE, 7523,    0,    0,  31.382256,  29.538179,
  NODE, 7524,    0,    0,  30.900559,  30.550911,
  NODE, 7525,    0,    0,  31.177540,  31.018566,
  NODE, 7526,    0,    0,  10.293480,  30.448540,
  NODE, 7527,    0,    0,   9.724447,  30.465221,
  NODE, 7528,    0,    0,   8.664779,  30.501684,
  NODE, 7529,    0,    0,  30.380047,  30.567625,
  NODE, 7530,    0,    0,  29.843571,  30.575150,
  NODE, 7531,    0,    0,  21.671997,  49.952911,
  NODE, 7532,    0,    0,  21.664078,  49.437157,
  NODE, 7533,    0,    0,  16.025341,  20.148510,
  NODE, 7534,    0,    0,  24.766333,  19.219811,
  NODE, 7535,    0,    0,  25.305683,  19.139278,
  NODE, 7536,    0,    0,  25.126495,  19.708939,
  NODE, 7537,    0,    0,  23.217053,  19.735815,
  NODE, 7538,    0,    0,  23.289261,  19.302338,
  NODE, 7539,    0,    0,  23.752159,  19.505589,
  NODE, 7540,    0,    0,   7.989631,  47.802879,
  NODE, 7541,    0,    0,  32.008049,  12.190926,
  NODE, 7542,    0,    0,  16.386433,  53.496182,
  NODE, 7543,    0,    0,  16.112450,  53.002342,
  NODE, 7544,    0,    0,  17.176733,  52.208271,
  NODE, 7545,    0,    0,  17.182592,  51.259430,
  NODE, 7546,    0,    0,  16.723188,  51.280026,
  NODE, 7547,    0,    0,  18.537508,  50.493080,
  NODE, 7548,    0,    0,  18.556850,  50.982231,
  NODE, 7549,    0,    0,  18.077751,  50.750374,
  NODE, 7550,    0,    0,  10.068602,  49.867813,
  NODE, 7551,    0,    0,  29.917425,  10.121414,
  NODE, 7552,    0,    0,  21.851242,  48.402885,
  NODE, 7553,    0,    0,  22.242607,  48.664524,
  NODE, 7554,    0,    0,  21.851172,  48.921509,
  NODE, 7555,    0,    0,  22.729605,  48.933731,
  NODE, 7556,    0,    0,  25.365459,  17.152908,
  NODE, 7557,    0,    0,  24.838451,  18.139767,
  NODE, 7558,    0,    0,  13.124790,  48.893654,
  NODE, 7559,    0,    0,  13.995826,  48.862236,
  NODE, 7560,    0,    0,  13.586176,  48.626083,
  NODE, 7561,    0,    0,  13.973206,  48.339546,
  NODE, 7562,    0,    0,  31.909256,  13.972573,
  NODE, 7563,    0,    0,  31.741196,  13.532505,
  NODE, 7564,    0,    0,   8.091273,  45.921204,
  NODE, 7565,    0,    0,   8.247286,  46.423111,
  NODE, 7566,    0,    0,  18.443693,  21.906361,
  NODE, 7567,    0,    0,  18.443161,  22.425060,
  NODE, 7568,    0,    0,  12.065896,  28.712753,
  NODE, 7569,    0,    0,  12.071701,  29.227358,
  NODE, 7570,    0,    0,  17.507488,  21.392674,
  NODE, 7571,    0,    0,  16.227320,  21.666069,
  NODE, 7572,    0,    0,  16.606588,  21.847946,
  NODE, 7573,    0,    0,  30.662678,  44.617935,
  NODE, 7574,    0,    0,  31.323757,  44.856079,
  NODE, 7575,    0,    0,  30.934401,  45.219299,
  NODE, 7576,    0,    0,  30.194370,  44.510071,
  NODE, 7577,    0,    0,  29.790802,  41.897118,
  NODE, 7578,    0,    0,  30.056353,  41.422478,
  NODE, 7579,    0,    0,  31.036503,  37.134300,
  NODE, 7580,    0,    0,  30.523930,  37.072662,
  NODE, 7581,    0,    0,  30.840557,  36.653542,
  NODE, 7582,    0,    0,  30.639912,  36.192612,
  NODE, 7583,    0,    0,  31.152485,  36.254250,
  NODE, 7584,    0,    0,  14.231760,  24.715603,
  NODE, 7585,    0,    0,  14.523096,  25.231558,
  NODE, 7586,    0,    0,  12.701521,  24.488468,
  NODE, 7587,    0,    0,  15.865677,  53.844322,
  NODE, 7588,    0,    0,   9.822930,  48.315697,
  NODE, 7589,    0,    0,  10.009554,  47.818909,
  NODE, 7590,    0,    0,  10.392246,  48.079430,
  NODE, 7591,    0,    0,  30.166878,  11.704657,
  NODE, 7592,    0,    0,  30.036833,  12.207548,
  NODE, 7593,    0,    0,  29.638866,  11.952601,
  NODE, 7594,    0,    0,  29.789726,  40.932900,
  NODE, 7595,    0,    0,  29.566494,  40.409069,
  NODE, 7596,    0,    0,  30.270613,  49.107788,
  NODE, 7597,    0,    0,  29.983757,  49.578095,
  NODE, 7598,    0,    0,  29.725479,  49.133602,
  NODE, 7599,    0,    0,  31.305779,  48.094303,
  NODE, 7600,    0,    0,  14.949623,  51.265816,
  NODE, 7601,    0,    0,  14.475151,  51.236294,
  NODE, 7602,    0,    0,  30.053970,  33.015556,
  NODE, 7603,    0,    0,  29.815807,  32.509605,
  NODE, 7604,    0,    0,  29.574822,  32.024445,
  NODE, 7605,    0,    0,  29.271790,  32.492363,
  NODE, 7606,    0,    0,  26.029171,  49.872414,
  NODE, 7607,    0,    0,  25.626564,  49.572533,
  NODE, 7608,    0,    0,  26.311169,  50.289982,
  NODE, 7609,    0,    0,  20.937765,  51.210480,
  NODE, 7610,    0,    0,  20.356340,  50.960564,
  NODE, 7611,    0,    0,  21.293676,  50.201645,
  NODE, 7612,    0,    0,  22.931789,  20.057892,
  NODE, 7613,    0,    0,  22.604973,  20.526363,
  NODE, 7614,    0,    0,   9.661966,  28.592590,
  NODE, 7615,    0,    0,  27.275742,  11.421164,
  NODE, 7616,    0,    0,  26.982819,  11.886180,
  NODE, 7617,    0,    0,  30.549357,  28.109947,
  NODE, 7618,    0,    0,   9.485188,  31.928034,
  NODE, 7619,    0,    0,   9.200560,  30.479439,
  NODE, 7620,    0,    0,  10.007776,  29.030502,
  NODE, 7621,    0,    0,  10.268451,  29.482689,
  NODE, 7622,    0,    0,  30.003838,  37.021530,
  NODE, 7623,    0,    0,  31.213951,  37.589470,
  NODE, 7624,    0,    0,  16.440922,  51.731712,
  NODE, 7625,    0,    0,  16.713501,  52.182015,
  NODE, 7626,    0,    0,  18.995977,  50.219330,
  NODE, 7627,    0,    0,  19.462074,  49.959412,
  NODE, 7628,    0,    0,  28.091770,  48.843739,
  NODE, 7629,    0,    0,  27.573658,  49.039734,
  NODE, 7630,    0,    0,  28.112400,  48.377472,
  NODE, 7631,    0,    0,  25.269592,  16.095203,
  NODE, 7632,    0,    0,  25.004555,  15.555660,
  NODE, 7633,    0,    0,  28.556530,  13.830164,
  NODE, 7634,    0,    0,  28.017708,  13.829552,
  NODE, 7635,    0,    0,  27.440214,  13.907335,
  NODE, 7636,    0,    0,  23.692787,  48.959740,
  NODE, 7637,    0,    0,  23.215118,  49.202164,
  NODE, 7638,    0,    0,  24.645145,  49.005405,
  NODE, 7639,    0,    0,  24.181820,  48.718124,
  NODE, 7640,    0,    0,  17.962753,  21.649971,
  NODE, 7641,    0,    0,  16.558720,  22.346363,
  NODE, 7642,    0,    0,  26.667410,  16.375214,
  NODE, 7643,    0,    0,  26.652855,  16.810553,
  NODE, 7644,    0,    0,  10.214380,  28.548290,
  NODE, 7645,    0,    0,  16.412106,  22.791962,
  NODE, 7646,    0,    0,  15.826431,  21.767056,
  NODE, 7647,    0,    0,  23.705704,  48.442707,
  NODE, 7648,    0,    0,  23.714203,  47.918015,
  NODE, 7649,    0,    0,  13.549811,  47.597748,
  NODE, 7650,    0,    0,  13.079258,  47.353622,
  NODE, 7651,    0,    0,  20.351070,  22.408272,
  NODE, 7652,    0,    0,  20.356476,  22.930527,
  NODE, 7653,    0,    0,  13.532277,  27.070080,
  NODE, 7654,    0,    0,  13.133522,  26.676491,
  NODE, 7655,    0,    0,  12.513442,  28.440243,
  NODE, 7656,    0,    0,  31.770260,  44.933209,
  NODE, 7657,    0,    0,  32.745327,  43.640205,
  NODE, 7658,    0,    0,  14.500179,  19.827520,
  NODE, 7659,    0,    0,  14.772903,  25.692169,
  NODE, 7660,    0,    0,  14.529888,  26.199150,
  NODE, 7661,    0,    0,  14.266815,  26.664894,
  NODE, 7662,    0,    0,  22.321434,  20.840015,
  NODE, 7663,    0,    0,  22.825884,  20.896875,
  NODE, 7664,    0,    0,  21.513742,  20.512564,
  NODE, 7665,    0,    0,  25.113667,  49.285393,
  NODE, 7666,    0,    0,  26.389095,  48.403336,
  NODE, 7667,    0,    0,  26.127865,  47.863350,
  NODE, 7668,    0,    0,  25.429874,  50.990883,
  NODE, 7669,    0,    0,  29.573631,  30.082317,
  NODE, 7670,    0,    0,  29.318388,  30.577505,
  NODE, 7671,    0,    0,  30.778267,  27.699915,
  NODE, 7672,    0,    0,  30.275169,  27.734306,
  NODE, 7673,    0,    0,  31.247131,  27.489548,
  NODE, 7674,    0,    0,  10.709593,  29.473740,
  NODE, 7675,    0,    0,  11.219186,  29.714556,
  NODE, 7676,    0,    0,   9.239561,  32.327030,
  NODE, 7677,    0,    0,   9.755877,  32.308258,
  NODE, 7678,    0,    0,   8.764843,  32.525299,
  NODE, 7679,    0,    0,  29.625389,  38.448761,
  NODE, 7680,    0,    0,  29.349018,  38.927589,
  NODE, 7681,    0,    0,  15.610891,  50.424454,
  NODE, 7682,    0,    0,  15.362752,  49.853867,
  NODE, 7683,    0,    0,  16.151484,  50.443245,
  NODE, 7684,    0,    0,  19.445046,  49.447884,
  NODE, 7685,    0,    0,  21.116894,  50.709671,
  NODE, 7686,    0,    0,  28.614237,  11.100462,
  NODE, 7687,    0,    0,  28.878925,  10.584368,
  NODE, 7688,    0,    0,  29.126423,  10.976923,
  NODE, 7689,    0,    0,  27.516876,  11.922812,
  NODE, 7690,    0,    0,  29.268444,  13.424557,
  NODE, 7691,    0,    0,  29.162842,  12.918478,
  NODE, 7692,    0,    0,  29.614426,  12.961571,
  NODE, 7693,    0,    0,  18.411400,  22.958395,
  NODE, 7694,    0,    0,  31.247126,  50.039101,
  NODE, 7695,    0,    0,  29.296913,  49.132832,
  NODE, 7696,    0,    0,  29.583771,  48.662529,
  NODE, 7697,    0,    0,  28.547047,  14.624929,
  NODE, 7698,    0,    0,  28.801416,  14.278168,
  NODE, 7699,    0,    0,  29.052265,  14.624235,
  NODE, 7700,    0,    0,  27.718704,  14.356647,
  NODE, 7701,    0,    0,  27.128178,  48.982842,
  NODE, 7702,    0,    0,  26.501701,  48.905815,
  NODE, 7703,    0,    0,  29.294233,  47.192982,
  NODE, 7704,    0,    0,  29.691269,  33.500198,
  NODE, 7705,    0,    0,  30.232464,  33.538239,
  NODE, 7706,    0,    0,  29.711649,  48.207413,
  NODE, 7707,    0,    0,  25.552239,  48.045029,
  NODE, 7708,    0,    0,  30.386093,  47.031166,
  NODE, 7709,    0,    0,  29.648174,  44.250645,
  NODE, 7710,    0,    0,  29.727125,  44.721726,
  NODE, 7711,    0,    0,  29.782284,  43.652313,
  NODE, 7712,    0,    0,  31.054707,  12.794409,
  NODE, 7713,    0,    0,  31.433958,  13.051481,
  NODE, 7714,    0,    0,  30.149920,  11.168209,
  NODE, 7715,    0,    0,   8.941887,  47.202526,
  NODE, 7716,    0,    0,   8.557665,  46.924240,
  NODE, 7717,    0,    0,   9.832878,  48.847122,
  NODE, 7718,    0,    0,  17.510883,  50.064186,
  NODE, 7719,    0,    0,  17.478272,  49.555351,
  NODE, 7720,    0,    0,  10.023592,  49.320858,
  NODE, 7721,    0,    0,   9.505142,  49.664982,
  NODE, 7722,    0,    0,  29.961020,  10.673769,
  NODE, 7723,    0,    0,  30.487331,  10.334354,
  NODE, 7724,    0,    0,  29.309565,  31.538769,
  NODE, 7725,    0,    0,  11.993567,  29.746538,
  NODE, 7726,    0,    0,  11.213720,  30.208283,
  NODE, 7727,    0,    0,  10.734623,  30.439591,
  NODE, 7728,    0,    0,  10.617351,  46.560875,
  NODE, 7729,    0,    0,  10.779417,  47.090630,
  NODE, 7730,    0,    0,  10.416803,  47.052891,
  NODE, 7731,    0,    0,  30.120014,  13.248774,
  NODE, 7732,    0,    0,  30.083931,  13.830785,
  NODE, 7733,    0,    0,  28.252152,  39.913620,
  NODE, 7734,    0,    0,  28.775814,  39.910446,
  NODE, 7735,    0,    0,  29.317986,  39.911388,
  NODE, 7736,    0,    0,  16.285898,  23.384068,
  NODE, 7737,    0,    0,  16.826059,  23.238255,
  NODE, 7738,    0,    0,  14.914045,  23.919853,
  NODE, 7739,    0,    0,  15.039398,  23.425396,
  NODE, 7740,    0,    0,  30.820475,  46.370026,
  NODE, 7741,    0,    0,  30.972374,  45.815041,
  NODE, 7742,    0,    0,  31.443581,  46.012425,
  NODE, 7743,    0,    0,  29.804544,  45.263855,
  NODE, 7744,    0,    0,  15.812054,  25.729778,
  NODE, 7745,    0,    0,  16.116573,  25.292248,
  NODE, 7746,    0,    0,  15.063137,  26.200596,
  NODE, 7747,    0,    0,  28.030216,  45.400837,
  NODE, 7748,    0,    0,  27.798966,  45.060139,
  NODE, 7749,    0,    0,  29.315039,  43.863968,
  NODE, 7750,    0,    0,  28.133236,  14.728869,
  NODE, 7751,    0,    0,  27.114204,  16.123623,
  NODE, 7752,    0,    0,  13.748566,  27.446888,
  NODE, 7753,    0,    0,  13.929798,  26.999020,
  NODE, 7754,    0,    0,  12.830566,  28.111307,
  NODE, 7755,    0,    0,  27.482674,  17.159786,
  NODE, 7756,    0,    0,  28.069233,  17.174999,
  NODE, 7757,    0,    0,  25.182995,  17.662472,
  NODE, 7758,    0,    0,  17.516783,  48.475502,
  NODE, 7759,    0,    0,  17.987911,  48.722321,
  NODE, 7760,    0,    0,  17.522057,  48.996735,
  NODE, 7761,    0,    0,  18.468411,  48.965820,
  NODE, 7762,    0,    0,  21.272713,  49.175514,
  NODE, 7763,    0,    0,  22.241829,  47.625889,
  NODE, 7764,    0,    0,  21.650757,  47.884941,
  NODE, 7765,    0,    0,  21.649912,  47.364929,
  NODE, 7766,    0,    0,  10.769019,  49.054501,
  NODE, 7767,    0,    0,  10.396338,  49.049950,
  NODE, 7768,    0,    0,  10.578305,  48.580765,
  NODE, 7769,    0,    0,  11.322516,  48.349934,
  NODE, 7770,    0,    0,  11.320168,  48.857384,
  NODE, 7771,    0,    0,  14.485475,  48.061195,
  NODE, 7772,    0,    0,  14.962570,  47.989159,
  NODE, 7773,    0,    0,  14.859950,  48.503662,
  NODE, 7774,    0,    0,  21.906355,  20.907625,
  NODE, 7775,    0,    0,  20.808987,  22.160240,
  NODE, 7776,    0,    0,  33.081818,  44.099937,
  NODE, 7777,    0,    0,  14.483105,  27.041702,
  NODE, 7778,    0,    0,  29.543881,  28.157948,
  NODE, 7779,    0,    0,  29.787602,  27.624561,
  NODE, 7780,    0,    0,  30.016514,  27.214531,
  NODE, 7781,    0,    0,  10.502339,  31.948444,
  NODE, 7782,    0,    0,  10.806712,  31.452766,
  NODE, 7783,    0,    0,  10.236748,  32.433788,
  NODE, 7784,    0,    0,   9.991121,  32.832787,
  NODE, 7785,    0,    0,  17.685726,  50.523407,
  NODE, 7786,    0,    0,  29.750002,  50.524330,
  NODE, 7787,    0,    0,  29.283085,  48.206642,
  NODE, 7788,    0,    0,  28.384083,  15.074936,
  NODE, 7789,    0,    0,  27.457958,  15.780928,
  NODE, 7790,    0,    0,  28.916918,  12.440931,
  NODE, 7791,    0,    0,  29.061749,  13.829468,
  NODE, 7792,    0,    0,  27.667145,  48.094811,
  NODE, 7793,    0,    0,  28.032356,  47.896797,
  NODE, 7794,    0,    0,  23.736383,  47.376518,
  NODE, 7795,    0,    0,  30.546152,  46.588348,
  NODE, 7796,    0,    0,  30.189209,  46.615463,
  NODE, 7797,    0,    0,  30.014408,  12.742695,
  NODE, 7798,    0,    0,  30.542419,  12.494751,
  NODE, 7799,    0,    0,  10.028013,  47.277168,
  NODE, 7800,    0,    0,   9.458696,  47.513435,
  NODE, 7801,    0,    0,  17.705071,  51.012558,
  NODE, 7802,    0,    0,  10.764929,  48.083977,
  NODE, 7803,    0,    0,  11.136457,  47.848602,
  NODE, 7804,    0,    0,  29.315323,  11.471363,
  NODE, 7805,    0,    0,  29.185278,  11.974255,
  NODE, 7806,    0,    0,  29.580013,  10.955269,
  NODE, 7807,    0,    0,  27.363966,  32.009850,
  NODE, 7808,    0,    0,  27.721779,  32.478661,
  NODE, 7809,    0,    0,  27.131416,  32.496819,
  NODE, 7810,    0,    0,  31.492428,  15.423561,
  NODE, 7811,    0,    0,  29.877235,  14.235697,
  NODE, 7812,    0,    0,  29.513332,  13.872561,
  NODE, 7813,    0,    0,   8.216022,  44.442169,
  NODE, 7814,    0,    0,  10.480297,  46.090332,
  NODE, 7815,    0,    0,  10.842911,  46.128071,
  NODE, 7816,    0,    0,  28.912905,  43.001225,
  NODE, 7817,    0,    0,  28.976666,  43.489414,
  NODE, 7818,    0,    0,  28.440422,  43.225002,
  NODE, 7819,    0,    0,  26.754046,  40.243683,
  NODE, 7820,    0,    0,  26.926941,  39.712830,
  NODE, 7821,    0,    0,  27.165440,  40.009308,
  NODE, 7822,    0,    0,  22.127266,  21.278137,
  NODE, 7823,    0,    0,  21.159714,  21.905148,
  NODE, 7824,    0,    0,  18.915417,  23.223772,
  NODE, 7825,    0,    0,  17.297466,  24.085682,
  NODE, 7826,    0,    0,  17.297432,  23.530470,
  NODE, 7827,    0,    0,  27.729128,  37.886757,
  NODE, 7828,    0,    0,  28.029537,  37.375637,
  NODE, 7829,    0,    0,  29.059219,  39.425591,
  NODE, 7830,    0,    0,  27.738236,  29.585785,
  NODE, 7831,    0,    0,  28.007422,  29.109848,
  NODE, 7832,    0,    0,  29.049248,  31.057982,
  NODE, 7833,    0,    0,  15.635998,  23.409487,
  NODE, 7834,    0,    0,  14.617289,  24.365452,
  NODE, 7835,    0,    0,  29.656826,  36.020790,
  NODE, 7836,    0,    0,  30.202309,  36.165554,
  NODE, 7837,    0,    0,  29.782503,  36.447144,
  NODE, 7838,    0,    0,  29.388168,  37.939899,
  NODE, 7839,    0,    0,  28.806847,  38.926643,
  NODE, 7840,    0,    0,  29.733555,  35.401352,
  NODE, 7841,    0,    0,  18.959492,  49.200905,
  NODE, 7842,    0,    0,  20.289898,  48.407429,
  NODE, 7843,    0,    0,  20.870987,  48.142983,
  NODE, 7844,    0,    0,  20.395260,  23.465387,
  NODE, 7845,    0,    0,  20.862385,  23.187824,
  NODE, 7846,    0,    0,  19.893803,  23.754993,
  NODE, 7847,    0,    0,  29.303923,  29.602585,
  NODE, 7848,    0,    0,  28.779310,  30.565151,
  NODE, 7849,    0,    0,  13.087349,  29.020870,
  NODE, 7850,    0,    0,  12.881149,  28.657948,
  NODE, 7851,    0,    0,  13.404473,  28.691935,
  NODE, 7852,    0,    0,  11.995438,  31.195053,
  NODE, 7853,    0,    0,  28.315346,  36.873768,
  NODE, 7854,    0,    0,  29.313749,  35.682938,
  NODE, 7855,    0,    0,  29.984076,  26.754883,
  NODE, 7856,    0,    0,  10.017254,  33.286987,
  NODE, 7857,    0,    0,  28.535908,  28.168846,
  NODE, 7858,    0,    0,  28.279133,  28.642244,
  NODE, 7859,    0,    0,  29.285225,  27.638170,
  NODE, 7860,    0,    0,  11.751415,  31.689331,
  NODE, 7861,    0,    0,  12.221611,  31.579603,
  NODE, 7862,    0,    0,  10.737583,  32.472973,
  NODE, 7863,    0,    0,  16.846642,  24.412506,
  NODE, 7864,    0,    0,  16.454310,  24.906605,
  NODE, 7865,    0,    0,  15.103294,  24.326796,
  NODE, 7866,    0,    0,  16.655693,  25.380295,
  NODE, 7867,    0,    0,  28.800324,  42.541130,
  NODE, 7868,    0,    0,  28.842556,  44.087746,
  NODE, 7869,    0,    0,  25.899036,  18.170267,
  NODE, 7870,    0,    0,  26.431675,  18.173214,
  NODE, 7871,    0,    0,  25.290066,  18.172852,
  NODE, 7872,    0,    0,  14.422154,  28.017059,
  NODE, 7873,    0,    0,  14.064409,  27.783394,
  NODE, 7874,    0,    0,  14.503832,  27.609493,
  NODE, 7875,    0,    0,  19.410358,  47.901657,
  NODE, 7876,    0,    0,  20.884377,  49.176575,
  NODE, 7877,    0,    0,  20.298941,  48.922020,
  NODE, 7878,    0,    0,  21.259323,  48.141922,
  NODE, 7879,    0,    0,  15.438721,  49.410385,
  NODE, 7880,    0,    0,  12.400818,  24.104569,
  NODE, 7881,    0,    0,  29.523216,  14.802525,
  NODE, 7882,    0,    0,  29.210390,  15.552183,
  NODE, 7883,    0,    0,  28.739439,  15.373894,
  NODE, 7884,    0,    0,  29.268845,  15.149287,
  NODE, 7885,    0,    0,  29.603329,  46.846359,
  NODE, 7886,    0,    0,  29.763386,  46.403538,
  NODE, 7887,    0,    0,  28.900295,  34.798752,
  NODE, 7888,    0,    0,  28.960354,  35.290108,
  NODE, 7889,    0,    0,  28.470173,  35.025360,
  NODE, 7890,    0,    0,  28.055389,  35.418518,
  NODE, 7891,    0,    0,  27.995331,  34.927162,
  NODE, 7892,    0,    0,  30.933235,  16.121937,
  NODE, 7893,    0,    0,  30.763264,  15.792240,
  NODE, 7894,    0,    0,  31.121273,  15.619015,
  NODE, 7895,    0,    0,  30.157513,  15.811370,
  NODE, 7896,    0,    0,   9.736752,  44.418892,
  NODE, 7897,    0,    0,   9.309877,  44.466377,
  NODE, 7898,    0,    0,  10.303441,  44.256966,
  NODE, 7899,    0,    0,  10.490890,  44.731491,
  NODE, 7900,    0,    0,  29.662270,  42.347885,
  NODE, 7901,    0,    0,  22.980980,  21.424645,
  NODE, 7902,    0,    0,  22.893572,  21.827065,
  NODE, 7903,    0,    0,  22.454937,  21.612949,
  NODE, 7904,    0,    0,  28.011883,  41.285538,
  NODE, 7905,    0,    0,  27.768707,  40.865833,
  NODE, 7906,    0,    0,  27.662796,  39.940521,
  NODE, 7907,    0,    0,  27.993370,  32.928455,
  NODE, 7908,    0,    0,  27.690426,  31.508423,
  NODE, 7909,    0,    0,  29.842518,  45.859596,
  NODE, 7910,    0,    0,  30.311295,  45.576897,
  NODE, 7911,    0,    0,  31.690983,  36.293709,
  NODE, 7912,    0,    0,  18.906166,  24.296539,
  NODE, 7913,    0,    0,  18.402187,  24.586374,
  NODE, 7914,    0,    0,  19.396198,  23.484713,
  NODE, 7915,    0,    0,  10.417852,  29.970226,
  NODE, 7916,    0,    0,  11.573912,  29.961559,
  NODE, 7917,    0,    0,  13.820437,  29.568840,
  NODE, 7918,    0,    0,  13.381706,  29.388035,
  NODE, 7919,    0,    0,  12.772957,  30.223515,
  NODE, 7920,    0,    0,  25.758133,  47.563416,
  NODE, 7921,    0,    0,  27.301704,  48.518597,
  NODE, 7922,    0,    0,  29.786823,  49.957871,
  NODE, 7923,    0,    0,  33.324738,  45.609936,
  NODE, 7924,    0,    0,  11.131804,  47.344173,
  NODE, 7925,    0,    0,  28.502571,  16.238264,
  NODE, 7926,    0,    0,  27.753960,  36.863239,
  NODE, 7927,    0,    0,  27.758602,  28.633736,
  NODE, 7928,    0,    0,  21.727160,  22.585510,
  NODE, 7929,    0,    0,  22.148396,  22.521807,
  NODE, 7930,    0,    0,  21.174328,  22.397873,
  NODE, 7931,    0,    0,  23.735260,  46.839340,
  NODE, 7932,    0,    0,  24.798264,  46.262135,
  NODE, 7933,    0,    0,  24.774265,  46.879768,
  NODE, 7934,    0,    0,  24.263100,  46.500473,
  NODE, 7935,    0,    0,  13.796701,  28.622908,
  NODE, 7936,    0,    0,  28.932562,  45.734924,
  NODE, 7937,    0,    0,  29.256636,  46.090492,
  NODE, 7938,    0,    0,  28.853430,  46.278862,
  NODE, 7939,    0,    0,  26.801365,  44.351502,
  NODE, 7940,    0,    0,  26.939903,  43.857040,
  NODE, 7941,    0,    0,  27.321274,  44.092186,
  NODE, 7942,    0,    0,  21.376434,  22.840603,
  NODE, 7943,    0,    0,  19.881025,  24.831909,
  NODE, 7944,    0,    0,  20.404823,  25.147369,
  NODE, 7945,    0,    0,  26.925461,  17.185379,
  NODE, 7946,    0,    0,  26.987763,  18.158924,
  NODE, 7947,    0,    0,  26.719553,  18.630688,
  NODE, 7948,    0,    0,  14.359401,  28.604599,
  NODE, 7949,    0,    0,  14.173372,  29.036547,
  NODE, 7950,    0,    0,  28.694809,  17.166283,
  NODE, 7951,    0,    0,  28.869618,  16.597778,
  NODE, 7952,    0,    0,  29.048031,  16.136305,
  NODE, 7953,    0,    0,  22.722405,  22.372391,
  NODE, 7954,    0,    0,  22.503273,  22.878826,
  NODE, 7955,    0,    0,  16.211880,  27.615898,
  NODE, 7956,    0,    0,  16.252094,  27.058605,
  NODE, 7957,    0,    0,  16.699633,  27.327414,
  NODE, 7958,    0,    0,  14.798823,  28.430698,
  NODE, 7959,    0,    0,  24.357550,  22.114056,
  NODE, 7960,    0,    0,  23.760960,  22.102215,
  NODE, 7961,    0,    0,  23.248447,  22.184086,
  NODE, 7962,    0,    0,  29.577435,  15.911699,
  NODE, 7963,    0,    0,  27.634546,  46.655773,
  NODE, 7964,    0,    0,  27.355907,  46.136253,
  NODE, 7965,    0,    0,  27.813202,  46.114986,
  NODE, 7966,    0,    0,  11.340894,  46.354790,
  NODE, 7967,    0,    0,  11.693280,  46.608330,
  NODE, 7968,    0,    0,  11.332352,  46.852158,
  NODE, 7969,    0,    0,  12.146312,  46.852505,
  NODE, 7970,    0,    0,  12.751293,  31.612833,
  NODE, 7971,    0,    0,  13.329613,  31.657757,
  NODE, 7972,    0,    0,  11.264208,  31.646206,
  NODE, 7973,    0,    0,  27.761589,  44.061272,
  NODE, 7974,    0,    0,  27.981997,  43.655460,
  NODE, 7975,    0,    0,  28.283773,  44.119003,
  NODE, 7976,    0,    0,  27.016403,  19.102734,
  NODE, 7977,    0,    0,  25.554493,  18.647564,
  NODE, 7978,    0,    0,  17.007145,  49.308533,
  NODE, 7979,    0,    0,  17.502789,  47.965199,
  NODE, 7980,    0,    0,  17.494465,  47.440559,
  NODE, 7981,    0,    0,  29.336567,  42.805542,
  NODE, 7982,    0,    0,  19.403774,  24.566818,
  NODE, 7983,    0,    0,  19.400650,  24.031616,
  NODE, 7984,    0,    0,  27.440235,  38.389641,
  NODE, 7985,    0,    0,  27.455965,  30.059671,
  NODE, 7986,    0,    0,  10.017639,  33.863426,
  NODE, 7987,    0,    0,  10.472378,  33.534756,
  NODE, 7988,    0,    0,   9.569994,  34.132507,
  NODE, 7989,    0,    0,  10.025118,  34.380276,
  NODE, 7990,    0,    0,  29.975613,  26.157864,
  NODE, 7991,    0,    0,  29.520483,  26.507767,
  NODE, 7992,    0,    0,  30.429436,  25.880611,
  NODE, 7993,    0,    0,  29.965843,  25.633495,
  NODE, 7994,    0,    0,  25.821594,  47.011581,
  NODE, 7995,    0,    0,  25.245968,  47.193260,
  NODE, 7996,    0,    0,  25.841312,  46.397720,
  NODE, 7997,    0,    0,  15.076912,  49.039822,
  NODE, 7998,    0,    0,  16.662746,  48.518745,
  NODE, 7999,    0,    0,  16.555798,  48.961334,
  NODE, 8000,    0,    0,  13.826237,  30.628998,
  NODE, 8001,    0,    0,  16.758349,  25.829594,
  NODE, 8002,    0,    0,  17.096085,  25.443951,
  NODE, 8003,    0,    0,  16.264767,  26.613495,
  NODE, 8004,    0,    0,  14.905094,  29.530617,
  NODE, 8005,    0,    0,  15.453476,  29.754147,
  NODE, 8006,    0,    0,  14.448011,  30.605766,
  NODE, 8007,    0,    0,  14.244047,  31.151943,
  NODE, 8008,    0,    0,  13.900272,  31.679916,
  NODE, 8009,    0,    0,  14.522046,  31.656687,
  NODE, 8010,    0,    0,  12.507271,  32.107113,
  NODE, 8011,    0,    0,  15.547917,  26.075241,
  NODE, 8012,    0,    0,  17.031342,  28.117622,
  NODE, 8013,    0,    0,  17.115337,  27.709015,
  NODE, 8014,    0,    0,  23.394688,  20.261145,
  NODE, 8015,    0,    0,  24.918961,  22.151943,
  NODE, 8016,    0,    0,  24.663715,  22.603560,
  NODE, 8017,    0,    0,  28.066177,  47.488403,
  NODE, 8018,    0,    0,  27.839470,  47.124321,
  NODE, 8019,    0,    0,  27.382177,  47.145588,
  NODE, 8020,    0,    0,  13.080696,  45.843567,
  NODE, 8021,    0,    0,  12.615167,  47.107224,
  NODE, 8022,    0,    0,  11.912922,  32.958839,
  NODE, 8023,    0,    0,  11.882072,  33.393593,
  NODE, 8024,    0,    0,  11.412531,  33.196159,
  NODE, 8025,    0,    0,  24.205757,  19.430790,
  NODE, 8026,    0,    0,  17.036934,  48.239613,
  NODE, 8027,    0,    0,  14.383136,  29.550530,
  NODE, 8028,    0,    0,  27.544975,  18.133329,
  NODE, 8029,    0,    0,  27.257097,  17.675858,
  NODE, 8030,    0,    0,  28.031960,  45.759380,
  NODE, 8031,    0,    0,  28.527615,  45.564751,
  NODE, 8032,    0,    0,  18.462057,  26.218695,
  NODE, 8033,    0,    0,  18.462196,  25.654558,
  NODE, 8034,    0,    0,  16.969296,  26.331684,
  NODE, 8035,    0,    0,  16.528902,  26.268030,
  NODE, 8036,    0,    0,  19.408672,  47.385838,
  NODE, 8037,    0,    0,  21.071470,  48.660927,
  NODE, 8038,    0,    0,  18.445850,  25.122887,
  NODE, 8039,    0,    0,  22.518627,  24.505726,
  NODE, 8040,    0,    0,  22.545862,  24.966572,
  NODE, 8041,    0,    0,  27.300232,  19.571510,
  NODE, 8042,    0,    0,  27.559471,  19.085171,
  NODE, 8043,    0,    0,  27.052193,  20.150631,
  NODE, 8044,    0,    0,  26.805738,  20.545376,
  NODE, 8045,    0,    0,  27.511501,  28.151005,
  NODE, 8046,    0,    0,  28.055546,  27.243847,
  NODE, 8047,    0,    0,  28.062540,  26.771202,
  NODE, 8048,    0,    0,  30.734983,  16.711178,
  NODE, 8049,    0,    0,  31.090061,  16.473864,
  NODE, 8050,    0,    0,  31.249817,  16.889877,
  NODE, 8051,    0,    0,  29.995152,  16.395493,
  NODE, 8052,    0,    0,  24.318611,  44.869675,
  NODE, 8053,    0,    0,  24.529610,  45.331940,
  NODE, 8054,    0,    0,  24.076099,  45.420574,
  NODE, 8055,    0,    0,  27.431089,  36.329952,
  NODE, 8056,    0,    0,  27.810158,  35.840843,
  NODE, 8057,    0,    0,  27.636890,  42.153282,
  NODE, 8058,    0,    0,  27.792585,  42.560295,
  NODE, 8059,    0,    0,  27.807713,  41.625931,
  NODE, 8060,    0,    0,  27.655516,  33.885559,
  NODE, 8061,    0,    0,  28.256077,  34.090290,
  NODE, 8062,    0,    0,  27.809551,  34.329273,
  NODE, 8063,    0,    0,  27.795635,  33.306099,
  NODE, 8064,    0,    0,  27.394770,  34.722431,
  NODE, 8065,    0,    0,  26.092451,  37.868748,
  NODE, 8066,    0,    0,  26.624481,  37.884537,
  NODE, 8067,    0,    0,  27.179260,  37.867992,
  NODE, 8068,    0,    0,  26.116915,  29.558399,
  NODE, 8069,    0,    0,  26.659290,  29.562424,
  NODE, 8070,    0,    0,  27.204619,  29.575226,
  NODE, 8071,    0,    0,  10.926836,  33.294617,
  NODE, 8072,    0,    0,  16.236076,  28.646530,
  NODE, 8073,    0,    0,  16.272865,  29.174141,
  NODE, 8074,    0,    0,   8.366751,  34.145088,
  NODE, 8075,    0,    0,  31.634192,  25.859320,
  NODE, 8076,    0,    0,  28.310597,  46.278900,
  NODE, 8077,    0,    0,  17.458748,  46.901222,
  NODE, 8078,    0,    0,  16.987225,  47.189972,
  NODE, 8079,    0,    0,  17.965664,  46.614067,
  NODE, 8080,    0,    0,  30.347406,  16.771490,
  NODE, 8081,    0,    0,  29.245981,  18.162651,
  NODE, 8082,    0,    0,  28.905712,  18.650383,
  NODE, 8083,    0,    0,  24.305794,  22.944714,
  NODE, 8084,    0,    0,  24.867203,  22.982601,
  NODE, 8085,    0,    0,  23.589792,  22.647541,
  NODE, 8086,    0,    0,  23.909887,  22.994175,
  NODE, 8087,    0,    0,  22.982510,  24.245586,
  NODE, 8088,    0,    0,  27.918236,  43.167271,
  NODE, 8089,    0,    0,  28.664715,  34.135902,
  NODE, 8090,    0,    0,  28.778767,  34.436775,
  NODE, 8091,    0,    0,  25.649414,  43.011536,
  NODE, 8092,    0,    0,  27.379334,  41.856426,
  NODE, 8093,    0,    0,  27.349110,  33.545082,
  NODE, 8094,    0,    0,  27.028076,  35.237873,
  NODE, 8095,    0,    0,  10.474089,  34.632416,
  NODE, 8096,    0,    0,  10.026444,  34.901497,
  NODE, 8097,    0,    0,  10.031286,  35.417641,
  NODE, 8098,    0,    0,  29.514069,  25.372170,
  NODE, 8099,    0,    0,  29.967890,  25.094917,
  NODE, 8100,    0,    0,  29.966244,  24.570316,
  NODE, 8101,    0,    0,  16.053820,  26.111404,
  NODE, 8102,    0,    0,  18.929550,  47.130150,
  NODE, 8103,    0,    0,  21.059547,  46.601471,
  NODE, 8104,    0,    0,  21.253002,  47.111202,
  NODE, 8105,    0,    0,  20.865387,  47.114243,
  NODE, 8106,    0,    0,  11.203840,  45.884247,
  NODE, 8107,    0,    0,  11.200119,  45.383190,
  NODE, 8108,    0,    0,  14.062080,  47.319397,
  NODE, 8109,    0,    0,  14.075825,  47.825043,
  NODE, 8110,    0,    0,  29.305378,  19.516489,
  NODE, 8111,    0,    0,  29.150230,  19.106079,
  NODE, 8112,    0,    0,  29.581648,  19.102886,
  NODE, 8113,    0,    0,  27.830284,  18.612343,
  NODE, 8114,    0,    0,  18.925636,  25.363415,
  NODE, 8115,    0,    0,  25.671312,  27.461319,
  NODE, 8116,    0,    0,  25.969198,  27.079470,
  NODE, 8117,    0,    0,  27.279306,  27.613298,
  NODE, 8118,    0,    0,  27.798119,  27.628428,
  NODE, 8119,    0,    0,  23.025131,  25.813015,
  NODE, 8120,    0,    0,  22.832962,  25.317465,
  NODE, 8121,    0,    0,  23.277901,  25.282858,
  NODE, 8122,    0,    0,  21.770252,  25.523005,
  NODE, 8123,    0,    0,  22.293095,  25.496729,
  NODE, 8124,    0,    0,  27.595261,  20.133068,
  NODE, 8125,    0,    0,  21.844074,  46.852150,
  NODE, 8126,    0,    0,  21.832291,  46.338024,
  NODE, 8127,    0,    0,  24.874588,  45.711647,
  NODE, 8128,    0,    0,  25.385754,  46.090935,
  NODE, 8129,    0,    0,  26.815008,  20.976883,
  NODE, 8130,    0,    0,  25.477591,  20.177242,
  NODE, 8131,    0,    0,  28.793335,  27.784266,
  NODE, 8132,    0,    0,  10.957686,  32.859860,
  NODE, 8133,    0,    0,  12.254974,  33.647194,
  NODE, 8134,    0,    0,  28.287741,  27.781555,
  NODE, 8135,    0,    0,  16.767117,  29.398457,
  NODE, 8136,    0,    0,  15.489890,  30.281460,
  NODE, 8137,    0,    0,  25.917637,  45.847233,
  NODE, 8138,    0,    0,  25.949009,  45.319660,
  NODE, 8139,    0,    0,  18.947182,  46.089836,
  NODE, 8140,    0,    0,  19.432070,  45.831718,
  NODE, 8141,    0,    0,  18.450518,  46.880829,
  NODE, 8142,    0,    0,  26.759186,  41.005734,
  NODE, 8143,    0,    0,  26.281986,  41.041817,
  NODE, 8144,    0,    0,  26.515345,  40.576248,
  NODE, 8145,    0,    0,  25.530993,  37.854172,
  NODE, 8146,    0,    0,  25.797136,  37.383617,
  NODE, 8147,    0,    0,  30.824562,  17.509390,
  NODE, 8148,    0,    0,  30.507162,  17.187504,
  NODE, 8149,    0,    0,  29.520681,  17.849270,
  NODE, 8150,    0,    0,  24.703594,  20.723545,
  NODE, 8151,    0,    0,  24.951065,  21.194256,
  NODE, 8152,    0,    0,  25.412457,  21.211857,
  NODE, 8153,    0,    0,  25.909187,  21.469608,
  NODE, 8154,    0,    0,  23.594170,  23.727711,
  NODE, 8155,    0,    0,  23.835922,  24.124924,
  NODE, 8156,    0,    0,  26.963411,  33.059338,
  NODE, 8157,    0,    0,  26.605598,  32.590530,
  NODE, 8158,    0,    0,  25.306089,  30.078953,
  NODE, 8159,    0,    0,  25.597935,  30.515913,
  NODE, 8160,    0,    0,  26.129168,  37.022232,
  NODE, 8161,    0,    0,  27.201481,  35.809425,
  NODE, 8162,    0,    0,  25.567709,  37.007660,
  NODE, 8163,    0,    0,  26.157045,  28.571470,
  NODE, 8164,    0,    0,  25.792774,  29.054627,
  NODE, 8165,    0,    0,  25.553589,  28.550362,
  NODE, 8166,    0,    0,  16.078684,  47.819038,
  NODE, 8167,    0,    0,  15.609924,  47.891060,
  NODE, 8168,    0,    0,  16.648754,  48.008446,
  NODE, 8169,    0,    0,  16.452873,  47.539902,
  NODE, 8170,    0,    0,  17.999180,  45.554230,
  NODE, 8171,    0,    0,  17.483563,  45.241005,
  NODE, 8172,    0,    0,  18.194202,  26.973553,
  NODE, 8173,    0,    0,  18.520752,  26.713688,
  NODE, 8174,    0,    0,  18.732824,  27.144939,
  NODE, 8175,    0,    0,  12.180026,  32.615082,
  NODE, 8176,    0,    0,  24.938240,  20.257772,
  NODE, 8177,    0,    0,  14.599815,  49.111862,
  NODE, 8178,    0,    0,  15.235449,  47.448593,
  NODE, 8179,    0,    0,  14.836268,  47.103287,
  NODE, 8180,    0,    0,  14.445631,  47.077316,
  NODE, 8181,    0,    0,  14.693804,  46.633915,
  NODE, 8182,    0,    0,  29.268948,  34.701523,
  NODE, 8183,    0,    0,  27.037993,  41.400192,
  NODE, 8184,    0,    0,  26.867168,  41.927544,
  NODE, 8185,    0,    0,  26.152819,  32.794212,
  NODE, 8186,    0,    0,  26.823292,  33.638794,
  NODE, 8187,    0,    0,  13.102027,  45.333656,
  NODE, 8188,    0,    0,  14.523603,  46.125980,
  NODE, 8189,    0,    0,   9.865946,  46.747414,
  NODE, 8190,    0,    0,  19.386543,  25.096832,
  NODE, 8191,    0,    0,  19.000679,  26.390080,
  NODE, 8192,    0,    0,  20.252010,  25.614611,
  NODE, 8193,    0,    0,  21.240181,  25.416494,
  NODE, 8194,    0,    0,  18.462328,  45.823074,
  NODE, 8195,    0,    0,  18.450195,  46.343094,
  NODE, 8196,    0,    0,  27.489901,  40.471375,
  NODE, 8197,    0,    0,  27.100063,  31.526581,
  NODE, 8198,    0,    0,  25.832928,  39.238045,
  NODE, 8199,    0,    0,  25.593142,  38.799385,
  NODE, 8200,    0,    0,  25.313448,  38.372803,
  NODE, 8201,    0,    0,  25.862255,  30.979534,
  NODE, 8202,    0,    0,  25.513458,  29.537291,
  NODE, 8203,    0,    0,  28.049231,  25.032503,
  NODE, 8204,    0,    0,  28.064259,  24.504093,
  NODE, 8205,    0,    0,  11.897937,  34.877121,
  NODE, 8206,    0,    0,  11.907377,  35.377190,
  NODE, 8207,    0,    0,  17.988766,  27.469063,
  NODE, 8208,    0,    0,  16.686157,  28.383846,
  NODE, 8209,    0,    0,  16.209335,  28.147389,
  NODE, 8210,    0,    0,  21.636478,  45.831463,
  NODE, 8211,    0,    0,  21.617634,  45.328445,
  NODE, 8212,    0,    0,  10.047094,  35.924194,
  NODE, 8213,    0,    0,  10.491222,  35.660194,
  NODE, 8214,    0,    0,  10.061236,  36.434296,
  NODE, 8215,    0,    0,  29.957775,  24.046562,
  NODE, 8216,    0,    0,  29.507647,  24.309837,
  NODE, 8217,    0,    0,  29.951981,  23.519617,
  NODE, 8218,    0,    0,  27.181768,  21.222569,
  NODE, 8219,    0,    0,  25.910137,  21.961563,
  NODE, 8220,    0,    0,  24.889626,  23.564091,
  NODE, 8221,    0,    0,  25.247549,  23.222937,
  NODE, 8222,    0,    0,  24.735474,  24.010765,
  NODE, 8223,    0,    0,  29.148003,  19.992680,
  NODE, 8224,    0,    0,  28.909851,  20.377274,
  NODE, 8225,    0,    0,  26.575239,  26.833319,
  NODE, 8226,    0,    0,  26.030808,  26.609280,
  NODE, 8227,    0,    0,  27.039776,  27.197115,
  NODE, 8228,    0,    0,  30.610785,  18.386845,
  NODE, 8229,    0,    0,  11.311326,  44.889328,
  NODE, 8230,    0,    0,  10.817064,  45.163666,
  NODE, 8231,    0,    0,  11.686243,  44.609104,
  NODE, 8232,    0,    0,  19.441118,  45.319740,
  NODE, 8233,    0,    0,  20.863737,  46.094910,
  NODE, 8234,    0,    0,  21.251352,  46.091866,
  NODE, 8235,    0,    0,  26.048945,  44.372025,
  NODE, 8236,    0,    0,  26.427967,  44.607613,
  NODE, 8237,    0,    0,  26.056917,  44.863281,
  NODE, 8238,    0,    0,  24.784227,  42.260353,
  NODE, 8239,    0,    0,  24.926514,  41.774582,
  NODE, 8240,    0,    0,  25.197704,  42.004776,
  NODE, 8241,    0,    0,  26.649010,  35.726982,
  NODE, 8242,    0,    0,  24.925514,  33.539063,
  NODE, 8243,    0,    0,  25.206503,  33.733784,
  NODE, 8244,    0,    0,  25.569986,  45.084068,
  NODE, 8245,    0,    0,  26.809338,  44.842758,
  NODE, 8246,    0,    0,  31.157173,  17.338011,
  NODE, 8247,    0,    0,  31.031639,  18.692972,
  NODE, 8248,    0,    0,  30.466896,  19.445559,
  NODE, 8249,    0,    0,  30.851542,  19.197287,
  NODE, 8250,    0,    0,  30.101990,  19.197699,
  NODE, 8251,    0,    0,  24.672461,  24.542395,
  NODE, 8252,    0,    0,  24.665180,  25.082832,
  NODE, 8253,    0,    0,  23.278297,  24.410023,
  NODE, 8254,    0,    0,  26.660738,  23.547226,
  NODE, 8255,    0,    0,  26.833443,  23.022678,
  NODE, 8256,    0,    0,  27.236908,  23.281698,
  NODE, 8257,    0,    0,  25.206959,  24.336052,
  NODE, 8258,    0,    0,  20.282614,  46.862869,
  NODE, 8259,    0,    0,  21.794769,  44.308289,
  NODE, 8260,    0,    0,  22.171703,  44.561379,
  NODE, 8261,    0,    0,  21.802795,  44.818497,
  NODE, 8262,    0,    0,  22.629578,  44.807415,
  NODE, 8263,    0,    0,  12.613516,  45.081352,
  NODE, 8264,    0,    0,  14.079337,  44.816658,
  NODE, 8265,    0,    0,  14.077322,  44.299950,
  NODE, 8266,    0,    0,  27.576981,  25.305508,
  NODE, 8267,    0,    0,  12.589415,  34.139267,
  NODE, 8268,    0,    0,  12.271513,  34.628754,
  NODE, 8269,    0,    0,  27.686466,  24.241333,
  NODE, 8270,    0,    0,  29.029186,  23.525196,
  NODE, 8271,    0,    0,  29.043430,  24.039263,
  NODE, 8272,    0,    0,  10.978161,  36.397389,
  NODE, 8273,    0,    0,  10.953121,  35.900871,
  NODE, 8274,    0,    0,  28.956011,  20.823925,
  NODE, 8275,    0,    0,  19.456045,  44.807488,
  NODE, 8276,    0,    0,  21.051832,  44.564270,
  NODE, 8277,    0,    0,  21.240702,  45.075356,
  NODE, 8278,    0,    0,  20.866673,  45.074219,
  NODE, 8279,    0,    0,   9.893284,  46.164169,
  NODE, 8280,    0,    0,  10.118845,  45.731365,
  NODE, 8281,    0,    0,  25.663092,  41.981590,
  NODE, 8282,    0,    0,  25.932911,  41.495155,
  NODE, 8283,    0,    0,  26.256012,  41.957741,
  NODE, 8284,    0,    0,  25.642181,  33.711369,
  NODE, 8285,    0,    0,  25.871820,  33.202026,
  NODE, 8286,    0,    0,  26.207953,  33.662392,
  NODE, 8287,    0,    0,  14.914241,  46.151951,
  NODE, 8288,    0,    0,  15.324070,  45.897148,
  NODE, 8289,    0,    0,  20.793039,  25.400055,
  NODE, 8290,    0,    0,  21.087368,  25.883736,
  NODE, 8291,    0,    0,  21.924027,  27.215735,
  NODE, 8292,    0,    0,  21.554379,  26.784119,
  NODE, 8293,    0,    0,  18.794060,  27.627781,
  NODE, 8294,    0,    0,  19.120609,  27.367916,
  NODE, 8295,    0,    0,  18.329065,  27.813561,
  NODE, 8296,    0,    0,  18.716850,  28.036537,
  NODE, 8297,    0,    0,  25.651218,  26.244986,
  NODE, 8298,    0,    0,  27.204474,  25.656902,
  NODE, 8299,    0,    0,  25.442453,  28.015461,
  NODE, 8300,    0,    0,  12.623339,  44.061203,
  NODE, 8301,    0,    0,  13.109835,  43.796799,
  NODE, 8302,    0,    0,  12.159674,  44.841873,
  NODE, 8303,    0,    0,  20.288380,  46.349068,
  NODE, 8304,    0,    0,  27.623051,  44.555729,
  NODE, 8305,    0,    0,  18.036785,  28.726131,
  NODE, 8306,    0,    0,  19.604649,  27.581392,
  NODE, 8307,    0,    0,  15.859245,  45.650799,
  NODE, 8308,    0,    0,  15.279215,  45.397667,
  NODE, 8309,    0,    0,  16.419104,  45.800079,
  NODE, 8310,    0,    0,  23.472263,  44.750774,
  NODE, 8311,    0,    0,  23.952496,  44.504875,
  NODE, 8312,    0,    0,  25.410271,  31.878624,
  NODE, 8313,    0,    0,  25.411455,  32.250748,
  NODE, 8314,    0,    0,  25.611973,  31.340948,
  NODE, 8315,    0,    0,  25.414215,  40.092720,
  NODE, 8316,    0,    0,  25.510313,  40.463036,
  NODE, 8317,    0,    0,  25.602963,  39.565582,
  NODE, 8318,    0,    0,   8.716702,  36.726643,
  NODE, 8319,    0,    0,  30.922901,  22.986225,
  NODE, 8320,    0,    0,  31.301500,  23.246981,
  NODE, 8321,    0,    0,  25.533772,  36.459122,
  NODE, 8322,    0,    0,  25.201740,  36.820507,
  NODE, 8323,    0,    0,  25.553639,  36.088463,
  NODE, 8324,    0,    0,   8.385357,  36.213078,
  NODE, 8325,    0,    0,  31.624882,  23.773060,
  NODE, 8326,    0,    0,  10.379683,  45.225357,
  NODE, 8327,    0,    0,  11.660029,  43.584023,
  NODE, 8328,    0,    0,  11.097662,  43.389717,
  NODE, 8329,    0,    0,  25.380352,  22.169544,
  NODE, 8330,    0,    0,  25.074184,  21.680039,
  NODE, 8331,    0,    0,  26.847155,  22.491320,
  NODE, 8332,    0,    0,  18.239159,  30.152576,
  NODE, 8333,    0,    0,  17.820753,  29.817638,
  NODE, 8334,    0,    0,  18.240120,  29.564884,
  NODE, 8335,    0,    0,  17.321526,  29.571934,
  NODE, 8336,    0,    0,  20.425766,  27.494432,
  NODE, 8337,    0,    0,  20.489246,  27.051743,
  NODE, 8338,    0,    0,  18.689310,  28.593430,
  NODE, 8339,    0,    0,  25.689068,  41.065670,
  NODE, 8340,    0,    0,  25.161236,  40.916374,
  NODE, 8341,    0,    0,  23.480610,  39.828136,
  NODE, 8342,    0,    0,  23.764050,  39.345562,
  NODE, 8343,    0,    0,  25.171228,  39.786606,
  NODE, 8344,    0,    0,  25.587048,  32.843193,
  NODE, 8345,    0,    0,  25.130457,  32.658558,
  NODE, 8346,    0,    0,  23.480049,  31.546310,
  NODE, 8347,    0,    0,  23.762445,  31.064430,
  NODE, 8348,    0,    0,  25.156567,  31.528439,
  NODE, 8349,    0,    0,  29.494402,  23.262665,
  NODE, 8350,    0,    0,  29.947205,  22.996197,
  NODE, 8351,    0,    0,  29.946018,  22.462017,
  NODE, 8352,    0,    0,  29.476444,  22.194340,
  NODE, 8353,    0,    0,  10.523659,  36.676231,
  NODE, 8354,    0,    0,  10.077864,  36.943775,
  NODE, 8355,    0,    0,  10.088824,  37.457859,
  NODE, 8356,    0,    0,  27.448153,  23.786583,
  NODE, 8357,    0,    0,  27.302517,  24.260994,
  NODE, 8358,    0,    0,  24.406006,  44.416245,
  NODE, 8359,    0,    0,  23.113194,  45.038094,
  NODE, 8360,    0,    0,  31.415995,  19.008160,
  NODE, 8361,    0,    0,  30.435455,  20.550507,
  NODE, 8362,    0,    0,  30.943485,  20.841148,
  NODE, 8363,    0,    0,  19.469772,  43.273613,
  NODE, 8364,    0,    0,  25.059700,  25.331387,
  NODE, 8365,    0,    0,  25.510807,  25.251110,
  NODE, 8366,    0,    0,  25.426563,  25.714815,
  NODE, 8367,    0,    0,  23.828243,  25.538197,
  NODE, 8368,    0,    0,  24.215708,  25.797321,
  NODE, 8369,    0,    0,  23.857536,  26.037533,
  NODE, 8370,    0,    0,  12.149908,  43.828430,
  NODE, 8371,    0,    0,  12.151535,  44.342125,
  NODE, 8372,    0,    0,  27.358650,  45.091057,
  NODE, 8373,    0,    0,  20.532667,  28.015320,
  NODE, 8374,    0,    0,  20.134354,  27.832916,
  NODE, 8375,    0,    0,  25.117100,  45.160744,
  NODE, 8376,    0,    0,  16.156364,  44.865730,
  NODE, 8377,    0,    0,  15.706390,  44.678185,
  NODE, 8378,    0,    0,  16.374249,  45.300598,
  NODE, 8379,    0,    0,   9.037399,  44.245438,
  NODE, 8380,    0,    0,  26.079426,  25.068867,
  NODE, 8381,    0,    0,  26.538500,  24.960865,
  NODE, 8382,    0,    0,  27.168324,  25.067139,
  NODE, 8383,    0,    0,  25.635643,  35.528763,
  NODE, 8384,    0,    0,  24.743744,  36.533516,
  NODE, 8385,    0,    0,  24.777681,  37.082054,
  NODE, 8386,    0,    0,  28.976622,  21.415802,
  NODE, 8387,    0,    0,  28.144619,  21.971676,
  NODE, 8388,    0,    0,  27.970062,  22.489601,
  NODE, 8389,    0,    0,  27.584171,  22.239227,
  NODE, 8390,    0,    0,  23.520977,  28.130394,
  NODE, 8391,    0,    0,  23.622566,  28.801125,
  NODE, 8392,    0,    0,  23.038792,  28.474960,
  NODE, 8393,    0,    0,  25.195908,  27.409573,
  NODE, 8394,    0,    0,  13.108656,  43.306660,
  NODE, 8395,    0,    0,  14.583515,  44.009094,
  NODE, 8396,    0,    0,  27.984402,  23.010731,
  NODE, 8397,    0,    0,  11.994360,  36.827477,
  NODE, 8398,    0,    0,  12.037434,  37.343170,
  NODE, 8399,    0,    0,  26.911007,  24.609469,
  NODE, 8400,    0,    0,  25.712563,  24.685436,
  NODE, 8401,    0,    0,  13.860945,  33.657536,
  NODE, 8402,    0,    0,  12.733443,  34.629906,
  NODE, 8403,    0,    0,   8.950160,  43.746910,
  NODE, 8404,    0,    0,   9.038679,  43.230030,
  NODE, 8405,    0,    0,  20.198647,  28.827019,
  NODE, 8406,    0,    0,  20.703135,  28.750450,
  NODE, 8407,    0,    0,  20.660526,  29.223665,
  NODE, 8408,    0,    0,  27.552975,  21.216745,
  NODE, 8409,    0,    0,  28.124353,  21.451737,
  NODE, 8410,    0,    0,  27.212965,  22.245049,
  NODE, 8411,    0,    0,  13.136185,  42.793942,
  NODE, 8412,    0,    0,  12.649240,  43.034790,
  NODE, 8413,    0,    0,  14.036058,  42.406151,
  NODE, 8414,    0,    0,  14.418459,  42.233360,
  NODE, 8415,    0,    0,  14.643116,  42.576439,
  NODE, 8416,    0,    0,  16.386362,  30.755348,
  NODE, 8417,    0,    0,  27.271351,  40.934616,
  NODE, 8418,    0,    0,  24.290627,  38.412666,
  NODE, 8419,    0,    0,  24.046635,  38.883614,
  NODE, 8420,    0,    0,  24.250332,  30.136799,
  NODE, 8421,    0,    0,  24.014401,  30.613680,
  NODE, 8422,    0,    0,  27.387524,  21.727123,
  NODE, 8423,    0,    0,  28.996887,  21.935741,
  NODE, 8424,    0,    0,  28.510246,  21.702110,
  NODE, 8425,    0,    0,  12.067049,  38.437450,
  NODE, 8426,    0,    0,  11.574217,  38.192978,
  NODE, 8427,    0,    0,  12.028269,  37.903885,
  NODE, 8428,    0,    0,  11.067617,  37.942360,
  NODE, 8429,    0,    0,  21.607128,  43.798767,
  NODE, 8430,    0,    0,  21.600945,  43.279976,
  NODE, 8431,    0,    0,  17.101807,  44.991707,
  NODE, 8432,    0,    0,  16.716223,  45.015011,
  NODE, 8433,    0,    0,  16.883923,  44.556839,
  NODE, 8434,    0,    0,  17.653431,  44.284924,
  NODE, 8435,    0,    0,  17.651262,  44.782837,
  NODE, 8436,    0,    0,  20.864191,  44.054749,
  NODE, 8437,    0,    0,  21.238220,  44.055885,
  NODE, 8438,    0,    0,  19.928518,  44.559280,
  NODE, 8439,    0,    0,  24.562126,  27.653299,
  NODE, 8440,    0,    0,  24.580936,  25.546536,
  NODE, 8441,    0,    0,  17.057110,  44.051384,
  NODE, 8442,    0,    0,  17.441034,  43.802769,
  NODE, 8443,    0,    0,  24.767284,  37.518860,
  NODE, 8444,    0,    0,  25.018133,  37.887672,
  NODE, 8445,    0,    0,  24.549740,  38.037491,
  NODE, 8446,    0,    0,  23.954689,  36.021545,
  NODE, 8447,    0,    0,  24.323767,  36.267407,
  NODE, 8448,    0,    0,  30.785530,  21.371819,
  NODE, 8449,    0,    0,  24.688171,  29.207695,
  NODE, 8450,    0,    0,  24.981949,  29.575180,
  NODE, 8451,    0,    0,  24.480803,  29.749357,
  NODE, 8452,    0,    0,  23.547203,  27.573557,
  NODE, 8453,    0,    0,  24.130980,  27.899719,
  NODE, 8454,    0,    0,  15.104366,  43.834717,
  NODE, 8455,    0,    0,  14.650364,  45.098908,
  NODE, 8456,    0,    0,  26.672691,  24.154718,
  NODE, 8457,    0,    0,  27.620857,  23.262039,
  NODE, 8458,    0,    0,  13.332183,  35.579639,
  NODE, 8459,    0,    0,  13.001210,  35.115662,
  NODE, 8460,    0,    0,  12.360348,  36.559135,
  NODE, 8461,    0,    0,  10.118580,  37.977654,
  NODE, 8462,    0,    0,  10.570042,  37.705505,
  NODE, 8463,    0,    0,   9.655310,  38.251846,
  NODE, 8464,    0,    0,  30.403599,  22.718971,
  NODE, 8465,    0,    0,  21.242775,  26.345818,
  NODE, 8466,    0,    0,  20.717720,  28.317518,
  NODE, 8467,    0,    0,  21.009132,  27.979034,
  NODE, 8468,    0,    0,  12.131832,  43.303097,
  NODE, 8469,    0,    0,  13.198653,  41.175602,
  NODE, 8470,    0,    0,  18.474241,  29.097244,
  NODE, 8471,    0,    0,  18.892647,  29.432182,
  NODE, 8472,    0,    0,  17.843063,  30.957115,
  NODE, 8473,    0,    0,  18.372124,  30.660652,
  NODE, 8474,    0,    0,  18.395395,  31.212441,
  NODE, 8475,    0,    0,  24.792727,  41.386654,
  NODE, 8476,    0,    0,  23.195992,  40.290710,
  NODE, 8477,    0,    0,  23.420002,  40.826088,
  NODE, 8478,    0,    0,  22.870264,  40.803452,
  NODE, 8479,    0,    0,  23.498077,  38.880974,
  NODE, 8480,    0,    0,  24.763382,  33.141251,
  NODE, 8481,    0,    0,  23.196287,  31.995644,
  NODE, 8482,    0,    0,  23.396051,  32.542862,
  NODE, 8483,    0,    0,  22.854410,  32.504139,
  NODE, 8484,    0,    0,  23.474125,  30.607502,
  NODE, 8485,    0,    0,  10.136527,  38.499493,
  NODE, 8486,    0,    0,  10.156053,  39.026302,
  NODE, 8487,    0,    0,  20.300364,  44.816399,
  NODE, 8488,    0,    0,  23.749012,  26.479565,
  NODE, 8489,    0,    0,  23.361548,  26.220440,
  NODE, 8490,    0,    0,  15.496384,  45.019928,
  NODE, 8491,    0,    0,  15.140855,  43.343720,
  NODE, 8492,    0,    0,  24.350910,  35.213108,
  NODE, 8493,    0,    0,  23.772709,  35.471802,
  NODE, 8494,    0,    0,  23.795769,  34.945160,
  NODE, 8495,    0,    0,  31.324707,  21.120972,
  NODE, 8496,    0,    0,  23.705114,  27.002678,
  NODE, 8497,    0,    0,  18.036404,  43.530567,
  NODE, 8498,    0,    0,  17.440079,  43.297028,
  NODE, 8499,    0,    0,  18.521107,  43.782372,
  NODE, 8500,    0,    0,  23.611864,  43.202053,
  NODE, 8501,    0,    0,  13.851919,  35.598805,
  NODE, 8502,    0,    0,  12.808458,  36.537132,
  NODE, 8503,    0,    0,  14.131573,  35.118012,
  NODE, 8504,    0,    0,  14.396611,  35.604881,
  NODE, 8505,    0,    0,   8.660910,  42.945244,
  NODE, 8506,    0,    0,  10.150804,  42.227486,
  NODE, 8507,    0,    0,  10.115561,  42.762993,
  NODE, 8508,    0,    0,   8.410357,  38.275383,
  NODE, 8509,    0,    0,  31.635057,  21.661728,
  NODE, 8510,    0,    0,  12.709708,  32.648308,
  NODE, 8511,    0,    0,  14.140436,  33.183064,
  NODE, 8512,    0,    0,  14.414704,  33.676693,
  NODE, 8513,    0,    0,  21.228313,  43.017437,
  NODE, 8514,    0,    0,  20.859261,  43.020107,
  NODE, 8515,    0,    0,  21.036995,  42.491180,
  NODE, 8516,    0,    0,  22.608585,  42.735088,
  NODE, 8517,    0,    0,  22.143612,  42.489754,
  NODE, 8518,    0,    0,  24.319138,  42.455322,
  NODE, 8519,    0,    0,  23.967009,  42.436279,
  NODE, 8520,    0,    0,  23.669869,  41.296562,
  NODE, 8521,    0,    0,  23.637445,  33.041428,
  NODE, 8522,    0,    0,  19.460812,  42.759956,
  NODE, 8523,    0,    0,  18.995897,  43.014778,
  NODE, 8524,    0,    0,  19.445820,  42.234776,
  NODE, 8525,    0,    0,  22.547459,  27.290503,
  NODE, 8526,    0,    0,  21.442259,  27.967964,
  NODE, 8527,    0,    0,  21.622208,  28.427483,
  NODE, 8528,    0,    0,  20.305958,  44.306015,
  NODE, 8529,    0,    0,  18.513754,  42.248833,
  NODE, 8530,    0,    0,  18.511192,  42.762974,
  NODE, 8531,    0,    0,  18.520153,  43.276634,
  NODE, 8532,    0,    0,   8.567564,  43.947743,
  NODE, 8533,    0,    0,  23.506031,  45.245628,
  NODE, 8534,    0,    0,  13.703501,  42.564442,
  NODE, 8535,    0,    0,  10.593731,  43.117943,
  NODE, 8536,    0,    0,  19.364498,  29.485064,
  NODE, 8537,    0,    0,  19.641401,  29.132387,
  NODE, 8538,    0,    0,  18.791491,  30.407900,
  NODE, 8539,    0,    0,  23.249828,  38.390465,
  NODE, 8540,    0,    0,  22.967241,  38.852409,
  NODE, 8541,    0,    0,  24.309288,  37.231873,
  NODE, 8542,    0,    0,  23.204418,  30.153904,
  NODE, 8543,    0,    0,  24.145889,  28.919214,
  NODE, 8544,    0,    0,  12.166988,  38.972981,
  NODE, 8545,    0,    0,  14.645287,  36.095203,
  NODE, 8546,    0,    0,  14.358214,  36.682762,
  NODE, 8547,    0,    0,  14.076891,  37.056671,
  NODE, 8548,    0,    0,  23.595552,  42.668541,
  NODE, 8549,    0,    0,  23.082174,  42.990105,
  NODE, 8550,    0,    0,  24.590332,  42.685516,
  NODE, 8551,    0,    0,  14.670204,  34.162010,
  NODE, 8552,    0,    0,  14.405739,  34.637627,
  NODE, 8553,    0,    0,  10.652260,  41.964264,
  NODE, 8554,    0,    0,  11.169693,  41.693939,
  NODE, 8555,    0,    0,  23.451523,  41.665451,
  NODE, 8556,    0,    0,  25.520805,  42.467358,
  NODE, 8557,    0,    0,  25.542635,  34.194149,
  NODE, 8558,    0,    0,  24.039997,  34.335560,
  NODE, 8559,    0,    0,  23.461796,  34.594254,
  NODE, 8560,    0,    0,  20.464600,  41.695633,
  NODE, 8561,    0,    0,  20.846218,  41.958344,
  NODE, 8562,    0,    0,  16.426901,  31.282579,
  NODE, 8563,    0,    0,  14.969969,  30.585854,
  NODE, 8564,    0,    0,  26.207539,  35.530190,
  NODE, 8565,    0,    0,  14.961208,  45.266281,
  NODE, 8566,    0,    0,  21.215273,  41.955673,
  NODE, 8567,    0,    0,  21.580206,  41.694382,
  NODE, 8568,    0,    0,  21.770981,  42.227219,
  NODE, 8569,    0,    0,  20.901518,  29.609884,
  NODE, 8570,    0,    0,  23.095112,  27.233351,
  NODE, 8571,    0,    0,  15.348441,  42.813355,
  NODE, 8572,    0,    0,  14.817930,  42.934017,
  NODE, 8573,    0,    0,  15.968386,  42.842751,
  NODE, 8574,    0,    0,  15.645461,  42.433052,
  NODE, 8575,    0,    0,  15.972736,  35.632175,
  NODE, 8576,    0,    0,  14.886543,  36.692295,
  NODE, 8577,    0,    0,  23.038418,  37.857925,
  NODE, 8578,    0,    0,  22.681576,  39.325836,
  NODE, 8579,    0,    0,  19.263344,  30.460781,
  NODE, 8580,    0,    0,  19.130379,  29.952705,
  NODE, 8581,    0,    0,  21.910822,  30.576431,
  NODE, 8582,    0,    0,  21.650906,  30.993576,
  NODE, 8583,    0,    0,  21.394943,  30.547976,
  NODE, 8584,    0,    0,  22.911570,  29.648373,
  NODE, 8585,    0,    0,  15.065777,  31.714253,
  NODE, 8586,    0,    0,  15.626236,  31.937088,
  NODE, 8587,    0,    0,  14.436234,  32.693443,
  NODE, 8588,    0,    0,  22.916607,  26.255047,
  NODE, 8589,    0,    0,  22.705370,  26.719624,
  NODE, 8590,    0,    0,  16.453157,  31.813606,
  NODE, 8591,    0,    0,  16.893318,  31.521801,
  NODE, 8592,    0,    0,  16.069803,  32.023644,
  NODE, 8593,    0,    0,  16.536221,  32.262863,
  NODE, 8594,    0,    0,  11.176073,  40.619736,
  NODE, 8595,    0,    0,  11.174294,  41.152382,
  NODE, 8596,    0,    0,  10.672210,  40.880749,
  NODE, 8597,    0,    0,  12.186947,  41.713097,
  NODE, 8598,    0,    0,  13.046870,  36.930210,
  NODE, 8599,    0,    0,  13.492356,  37.267311,
  NODE, 8600,    0,    0,  12.621040,  38.683888,
  NODE, 8601,    0,    0,  22.449143,  36.892357,
  NODE, 8602,    0,    0,  22.779964,  37.370815,
  NODE, 8603,    0,    0,  23.399548,  35.753593,
  NODE, 8604,    0,    0,  14.014936,  37.490494,
  NODE, 8605,    0,    0,   9.299294,  40.615868,
  NODE, 8606,    0,    0,   9.143034,  41.136612,
  NODE, 8607,    0,    0,   8.747040,  40.874107,
  NODE, 8608,    0,    0,  10.168974,  41.676613,
  NODE, 8609,    0,    0,  10.184639,  40.613236,
  NODE, 8610,    0,    0,   9.693750,  40.351090,
  NODE, 8611,    0,    0,  22.412163,  29.789028,
  NODE, 8612,    0,    0,  21.607624,  28.860415,
  NODE, 8613,    0,    0,  21.179600,  28.714165,
  NODE, 8614,    0,    0,  21.778679,  42.751045,
  NODE, 8615,    0,    0,  22.114361,  41.508301,
  NODE, 8616,    0,    0,  21.558651,  41.236755,
  NODE, 8617,    0,    0,  25.184029,  43.034721,
  NODE, 8618,    0,    0,  25.219385,  34.684570,
  NODE, 8619,    0,    0,  24.852894,  34.919518,
  NODE, 8620,    0,    0,  18.976257,  41.980759,
  NODE, 8621,    0,    0,  19.435139,  41.714409,
  NODE, 8622,    0,    0,  19.874680,  41.439545,
  NODE, 8623,    0,    0,  14.435530,  43.106804,
  NODE, 8624,    0,    0,  16.056957,  41.170532,
  NODE, 8625,    0,    0,  15.647984,  41.082207,
  NODE, 8626,    0,    0,  15.900853,  40.724354,
  NODE, 8627,    0,    0,  21.409939,  29.638966,
  NODE, 8628,    0,    0,  21.653292,  29.287050,
  NODE, 8629,    0,    0,  21.898216,  29.778915,
  NODE, 8630,    0,    0,  20.886524,  30.518894,
  NODE, 8631,    0,    0,  20.613026,  30.935913,
  NODE, 8632,    0,    0,  17.106476,  42.020962,
  NODE, 8633,    0,    0,  17.510170,  41.761322,
  NODE, 8634,    0,    0,  12.181648,  40.623673,
  NODE, 8635,    0,    0,  11.673579,  40.347069,
  NODE, 8636,    0,    0,  11.171495,  40.075440,
  NODE, 8637,    0,    0,  13.188753,  40.627739,
  NODE, 8638,    0,    0,  12.695038,  40.903843,
  NODE, 8639,    0,    0,  13.168196,  40.103416,
  NODE, 8640,    0,    0,  17.494457,  41.233437,
  NODE, 8641,    0,    0,  16.002407,  33.724304,
  NODE, 8642,    0,    0,  16.296141,  33.218746,
  NODE, 8643,    0,    0,  16.562136,  33.691101,
  NODE, 8644,    0,    0,  14.940729,  34.648472,
  NODE, 8645,    0,    0,  21.931255,  36.918572,
  NODE, 8646,    0,    0,  22.956883,  35.800446,
  NODE, 8647,    0,    0,  12.191547,  41.171539,
  NODE, 8648,    0,    0,  11.673557,  41.432926,
  NODE, 8649,    0,    0,  10.182859,  41.145882,
  NODE, 8650,    0,    0,   9.681404,  41.409103,
  NODE, 8651,    0,    0,   9.129148,  41.667343,
  NODE, 8652,    0,    0,  16.622891,  40.175827,
  NODE, 8653,    0,    0,  16.697266,  40.597492,
  NODE, 8654,    0,    0,  16.235455,  40.391014,
  NODE, 8655,    0,    0,  18.468975,  40.675301,
  NODE, 8656,    0,    0,  18.017345,  40.389427,
  NODE, 8657,    0,    0,  16.253616,  35.160675,
  NODE, 8658,    0,    0,  16.504517,  35.648335,
  NODE, 8659,    0,    0,  13.757318,  38.030609,
  NODE, 8660,    0,    0,  14.341852,  37.819969,
  NODE, 8661,    0,    0,  12.902483,  38.326141,
  NODE, 8662,    0,    0,  13.357133,  38.102531,
  NODE, 8663,    0,    0,  17.366699,  31.249840,
  NODE, 8664,    0,    0,  16.504368,  32.829224,
  NODE, 8665,    0,    0,  13.928158,  42.907520,
  NODE, 8666,    0,    0,  22.168810,  30.140942,
  NODE, 8667,    0,    0,  14.112339,  39.555412,
  NODE, 8668,    0,    0,  23.265373,  34.046143,
  NODE, 8669,    0,    0,  22.593540,  41.194748,
  NODE, 8670,    0,    0,  21.394173,  37.871658,
  NODE, 8671,    0,    0,  21.668922,  37.393410,
  NODE, 8672,    0,    0,  21.146442,  30.101749,
  NODE, 8673,    0,    0,  23.437319,  42.224335,
  NODE, 8674,    0,    0,  14.979964,  32.751007,
  NODE, 8675,    0,    0,  14.722002,  32.242226,
  NODE, 8676,    0,    0,  16.802183,  34.230835,
  NODE, 8677,    0,    0,  17.095917,  33.725273,
  NODE, 8678,    0,    0,   8.417912,  40.352799,
  NODE, 8679,    0,    0,  21.398090,  36.924309,
  NODE, 8680,    0,    0,  15.404272,  40.233650,
  NODE, 8681,    0,    0,  15.034592,  40.471771,
  NODE, 8682,    0,    0,  14.656076,  40.813416,
  NODE, 8683,    0,    0,  20.123856,  40.095818,
  NODE, 8684,    0,    0,  19.892033,  39.622658,
  NODE, 8685,    0,    0,  20.434578,  41.166748,
  NODE, 8686,    0,    0,  21.309515,  40.837547,
  NODE, 8687,    0,    0,  19.357843,  39.647907,
  NODE, 8688,    0,    0,  16.765022,  36.159828,
  NODE, 8689,    0,    0,  16.171043,  37.066334,
  NODE, 8690,    0,    0,  16.182743,  37.524548,
  NODE, 8691,    0,    0,  15.684143,  37.368919,
  NODE, 8692,    0,    0,  18.882568,  31.502708,
  NODE, 8693,    0,    0,  16.887722,  32.619186,
  NODE, 8694,    0,    0,  22.930874,  39.805496,
  NODE, 8695,    0,    0,  22.374149,  32.320972,
  NODE, 8696,    0,    0,  22.573914,  32.868187,
  NODE, 8697,    0,    0,  21.856909,  32.289349,
  NODE, 8698,    0,    0,  16.526901,  34.686745,
  NODE, 8699,    0,    0,  21.624510,  39.293037,
  NODE, 8700,    0,    0,  21.376976,  38.810749,
  NODE, 8701,    0,    0,  21.130623,  38.338062,
  NODE, 8702,    0,    0,  20.855007,  38.804642,
  NODE, 8703,    0,    0,  15.826480,  40.302689,
  NODE, 8704,    0,    0,  15.113364,  40.977673,
  NODE, 8705,    0,    0,  13.186116,  39.535133,
  NODE, 8706,    0,    0,  13.191866,  39.129135,
  NODE, 8707,    0,    0,  13.002421,  38.861671,
  NODE, 8708,    0,    0,  13.473307,  38.771385,
  NODE, 8709,    0,    0,  20.791342,  40.803780,
  NODE, 8710,    0,    0,  20.201424,  40.547695,
  NODE, 8711,    0,    0,  21.347946,  39.764793,
  NODE, 8712,    0,    0,  13.684048,  38.432007,
  NODE, 8713,    0,    0,  15.348891,  38.647774,
  NODE, 8714,    0,    0,  15.163046,  39.109203,
  NODE, 8715,    0,    0,  14.759272,  38.798538,
  NODE, 8716,    0,    0,  13.657002,  39.444847,
  NODE, 8717,    0,    0,  17.546925,  40.661545,
  NODE, 8718,    0,    0,  17.032234,  40.954201,
  NODE, 8719,    0,    0,  17.539604,  38.995743,
  NODE, 8720,    0,    0,  17.197809,  38.652664,
  NODE, 8721,    0,    0,  17.599861,  33.895046,
  NODE, 8722,    0,    0,  15.534665,  39.394856,
  NODE, 8723,    0,    0,  15.738873,  39.900314,
  NODE, 8724,    0,    0,  18.131931,  36.744377,
  NODE, 8725,    0,    0,  17.565636,  36.700104,
  NODE, 8726,    0,    0,  16.988026,  36.710892,
  NODE, 8727,    0,    0,  16.446640,  36.670898,
  NODE, 8728,    0,    0,  21.095318,  31.855789,
  NODE, 8729,    0,    0,  21.342302,  32.403835,
  NODE, 8730,    0,    0,  21.377594,  31.429400,
  NODE, 8731,    0,    0,  21.137861,  36.450131,
  NODE, 8732,    0,    0,  21.397291,  35.927116,
  NODE, 8733,    0,    0,  21.647270,  35.517712,
  NODE, 8734,    0,    0,  17.047726,  39.788834,
  NODE, 8735,    0,    0,  17.518147,  39.516716,
  NODE, 8736,    0,    0,  17.555122,  40.110188,
  NODE, 8737,    0,    0,  16.644798,  41.169388,
  NODE, 8738,    0,    0,  20.852751,  31.391510,
  NODE, 8739,    0,    0,  19.507740,  30.911339,
  NODE, 8740,    0,    0,  19.826950,  37.865212,
  NODE, 8741,    0,    0,  20.340141,  37.861591,
  NODE, 8742,    0,    0,  20.872204,  37.865547,
  NODE, 8743,    0,    0,  18.133053,  33.913567,
  NODE, 8744,    0,    0,  18.370192,  33.401962,
  NODE, 8745,    0,    0,  18.639484,  33.790443,
  NODE, 8746,    0,    0,  17.060680,  34.720921,
  NODE, 8747,    0,    0,  14.514675,  38.348599,
  NODE, 8748,    0,    0,  16.127710,  38.610504,
  NODE, 8749,    0,    0,  15.724255,  38.392784,
  NODE, 8750,    0,    0,  16.099300,  38.044853,
  NODE, 8751,    0,    0,  21.606424,  35.045715,
  NODE, 8752,    0,    0,  21.112904,  34.786079,
  NODE, 8753,    0,    0,  21.585171,  34.427044,
  NODE, 8754,    0,    0,  22.688974,  35.417259,
  NODE, 8755,    0,    0,  20.082317,  36.430588,
  NODE, 8756,    0,    0,  19.810484,  36.900806,
  NODE, 8757,    0,    0,  20.874729,  35.927773,
  NODE, 8758,    0,    0,  22.548912,  33.328560,
  NODE, 8759,    0,    0,  19.344023,  32.328945,
  NODE, 8760,    0,    0,  19.248222,  31.874489,
  NODE, 8761,    0,    0,  19.751564,  32.113991,
  NODE, 8762,    0,    0,  19.290108,  31.287754,
  NODE, 8763,    0,    0,  18.858654,  32.684143,
  NODE, 8764,    0,    0,  18.370552,  32.941933,
  NODE, 8765,    0,    0,  18.682159,  36.853981,
  NODE, 8766,    0,    0,  18.375088,  37.309990,
  NODE, 8767,    0,    0,  19.560349,  39.263657,
  NODE, 8768,    0,    0,  21.076359,  40.218494,
  NODE, 8769,    0,    0,  18.414061,  38.580372,
  NODE, 8770,    0,    0,  18.477886,  38.171967,
  NODE, 8771,    0,    0,  19.498474,  37.405411,
  NODE, 8772,    0,    0,  19.237326,  36.914990,
  NODE, 8773,    0,    0,  19.098915,  33.761490,
  NODE, 8774,    0,    0,  19.691696,  33.947525,
  NODE, 8775,    0,    0,  18.010485,  37.589844,
  NODE, 8776,    0,    0,  18.560713,  37.699448,
  NODE, 8777,    0,    0,  18.762697,  34.780922,
  NODE, 8778,    0,    0,  18.509785,  35.252003,
  NODE, 8779,    0,    0,  20.563314,  33.282448,
  NODE, 8780,    0,    0,  15.135957,  37.095280,
  NODE, 8781,    0,    0,  19.304215,  38.814056,
  NODE, 8782,    0,    0,  19.253792,  37.879395,
  NODE, 8783,    0,    0,  16.586199,  37.742268,
  NODE, 8784,    0,    0,  18.781025,  35.774086,
  NODE, 8785,    0,    0,  18.994169,  36.349381,
  NODE, 8786,    0,    0,  19.336193,  35.835091,
  NODE, 8787,    0,    0,  22.434187,  33.856697,
  NODE, 8788,    0,    0,  22.939449,  33.579491,
  NODE, 8789,    0,    0,  21.567650,  33.886589,
  NODE, 8790,    0,    0,  22.061169,  34.146225,
  NODE, 8791,    0,    0,  16.943813,  38.186272,
  NODE, 8792,    0,    0,  16.756752,  38.728970,
  NODE, 8793,    0,    0,  18.842489,  37.892109,
  NODE, 8794,    0,    0,  19.170967,  38.351914,
  NODE, 8795,    0,    0,  19.617889,  35.455383,
  NODE, 8796,    0,    0,  19.632433,  34.994461,
  NODE, 8797,    0,    0,  21.078045,  33.540699,
  NODE, 8798,    0,    0,  19.731510,  34.486633,
  NODE, 8799,    0,    0,  23.380098,  33.518005,
  NODE, 8800,    0,    0,  22.119535,  35.158676,
  NODE, 8801,    0,    0,  18.547310,  39.042515,
  NODE, 8802,    0,    0,  18.047001,  39.317093,
  NODE, 8803,    0,    0,  20.364016,  36.050880,
  NODE, 8804,    0,    0,  19.222126,  34.751968,
  NODE, 8805,    0,    0,  18.861774,  34.273098,
  NODE, 8806,    0,    0,  18.892910,  38.826767,
  NODE, 8807,    0,    0,  19.831034,  36.030678,
  NODE, 8808,    0,    0,  35.502182,  36.908928,
  NODE, 8809,    0,    0,  24.758354,  56.642876,
  NODE, 8810,    0,    0,  38.723869,   6.803231,
  NODE, 8811,    0,    0,  38.190838,   7.570685,
  NODE, 8812,    0,    0,   1.276133,  53.196770,
  NODE, 8813,    0,    0,   1.809163,  52.429314,
  NODE, 8814,    0,    0,  31.701422,  19.544792,
  NODE, 8815,    0,    0,  31.910332,  46.058189,
  NODE, 8816,    0,    0,  31.758431,  46.613167,
  NODE, 8817,    0,    0,  37.185707,  55.203247,
  NODE, 8818,    0,    0,  37.181347,  54.681915,
  NODE, 8819,    0,    0,  26.897053,  56.683392,
  NODE, 8820,    0,    0,  33.772652,  45.763992,
  NODE, 8821,    0,    0,  34.276856,  46.112297,
  NODE, 8822,    0,    0,  31.512253,  17.100697,
  NODE, 8823,    0,    0,  31.829084,  17.562283,
  NODE, 8824,    0,    0,  14.552159,  30.062910,
  NODE, 8825,    0,    0,  23.175079,  23.868301,
  NODE, 8826,    0,    0,  35.464645,  52.494957,
  NODE, 8827,    0,    0,  38.768066,  16.974205,
  NODE, 8828,    0,    0,   1.231932,  43.025795,
  NODE, 8829,    0,    0,   1.270194,  52.696232,
  NODE, 8830,    0,    0,  38.729805,   7.303767,
END

MATERIAL
  M2DISO,     1,     210000.0,          0.3,
END

PROPERTY
  P2D,        1,     1,       0.8,
END

ELEMENT
    PETRIA6,       1,     1,   725,   549,    19,  2257,  2258,  2259,
    PETRIA6,       2,     1,   631,   610,   549,  2260,  2261,  2262,
    PETRIA6,       3,     1,   632,    74,   611,  2263,  2264,  2265,
    PETRIA6,       4,     1,   633,    75,   612,  2266,  2267,  2268,
    PETRIA6,       5,     1,   634,    76,   613,  2269,  2270,  2271,
    PETRIA6,       6,     1,   706,    77,   614,  2272,  2273,  2274,
    PETRIA6,       7,     1,   705,    78,   615,  2275,  2276,  2277,
    PETRIA6,       8,     1,   704,    79,   616,  2278,  2279,  2280,
    PETRIA6,       9,     1,   703,    80,   617,  2281,  2282,  2283,
    PETRIA6,      10,     1,   772,   100,   701,  2284,  2285,  2286,
    PETRIA6,      11,     1,   773,   101,   700,  2287,  2288,  2289,
    PETRIA6,      12,     1,   774,   102,   699,  2290,  2291,  2292,
    PETRIA6,      13,     1,   775,   103,   698,  2293,  2294,  2295,
    PETRIA6,      14,     1,   776,   104,   697,  2296,  2297,  2298,
    PETRIA6,      15,     1,   777,   105,   696,  2299,  2300,  2301,
    PETRIA6,      16,     1,   778,   106,   695,  2302,  2303,  2304,
    PETRIA6,      17,     1,   856,   694,   779,  2305,  2306,  2307,
    PETRIA6,      18,     1,   859,   693,   780,  2308,  2309,  2310,
    PETRIA6,      19,     1,  1069,  1000,   109,  2311,  2312,  2313,
    PETRIA6,      20,     1,   635,   580,   629,  2314,  2315,  2316,
    PETRIA6,      21,     1,   782,   629,    91,  2317,  2318,  2319,
    PETRIA6,      22,     1,   636,    19,   548,  2320,  2321,  2322,
    PETRIA6,      23,     1,  1160,  1130,    92,  2323,  2324,  2325,
    PETRIA6,      24,     1,  1179,  1107,   111,  2326,  2327,  2328,
    PETRIA6,      25,     1,  1270,   130,  1178,  2329,  2330,  2331,
    PETRIA6,      26,     1,  1533,  1517,  1482,  2332,  2333,  2334,
    PETRIA6,      27,     1,  1721,  1661,  1719,  2335,  2336,  2337,
    PETRIA6,      28,     1,  1829,   187,  1808,  2338,  2339,  2340,
    PETRIA6,      29,     1,  1959,   206,  1927,  2341,  2342,  2343,
    PETRIA6,      30,     1,  2106,   225,  2056,  2344,  2345,  2346,
    PETRIA6,      31,     1,  2136,   244,  2131,  2347,  2348,  2349,
    PETRIA6,      32,     1,  2245,  2192,   263,  2350,  2351,  2352,
    PETRIA6,      33,     1,  2133,  2116,   282,  2353,  2354,  2355,
    PETRIA6,      34,     1,  2146,  2098,  2123,  2356,  2357,  2358,
    PETRIA6,      35,     1,  1998,  1983,  1933,  2359,  2360,  2361,
    PETRIA6,      36,     1,  1838,  1765,   338,  2362,  2363,  2364,
    PETRIA6,      37,     1,  1700,   358,  1673,  2365,  2366,  2367,
    PETRIA6,      38,     1,  1386,  1306,   377,  2368,  2369,  2370,
    PETRIA6,      39,     1,  1144,  1042,   396,  2371,  2372,  2373,
    PETRIA6,      40,     1,   879,   831,   415,  2374,  2375,  2376,
    PETRIA6,      41,     1,   753,   599,    61,  2377,  2378,  2379,
    PETRIA6,      42,     1,   753,   433,   637,  2380,  2381,  2382,
    PETRIA6,      43,     1,   638,    61,   598,  2383,  2384,  2385,
    PETRIA6,      44,     1,   752,   415,   638,  2386,  2387,  2388,
    PETRIA6,      45,     1,  1090,   897,  1016,  2389,  2390,  2391,
    PETRIA6,      46,     1,  1172,  1108,  1029,  2392,  2393,  2394,
    PETRIA6,      47,     1,  1560,  1385,  1293,  2395,  2396,  2397,
    PETRIA6,      48,     1,  1666,  1528,  1596,  2398,  2399,  2400,
    PETRIA6,      49,     1,  1868,  1758,  1792,  2401,  2402,  2403,
    PETRIA6,      50,     1,  2101,  1913,  1987,  2404,  2405,  2406,
    PETRIA6,      51,     1,  2089,  2086,   282,  2407,  2408,  2409,
    PETRIA6,      52,     1,  2169,  2147,  2163,  2410,  2411,  2412,
    PETRIA6,      53,     1,  2124,  2103,  2075,  2413,  2414,  2415,
    PETRIA6,      54,     1,  2061,  2005,  2034,  2416,  2417,  2418,
    PETRIA6,      55,     1,  1992,  1981,  1923,  2419,  2420,  2421,
    PETRIA6,      56,     1,  1738,  1690,   187,  2422,  2423,  2424,
    PETRIA6,      57,     1,  1610,  1583,   168,  2425,  2426,  2427,
    PETRIA6,      58,     1,  2231,  1539,  1572,  2428,  2429,  2430,
    PETRIA6,      59,     1,  1189,  1045,  1117,  2431,  2432,  2433,
    PETRIA6,      60,     1,  1002,   882,   935,  2434,  2435,  2436,
    PETRIA6,      61,     1,  1130,  1003,    92,  2437,  2438,  2324,
    PETRIA6,      62,     1,  1079,   111,   935,  2439,  2440,  2441,
    PETRIA6,      63,     1,   639,    18,   547,  2442,  2443,  2444,
    PETRIA6,      64,     1,  1407,  1345,   110,  2445,  2446,  2447,
    PETRIA6,      65,     1,  1404,  1391,  1382,  2448,  2449,  2450,
    PETRIA6,      66,     1,  1488,  1449,   148,  2451,  2452,  2453,
    PETRIA6,      67,     1,  1629,  1551,  1605,  2454,  2455,  2456,
    PETRIA6,      68,     1,  1760,  1753,  1725,  2457,  2458,  2459,
    PETRIA6,      69,     1,  1947,   205,  1892,  2460,  2461,  2462,
    PETRIA6,      70,     1,  2026,   224,  2017,  2463,  2464,  2465,
    PETRIA6,      71,     1,  2170,   243,  2127,  2466,  2467,  2468,
    PETRIA6,      72,     1,  2213,  2202,  2208,  2469,  2470,  2471,
    PETRIA6,      73,     1,  2193,  2186,   281,  2472,  2473,  2474,
    PETRIA6,      74,     1,  2215,  2212,   300,  2475,  2476,  2477,
    PETRIA6,      75,     1,  2074,  2051,  1999,  2478,  2479,  2480,
    PETRIA6,      76,     1,  1912,  1872,   338,  2481,  2482,  2483,
    PETRIA6,      77,     1,  1811,  1777,   357,  2484,  2485,  2486,
    PETRIA6,      78,     1,  1840,   376,  1775,  2487,  2488,  2489,
    PETRIA6,      79,     1,  1495,  1309,   395,  2490,  2491,  2492,
    PETRIA6,      80,     1,  1146,  1054,   414,  2493,  2494,  2495,
    PETRIA6,      81,     1,   925,   872,   433,  2496,  2497,  2498,
    PETRIA6,      82,     1,   754,   600,    62,  2499,  2500,  2501,
    PETRIA6,      83,     1,   754,   447,   640,  2502,  2503,  2504,
    PETRIA6,      84,     1,   641,    17,   546,  2505,  2506,  2507,
    PETRIA6,      85,     1,  2252,  2229,   128,  2508,  2509,  2510,
    PETRIA6,      86,     1,  1255,  1129,  1202,  2511,  2512,  2513,
    PETRIA6,      87,     1,  1342,  1166,  1324,  2514,  2515,  2516,
    PETRIA6,      88,     1,  1651,  1525,  1580,  2517,  2518,  2519,
    PETRIA6,      89,     1,  2012,  1760,  1794,  2520,  2521,  2522,
    PETRIA6,      90,     1,  2114,  2084,  2094,  2523,  2524,  2525,
    PETRIA6,      91,     1,  2130,   242,  2083,  2526,  2527,  2528,
    PETRIA6,      92,     1,  2200,  2183,   261,  2529,  2530,  2531,
    PETRIA6,      93,     1,  2203,  2176,  2190,  2532,  2533,  2534,
    PETRIA6,      94,     1,  2216,  2210,  2211,  2535,  2536,  2537,
    PETRIA6,      95,     1,  2164,  2148,   336,  2538,  2539,  2540,
    PETRIA6,      96,     1,  2052,   337,  2030,  2541,  2542,  2543,
    PETRIA6,      97,     1,  1915,  1896,   356,  2544,  2545,  2546,
    PETRIA6,      98,     1,  1960,  1936,  1902,  2547,  2548,  2549,
    PETRIA6,      99,     1,  1941,   394,  1888,  2550,  2551,  2552,
    PETRIA6,     100,     1,  1493,  1311,   413,  2553,  2554,  2555,
    PETRIA6,     101,     1,  1148,  1059,   432,  2556,  2557,  2558,
    PETRIA6,     102,     1,   914,   861,   447,  2559,  2560,  2561,
    PETRIA6,     103,     1,   755,   601,    63,  2562,  2563,  2564,
    PETRIA6,     104,     1,  2250,   755,   845,  2565,  2566,  2567,
    PETRIA6,     105,     1,   643,    16,   545,  2568,  2569,  2570,
    PETRIA6,     106,     1,  2221,   643,   721,  2571,  2572,  2573,
    PETRIA6,     107,     1,  1128,  1065,   979,  2574,  2575,  2576,
    PETRIA6,     108,     1,  1498,  1324,  1378,  2577,  2578,  2579,
    PETRIA6,     109,     1,  1616,  1499,   221,  2580,  2581,  2582,
    PETRIA6,     110,     1,  2067,   222,  2022,  2583,  2584,  2585,
    PETRIA6,     111,     1,  2144,  2129,   259,  2586,  2587,  2588,
    PETRIA6,     112,     1,  2205,  2172,   260,  2589,  2590,  2591,
    PETRIA6,     113,     1,  2237,  2107,  2160,  2592,  2593,  2594,
    PETRIA6,     114,     1,  2197,  2190,  2182,  2595,  2596,  2597,
    PETRIA6,     115,     1,  2198,  2188,   317,  2598,  2599,  2600,
    PETRIA6,     116,     1,  2148,  2110,   336,  2601,  2602,  2539,
    PETRIA6,     117,     1,  2040,  2016,   355,  2603,  2604,  2605,
    PETRIA6,     118,     1,  1974,  1960,   374,  2606,  2607,  2608,
    PETRIA6,     119,     1,  1962,   393,  1936,  2609,  2610,  2611,
    PETRIA6,     120,     1,  2058,  2045,  2039,  2612,  2613,  2614,
    PETRIA6,     121,     1,  1491,  1316,   431,  2615,  2616,  2617,
    PETRIA6,     122,     1,  1118,  1051,   446,  2618,  2619,  2620,
    PETRIA6,     123,     1,  1150,   460,  1067,  2621,  2622,  2623,
    PETRIA6,     124,     1,   756,   602,    64,  2624,  2625,  2626,
    PETRIA6,     125,     1,   756,   472,   644,  2627,  2628,  2629,
    PETRIA6,     126,     1,   645,    15,   544,  2630,  2631,  2632,
    PETRIA6,     127,     1,   968,   645,   720,  2633,  2634,  2635,
    PETRIA6,     128,     1,  1298,   183,  1201,  2636,  2637,  2638,
    PETRIA6,     129,     1,  1371,  1228,  1274,  2639,  2640,  2641,
    PETRIA6,     130,     1,  1499,  1321,  1429,  2642,  2643,  2644,
    PETRIA6,     131,     1,  2143,  2119,   258,  2645,  2646,  2647,
    PETRIA6,     132,     1,  2088,   258,  2053,  2648,  2649,  2650,
    PETRIA6,     133,     1,  2117,  2063,  2090,  2651,  2652,  2653,
    PETRIA6,     134,     1,  2165,  2137,  2132,  2654,  2655,  2656,
    PETRIA6,     135,     1,  2174,  2139,  2161,  2657,  2658,  2659,
    PETRIA6,     136,     1,  2180,  2109,  2126,  2660,  2661,  2662,
    PETRIA6,     137,     1,  2120,  2076,  2105,  2663,  2664,  2665,
    PETRIA6,     138,     1,  2055,  2036,   373,  2666,  2667,  2668,
    PETRIA6,     139,     1,  2020,  1956,  2002,  2669,  2670,  2671,
    PETRIA6,     140,     1,  2031,   411,  2018,  2672,  2673,  2674,
    PETRIA6,     141,     1,  2004,   429,  1973,  2675,  2676,  2677,
    PETRIA6,     142,     1,  1374,  1319,   445,  2678,  2679,  2680,
    PETRIA6,     143,     1,  1272,  1227,   459,  2681,  2682,  2683,
    PETRIA6,     144,     1,  1418,   472,  1271,  2684,  2685,  2686,
    PETRIA6,     145,     1,   757,   646,   603,  2687,  2688,  2689,
    PETRIA6,     146,     1,  1465,   757,   472,  2690,  2691,  2692,
    PETRIA6,     147,     1,   647,    14,   543,  2693,  2694,  2695,
    PETRIA6,     148,     1,   719,   182,   647,  2696,  2697,  2698,
    PETRIA6,     149,     1,  1273,  1233,  1151,  2699,  2700,  2701,
    PETRIA6,     150,     1,  1353,  1053,  1192,  2702,  2703,  2704,
    PETRIA6,     151,     1,  1553,  1376,  1317,  2705,  2706,  2707,
    PETRIA6,     152,     1,  2079,   257,  2068,  2708,  2709,  2710,
    PETRIA6,     153,     1,  2043,  2019,  1963,  2711,  2712,  2713,
    PETRIA6,     154,     1,  2093,  2066,  2021,  2714,  2715,  2716,
    PETRIA6,     155,     1,  2162,  2151,  2150,  2717,  2718,  2719,
    PETRIA6,     156,     1,  2048,   333,  2027,  2720,  2721,  2722,
    PETRIA6,     157,     1,  2023,   352,  1995,  2723,  2724,  2725,
    PETRIA6,     158,     1,  2112,  1930,  1971,  2726,  2727,  2728,
    PETRIA6,     159,     1,  1955,  1911,  1943,  2729,  2730,  2731,
    PETRIA6,     160,     1,  2025,  1993,  1942,  2732,  2733,  2734,
    PETRIA6,     161,     1,  1964,  1898,  1944,  2735,  2736,  2737,
    PETRIA6,     162,     1,  1953,  1946,  1909,  2738,  2739,  2740,
    PETRIA6,     163,     1,  1511,  1398,   458,  2741,  2742,  2743,
    PETRIA6,     164,     1,  1392,   471,  1370,  2744,  2745,  2746,
    PETRIA6,     165,     1,  1197,   977,   483,  2747,  2748,  2749,
    PETRIA6,     166,     1,   758,   648,   604,  2750,  2751,  2752,
    PETRIA6,     167,     1,   966,   758,   483,  2753,  2754,  2755,
    PETRIA6,     168,     1,   649,    13,   542,  2756,  2757,  2758,
    PETRIA6,     169,     1,   718,   200,   649,  2759,  2760,  2761,
    PETRIA6,     170,     1,  1068,   862,   983,  2762,  2763,  2764,
    PETRIA6,     171,     1,  1211,  1120,  1060,  2765,  2766,  2767,
    PETRIA6,     172,     1,  1555,  1490,  1312,  2768,  2769,  2770,
    PETRIA6,     173,     1,  2001,  1988,  1940,  2771,  2772,  2773,
    PETRIA6,     174,     1,  1937,  1874,  1903,  2774,  2775,  2776,
    PETRIA6,     175,     1,  2111,  2070,  2095,  2777,  2778,  2779,
    PETRIA6,     176,     1,  2100,  1905,  2027,  2780,  2781,  2782,
    PETRIA6,     177,     1,  2073,  1979,  1938,  2783,  2784,  2785,
    PETRIA6,     178,     1,  1980,  1929,  1970,  2786,  2787,  2788,
    PETRIA6,     179,     1,  1882,  1861,  1826,  2789,  2790,  2791,
    PETRIA6,     180,     1,  1910,  1824,  1848,  2792,  2793,  2794,
    PETRIA6,     181,     1,  1901,  1852,  1862,  2795,  2796,  2797,
    PETRIA6,     182,     1,  1894,  1856,  1880,  2798,  2799,  2800,
    PETRIA6,     183,     1,  1793,  1759,   469,  2801,  2802,  2803,
    PETRIA6,     184,     1,  1579,  1524,   470,  2804,  2805,  2806,
    PETRIA6,     185,     1,  1323,  1167,   482,  2807,  2808,  2809,
    PETRIA6,     186,     1,  1063,   493,   977,  2810,  2811,  2812,
    PETRIA6,     187,     1,   759,   650,   605,  2813,  2814,  2815,
    PETRIA6,     188,     1,  2222,   493,  1124,  2816,  2817,  2818,
    PETRIA6,     189,     1,   651,    12,   541,  2819,  2820,  2821,
    PETRIA6,     190,     1,  2251,   717,   823,  2822,  2823,  2824,
    PETRIA6,     191,     1,   992,   916,   873,  2825,  2826,  2827,
    PETRIA6,     192,     1,  1209,  1147,  1055,  2828,  2829,  2830,
    PETRIA6,     193,     1,  1557,  1492,  1310,  2831,  2832,  2833,
    PETRIA6,     194,     1,  1887,   293,  1876,  2834,  2835,  2836,
    PETRIA6,     195,     1,  1920,  1778,  1851,  2837,  2838,  2839,
    PETRIA6,     196,     1,  1845,  1843,  1804,  2840,  2841,  2842,
    PETRIA6,     197,     1,  1875,  1823,  1847,  2843,  2844,  2845,
    PETRIA6,     198,     1,  1919,  1858,  1895,  2846,  2847,  2848,
    PETRIA6,     199,     1,  1835,  1816,   389,  2849,  2850,  2851,
    PETRIA6,     200,     1,  1822,  1812,  1762,  2852,  2853,  2854,
    PETRIA6,     201,     1,  1921,  1848,  1890,  2855,  2856,  2857,
    PETRIA6,     202,     1,  1818,  1784,  1734,  2858,  2859,  2860,
    PETRIA6,     203,     1,  1821,  1809,  1747,  2861,  2862,  2863,
    PETRIA6,     204,     1,  1759,  1726,   469,  2864,  2865,  2802,
    PETRIA6,     205,     1,  1642,  1631,  1604,  2866,  2867,  2868,
    PETRIA6,     206,     1,  1448,  1313,  1243,  2869,  2870,  2871,
    PETRIA6,     207,     1,  1335,   502,  1253,  2872,  2873,  2874,
    PETRIA6,     208,     1,   760,   652,   606,  2875,  2876,  2877,
    PETRIA6,     209,     1,  2253,  2228,   503,  2878,  2879,  2880,
    PETRIA6,     210,     1,   653,    11,   540,  2881,  2882,  2883,
    PETRIA6,     211,     1,   716,   236,   653,  2884,  2885,  2886,
    PETRIA6,     212,     1,   997,   927,   881,  2887,  2888,  2889,
    PETRIA6,     213,     1,  1207,  1145,  1043,  2890,  2891,  2892,
    PETRIA6,     214,     1,  1494,  1307,  1435,  2893,  2894,  2895,
    PETRIA6,     215,     1,  1743,  1674,   330,  2896,  2897,  2898,
    PETRIA6,     216,     1,  1803,  1773,   331,  2899,  2900,  2901,
    PETRIA6,     217,     1,  1819,  1814,  1733,  2902,  2903,  2904,
    PETRIA6,     218,     1,  1889,  1847,   368,  2905,  2906,  2907,
    PETRIA6,     219,     1,  1860,  1763,  1802,  2908,  2909,  2910,
    PETRIA6,     220,     1,  1691,   406,  1652,  2911,  2912,  2913,
    PETRIA6,     221,     1,  1671,   425,  1600,  2914,  2915,  2916,
    PETRIA6,     222,     1,  1590,  1545,  1566,  2917,  2918,  2919,
    PETRIA6,     223,     1,  1732,  1685,  1620,  2920,  2921,  2922,
    PETRIA6,     224,     1,  1748,  1682,  1707,  2923,  2924,  2925,
    PETRIA6,     225,     1,  1718,  1662,   480,  2926,  2927,  2928,
    PETRIA6,     226,     1,  1550,  1534,  1481,  2929,  2930,  2931,
    PETRIA6,     227,     1,  1439,  1390,   501,  2932,  2933,  2934,
    PETRIA6,     228,     1,  1245,  1106,  1176,  2935,  2936,  2937,
    PETRIA6,     229,     1,   761,   654,   607,  2938,  2939,  2940,
    PETRIA6,     230,     1,  1408,  1344,   520,  2941,  2942,  2943,
    PETRIA6,     231,     1,   655,    10,   539,  2944,  2945,  2946,
    PETRIA6,     232,     1,   715,   254,   655,  2947,  2948,  2949,
    PETRIA6,     233,     1,  1013,   934,   894,  2950,  2951,  2952,
    PETRIA6,     234,     1,  1181,  1143,  1037,  2953,  2954,  2955,
    PETRIA6,     235,     1,  1432,  1387,  1296,  2956,  2957,  2958,
    PETRIA6,     236,     1,  1701,  1636,  1675,  2959,  2960,  2961,
    PETRIA6,     237,     1,  1653,   348,  1602,  2962,  2963,  2964,
    PETRIA6,     238,     1,  1741,  1626,  1695,  2965,  2966,  2967,
    PETRIA6,     239,     1,  1800,  1781,  1782,  2968,  2969,  2970,
    PETRIA6,     240,     1,  1708,   405,  1684,  2971,  2972,  2973,
    PETRIA6,     241,     1,  1600,  1542,  1397,  2974,  2975,  2976,
    PETRIA6,     242,     1,  1612,  1601,  1543,  2977,  2978,  2979,
    PETRIA6,     243,     1,  1565,  1396,  1456,  2980,  2981,  2982,
    PETRIA6,     244,     1,  1621,  1452,  1537,  2983,  2984,  2985,
    PETRIA6,     245,     1,  1779,  1707,  1706,  2986,  2987,  2988,
    PETRIA6,     246,     1,  1646,  1624,   490,  2989,  2990,  2991,
    PETRIA6,     247,     1,  1412,  1358,   500,  2992,  2993,  2994,
    PETRIA6,     248,     1,  1177,  1031,  1106,  2995,  2996,  2997,
    PETRIA6,     249,     1,  1080,   519,   936,  2998,  2999,  3000,
    PETRIA6,     250,     1,   762,   656,   608,  3001,  3002,  3003,
    PETRIA6,     251,     1,  1159,  1131,   529,  3004,  3005,  3006,
    PETRIA6,     252,     1,   657,     9,   538,  3007,  3008,  3009,
    PETRIA6,     253,     1,   714,   272,   657,  3010,  3011,  3012,
    PETRIA6,     254,     1,  1091,   900,  1017,  3013,  3014,  3015,
    PETRIA6,     255,     1,  1173,  1109,  1030,  3016,  3017,  3018,
    PETRIA6,     256,     1,  1559,  1384,  1294,  3019,  3020,  3021,
    PETRIA6,     257,     1,  1670,  1564,  1606,  3022,  3023,  3024,
    PETRIA6,     258,     1,  1544,  1326,   385,  3025,  3026,  3027,
    PETRIA6,     259,     1,  1766,  1659,  1355,  3028,  3029,  3030,
    PETRIA6,     260,     1,  1780,  1687,  1728,  3031,  3032,  3033,
    PETRIA6,     261,     1,  1633,  1563,   424,  3034,  3035,  3036,
    PETRIA6,     262,     1,  1333,  1260,  1276,  3037,  3038,  3039,
    PETRIA6,     263,     1,  1395,  1280,  1356,  3040,  3041,  3042,
    PETRIA6,     264,     1,  1450,  1373,  1426,  3043,  3044,  3045,
    PETRIA6,     265,     1,  1672,  1537,  1505,  3046,  3047,  3048,
    PETRIA6,     266,     1,  1609,  1582,   489,  3049,  3050,  3051,
    PETRIA6,     267,     1,  2230,  1538,  1571,  3052,  3053,  3054,
    PETRIA6,     268,     1,  1188,  1044,  1116,  3055,  3056,  3057,
    PETRIA6,     269,     1,  1005,   883,   936,  3058,  3059,  3060,
    PETRIA6,     270,     1,   658,    34,   571,  3061,  3062,  3063,
    PETRIA6,     271,     1,   726,   659,   529,  3064,  3065,  3066,
    PETRIA6,     272,     1,   659,   570,   609,  3067,  3068,  3069,
    PETRIA6,     273,     1,   763,   609,    71,  3070,  3071,  3072,
    PETRIA6,     274,     1,   660,     8,   537,  3073,  3074,  3075,
    PETRIA6,     275,     1,   713,   290,   660,  3076,  3077,  3078,
    PETRIA6,     276,     1,  1093,   906,  1021,  3079,  3080,  3081,
    PETRIA6,     277,     1,  1215,  1104,  1048,  3082,  3083,  3084,
    PETRIA6,     278,     1,  1564,  1501,  1552,  3085,  3086,  3087,
    PETRIA6,     279,     1,  1460,  1409,  1340,  3088,  3089,  3090,
    PETRIA6,     280,     1,  1346,  1258,  1138,  3091,  3092,  3093,
    PETRIA6,     281,     1,  1275,  1223,  1265,  3094,  3095,  3096,
    PETRIA6,     282,     1,  1676,  1639,   423,  3097,  3098,  3099,
    PETRIA6,     283,     1,  1347,  1213,  1260,  3100,  3101,  3102,
    PETRIA6,     284,     1,  1277,  1098,  1168,  3103,  3104,  3105,
    PETRIA6,     285,     1,  1279,  1236,  1141,  3106,  3107,  3108,
    PETRIA6,     286,     1,  1372,  1214,  1261,  3109,  3110,  3111,
    PETRIA6,     287,     1,  1603,  1477,  1531,  3112,  3113,  3114,
    PETRIA6,     288,     1,  1420,   497,  1365,  3115,  3116,  3117,
    PETRIA6,     289,     1,  1266,  1224,   517,  3118,  3119,  3120,
    PETRIA6,     290,     1,   989,   869,   923,  3121,  3122,  3123,
    PETRIA6,     291,     1,   661,    35,   572,  3124,  3125,  3126,
    PETRIA6,     292,     1,   727,   661,   572,  3127,  3126,  3128,
    PETRIA6,     293,     1,   662,     7,   536,  3129,  3130,  3131,
    PETRIA6,     294,     1,   712,   308,   662,  3132,  3133,  3134,
    PETRIA6,     295,     1,   976,   957,   908,  3135,  3136,  3137,
    PETRIA6,     296,     1,  1286,  1152,  1158,  3138,  3139,  3140,
    PETRIA6,     297,     1,  1485,  1305,  1327,  3141,  3142,  3143,
    PETRIA6,     298,     1,  1340,  1238,  1205,  3144,  3145,  3146,
    PETRIA6,     299,     1,  1137,  1094,  1025,  3147,  3148,  3149,
    PETRIA6,     300,     1,  1100,   421,   980,  3150,  3151,  3152,
    PETRIA6,     301,     1,  1308,  1220,  1262,  3153,  3154,  3155,
    PETRIA6,     302,     1,  1084,   963,   463,  3156,  3157,  3158,
    PETRIA6,     303,     1,  1168,   961,  1089,  3159,  3160,  3161,
    PETRIA6,     304,     1,  1203,  1023,  1132,  3162,  3163,  3164,
    PETRIA6,     305,     1,  1444,  1261,  1292,  3165,  3166,  3167,
    PETRIA6,     306,     1,  1467,  1421,  1365,  3168,  3169,  3170,
    PETRIA6,     307,     1,  1251,  1056,   516,  3171,  3172,  3173,
    PETRIA6,     308,     1,  1224,  1218,  1139,  3174,  3175,  3176,
    PETRIA6,     309,     1,   663,    36,   573,  3177,  3178,  3179,
    PETRIA6,     310,     1,   728,   663,   573,  3180,  3179,  3181,
    PETRIA6,     311,     1,   664,     6,   535,  3182,  3183,  3184,
    PETRIA6,     312,     1,   711,   326,   664,  3185,  3186,  3187,
    PETRIA6,     313,     1,   959,   908,   344,  3188,  3189,  3190,
    PETRIA6,     314,     1,  1183,  1111,  1035,  3191,  3192,  3193,
    PETRIA6,     315,     1,  1204,  1136,  1026,  3194,  3195,  3196,
    PETRIA6,     316,     1,   964,   863,   420,  3197,  3198,  3199,
    PETRIA6,     317,     1,   969,   886,   965,  3200,  3201,  3202,
    PETRIA6,     318,     1,  1061,   970,   436,  3203,  3204,  3205,
    PETRIA6,     319,     1,  1348,  1262,   449,  3206,  3207,  3208,
    PETRIA6,     320,     1,   963,   847,   910,  3209,  3210,  3211,
    PETRIA6,     321,     1,  1022,   950,   962,  3212,  3213,  3214,
    PETRIA6,     322,     1,  1132,  1082,   486,  3215,  3216,  3217,
    PETRIA6,     323,     1,  1453,  1436,  1357,  3218,  3219,  3220,
    PETRIA6,     324,     1,  1184,  1040,  1121,  3221,  3222,  3223,
    PETRIA6,     325,     1,  1072,   984,   865,  3224,  3225,  3226,
    PETRIA6,     326,     1,  1229,   665,   526,  3227,  3228,  3229,
    PETRIA6,     327,     1,   729,   665,   574,  3230,  3231,  3232,
    PETRIA6,     328,     1,   666,     5,   534,  3233,  3234,  3235,
    PETRIA6,     329,     1,   710,   344,   666,  3236,  3237,  3238,
    PETRIA6,     330,     1,  1018,   952,   898,  3239,  3240,  3241,
    PETRIA6,     331,     1,  1221,  1155,  1135,  3242,  3243,  3244,
    PETRIA6,     332,     1,   912,   848,   419,  3245,  3246,  3247,
    PETRIA6,     333,     1,   863,   804,   420,  3248,  3249,  3198,
    PETRIA6,     334,     1,   864,   846,   783,  3250,  3251,  3252,
    PETRIA6,     335,     1,   918,   783,   448,  3253,  3254,  3255,
    PETRIA6,     336,     1,   630,    27,   560,  3256,  3257,  3258,
    PETRIA6,     337,     1,   797,    26,   787,  3259,  3260,  3261,
    PETRIA6,     338,     1,   787,   558,   473,  3262,  3263,  3264,
    PETRIA6,     339,     1,   806,   785,   790,  3265,  3266,  3267,
    PETRIA6,     340,     1,   852,   851,   788,  3268,  3269,  3270,
    PETRIA6,     341,     1,  1388,  1291,   495,  3271,  3272,  3273,
    PETRIA6,     342,     1,  1284,  1050,  1112,  3274,  3275,  3276,
    PETRIA6,     343,     1,  1163,   874,   919,  3277,  3278,  3279,
    PETRIA6,     344,     1,   839,   667,   525,  3280,  3281,  3282,
    PETRIA6,     345,     1,   730,   667,   575,  3283,  3284,  3285,
    PETRIA6,     346,     1,   668,     4,   533,  3286,  3287,  3288,
    PETRIA6,     347,     1,   709,   362,   668,  3289,  3290,  3291,
    PETRIA6,     348,     1,  1015,   947,   893,  3292,  3293,  3294,
    PETRIA6,     349,     1,   939,   399,   885,  3295,  3296,  3297,
    PETRIA6,     350,     1,   850,   848,   784,  3298,  3299,  3300,
    PETRIA6,     351,     1,   799,   564,   789,  3301,  3302,  3303,
    PETRIA6,     352,     1,   669,     3,   532,  3304,  3305,  3306,
    PETRIA6,     353,     1,   708,   380,   669,  3307,  3308,  3309,
    PETRIA6,     354,     1,   999,   933,   880,  3310,  3311,  3312,
    PETRIA6,     355,     1,   796,   786,   566,  3313,  3314,  3315,
    PETRIA6,     356,     1,   799,    29,   564,  3316,  3317,  3301,
    PETRIA6,     357,     1,   792,    30,   565,  3318,  3319,  3320,
    PETRIA6,     358,     1,   707,   670,   531,  3321,  3322,  3323,
    PETRIA6,     359,     1,   809,   707,   671,  3324,  3325,  3326,
    PETRIA6,     360,     1,   938,    31,   417,  3327,  3328,  3329,
    PETRIA6,     361,     1,   567,   417,    31,  3330,  3328,  3331,
    PETRIA6,     362,     1,   808,   530,    20,  3332,  3333,  3334,
    PETRIA6,     363,     1,   808,   671,   530,  3335,  3336,  3332,
    PETRIA6,     364,     1,  1096,   630,   449,  3337,  3338,  3339,
    PETRIA6,     365,     1,   800,   790,   556,  3340,  3341,  3342,
    PETRIA6,     366,     1,   788,   555,    24,  3343,  3344,  3345,
    PETRIA6,     367,     1,   798,   554,   793,  3346,  3347,  3348,
    PETRIA6,     368,     1,   941,   511,   805,  3349,  3350,  3351,
    PETRIA6,     369,     1,  1009,   888,   928,  3352,  3353,  3354,
    PETRIA6,     370,     1,   840,   672,   524,  3355,  3356,  3357,
    PETRIA6,     371,     1,   731,   672,   576,  3358,  3359,  3360,
    PETRIA6,     372,     1,   793,   554,    23,  3347,  3361,  3362,
    PETRIA6,     373,     1,   794,   553,   791,  3363,  3364,  3365,
    PETRIA6,     374,     1,   940,   887,   512,  3366,  3367,  3368,
    PETRIA6,     375,     1,   843,   673,   523,  3369,  3370,  3371,
    PETRIA6,     376,     1,   732,   673,   577,  3372,  3373,  3374,
    PETRIA6,     377,     1,   805,   794,   791,  3375,  3365,  3376,
    PETRIA6,     378,     1,   803,   802,   795,  3377,  3378,  3379,
    PETRIA6,     379,     1,   810,   734,   674,  3380,  3381,  3382,
    PETRIA6,     380,     1,   733,   578,    40,  3383,  3384,  3385,
    PETRIA6,     381,     1,   795,   551,   521,  3386,  3387,  3388,
    PETRIA6,     382,     1,   734,   550,   579,  3389,  3390,  3391,
    PETRIA6,     383,     1,   675,    60,   597,  3392,  3393,  3394,
    PETRIA6,     384,     1,   751,   397,   675,  3395,  3396,  3397,
    PETRIA6,     385,     1,  1092,   904,  1020,  3398,  3399,  3400,
    PETRIA6,     386,     1,  1216,  1103,  1047,  3401,  3402,  3403,
    PETRIA6,     387,     1,  1471,  1368,   322,  3404,  3405,  3406,
    PETRIA6,     388,     1,  1713,  1586,  1625,  3407,  3408,  3409,
    PETRIA6,     389,     1,  1870,  1774,  1866,  3410,  3411,  3412,
    PETRIA6,     390,     1,  1934,  1871,  1908,  3413,  3414,  3415,
    PETRIA6,     391,     1,  2049,  2029,  1997,  3416,  3417,  3418,
    PETRIA6,     392,     1,  2121,   246,  2096,  3419,  3420,  3421,
    PETRIA6,     393,     1,  2035,  2005,   226,  3422,  3423,  3424,
    PETRIA6,     394,     1,  1931,  1918,   207,  3425,  3426,  3427,
    PETRIA6,     395,     1,  1922,  1917,  1842,  3428,  3429,  3430,
    PETRIA6,     396,     1,  1634,  1532,  1570,  3431,  3432,  3433,
    PETRIA6,     397,     1,  1422,   151,  1366,  3434,  3435,  3436,
    PETRIA6,     398,     1,  1267,  1225,   113,  3437,  3438,  3439,
    PETRIA6,     399,     1,   988,   868,   922,  3440,  3441,  3442,
    PETRIA6,     400,     1,   882,    94,   858,  3443,  3444,  3445,
    PETRIA6,     401,     1,   676,    59,   596,  3446,  3447,  3448,
    PETRIA6,     402,     1,   750,   379,   676,  3449,  3450,  3451,
    PETRIA6,     403,     1,   975,   956,   907,  3452,  3453,  3454,
    PETRIA6,     404,     1,  1285,  1153,  1157,  3455,  3456,  3457,
    PETRIA6,     405,     1,  1424,  1368,  1304,  3458,  3459,  3460,
    PETRIA6,     406,     1,  1769,  1625,  1658,  3461,  3462,  3463,
    PETRIA6,     407,     1,  1837,  1810,  1768,  3464,  3465,  3466,
    PETRIA6,     408,     1,  1984,  1908,  1932,  3467,  3468,  3469,
    PETRIA6,     409,     1,  2149,  2072,  2097,  3470,  3471,  3472,
    PETRIA6,     410,     1,  2033,   228,  2003,  3473,  3474,  3475,
    PETRIA6,     411,     1,  1949,  1891,  1907,  3476,  3477,  3478,
    PETRIA6,     412,     1,  1833,   190,  1786,  3479,  3480,  3481,
    PETRIA6,     413,     1,  1704,  1665,   170,  3482,  3483,  3484,
    PETRIA6,     414,     1,  1468,  1366,   151,  3485,  3435,  3486,
    PETRIA6,     415,     1,  1252,  1057,   114,  3487,  3488,  3489,
    PETRIA6,     416,     1,  1225,  1219,  1140,  3490,  3491,  3492,
    PETRIA6,     417,     1,   868,    95,   855,  3493,  3494,  3495,
    PETRIA6,     418,     1,   677,    58,   595,  3496,  3497,  3498,
    PETRIA6,     419,     1,   749,   361,   677,  3499,  3500,  3501,
    PETRIA6,     420,     1,   958,   907,   343,  3502,  3503,  3504,
    PETRIA6,     421,     1,  1182,  1110,  1034,  3505,  3506,  3507,
    PETRIA6,     422,     1,  1817,  1470,  1529,  3508,  3509,  3510,
    PETRIA6,     423,     1,  1703,  1677,  1599,  3511,  3512,  3513,
    PETRIA6,     424,     1,  1797,  1727,  1761,  3514,  3515,  3516,
    PETRIA6,     425,     1,  1967,  1885,  1950,  3517,  3518,  3519,
    PETRIA6,     426,     1,  2010,   229,  1982,  3520,  3521,  3522,
    PETRIA6,     427,     1,  1939,  1865,  1899,  3523,  3524,  3525,
    PETRIA6,     428,     1,  1859,  1770,  1786,  3526,  3527,  3528,
    PETRIA6,     429,     1,  1754,  1744,   171,  3529,  3530,  3531,
    PETRIA6,     430,     1,  1678,  1619,   152,  3532,  3533,  3534,
    PETRIA6,     431,     1,  1185,  1041,  1122,  3535,  3536,  3537,
    PETRIA6,     432,     1,  1073,   986,   867,  3538,  3539,  3540,
    PETRIA6,     433,     1,  1230,  1140,  1219,  3541,  3491,  3542,
    PETRIA6,     434,     1,   678,    57,   594,  3543,  3544,  3545,
    PETRIA6,     435,     1,   748,   343,   678,  3546,  3547,  3548,
    PETRIA6,     436,     1,  1019,   953,   899,  3549,  3550,  3551,
    PETRIA6,     437,     1,  2227,  1247,  1336,  3552,  3553,  3554,
    PETRIA6,     438,     1,  1578,  1479,  1574,  3555,  3556,  3557,
    PETRIA6,     439,     1,  1663,  1546,  1618,  3558,  3559,  3560,
    PETRIA6,     440,     1,  1867,  1761,  1795,  3561,  3562,  3563,
    PETRIA6,     441,     1,  1978,   229,  1950,  3564,  3565,  3566,
    PETRIA6,     442,     1,  1900,  1865,   210,  3567,  3568,  3569,
    PETRIA6,     443,     1,  1736,   192,  1689,  3570,  3571,  3572,
    PETRIA6,     444,     1,  1705,  1627,  1679,  3573,  3574,  3575,
    PETRIA6,     445,     1,  1613,  1507,  1561,  3576,  3577,  3578,
    PETRIA6,     446,     1,  1170,  1028,  1113,  3579,  3580,  3581,
    PETRIA6,     447,     1,  1164,   876,   921,  3582,  3583,  3584,
    PETRIA6,     448,     1,  1073,   867,    96,  3540,  3585,  3586,
    PETRIA6,     449,     1,   679,    56,   593,  3587,  3588,  3589,
    PETRIA6,     450,     1,   747,   325,   679,  3590,  3591,  3592,
    PETRIA6,     451,     1,  1014,   946,   891,  3593,  3594,  3595,
    PETRIA6,     452,     1,  1446,  1329,  1239,  3596,  3597,  3598,
    PETRIA6,     453,     1,  1506,  1367,  1503,  3599,  3600,  3601,
    PETRIA6,     454,     1,  1657,  1618,  1581,  3602,  3603,  3604,
    PETRIA6,     455,     1,  1831,  1731,  1815,  3605,  3606,  3607,
    PETRIA6,     456,     1,  1906,  1878,  1841,  3608,  3609,  3610,
    PETRIA6,     457,     1,  1750,   193,  1715,  3611,  3612,  3613,
    PETRIA6,     458,     1,  1668,  1638,  1527,  3614,  3615,  3616,
    PETRIA6,     459,     1,  1562,   155,  1513,  3617,  3618,  3619,
    PETRIA6,     460,     1,  1561,  1256,   135,  3620,  3621,  3622,
    PETRIA6,     461,     1,  1081,   890,   930,  3623,  3624,  3625,
    PETRIA6,     462,     1,   876,    98,   841,  3626,  3627,  3628,
    PETRIA6,     463,     1,   680,    55,   592,  3629,  3630,  3631,
    PETRIA6,     464,     1,   746,   307,   680,  3632,  3633,  3634,
    PETRIA6,     465,     1,   998,   931,   878,  3635,  3636,  3637,
    PETRIA6,     466,     1,  1303,  1161,  1119,  3638,  3639,  3640,
    PETRIA6,     467,     1,  1428,  1375,  1320,  3641,  3642,  3643,
    PETRIA6,     468,     1,  1717,  1622,  1656,  3644,  3645,  3646,
    PETRIA6,     469,     1,  1916,  1827,  1849,  3647,  3648,  3649,
    PETRIA6,     470,     1,  1805,  1697,  1715,  3650,  3651,  3652,
    PETRIA6,     471,     1,  1614,   175,  1576,  3653,  3654,  3655,
    PETRIA6,     472,     1,  1483,  1389,  1438,  3656,  3657,  3658,
    PETRIA6,     473,     1,  1264,  1038,  1222,  3659,  3660,  3661,
    PETRIA6,     474,     1,   971,   901,   944,  3662,  3663,  3664,
    PETRIA6,     475,     1,   890,    99,   832,  3665,  3666,  3667,
    PETRIA6,     476,     1,   745,   681,   591,  3668,  3669,  3670,
    PETRIA6,     477,     1,   811,   745,   682,  3671,  3672,  3673,
    PETRIA6,     478,     1,   991,   926,   871,  3674,  3675,  3676,
    PETRIA6,     479,     1,  1190,  1119,  1052,  3677,  3678,  3679,
    PETRIA6,     480,     1,  1740,  1693,   232,  3680,  3681,  3682,
    PETRIA6,     481,     1,  1791,  1716,   195,  3683,  3684,  3685,
    PETRIA6,     482,     1,  1749,  1714,  1680,  3686,  3687,  3688,
    PETRIA6,     483,     1,  2255,  1568,  1608,  3689,  3690,  3691,
    PETRIA6,     484,     1,  1437,  1389,   156,  3692,  3693,  3694,
    PETRIA6,     485,     1,  1287,  1169,   137,  3695,  3696,  3697,
    PETRIA6,     486,     1,   972,   909,   960,  3698,  3699,  3700,
    PETRIA6,     487,     1,   901,   100,   833,  3701,  3702,  3703,
    PETRIA6,     488,     1,   744,   682,   590,  3704,  3705,  3706,
    PETRIA6,     489,     1,   812,   744,   683,  3707,  3708,  3709,
    PETRIA6,     490,     1,   982,   915,   860,  3710,  3711,  3712,
    PETRIA6,     491,     1,  1523,  1250,  1337,  3713,  3714,  3715,
    PETRIA6,     492,     1,  2256,  1451,  1598,  3716,  3717,  3718,
    PETRIA6,     493,     1,  1746,  1716,  1664,  3719,  3720,  3721,
    PETRIA6,     494,     1,  1617,  1584,  1520,  3722,  3723,  3724,
    PETRIA6,     495,     1,  1478,  1445,   157,  3725,  3726,  3727,
    PETRIA6,     496,     1,  1171,  1027,  1102,  3728,  3729,  3730,
    PETRIA6,     497,     1,  1088,   902,   955,  3731,  3732,  3733,
    PETRIA6,     498,     1,   909,   101,   834,  3734,  3735,  3736,
    PETRIA6,     499,     1,   743,   683,   589,  3737,  3738,  3739,
    PETRIA6,     500,     1,   813,   743,   684,  3740,  3741,  3742,
    PETRIA6,     501,     1,  1459,  1066,   235,  3743,  3744,  3745,
    PETRIA6,     502,     1,  1394,  1361,  1380,  3746,  3747,  3748,
    PETRIA6,     503,     1,  1630,  1536,  1504,  3749,  3750,  3751,
    PETRIA6,     504,     1,  1806,  1745,  1587,  3752,  3753,  3754,
    PETRIA6,     505,     1,  1419,  1364,   158,  3755,  3756,  3757,
    PETRIA6,     506,     1,  1186,  1039,  1114,  3758,  3759,  3760,
    PETRIA6,     507,     1,  1011,   889,   943,  3761,  3762,  3763,
    PETRIA6,     508,     1,   902,   102,   835,  3764,  3765,  3766,
    PETRIA6,     509,     1,   742,   684,   588,  3767,  3768,  3769,
    PETRIA6,     510,     1,  1007,   742,   685,  3770,  3771,  3772,
    PETRIA6,     511,     1,  1416,  1297,  1361,  3773,  3774,  3775,
    PETRIA6,     512,     1,  1379,  1165,  1241,  3776,  3777,  3778,
    PETRIA6,     513,     1,  1549,  1480,  1535,  3779,  3780,  3781,
    PETRIA6,     514,     1,  2226,  1540,  1573,  3782,  3783,  3784,
    PETRIA6,     515,     1,  1195,  1058,  1123,  3785,  3786,  3787,
    PETRIA6,     516,     1,   995,   875,   929,  3788,  3789,  3790,
    PETRIA6,     517,     1,   889,   103,   836,  3791,  3792,  3793,
    PETRIA6,     518,     1,   741,   685,   587,  3794,  3795,  3796,
    PETRIA6,     519,     1,   686,    49,   586,  3797,  3798,  3799,
    PETRIA6,     520,     1,  1198,   978,  1127,  3800,  3801,  3802,
    PETRIA6,     521,     1,  1447,  1241,  1315,  3803,  3804,  3805,
    PETRIA6,     522,     1,  1415,   161,  1360,  3806,  3807,  3808,
    PETRIA6,     523,     1,  1281,   142,  1249,  3809,  3810,  3811,
    PETRIA6,     524,     1,   985,   866,   920,  3812,  3813,  3814,
    PETRIA6,     525,     1,   875,   104,   837,  3815,  3816,  3817,
    PETRIA6,     526,     1,  1541,   741,   686,  3818,  3819,  3820,
    PETRIA6,     527,     1,   687,    48,   585,  3821,  3822,  3823,
    PETRIA6,     528,     1,  1127,  1064,   180,  3824,  3825,  3826,
    PETRIA6,     529,     1,  1462,  1360,   161,  3827,  3807,  3828,
    PETRIA6,     530,     1,  1249,  1046,   124,  3829,  3830,  3831,
    PETRIA6,     531,     1,  1226,  1217,  1142,  3832,  3833,  3834,
    PETRIA6,     532,     1,   920,   866,   104,  3813,  3835,  3836,
    PETRIA6,     533,     1,   740,   687,   199,  3837,  3838,  3839,
    PETRIA6,     534,     1,   688,    47,   584,  3840,  3841,  3842,
    PETRIA6,     535,     1,  1509,  1254,  1341,  3843,  3844,  3845,
    PETRIA6,     536,     1,  1175,  1033,  1115,  3846,  3847,  3848,
    PETRIA6,     537,     1,  1075,   987,   870,  3849,  3850,  3851,
    PETRIA6,     538,     1,  1231,  1142,  1217,  3852,  3833,  3853,
    PETRIA6,     539,     1,   739,   688,   181,  3854,  3855,  3856,
    PETRIA6,     540,     1,   689,    46,   583,  3857,  3858,  3859,
    PETRIA6,     541,     1,  1244,  1105,   144,  3860,  3861,  3862,
    PETRIA6,     542,     1,  1162,   884,   924,  3863,  3864,  3865,
    PETRIA6,     543,     1,   870,   107,   856,  3866,  3867,  3868,
    PETRIA6,     544,     1,   738,   689,   163,  3869,  3870,  3871,
    PETRIA6,     545,     1,   736,   691,   127,  3872,  3873,  3874,
    PETRIA6,     546,     1,  1174,  1078,   126,  3875,  3876,  3877,
    PETRIA6,     547,     1,   884,   108,   859,  3878,  3879,  3880,
    PETRIA6,     548,     1,  2236,   690,   736,  3881,  3882,  3883,
    PETRIA6,     549,     1,   735,   691,   581,  3884,  3885,  3886,
    PETRIA6,     550,     1,  1078,  1000,   937,  3887,  3888,  3889,
    PETRIA6,     551,     1,  1322,  1235,   127,  3890,  3891,  3892,
    PETRIA6,     552,     1,   692,    91,   628,  3893,  3894,  3895,
    PETRIA6,     553,     1,   693,    90,   627,  3896,  3897,  3898,
    PETRIA6,     554,     1,   694,    89,   626,  3899,  3900,  3901,
    PETRIA6,     555,     1,   695,    88,   625,  3902,  3903,  3904,
    PETRIA6,     556,     1,   696,    87,   624,  3905,  3906,  3907,
    PETRIA6,     557,     1,   697,    86,   623,  3908,  3909,  3910,
    PETRIA6,     558,     1,   698,    85,   622,  3911,  3912,  3913,
    PETRIA6,     559,     1,   699,    84,   621,  3914,  3915,  3916,
    PETRIA6,     560,     1,   700,    83,   620,  3917,  3918,  3919,
    PETRIA6,     561,     1,   701,    82,   619,  3920,  3921,  3922,
    PETRIA6,     562,     1,   702,    81,   618,  3923,  3924,  3925,
    PETRIA6,     563,     1,   770,   703,   617,  3926,  2283,  3927,
    PETRIA6,     564,     1,   769,   704,   616,  3928,  2280,  3929,
    PETRIA6,     565,     1,   768,   705,   615,  3930,  2277,  3931,
    PETRIA6,     566,     1,   767,   706,   614,  3932,  2274,  3933,
    PETRIA6,     567,     1,   767,   634,    95,  3934,  3935,  3936,
    PETRIA6,     568,     1,   766,   633,    94,  3937,  3938,  3939,
    PETRIA6,     569,     1,   765,   632,    93,  3940,  3941,  3942,
    PETRIA6,     570,     1,  1178,  1032,  1107,  3943,  3944,  3945,
    PETRIA6,     571,     1,  1107,  1032,   111,  3944,  3946,  2327,
    PETRIA6,     572,     1,  1045,   113,   988,  3947,  3948,  3949,
    PETRIA6,     573,     1,  1331,  1282,  1267,  3950,  3951,  3952,
    PETRIA6,     574,     1,  1057,   115,   986,  3953,  3954,  3955,
    PETRIA6,     575,     1,  1041,   116,   994,  3956,  3957,  3958,
    PETRIA6,     576,     1,  1028,   117,  1010,  3959,  3960,  3961,
    PETRIA6,     577,     1,  1156,   971,   117,  3962,  3963,  3964,
    PETRIA6,     578,     1,  1038,   119,   972,  3965,  3966,  3967,
    PETRIA6,     579,     1,  1149,  1099,   120,  3968,  3969,  3970,
    PETRIA6,     580,     1,  2224,  1027,   121,  3971,  3972,  3973,
    PETRIA6,     581,     1,  2239,  1039,   122,  3974,  3975,  3976,
    PETRIA6,     582,     1,  1058,   123,   985,  3977,  3978,  3979,
    PETRIA6,     583,     1,  1332,  1281,  1268,  3980,  3981,  3982,
    PETRIA6,     584,     1,  1046,   125,   987,  3983,  3984,  3985,
    PETRIA6,     585,     1,  1033,   126,  1001,  3986,  3987,  3988,
    PETRIA6,     586,     1,  1244,  1174,  1105,  3989,  3990,  3860,
    PETRIA6,     587,     1,  1246,  1107,  1179,  3991,  2326,  3992,
    PETRIA6,     588,     1,  1413,  1359,   148,  3993,  3994,  3995,
    PETRIA6,     589,     1,  1359,  1289,   130,  3996,  3997,  3998,
    PETRIA6,     590,     1,  1539,  1331,  1442,  3999,  4000,  4001,
    PETRIA6,     591,     1,  1302,   133,  1194,  4002,  4003,  4004,
    PETRIA6,     592,     1,  1423,   133,  1366,  4005,  4006,  4007,
    PETRIA6,     593,     1,  1688,  1619,  1678,  4008,  3532,  4009,
    PETRIA6,     594,     1,  1643,  1613,  1561,  4010,  3578,  4011,
    PETRIA6,     595,     1,  1354,   137,  1264,  4012,  4013,  4014,
    PETRIA6,     596,     1,  1438,  1389,   138,  3657,  4015,  4016,
    PETRIA6,     597,     1,  1263,   139,  1171,  4017,  4018,  4019,
    PETRIA6,     598,     1,  1278,   140,  1186,  4020,  4021,  4022,
    PETRIA6,     599,     1,  1300,   141,  1195,  4023,  4024,  4025,
    PETRIA6,     600,     1,  1540,  1332,  1443,  4026,  4027,  4028,
    PETRIA6,     601,     1,  1290,   143,  1187,  4029,  4030,  4031,
    PETRIA6,     602,     1,  1414,   143,  1360,  4032,  4033,  4034,
    PETRIA6,     603,     1,  1381,   145,  1244,  4035,  4036,  4037,
    PETRIA6,     604,     1,  1334,   146,  1255,  4038,  4039,  4040,
    PETRIA6,     605,     1,  1440,  1391,   147,  4041,  4042,  4043,
    PETRIA6,     606,     1,  1645,  1623,   167,  4044,  4045,  4046,
    PETRIA6,     607,     1,  1589,  1583,   150,  4047,  4048,  4049,
    PETRIA6,     608,     1,  1522,   151,  1422,  4050,  3434,  4051,
    PETRIA6,     609,     1,  1532,   152,  1468,  4052,  4053,  4054,
    PETRIA6,     610,     1,  1744,  1678,  1704,  4055,  4056,  4057,
    PETRIA6,     611,     1,  1644,   154,  1613,  4058,  4059,  4060,
    PETRIA6,     612,     1,  1627,   155,  1562,  4061,  3617,  4062,
    PETRIA6,     613,     1,  1527,   156,  1483,  4063,  4064,  4065,
    PETRIA6,     614,     1,  1515,   157,  1437,  4066,  4067,  4068,
    PETRIA6,     615,     1,  1667,  1576,   175,  4069,  3654,  4070,
    PETRIA6,     616,     1,  1520,   159,  1419,  4071,  4072,  4073,
    PETRIA6,     617,     1,  2226,  1587,   160,  4074,  4075,  4076,
    PETRIA6,     618,     1,  1518,   161,  1415,  4077,  3806,  4078,
    PETRIA6,     619,     1,  1489,  1462,   161,  4079,  3828,  4080,
    PETRIA6,     620,     1,  1254,  1126,   163,  4081,  4082,  4083,
    PETRIA6,     621,     1,  1065,   164,   979,  4084,  4085,  2575,
    PETRIA6,     622,     1,  1449,  1314,  1242,  4086,  4087,  4088,
    PETRIA6,     623,     1,  1551,  1533,  1482,  4089,  2334,  4090,
    PETRIA6,     624,     1,  1808,  1690,  1737,  4091,  4092,  4093,
    PETRIA6,     625,     1,  1737,  1690,   169,  4092,  4094,  4095,
    PETRIA6,     626,     1,  1649,   170,  1634,  4096,  4097,  4098,
    PETRIA6,     627,     1,  1842,   171,  1788,  4099,  4100,  4101,
    PETRIA6,     628,     1,  1735,   172,  1720,  4102,  4103,  4104,
    PETRIA6,     629,     1,  1770,   173,  1705,  4105,  4106,  4107,
    PETRIA6,     630,     1,  1647,   174,  1638,  4108,  4109,  4110,
    PETRIA6,     631,     1,  1683,   175,  1614,  4111,  3653,  4112,
    PETRIA6,     632,     1,  2255,  1697,   176,  4113,  4114,  4115,
    PETRIA6,     633,     1,  1680,   177,  1617,  4116,  4117,  4118,
    PETRIA6,     634,     1,  1709,  1664,   178,  4119,  4120,  4121,
    PETRIA6,     635,     1,  1549,  1535,   178,  3781,  4122,  4123,
    PETRIA6,     636,     1,  1241,  1165,   180,  3777,  4124,  4125,
    PETRIA6,     637,     1,  1064,   978,   181,  4126,  4127,  4128,
    PETRIA6,     638,     1,  1201,   979,   182,  4129,  4130,  4131,
    PETRIA6,     639,     1,  1324,  1166,   183,  2515,  4132,  4133,
    PETRIA6,     640,     1,  1641,  1629,  1605,  4134,  2456,  4135,
    PETRIA6,     641,     1,  1719,  1661,   185,  2336,  4136,  4137,
    PETRIA6,     642,     1,  1969,  1893,  1927,  4138,  4139,  4140,
    PETRIA6,     643,     1,  1927,  1893,  1850,  4139,  4141,  4142,
    PETRIA6,     644,     1,  1981,  1918,  1923,  4143,  4144,  2420,
    PETRIA6,     645,     1,  1879,   190,  1833,  4145,  3479,  4146,
    PETRIA6,     646,     1,  1891,   191,  1859,  4147,  4148,  4149,
    PETRIA6,     647,     1,  1899,  1865,   192,  3524,  4150,  4151,
    PETRIA6,     648,     1,  1813,   193,  1750,  4152,  3611,  4153,
    PETRIA6,     649,     1,  2248,  1841,   194,  4154,  4155,  4156,
    PETRIA6,     650,     1,  1849,   195,  1749,  4157,  4158,  4159,
    PETRIA6,     651,     1,  1751,   196,  1716,  4160,  4161,  4162,
    PETRIA6,     652,     1,  1536,  1451,   197,  4163,  4164,  4165,
    PETRIA6,     653,     1,  1430,  1325,   197,  4166,  4167,  4168,
    PETRIA6,     654,     1,  1297,   199,  1198,  4169,  4170,  4171,
    PETRIA6,     655,     1,  1417,   200,  1273,  4172,  4173,  4174,
    PETRIA6,     656,     1,  1393,   201,  1371,  4175,  4176,  4177,
    PETRIA6,     657,     1,  1580,  1525,   202,  2518,  4178,  4179,
    PETRIA6,     658,     1,  1760,  1725,   203,  2459,  4180,  4181,
    PETRIA6,     659,     1,  1892,   205,  1850,  2461,  4182,  4183,
    PETRIA6,     660,     1,  2056,   225,  2037,  2345,  4184,  4185,
    PETRIA6,     661,     1,  2102,  2041,  2056,  4186,  4187,  4188,
    PETRIA6,     662,     1,  2034,  2005,   208,  2417,  4189,  4190,
    PETRIA6,     663,     1,  1965,   209,  1949,  4191,  4192,  4193,
    PETRIA6,     664,     1,  1958,   210,  1939,  4194,  4195,  4196,
    PETRIA6,     665,     1,  2062,  2003,   228,  4197,  3474,  4198,
    PETRIA6,     666,     1,  1952,   212,  1906,  4199,  4200,  4201,
    PETRIA6,     667,     1,  1815,  1731,   213,  3606,  4202,  4203,
    PETRIA6,     668,     1,  1656,  1622,   232,  3645,  4204,  4205,
    PETRIA6,     669,     1,  1807,  1526,   215,  4206,  4207,  4208,
    PETRIA6,     670,     1,  1455,   216,  1394,  4209,  4210,  4211,
    PETRIA6,     671,     1,  1454,   217,  1416,  4212,  4213,  4214,
    PETRIA6,     672,     1,  1151,   218,  1068,  4215,  4216,  4217,
    PETRIA6,     673,     1,  1274,  1228,   219,  2640,  4218,  4219,
    PETRIA6,     674,     1,  1512,  1399,   220,  4220,  4221,  4222,
    PETRIA6,     675,     1,  1794,  1760,   203,  2521,  4181,  4223,
    PETRIA6,     676,     1,  2007,  1990,   222,  4224,  4225,  4226,
    PETRIA6,     677,     1,  2017,  1959,  1976,  4227,  4228,  4229,
    PETRIA6,     678,     1,  2145,  2131,  2080,  4230,  4231,  4232,
    PETRIA6,     679,     1,  2145,   225,  2127,  4233,  4234,  4235,
    PETRIA6,     680,     1,  2075,   227,  2035,  4236,  4237,  4238,
    PETRIA6,     681,     1,  2071,   228,  2033,  4239,  3473,  4240,
    PETRIA6,     682,     1,  2092,   229,  2062,  4241,  4242,  4243,
    PETRIA6,     683,     1,  1950,  1885,   230,  3518,  4244,  4245,
    PETRIA6,     684,     1,  1883,  1867,  1795,  4246,  3563,  4247,
    PETRIA6,     685,     1,  1622,  1581,   232,  4248,  4249,  4204,
    PETRIA6,     686,     1,  1472,  1428,  1320,  4250,  3643,  4251,
    PETRIA6,     687,     1,  1250,  1190,  1052,  4252,  3679,  4253,
    PETRIA6,     688,     1,  1066,   860,   235,  4254,  4255,  3744,
    PETRIA6,     689,     1,   916,   862,   236,  4256,  4257,  4258,
    PETRIA6,     690,     1,  1120,  1053,   237,  4259,  4260,  4261,
    PETRIA6,     691,     1,  1376,  1321,   238,  4262,  4263,  4264,
    PETRIA6,     692,     1,  2141,  2118,  2067,  4265,  4266,  4267,
    PETRIA6,     693,     1,  2114,  2047,  2084,  4268,  4269,  2523,
    PETRIA6,     694,     1,  2083,  2047,   241,  4270,  4271,  4272,
    PETRIA6,     695,     1,  2170,  2125,   242,  4273,  4274,  4275,
    PETRIA6,     696,     1,  2191,  2155,  2159,  4276,  4277,  4278,
    PETRIA6,     697,     1,  2159,  2155,   244,  4277,  4279,  4280,
    PETRIA6,     698,     1,  2169,  2163,  2157,  2412,  4281,  4282,
    PETRIA6,     699,     1,  2072,  2049,  1997,  4283,  3418,  4284,
    PETRIA6,     700,     1,  1996,  1984,  1932,  4285,  3469,  4286,
    PETRIA6,     701,     1,  1761,  1727,   249,  3515,  4287,  4288,
    PETRIA6,     702,     1,  1618,  1546,   250,  3559,  4289,  4290,
    PETRIA6,     703,     1,  1375,  1367,   251,  4291,  4292,  4293,
    PETRIA6,     704,     1,  1161,   991,   252,  4294,  4295,  4296,
    PETRIA6,     705,     1,   915,   871,   253,  4297,  4298,  4299,
    PETRIA6,     706,     1,   927,   873,   254,  4300,  4301,  4302,
    PETRIA6,     707,     1,  1147,  1060,   255,  4303,  4304,  4305,
    PETRIA6,     708,     1,  1490,  1317,   256,  4306,  4307,  4308,
    PETRIA6,     709,     1,  2119,   257,  2079,  4309,  2708,  4310,
    PETRIA6,     710,     1,  2129,   258,  2088,  4311,  2648,  4312,
    PETRIA6,     711,     1,  2168,  2154,  2130,  4313,  4314,  4315,
    PETRIA6,     712,     1,  2175,  2154,   260,  4316,  4317,  4318,
    PETRIA6,     713,     1,  2173,   262,  2159,  4319,  4320,  4321,
    PETRIA6,     714,     1,  2166,  2108,  2147,  4322,  4323,  4324,
    PETRIA6,     715,     1,  2166,  2153,  2108,  4325,  4326,  4322,
    PETRIA6,     716,     1,  2050,   265,  2029,  4327,  4328,  4329,
    PETRIA6,     717,     1,  1908,  1871,   266,  3414,  4330,  4331,
    PETRIA6,     718,     1,  1837,  1764,   266,  4332,  4333,  4334,
    PETRIA6,     719,     1,  1632,  1599,   268,  4335,  4336,  4337,
    PETRIA6,     720,     1,  1506,  1479,   269,  4338,  4339,  4340,
    PETRIA6,     721,     1,  1329,   998,   270,  4341,  4342,  4343,
    PETRIA6,     722,     1,   878,   811,   271,  4344,  4345,  4346,
    PETRIA6,     723,     1,   881,   821,   272,  4347,  4348,  4349,
    PETRIA6,     724,     1,  1145,  1055,   273,  4350,  4351,  4352,
    PETRIA6,     725,     1,  1492,  1312,   274,  4353,  4354,  4355,
    PETRIA6,     726,     1,  2044,   275,  2001,  4356,  4357,  4358,
    PETRIA6,     727,     1,  2032,   276,  2019,  4359,  4360,  4361,
    PETRIA6,     728,     1,  2138,  2115,   277,  4362,  4363,  4364,
    PETRIA6,     729,     1,  2206,  2199,   278,  4365,  4366,  4367,
    PETRIA6,     730,     1,  2202,   279,  2196,  4368,  4369,  4370,
    PETRIA6,     731,     1,  2201,  2181,  2192,  4371,  4372,  4373,
    PETRIA6,     732,     1,  2057,   301,  2014,  4374,  4375,  4376,
    PETRIA6,     733,     1,  2116,  2038,   282,  4377,  4378,  2354,
    PETRIA6,     734,     1,  1914,  1913,   284,  4379,  4380,  4381,
    PETRIA6,     735,     1,  1810,  1774,   285,  4382,  4383,  4384,
    PETRIA6,     736,     1,  1658,  1625,   304,  3462,  4385,  4386,
    PETRIA6,     737,     1,  1529,  1470,   305,  3509,  4387,  4388,
    PETRIA6,     738,     1,  2220,  1402,  1486,  4389,  4390,  4391,
    PETRIA6,     739,     1,   891,   824,   289,  4392,  4393,  4394,
    PETRIA6,     740,     1,   894,   820,   290,  4395,  4396,  4397,
    PETRIA6,     741,     1,  1143,  1043,   291,  4398,  4399,  4400,
    PETRIA6,     742,     1,  1494,  1310,   292,  4401,  4402,  4403,
    PETRIA6,     743,     1,  1940,   293,  1887,  4404,  2834,  4405,
    PETRIA6,     744,     1,  1963,   294,  1937,  4406,  4407,  4408,
    PETRIA6,     745,     1,  2063,  2043,   295,  4409,  4410,  4411,
    PETRIA6,     746,     1,  2137,  2107,   296,  4412,  4413,  4414,
    PETRIA6,     747,     1,  2190,  2176,   297,  2533,  4415,  4416,
    PETRIA6,     748,     1,  2219,  2216,   299,  4417,  4418,  4419,
    PETRIA6,     749,     1,  2185,  2133,  2178,  4420,  4421,  4422,
    PETRIA6,     750,     1,  1968,  1886,  1951,  4423,  4424,  4425,
    PETRIA6,     751,     1,  1968,  1951,   301,  4425,  4426,  4427,
    PETRIA6,     752,     1,  1792,  1758,   321,  2402,  4428,  4429,
    PETRIA6,     753,     1,  1625,  1586,   304,  3408,  4430,  4385,
    PETRIA6,     754,     1,  1470,  1424,  1304,  4431,  3460,  4432,
    PETRIA6,     755,     1,  1247,  1182,  1034,  4433,  3507,  4434,
    PETRIA6,     756,     1,   899,   825,   307,  4435,  4436,  4437,
    PETRIA6,     757,     1,   900,   819,   308,  4438,  4439,  4440,
    PETRIA6,     758,     1,  1109,  1037,   309,  4441,  4442,  4443,
    PETRIA6,     759,     1,  1387,  1307,   310,  4444,  4445,  4446,
    PETRIA6,     760,     1,  1839,   311,  1776,  4447,  4448,  4449,
    PETRIA6,     761,     1,  1961,  1937,  1903,  4450,  2776,  4451,
    PETRIA6,     762,     1,  2070,  2021,   313,  4452,  4453,  4454,
    PETRIA6,     763,     1,  2151,  2132,   314,  4455,  4456,  4457,
    PETRIA6,     764,     1,  2194,   315,  2174,  4458,  4459,  4460,
    PETRIA6,     765,     1,  2210,   316,  2198,  4461,  4462,  4463,
    PETRIA6,     766,     1,  2204,   317,  2187,  4464,  4465,  4466,
    PETRIA6,     767,     1,  2214,  2074,  2098,  4467,  4468,  4469,
    PETRIA6,     768,     1,  1798,  1723,  1758,  4470,  4471,  4472,
    PETRIA6,     769,     1,  1798,  1765,  1723,  4473,  4474,  4470,
    PETRIA6,     770,     1,  1596,  1528,   322,  2399,  4475,  4476,
    PETRIA6,     771,     1,  1425,   323,  1368,  4477,  4478,  4479,
    PETRIA6,     772,     1,  1157,   973,   324,  4480,  4481,  4482,
    PETRIA6,     773,     1,   903,   826,   325,  4483,  4484,  4485,
    PETRIA6,     774,     1,   906,   818,   326,  4486,  4487,  4488,
    PETRIA6,     775,     1,  1104,  1030,   327,  4489,  4490,  4491,
    PETRIA6,     776,     1,  1384,  1296,   328,  4492,  4493,  4494,
    PETRIA6,     777,     1,  1702,   329,  1674,  4495,  4496,  4497,
    PETRIA6,     778,     1,  1830,   330,  1803,  4498,  4499,  4500,
    PETRIA6,     779,     1,  1846,   331,  1843,  4501,  4502,  4503,
    PETRIA6,     780,     1,  2113,   332,  2100,  4504,  4505,  4506,
    PETRIA6,     781,     1,  2189,  2174,  2161,  4507,  2659,  4508,
    PETRIA6,     782,     1,  2195,  2180,  2188,  4509,  4510,  4511,
    PETRIA6,     783,     1,  2177,  2148,  2164,  4512,  2538,  4513,
    PETRIA6,     784,     1,  2051,  2030,  1999,  4514,  4515,  2479,
    PETRIA6,     785,     1,  1983,  1912,  1933,  4516,  4517,  2360,
    PETRIA6,     786,     1,  1699,  1673,  1635,  4518,  4519,  4520,
    PETRIA6,     787,     1,  1699,   357,  1673,  4521,  4522,  4518,
    PETRIA6,     788,     1,  1502,  1293,   341,  4523,  4524,  4525,
    PETRIA6,     789,     1,  1153,  1047,   342,  4526,  4527,  4528,
    PETRIA6,     790,     1,   907,   827,   343,  4529,  4530,  3503,
    PETRIA6,     791,     1,   908,   817,   344,  4531,  4532,  3189,
    PETRIA6,     792,     1,  1152,  1048,   345,  4533,  4534,  4535,
    PETRIA6,     793,     1,  1501,  1294,   346,  4536,  4537,  4538,
    PETRIA6,     794,     1,  1675,   347,  1670,  4539,  4540,  4541,
    PETRIA6,     795,     1,  1724,   348,  1653,  4542,  2962,  4543,
    PETRIA6,     796,     1,  1804,  1773,   349,  4544,  4545,  4546,
    PETRIA6,     797,     1,  1905,   350,  1875,  4547,  4548,  4549,
    PETRIA6,     798,     1,  1994,   351,  1979,  4550,  4551,  4552,
    PETRIA6,     799,     1,  2126,  2109,  2104,  2661,  4553,  4554,
    PETRIA6,     800,     1,  2142,  2120,   354,  4555,  4556,  4557,
    PETRIA6,     801,     1,  2091,  2087,   354,  4558,  4559,  4560,
    PETRIA6,     802,     1,  1935,  1872,  1912,  4561,  2481,  4562,
    PETRIA6,     803,     1,  1838,  1811,  1772,  4563,  4564,  4565,
    PETRIA6,     804,     1,  1433,  1386,  1295,  4566,  4567,  4568,
    PETRIA6,     805,     1,  1433,  1385,   358,  4569,  4570,  4571,
    PETRIA6,     806,     1,  1103,  1029,   360,  4572,  4573,  4574,
    PETRIA6,     807,     1,   904,   828,   361,  4575,  4576,  4577,
    PETRIA6,     808,     1,   905,   816,   362,  4578,  4579,  4580,
    PETRIA6,     809,     1,  1158,   974,   363,  4581,  4582,  4583,
    PETRIA6,     810,     1,  1485,   364,  1305,  4584,  4585,  3141,
    PETRIA6,     811,     1,  1686,  1670,  1606,  4586,  3024,  4587,
    PETRIA6,     812,     1,  1547,   366,  1458,  4588,  4589,  4590,
    PETRIA6,     813,     1,  1733,  1692,   367,  4591,  4592,  4593,
    PETRIA6,     814,     1,  1847,  1823,   368,  2844,  4594,  2906,
    PETRIA6,     815,     1,  1938,   369,  1919,  4595,  4596,  4597,
    PETRIA6,     816,     1,  2009,   370,  1980,  4598,  4599,  4600,
    PETRIA6,     817,     1,  2076,  2046,   371,  4601,  4602,  4603,
    PETRIA6,     818,     1,  2059,  2055,   373,  4604,  2668,  4605,
    PETRIA6,     819,     1,  1975,  1945,  1896,  4606,  4607,  4608,
    PETRIA6,     820,     1,  1904,  1902,   375,  4609,  4610,  4611,
    PETRIA6,     821,     1,  1742,  1673,   357,  4612,  4522,  4613,
    PETRIA6,     822,     1,  1180,  1144,  1036,  4614,  4615,  4616,
    PETRIA6,     823,     1,  1180,  1036,  1108,  4616,  4617,  4618,
    PETRIA6,     824,     1,   897,   829,   379,  4619,  4620,  4621,
    PETRIA6,     825,     1,   898,   815,   380,  4622,  4623,  4624,
    PETRIA6,     826,     1,  1248,  1221,   382,  4625,  4626,  4627,
    PETRIA6,     827,     1,  1154,   382,  1136,  4628,  4629,  4630,
    PETRIA6,     828,     1,  1340,   383,  1238,  4631,  4632,  3144,
    PETRIA6,     829,     1,  1326,   384,  1258,  4633,  4634,  4635,
    PETRIA6,     830,     1,  1626,  1544,   385,  4636,  3027,  4637,
    PETRIA6,     831,     1,  1782,  1730,   386,  4638,  4639,  4640,
    PETRIA6,     832,     1,  1895,   387,  1860,  4641,  4642,  4643,
    PETRIA6,     833,     1,  2065,   371,  1980,  4644,  4645,  4646,
    PETRIA6,     834,     1,  1897,   389,  1861,  4647,  4648,  4649,
    PETRIA6,     835,     1,  2006,   390,  1955,  4650,  4651,  4652,
    PETRIA6,     836,     1,  2024,  2013,  1974,  4653,  4654,  4655,
    PETRIA6,     837,     1,  1936,  1873,  1902,  4656,  4657,  2548,
    PETRIA6,     838,     1,  1888,   394,  1877,  2551,  4658,  4659,
    PETRIA6,     839,     1,  1495,  1306,  1434,  4660,  4661,  4662,
    PETRIA6,     840,     1,  1012,   932,   892,  4663,  4664,  4665,
    PETRIA6,     841,     1,   892,   830,   397,  4666,  4667,  4668,
    PETRIA6,     842,     1,   893,   814,   398,  4669,  4670,  4671,
    PETRIA6,     843,     1,  1221,  1085,   382,  4672,  4673,  4626,
    PETRIA6,     844,     1,  1026,   400,   913,  4674,  4675,  4676,
    PETRIA6,     845,     1,  1257,  1205,  1238,  4677,  3145,  4678,
    PETRIA6,     846,     1,  1138,   402,  1094,  4679,  4680,  4681,
    PETRIA6,     847,     1,  1355,   403,  1275,  4682,  4683,  4684,
    PETRIA6,     848,     1,  1780,  1728,   404,  3033,  4685,  4686,
    PETRIA6,     849,     1,  1763,   405,  1708,  4687,  2971,  4688,
    PETRIA6,     850,     1,  1771,   406,  1691,  4689,  2911,  4690,
    PETRIA6,     851,     1,  1861,  1816,  1826,  4691,  4692,  2790,
    PETRIA6,     852,     1,  1911,  1882,   408,  4693,  4694,  4695,
    PETRIA6,     853,     1,  2002,   409,  1993,  4696,  4697,  4698,
    PETRIA6,     854,     1,  2042,  2018,  1962,  4699,  4700,  4701,
    PETRIA6,     855,     1,  2000,  1989,  1941,  4702,  4703,  4704,
    PETRIA6,     856,     1,  1558,  1493,  1309,  4705,  4706,  4707,
    PETRIA6,     857,     1,  1208,  1146,  1042,  4708,  4709,  4710,
    PETRIA6,     858,     1,   880,   809,   416,  4711,  4712,  4713,
    PETRIA6,     859,     1,   801,   417,   786,  4714,  4715,  4716,
    PETRIA6,     860,     1,   895,   418,   848,  4717,  4718,  4719,
    PETRIA6,     861,     1,   917,   419,   863,  4720,  4721,  4722,
    PETRIA6,     862,     1,  1137,   969,   421,  4723,  4724,  4725,
    PETRIA6,     863,     1,  1265,  1223,   421,  3095,  4726,  4727,
    PETRIA6,     864,     1,  1567,  1519,   422,  4728,  4729,  4730,
    PETRIA6,     865,     1,  1633,   423,  1563,  4731,  4732,  3034,
    PETRIA6,     866,     1,  1595,   424,  1542,  4733,  4734,  4735,
    PETRIA6,     867,     1,  1762,  1739,   425,  4736,  4737,  4738,
    PETRIA6,     868,     1,  1848,  1824,   426,  2793,  4739,  4740,
    PETRIA6,     869,     1,  1942,   427,  1901,  4741,  4742,  4743,
    PETRIA6,     870,     1,  2015,   428,  1964,  4744,  4745,  4746,
    PETRIA6,     871,     1,  2058,  2039,   429,  2614,  4747,  4748,
    PETRIA6,     872,     1,  1556,  1491,  1311,  4749,  4750,  4751,
    PETRIA6,     873,     1,  1210,  1148,  1054,  4752,  4753,  4754,
    PETRIA6,     874,     1,   996,   925,   879,  4755,  4756,  4757,
    PETRIA6,     875,     1,   804,   799,   789,  4758,  3303,  4759,
    PETRIA6,     876,     1,   965,   864,   435,  4760,  4761,  4762,
    PETRIA6,     877,     1,  1061,   980,   435,  4763,  4764,  4765,
    PETRIA6,     878,     1,  1369,   436,  1308,  4766,  4767,  4768,
    PETRIA6,     879,     1,  1563,  1496,  1457,  4769,  4770,  4771,
    PETRIA6,     880,     1,  1397,   438,  1333,  4772,  4773,  4774,
    PETRIA6,     881,     1,  1601,   439,  1543,  4775,  4776,  2978,
    PETRIA6,     882,     1,  1640,   440,  1590,  4777,  4778,  4779,
    PETRIA6,     883,     1,  1862,  1852,  1832,  2796,  4780,  4781,
    PETRIA6,     884,     1,  1944,  1898,  1894,  2736,  4782,  4783,
    PETRIA6,     885,     1,  1954,   443,  1946,  4784,  4785,  4786,
    PETRIA6,     886,     1,  1554,  1374,  1316,  4787,  4788,  4789,
    PETRIA6,     887,     1,  1212,  1118,  1059,  4790,  4791,  4792,
    PETRIA6,     888,     1,   990,   914,   872,  4793,  4794,  4795,
    PETRIA6,     889,     1,   783,   562,   448,  4796,  4797,  3254,
    PETRIA6,     890,     1,  1062,   918,   448,  4798,  3255,  4799,
    PETRIA6,     891,     1,  1096,    27,   630,  4800,  3256,  3337,
    PETRIA6,     892,     1,  1262,  1220,   449,  3154,  4801,  3207,
    PETRIA6,     893,     1,  1213,   450,  1097,  4802,  4803,  4804,
    PETRIA6,     894,     1,  1276,  1234,   452,  4805,  4806,  4807,
    PETRIA6,     895,     1,  1473,   452,  1395,  4808,  4809,  4810,
    PETRIA6,     896,     1,  1566,  1514,   454,  4811,  4812,  4813,
    PETRIA6,     897,     1,  1734,   454,  1685,  4814,  4815,  4816,
    PETRIA6,     898,     1,  1820,   455,  1809,  4817,  4818,  4819,
    PETRIA6,     899,     1,  1909,  1880,   456,  4820,  4821,  4822,
    PETRIA6,     900,     1,  1500,  1319,  1427,  4823,  4824,  4825,
    PETRIA6,     901,     1,  1352,  1051,  1191,  4826,  4827,  4828,
    PETRIA6,     902,     1,  1067,   861,   981,  4829,  4830,  4831,
    PETRIA6,     903,     1,  1134,   461,   797,  4832,  4833,  4834,
    PETRIA6,     904,     1,  1024,   462,   963,  4835,  4836,  4837,
    PETRIA6,     905,     1,  1168,  1098,   463,  3104,  4838,  4839,
    PETRIA6,     906,     1,  1280,   464,  1236,  4840,  4841,  4842,
    PETRIA6,     907,     1,  1456,   465,  1450,  4843,  4844,  4845,
    PETRIA6,     908,     1,  1620,   466,  1585,  4846,  4847,  4848,
    PETRIA6,     909,     1,  1747,  1732,   467,  4849,  4850,  4851,
    PETRIA6,     910,     1,  1825,  1759,  1793,  4852,  2801,  4853,
    PETRIA6,     911,     1,  1615,  1500,   457,  4854,  4855,  4856,
    PETRIA6,     912,     1,  1370,  1227,  1272,  4857,  2681,  4858,
    PETRIA6,     913,     1,  1271,  1232,  1150,  4859,  4860,  4861,
    PETRIA6,     914,     1,   787,    26,   558,  3260,  4862,  3262,
    PETRIA6,     915,     1,   847,   462,   787,  4863,  4864,  4865,
    PETRIA6,     916,     1,   853,   785,   806,  4866,  3265,  4867,
    PETRIA6,     917,     1,  1022,   961,   474,  4868,  4869,  4870,
    PETRIA6,     918,     1,  1203,  1141,   475,  4871,  4872,  4873,
    PETRIA6,     919,     1,  1373,   476,  1318,  4874,  4875,  4876,
    PETRIA6,     920,     1,  1537,  1452,   477,  2984,  4877,  4878,
    PETRIA6,     921,     1,  1707,  1682,   478,  2924,  4879,  4880,
    PETRIA6,     922,     1,  1759,  1752,  1726,  4881,  4882,  2864,
    PETRIA6,     923,     1,  1650,  1524,  1579,  4883,  2804,  4884,
    PETRIA6,     924,     1,  1497,  1323,  1377,  4885,  4886,  4887,
    PETRIA6,     925,     1,  1299,   482,  1197,  4888,  4889,  4890,
    PETRIA6,     926,     1,   962,   950,   877,  3213,  4891,  4892,
    PETRIA6,     927,     1,  1082,  1023,   485,  4893,  4894,  4895,
    PETRIA6,     928,     1,  1261,  1214,   486,  3110,  4896,  4897,
    PETRIA6,     929,     1,  1548,  1505,   487,  4898,  4899,  4900,
    PETRIA6,     930,     1,  1757,   488,  1609,  4901,  4902,  4903,
    PETRIA6,     931,     1,  1722,  1662,  1718,  4904,  2926,  4905,
    PETRIA6,     932,     1,  1631,  1550,  1604,  4906,  4907,  2867,
    PETRIA6,     933,     1,  1343,  1167,  1323,  4908,  2807,  4909,
    PETRIA6,     934,     1,  1125,  1063,   977,  4910,  2812,  4911,
    PETRIA6,     935,     1,   798,   788,    24,  4912,  3345,  4913,
    PETRIA6,     936,     1,  1259,  1133,   494,  4914,  4915,  4916,
    PETRIA6,     937,     1,  1484,  1453,   496,  4917,  4918,  4919,
    PETRIA6,     938,     1,  1531,   496,  1467,  4920,  4921,  4922,
    PETRIA6,     939,     1,  1521,   497,  1420,  4923,  3115,  4924,
    PETRIA6,     940,     1,  1588,  1582,   498,  4925,  4926,  4927,
    PETRIA6,     941,     1,  1534,  1516,  1481,  4928,  4929,  2930,
    PETRIA6,     942,     1,  1487,  1448,   500,  4930,  4931,  4932,
    PETRIA6,     943,     1,  1253,  1124,  1196,  4933,  4934,  4935,
    PETRIA6,     944,     1,  1405,  1390,  1383,  4936,  4937,  4938,
    PETRIA6,     945,     1,  1269,   505,  1177,  4939,  4940,  4941,
    PETRIA6,     946,     1,  1288,   506,  1188,  4942,  4943,  4944,
    PETRIA6,     947,     1,  1538,  1330,  1441,  4945,  4946,  4947,
    PETRIA6,     948,     1,  1301,   508,  1193,  4948,  4949,  4950,
    PETRIA6,     949,     1,  1421,  1411,   509,  4951,  4952,  4953,
    PETRIA6,     950,     1,  1436,   510,  1357,  4954,  4955,  3219,
    PETRIA6,     951,     1,  1237,   511,   941,  4956,  3349,  4957,
    PETRIA6,     952,     1,   887,   805,   512,  4958,  4959,  3367,
    PETRIA6,     953,     1,  1050,  1008,   513,  4960,  4961,  4962,
    PETRIA6,     954,     1,  1040,   514,   993,  4963,  4964,  4965,
    PETRIA6,     955,     1,  1056,   515,   984,  4966,  4967,  4968,
    PETRIA6,     956,     1,  1330,  1283,  1266,  4969,  4970,  4971,
    PETRIA6,     957,     1,  1044,   517,   989,  4972,  4973,  4974,
    PETRIA6,     958,     1,  1116,  1086,  1031,  4975,  4976,  4977,
    PETRIA6,     959,     1,  1176,  1106,   519,  2936,  4978,  4979,
    PETRIA6,     960,     1,   810,   803,   521,  4980,  4981,  4982,
    PETRIA6,     961,     1,   888,   522,   843,  4983,  4984,  4985,
    PETRIA6,     962,     1,   874,   523,   840,  4986,  4987,  4988,
    PETRIA6,     963,     1,   865,   524,   839,  4989,  4990,  4991,
    PETRIA6,     964,     1,  1229,  1139,  1218,  4992,  3175,  4993,
    PETRIA6,     965,     1,   869,   526,   854,  4994,  4995,  4996,
    PETRIA6,     966,     1,   883,   527,   857,  4997,  4998,  4999,
    PETRIA6,     967,     1,  1004,   936,   528,  5000,  5001,  5002,
    PETRIA6,     968,     1,   808,    20,   569,  3334,  5003,  5004,
    PETRIA6,     969,     1,   707,   531,     1,  3323,  5005,  5006,
    PETRIA6,     970,     1,   814,   708,   670,  5007,  5008,  5009,
    PETRIA6,     971,     1,   815,   709,   669,  5010,  5011,  5012,
    PETRIA6,     972,     1,   816,   710,   668,  5013,  5014,  5015,
    PETRIA6,     973,     1,   817,   711,   666,  5016,  5017,  5018,
    PETRIA6,     974,     1,   818,   664,   326,  5019,  3186,  4487,
    PETRIA6,     975,     1,   819,   662,   308,  5020,  3133,  4439,
    PETRIA6,     976,     1,   820,   660,   290,  5021,  3077,  4396,
    PETRIA6,     977,     1,   821,   657,   272,  5022,  3011,  4348,
    PETRIA6,     978,     1,   822,   655,   254,  5023,  2948,  5024,
    PETRIA6,     979,     1,   823,   653,   236,  5025,  2885,  5026,
    PETRIA6,     980,     1,   718,   651,   218,  5027,  5028,  5029,
    PETRIA6,     981,     1,   719,    13,   649,  5030,  2756,  5031,
    PETRIA6,     982,     1,   720,    14,   647,  5032,  2693,  5033,
    PETRIA6,     983,     1,   721,    15,   645,  5034,  2630,  5035,
    PETRIA6,     984,     1,   722,    16,   643,  5036,  2568,  5037,
    PETRIA6,     985,     1,   723,    17,   641,  5038,  2505,  5039,
    PETRIA6,     986,     1,   724,    18,   639,  5040,  2442,  5041,
    PETRIA6,     987,     1,   725,   636,    92,  5042,  5043,  5044,
    PETRIA6,     988,     1,   550,    32,   579,  5045,  5046,  3390,
    PETRIA6,     989,     1,   551,   550,   521,  5047,  5048,  3387,
    PETRIA6,     990,     1,   802,   552,    22,  5049,  5050,  5051,
    PETRIA6,     991,     1,   802,   791,   552,  5052,  5053,  5049,
    PETRIA6,     992,     1,   794,   793,    23,  5054,  3362,  5055,
    PETRIA6,     993,     1,   800,   556,   555,  3342,  5056,  5057,
    PETRIA6,     994,     1,   785,   557,    25,  5058,  5059,  5060,
    PETRIA6,     995,     1,   558,   557,   473,  5061,  5062,  3263,
    PETRIA6,     996,     1,   797,   559,    26,  5063,  5064,  3259,
    PETRIA6,     997,     1,   560,   559,   461,  5065,  5066,  5067,
    PETRIA6,     998,     1,   561,    27,  1096,  5068,  4800,  5069,
    PETRIA6,     999,     1,   562,   561,   448,  5070,  5071,  4797,
    PETRIA6,    1000,     1,   846,   563,    28,  5072,  5073,  5074,
    PETRIA6,    1001,     1,   789,   563,   434,  5075,  5076,  5077,
    PETRIA6,    1002,     1,   796,   566,    30,  3315,  5078,  5079,
    PETRIA6,    1003,     1,   786,   567,   566,  5080,  5081,  3314,
    PETRIA6,    1004,     1,   568,    31,   416,  5082,  5083,  5084,
    PETRIA6,    1005,     1,   569,   568,   416,  5085,  5084,  5086,
    PETRIA6,    1006,     1,   570,    42,   609,  5087,  5088,  3068,
    PETRIA6,    1007,     1,   726,    33,   659,  5089,  5090,  3064,
    PETRIA6,    1008,     1,   727,   572,    34,  3128,  5091,  5092,
    PETRIA6,    1009,     1,   728,   573,    35,  3181,  5093,  5094,
    PETRIA6,    1010,     1,   729,   574,    36,  3232,  5095,  5096,
    PETRIA6,    1011,     1,   730,   575,    37,  3285,  5097,  5098,
    PETRIA6,    1012,     1,   731,   576,    38,  3360,  5099,  5100,
    PETRIA6,    1013,     1,   732,   577,    39,  3374,  5101,  5102,
    PETRIA6,    1014,     1,   733,   674,   578,  5103,  5104,  3383,
    PETRIA6,    1015,     1,   734,   579,    41,  3391,  5105,  5106,
    PETRIA6,    1016,     1,   580,    72,   629,  5107,  5108,  2315,
    PETRIA6,    1017,     1,   735,    43,   635,  5109,  5110,  5111,
    PETRIA6,    1018,     1,   736,    44,   691,  5112,  5113,  3872,
    PETRIA6,    1019,     1,   737,    45,   690,  5114,  5115,  5116,
    PETRIA6,    1020,     1,   738,   584,    46,  5117,  5118,  5119,
    PETRIA6,    1021,     1,   739,   585,    47,  5120,  5121,  5122,
    PETRIA6,    1022,     1,   740,   586,    48,  5123,  5124,  5125,
    PETRIA6,    1023,     1,   741,   587,    49,  3796,  5126,  5127,
    PETRIA6,    1024,     1,   742,   588,    50,  3769,  5128,  5129,
    PETRIA6,    1025,     1,   743,   589,    51,  3739,  5130,  5131,
    PETRIA6,    1026,     1,   744,   590,    52,  3706,  5132,  5133,
    PETRIA6,    1027,     1,   745,   591,    53,  3670,  5134,  5135,
    PETRIA6,    1028,     1,   824,   746,   681,  5136,  5137,  5138,
    PETRIA6,    1029,     1,   825,   747,   680,  5139,  5140,  5141,
    PETRIA6,    1030,     1,   826,   748,   679,  5142,  5143,  5144,
    PETRIA6,    1031,     1,   827,   749,   678,  5145,  5146,  5147,
    PETRIA6,    1032,     1,   828,   677,   361,  5148,  3500,  4576,
    PETRIA6,    1033,     1,   829,   676,   379,  5149,  3450,  4620,
    PETRIA6,    1034,     1,   830,   675,   397,  5150,  3396,  4667,
    PETRIA6,    1035,     1,   831,   638,   415,  5151,  2387,  2375,
    PETRIA6,    1036,     1,   754,   640,   600,  2504,  5152,  2499,
    PETRIA6,    1037,     1,   755,   642,   601,  5153,  5154,  2562,
    PETRIA6,    1038,     1,   756,   644,   602,  2629,  5155,  2624,
    PETRIA6,    1039,     1,   757,    65,   644,  5156,  5157,  5158,
    PETRIA6,    1040,     1,   758,    66,   646,  5159,  5160,  5161,
    PETRIA6,    1041,     1,   759,    67,   648,  5162,  5163,  5164,
    PETRIA6,    1042,     1,   760,    68,   650,  5165,  5166,  5167,
    PETRIA6,    1043,     1,   761,    69,   652,  5168,  5169,  5170,
    PETRIA6,    1044,     1,   762,    70,   654,  5171,  5172,  5173,
    PETRIA6,    1045,     1,   763,   659,   609,  5174,  3069,  3070,
    PETRIA6,    1046,     1,   610,    21,   549,  5175,  5176,  2261,
    PETRIA6,    1047,     1,   764,    73,   631,  5177,  5178,  5179,
    PETRIA6,    1048,     1,   765,   612,    74,  5180,  5181,  5182,
    PETRIA6,    1049,     1,   766,   613,    75,  5183,  5184,  5185,
    PETRIA6,    1050,     1,   767,   614,    76,  3933,  5186,  5187,
    PETRIA6,    1051,     1,   768,   615,    77,  3931,  5188,  5189,
    PETRIA6,    1052,     1,   769,   616,    78,  3929,  5190,  5191,
    PETRIA6,    1053,     1,   770,   617,    79,  3927,  5192,  5193,
    PETRIA6,    1054,     1,   832,   771,   703,  5194,  5195,  5196,
    PETRIA6,    1055,     1,   833,   772,   702,  5197,  5198,  5199,
    PETRIA6,    1056,     1,   834,   773,   701,  5200,  5201,  5202,
    PETRIA6,    1057,     1,   835,   700,   101,  5203,  2288,  5204,
    PETRIA6,    1058,     1,   836,   699,   102,  5205,  2291,  5206,
    PETRIA6,    1059,     1,   837,   698,   103,  5207,  2294,  5208,
    PETRIA6,    1060,     1,   838,   697,   104,  5209,  2297,  5210,
    PETRIA6,    1061,     1,   778,   696,   105,  5211,  2300,  5212,
    PETRIA6,    1062,     1,   779,    88,   695,  5213,  3902,  5214,
    PETRIA6,    1063,     1,   780,    89,   694,  5215,  3899,  5216,
    PETRIA6,    1064,     1,   781,    90,   693,  5217,  3896,  5218,
    PETRIA6,    1065,     1,   782,   692,   109,  5219,  5220,  5221,
    PETRIA6,    1066,     1,   630,   560,   461,  3258,  5067,  5222,
    PETRIA6,    1067,     1,   807,   630,   461,  5223,  5222,  5224,
    PETRIA6,    1068,     1,  1070,    92,  1003,  5225,  2438,  5226,
    PETRIA6,    1069,     1,   631,    73,   610,  5178,  5227,  2260,
    PETRIA6,    1070,     1,   764,   632,   611,  5228,  2265,  5229,
    PETRIA6,    1071,     1,  1070,  1003,    93,  5226,  5230,  5231,
    PETRIA6,    1072,     1,   765,   633,   612,  5232,  2268,  5180,
    PETRIA6,    1073,     1,   858,   633,   765,  5233,  5232,  5234,
    PETRIA6,    1074,     1,   766,   634,   613,  5235,  2271,  5183,
    PETRIA6,    1075,     1,   855,   634,   766,  5236,  5235,  5237,
    PETRIA6,    1076,     1,  1322,   109,  1235,  5238,  5239,  3890,
    PETRIA6,    1077,     1,   635,    43,   580,  5110,  5240,  2314,
    PETRIA6,    1078,     1,   724,   639,   110,  5041,  5241,  5242,
    PETRIA6,    1079,     1,   725,    92,   631,  5044,  5243,  5244,
    PETRIA6,    1080,     1,   844,   754,   637,  5245,  5246,  5247,
    PETRIA6,    1081,     1,   637,    62,   599,  5248,  5249,  5250,
    PETRIA6,    1082,     1,   752,   598,    60,  5251,  5252,  5253,
    PETRIA6,    1083,     1,   831,   753,   638,  5254,  5255,  5151,
    PETRIA6,    1084,     1,   723,   641,   128,  5039,  5256,  5257,
    PETRIA6,    1085,     1,  1160,   110,  1130,  5258,  5259,  2323,
    PETRIA6,    1086,     1,   845,   755,   640,  2566,  5260,  5261,
    PETRIA6,    1087,     1,   640,    63,   600,  5262,  5263,  5152,
    PETRIA6,    1088,     1,   722,   643,   146,  5037,  5264,  5265,
    PETRIA6,    1089,     1,  1407,   128,  1345,  5266,  5267,  2445,
    PETRIA6,    1090,     1,  1232,   756,   460,  5268,  5269,  5270,
    PETRIA6,    1091,     1,   642,    64,   601,  5271,  5272,  5154,
    PETRIA6,    1092,     1,   721,   645,   164,  5035,  5273,  5274,
    PETRIA6,    1093,     1,  2229,   146,  1334,  5275,  4038,  5276,
    PETRIA6,    1094,     1,   757,   483,   646,  5277,  5278,  2687,
    PETRIA6,    1095,     1,   644,    65,   602,  5157,  5279,  5155,
    PETRIA6,    1096,     1,   720,   647,   182,  5033,  2697,  5280,
    PETRIA6,    1097,     1,  2221,   164,  1129,  5281,  5282,  5283,
    PETRIA6,    1098,     1,   966,   648,   758,  5284,  2750,  2753,
    PETRIA6,    1099,     1,   646,    66,   603,  5160,  5285,  2688,
    PETRIA6,    1100,     1,   719,   649,   200,  5031,  2760,  5286,
    PETRIA6,    1101,     1,   968,   720,   182,  2635,  5280,  5287,
    PETRIA6,    1102,     1,  2222,   650,   759,  5288,  2813,  5289,
    PETRIA6,    1103,     1,   648,    67,   604,  5163,  5290,  2751,
    PETRIA6,    1104,     1,   718,   542,    12,  5291,  5292,  5293,
    PETRIA6,    1105,     1,  1464,   719,   200,  5294,  5286,  5295,
    PETRIA6,    1106,     1,  2228,   502,  1335,  5296,  2872,  5297,
    PETRIA6,    1107,     1,   650,    68,   605,  5166,  5298,  2814,
    PETRIA6,    1108,     1,   717,   541,    11,  5299,  5300,  5301,
    PETRIA6,    1109,     1,  1233,   718,   218,  5302,  5029,  5303,
    PETRIA6,    1110,     1,  1408,   503,  1344,  5304,  5305,  2941,
    PETRIA6,    1111,     1,   652,    69,   606,  5169,  5306,  2876,
    PETRIA6,    1112,     1,   716,   540,    10,  5307,  5308,  5309,
    PETRIA6,    1113,     1,   823,   717,   653,  2823,  5310,  5025,
    PETRIA6,    1114,     1,  1159,   520,  1131,  5311,  5312,  3004,
    PETRIA6,    1115,     1,   654,    70,   607,  5172,  5313,  2939,
    PETRIA6,    1116,     1,   715,   539,     9,  5314,  5315,  5316,
    PETRIA6,    1117,     1,   822,   716,   655,  5317,  5318,  5023,
    PETRIA6,    1118,     1,   763,   529,   659,  5319,  3065,  5174,
    PETRIA6,    1119,     1,   656,    71,   608,  5320,  5321,  3002,
    PETRIA6,    1120,     1,   714,   538,     8,  5322,  5323,  5324,
    PETRIA6,    1121,     1,   821,   715,   657,  5325,  5326,  5022,
    PETRIA6,    1122,     1,  1071,  1004,   528,  5327,  5002,  5328,
    PETRIA6,    1123,     1,   727,   658,   528,  5329,  5330,  5331,
    PETRIA6,    1124,     1,  1071,   529,  1004,  5332,  5333,  5327,
    PETRIA6,    1125,     1,   659,    33,   570,  5090,  5334,  3067,
    PETRIA6,    1126,     1,   713,   537,     7,  5335,  5336,  5337,
    PETRIA6,    1127,     1,   820,   714,   660,  5338,  5339,  5021,
    PETRIA6,    1128,     1,   857,   661,   727,  5340,  3127,  5341,
    PETRIA6,    1129,     1,   728,   661,   527,  5342,  5343,  5344,
    PETRIA6,    1130,     1,   712,   536,     6,  5345,  5346,  5347,
    PETRIA6,    1131,     1,   819,   713,   662,  5348,  5349,  5020,
    PETRIA6,    1132,     1,   854,   663,   728,  5350,  3180,  5351,
    PETRIA6,    1133,     1,   729,   663,   526,  5352,  5353,  5354,
    PETRIA6,    1134,     1,   711,   535,     5,  5355,  5356,  5357,
    PETRIA6,    1135,     1,   818,   712,   664,  5358,  5359,  5019,
    PETRIA6,    1136,     1,   730,   665,   525,  5360,  5361,  5362,
    PETRIA6,    1137,     1,   665,    37,   574,  5363,  5364,  3231,
    PETRIA6,    1138,     1,   710,   534,     4,  5365,  5366,  5367,
    PETRIA6,    1139,     1,   817,   666,   344,  5018,  3237,  4532,
    PETRIA6,    1140,     1,   839,   731,   667,  5368,  5369,  3280,
    PETRIA6,    1141,     1,   667,    38,   575,  5370,  5371,  3284,
    PETRIA6,    1142,     1,   709,   533,     3,  5372,  5373,  5374,
    PETRIA6,    1143,     1,   816,   668,   362,  5015,  3290,  4579,
    PETRIA6,    1144,     1,   708,   532,     2,  5375,  5376,  5377,
    PETRIA6,    1145,     1,   815,   669,   380,  5012,  3308,  4623,
    PETRIA6,    1146,     1,   670,     2,   531,  5378,  5379,  3322,
    PETRIA6,    1147,     1,   814,   670,   398,  5009,  5380,  4670,
    PETRIA6,    1148,     1,   671,     1,   530,  5381,  5382,  3336,
    PETRIA6,    1149,     1,   809,   671,   808,  3326,  3335,  5383,
    PETRIA6,    1150,     1,   840,   732,   672,  5384,  5385,  3355,
    PETRIA6,    1151,     1,   672,    39,   576,  5386,  5387,  3359,
    PETRIA6,    1152,     1,   733,   522,   674,  5388,  5389,  5103,
    PETRIA6,    1153,     1,   673,    40,   577,  5390,  5391,  3373,
    PETRIA6,    1154,     1,   810,   674,   522,  3382,  5389,  5392,
    PETRIA6,    1155,     1,   674,    41,   578,  5393,  5394,  5104,
    PETRIA6,    1156,     1,   751,   597,    59,  5395,  5396,  5397,
    PETRIA6,    1157,     1,   830,   752,   675,  5398,  5399,  5150,
    PETRIA6,    1158,     1,   750,   596,    58,  5400,  5401,  5402,
    PETRIA6,    1159,     1,   829,   751,   676,  5403,  5404,  5149,
    PETRIA6,    1160,     1,   749,   595,    57,  5405,  5406,  5407,
    PETRIA6,    1161,     1,   828,   750,   677,  5408,  5409,  5148,
    PETRIA6,    1162,     1,   748,   594,    56,  5410,  5411,  5412,
    PETRIA6,    1163,     1,   827,   678,   343,  5147,  3547,  4530,
    PETRIA6,    1164,     1,   747,   593,    55,  5413,  5414,  5415,
    PETRIA6,    1165,     1,   826,   679,   325,  5144,  3591,  4484,
    PETRIA6,    1166,     1,   746,   592,    54,  5416,  5417,  5418,
    PETRIA6,    1167,     1,   825,   680,   307,  5141,  3633,  4436,
    PETRIA6,    1168,     1,   681,    54,   591,  5419,  5420,  3669,
    PETRIA6,    1169,     1,   824,   681,   289,  5138,  5421,  4393,
    PETRIA6,    1170,     1,   682,    53,   590,  5422,  5423,  3705,
    PETRIA6,    1171,     1,   811,   682,   271,  3673,  5424,  4345,
    PETRIA6,    1172,     1,   683,    52,   589,  5425,  5426,  3738,
    PETRIA6,    1173,     1,   812,   683,   253,  3709,  5427,  5428,
    PETRIA6,    1174,     1,   684,    51,   588,  5429,  5430,  3768,
    PETRIA6,    1175,     1,   949,   813,   684,  5431,  3742,  5432,
    PETRIA6,    1176,     1,   685,    50,   587,  5433,  5434,  3795,
    PETRIA6,    1177,     1,  1007,   685,   217,  3772,  5435,  5436,
    PETRIA6,    1178,     1,   740,   686,   586,  5437,  3799,  5123,
    PETRIA6,    1179,     1,  1541,   199,  1463,  5438,  5439,  5440,
    PETRIA6,    1180,     1,   739,   687,   585,  5441,  3823,  5120,
    PETRIA6,    1181,     1,   967,   687,   739,  5442,  5441,  5443,
    PETRIA6,    1182,     1,   738,   688,   584,  5444,  3842,  5117,
    PETRIA6,    1183,     1,  1200,  1126,   181,  5445,  5446,  5447,
    PETRIA6,    1184,     1,   737,   690,   145,  5116,  5448,  5449,
    PETRIA6,    1185,     1,  1410,  1341,   163,  5450,  5451,  5452,
    PETRIA6,    1186,     1,  1410,   737,   145,  5453,  5449,  5454,
    PETRIA6,    1187,     1,   690,    45,   582,  5115,  5455,  5456,
    PETRIA6,    1188,     1,  2236,   736,   127,  3883,  3874,  5457,
    PETRIA6,    1189,     1,   691,    44,   581,  5113,  5458,  3885,
    PETRIA6,    1190,     1,   781,   693,   108,  5218,  5459,  5460,
    PETRIA6,    1191,     1,   782,   109,   635,  5221,  5461,  5462,
    PETRIA6,    1192,     1,   780,   694,   107,  5216,  5463,  5464,
    PETRIA6,    1193,     1,  1069,   108,  1000,  5465,  5466,  2311,
    PETRIA6,    1194,     1,   779,   695,   106,  5214,  2303,  5467,
    PETRIA6,    1195,     1,   859,   780,   107,  2310,  5464,  5468,
    PETRIA6,    1196,     1,   778,   625,    87,  5469,  5470,  5471,
    PETRIA6,    1197,     1,   856,   779,   106,  2307,  5467,  5472,
    PETRIA6,    1198,     1,   777,   624,    86,  5473,  5474,  5475,
    PETRIA6,    1199,     1,  1231,   778,   105,  5476,  5212,  5477,
    PETRIA6,    1200,     1,   776,   623,    85,  5478,  5479,  5480,
    PETRIA6,    1201,     1,   838,   777,   697,  5481,  5482,  5209,
    PETRIA6,    1202,     1,   775,   622,    84,  5483,  5484,  5485,
    PETRIA6,    1203,     1,   837,   776,   698,  5486,  5487,  5207,
    PETRIA6,    1204,     1,   774,   621,    83,  5488,  5489,  5490,
    PETRIA6,    1205,     1,   836,   775,   699,  5491,  5492,  5205,
    PETRIA6,    1206,     1,   773,   620,    82,  5493,  5494,  5495,
    PETRIA6,    1207,     1,   835,   774,   700,  5496,  5497,  5203,
    PETRIA6,    1208,     1,   772,   619,    81,  5498,  5499,  5500,
    PETRIA6,    1209,     1,   834,   701,   100,  5202,  2285,  5501,
    PETRIA6,    1210,     1,   771,   618,    80,  5502,  5503,  5504,
    PETRIA6,    1211,     1,   833,   702,    99,  5199,  5505,  5506,
    PETRIA6,    1212,     1,   832,   703,    98,  5196,  5507,  5508,
    PETRIA6,    1213,     1,   771,    99,   702,  5509,  5505,  5510,
    PETRIA6,    1214,     1,   841,   704,    97,  5511,  5512,  5513,
    PETRIA6,    1215,     1,   841,   770,   704,  5514,  5515,  5511,
    PETRIA6,    1216,     1,   842,   705,    96,  5516,  5517,  5518,
    PETRIA6,    1217,     1,   842,   769,   705,  5519,  5520,  5516,
    PETRIA6,    1218,     1,  1230,   706,    95,  5521,  5522,  5523,
    PETRIA6,    1219,     1,   768,   706,    96,  5524,  5525,  5526,
    PETRIA6,    1220,     1,   707,     1,   671,  5006,  5381,  3325,
    PETRIA6,    1221,     1,   707,   398,   670,  5527,  5380,  3321,
    PETRIA6,    1222,     1,   708,   669,   532,  3309,  3306,  5375,
    PETRIA6,    1223,     1,   708,     2,   670,  5377,  5378,  5008,
    PETRIA6,    1224,     1,   709,   668,   533,  3291,  3288,  5372,
    PETRIA6,    1225,     1,   709,     3,   669,  5374,  3304,  5011,
    PETRIA6,    1226,     1,   710,   666,   534,  3238,  3235,  5365,
    PETRIA6,    1227,     1,   710,     4,   668,  5367,  3286,  5014,
    PETRIA6,    1228,     1,   711,   664,   535,  3187,  3184,  5355,
    PETRIA6,    1229,     1,   711,     5,   666,  5357,  3233,  5017,
    PETRIA6,    1230,     1,   712,   662,   536,  3134,  3131,  5345,
    PETRIA6,    1231,     1,   712,     6,   664,  5347,  3182,  5359,
    PETRIA6,    1232,     1,   713,   660,   537,  3078,  3075,  5335,
    PETRIA6,    1233,     1,   713,     7,   662,  5337,  3129,  5349,
    PETRIA6,    1234,     1,   714,   657,   538,  3012,  3009,  5322,
    PETRIA6,    1235,     1,   714,     8,   660,  5324,  3073,  5339,
    PETRIA6,    1236,     1,   715,   655,   539,  2949,  2946,  5314,
    PETRIA6,    1237,     1,   715,     9,   657,  5316,  3007,  5326,
    PETRIA6,    1238,     1,   716,   653,   540,  2886,  2883,  5307,
    PETRIA6,    1239,     1,   716,    10,   655,  5309,  2944,  5318,
    PETRIA6,    1240,     1,   717,   651,   541,  5528,  2821,  5299,
    PETRIA6,    1241,     1,   717,    11,   653,  5301,  2881,  5310,
    PETRIA6,    1242,     1,   718,   649,   542,  2761,  2758,  5291,
    PETRIA6,    1243,     1,   718,    12,   651,  5293,  2819,  5027,
    PETRIA6,    1244,     1,   719,   647,   543,  2698,  2695,  5529,
    PETRIA6,    1245,     1,   719,   543,    13,  5529,  5530,  5030,
    PETRIA6,    1246,     1,   720,   645,   544,  2634,  2632,  5531,
    PETRIA6,    1247,     1,   720,   544,    14,  5531,  5532,  5032,
    PETRIA6,    1248,     1,   721,   643,   545,  2572,  2570,  5533,
    PETRIA6,    1249,     1,   721,   545,    15,  5533,  5534,  5034,
    PETRIA6,    1250,     1,   722,   641,   546,  5535,  2507,  5536,
    PETRIA6,    1251,     1,   722,   546,    16,  5536,  5537,  5036,
    PETRIA6,    1252,     1,   723,   639,   547,  5538,  2444,  5539,
    PETRIA6,    1253,     1,   723,   547,    17,  5539,  5540,  5038,
    PETRIA6,    1254,     1,   724,   636,   548,  5541,  2322,  5542,
    PETRIA6,    1255,     1,   724,   548,    18,  5542,  5543,  5040,
    PETRIA6,    1256,     1,   725,   631,   549,  5244,  2262,  2257,
    PETRIA6,    1257,     1,   725,    19,   636,  2259,  2320,  5042,
    PETRIA6,    1258,     1,   726,   658,   571,  5544,  3063,  5545,
    PETRIA6,    1259,     1,   726,   571,    33,  5545,  5546,  5089,
    PETRIA6,    1260,     1,   727,    34,   658,  5092,  3061,  5329,
    PETRIA6,    1261,     1,   857,   727,   528,  5341,  5331,  5547,
    PETRIA6,    1262,     1,   728,    35,   661,  5094,  3124,  5342,
    PETRIA6,    1263,     1,   854,   728,   527,  5351,  5344,  5548,
    PETRIA6,    1264,     1,   729,    36,   663,  5096,  3177,  5352,
    PETRIA6,    1265,     1,   729,   526,   665,  5354,  3228,  3230,
    PETRIA6,    1266,     1,   730,    37,   665,  5098,  5363,  5360,
    PETRIA6,    1267,     1,   730,   525,   667,  5362,  3281,  3283,
    PETRIA6,    1268,     1,   731,    38,   667,  5100,  5370,  5369,
    PETRIA6,    1269,     1,   731,   524,   672,  5549,  3356,  3358,
    PETRIA6,    1270,     1,   732,    39,   672,  5102,  5386,  5385,
    PETRIA6,    1271,     1,   732,   523,   673,  5550,  3370,  3372,
    PETRIA6,    1272,     1,   733,    40,   673,  3385,  5390,  5551,
    PETRIA6,    1273,     1,   843,   733,   673,  5552,  5551,  3369,
    PETRIA6,    1274,     1,   734,    41,   674,  5106,  5393,  3381,
    PETRIA6,    1275,     1,   734,   521,   550,  5553,  5048,  3389,
    PETRIA6,    1276,     1,   735,   581,    43,  3886,  5554,  5109,
    PETRIA6,    1277,     1,   735,   635,   109,  5111,  5461,  5555,
    PETRIA6,    1278,     1,   736,   690,   582,  3882,  5456,  5556,
    PETRIA6,    1279,     1,   736,   582,    44,  5556,  5557,  5112,
    PETRIA6,    1280,     1,   737,   689,   583,  5558,  3859,  5559,
    PETRIA6,    1281,     1,   737,   583,    45,  5559,  5560,  5114,
    PETRIA6,    1282,     1,   738,    46,   689,  5119,  3857,  3869,
    PETRIA6,    1283,     1,  1200,   738,   163,  5561,  3871,  5562,
    PETRIA6,    1284,     1,   739,    47,   688,  5122,  3840,  3854,
    PETRIA6,    1285,     1,   967,   739,   181,  5443,  3856,  5563,
    PETRIA6,    1286,     1,   740,    48,   687,  5125,  3821,  3837,
    PETRIA6,    1287,     1,  1541,   740,   199,  5564,  3839,  5438,
    PETRIA6,    1288,     1,   741,    49,   686,  5127,  3797,  3819,
    PETRIA6,    1289,     1,   741,   217,   685,  5565,  5435,  3794,
    PETRIA6,    1290,     1,   742,    50,   685,  5129,  5433,  3771,
    PETRIA6,    1291,     1,  1007,   949,   742,  5566,  5567,  3770,
    PETRIA6,    1292,     1,   743,    51,   684,  5131,  5429,  3741,
    PETRIA6,    1293,     1,   743,   253,   683,  5568,  5427,  3737,
    PETRIA6,    1294,     1,   744,    52,   683,  5133,  5425,  3708,
    PETRIA6,    1295,     1,   744,   271,   682,  5569,  5424,  3704,
    PETRIA6,    1296,     1,   745,    53,   682,  5135,  5422,  3672,
    PETRIA6,    1297,     1,   745,   289,   681,  5570,  5421,  3668,
    PETRIA6,    1298,     1,   746,   680,   592,  3634,  3631,  5416,
    PETRIA6,    1299,     1,   746,    54,   681,  5418,  5419,  5137,
    PETRIA6,    1300,     1,   747,   679,   593,  3592,  3589,  5413,
    PETRIA6,    1301,     1,   747,    55,   680,  5415,  3629,  5140,
    PETRIA6,    1302,     1,   748,   678,   594,  3548,  3545,  5410,
    PETRIA6,    1303,     1,   748,    56,   679,  5412,  3587,  5143,
    PETRIA6,    1304,     1,   749,   677,   595,  3501,  3498,  5405,
    PETRIA6,    1305,     1,   749,    57,   678,  5407,  3543,  5146,
    PETRIA6,    1306,     1,   750,   676,   596,  3451,  3448,  5400,
    PETRIA6,    1307,     1,   750,    58,   677,  5402,  3496,  5409,
    PETRIA6,    1308,     1,   751,   675,   597,  3397,  3394,  5395,
    PETRIA6,    1309,     1,   751,    59,   676,  5397,  3446,  5404,
    PETRIA6,    1310,     1,   752,   638,   598,  2388,  2385,  5251,
    PETRIA6,    1311,     1,   752,    60,   675,  5253,  3392,  5399,
    PETRIA6,    1312,     1,   753,   637,   599,  2382,  5250,  2377,
    PETRIA6,    1313,     1,   753,    61,   638,  2379,  2383,  5255,
    PETRIA6,    1314,     1,   754,    62,   637,  2501,  5248,  5246,
    PETRIA6,    1315,     1,   844,   637,   433,  5247,  2381,  5571,
    PETRIA6,    1316,     1,   755,    63,   640,  2564,  5262,  5260,
    PETRIA6,    1317,     1,   845,   640,   447,  5261,  2503,  5572,
    PETRIA6,    1318,     1,   756,    64,   642,  2626,  5271,  5573,
    PETRIA6,    1319,     1,   756,   642,   460,  5573,  5574,  5269,
    PETRIA6,    1320,     1,   757,   603,    65,  2689,  5575,  5156,
    PETRIA6,    1321,     1,   757,   644,   472,  5158,  2628,  2691,
    PETRIA6,    1322,     1,   758,   604,    66,  2752,  5576,  5159,
    PETRIA6,    1323,     1,   758,   646,   483,  5161,  5278,  2754,
    PETRIA6,    1324,     1,   759,   605,    67,  2815,  5577,  5162,
    PETRIA6,    1325,     1,   759,   648,   493,  5164,  5578,  5579,
    PETRIA6,    1326,     1,   760,   606,    68,  2877,  5580,  5165,
    PETRIA6,    1327,     1,   760,   650,   502,  5167,  5581,  5582,
    PETRIA6,    1328,     1,   761,   607,    69,  2940,  5583,  5168,
    PETRIA6,    1329,     1,   761,   652,   503,  5170,  5584,  5585,
    PETRIA6,    1330,     1,   762,   608,    70,  3003,  5586,  5171,
    PETRIA6,    1331,     1,   762,   654,   520,  5173,  5587,  5588,
    PETRIA6,    1332,     1,   763,    71,   656,  3072,  5320,  5589,
    PETRIA6,    1333,     1,   763,   656,   529,  5589,  5590,  5319,
    PETRIA6,    1334,     1,   764,   611,    73,  5229,  5591,  5177,
    PETRIA6,    1335,     1,   764,   631,    92,  5179,  5243,  5592,
    PETRIA6,    1336,     1,   765,    74,   632,  5182,  2263,  3940,
    PETRIA6,    1337,     1,   858,   765,    93,  5234,  3942,  5593,
    PETRIA6,    1338,     1,   766,    75,   633,  5185,  2266,  3937,
    PETRIA6,    1339,     1,   855,   766,    94,  5237,  3939,  5594,
    PETRIA6,    1340,     1,   767,    76,   634,  5187,  2269,  3934,
    PETRIA6,    1341,     1,   767,    95,   706,  3936,  5522,  3932,
    PETRIA6,    1342,     1,   768,    77,   706,  5189,  2272,  5524,
    PETRIA6,    1343,     1,   768,    96,   705,  5526,  5517,  3930,
    PETRIA6,    1344,     1,   769,    78,   705,  5191,  2275,  5520,
    PETRIA6,    1345,     1,   769,    97,   704,  5595,  5512,  3928,
    PETRIA6,    1346,     1,   770,    79,   704,  5193,  2278,  5515,
    PETRIA6,    1347,     1,   770,    98,   703,  5596,  5507,  3926,
    PETRIA6,    1348,     1,   771,   702,   618,  5510,  3925,  5502,
    PETRIA6,    1349,     1,   771,    80,   703,  5504,  2281,  5195,
    PETRIA6,    1350,     1,   772,   701,   619,  2286,  3922,  5498,
    PETRIA6,    1351,     1,   772,    81,   702,  5500,  3923,  5198,
    PETRIA6,    1352,     1,   773,   700,   620,  2289,  3919,  5493,
    PETRIA6,    1353,     1,   773,    82,   701,  5495,  3920,  5201,
    PETRIA6,    1354,     1,   774,   699,   621,  2292,  3916,  5488,
    PETRIA6,    1355,     1,   774,    83,   700,  5490,  3917,  5497,
    PETRIA6,    1356,     1,   775,   698,   622,  2295,  3913,  5483,
    PETRIA6,    1357,     1,   775,    84,   699,  5485,  3914,  5492,
    PETRIA6,    1358,     1,   776,   697,   623,  2298,  3910,  5478,
    PETRIA6,    1359,     1,   776,    85,   698,  5480,  3911,  5487,
    PETRIA6,    1360,     1,   777,   696,   624,  2301,  3907,  5473,
    PETRIA6,    1361,     1,   777,    86,   697,  5475,  3908,  5482,
    PETRIA6,    1362,     1,   778,   695,   625,  2304,  3904,  5469,
    PETRIA6,    1363,     1,   778,    87,   696,  5471,  3905,  5211,
    PETRIA6,    1364,     1,   779,   694,   626,  2306,  3901,  5597,
    PETRIA6,    1365,     1,   779,   626,    88,  5597,  5598,  5213,
    PETRIA6,    1366,     1,   780,   693,   627,  2309,  3898,  5599,
    PETRIA6,    1367,     1,   780,   627,    89,  5599,  5600,  5215,
    PETRIA6,    1368,     1,   781,   692,   628,  5601,  3895,  5602,
    PETRIA6,    1369,     1,   781,   628,    90,  5602,  5603,  5217,
    PETRIA6,    1370,     1,   782,   635,   629,  5462,  2316,  2317,
    PETRIA6,    1371,     1,   782,    91,   692,  2319,  3893,  5219,
    PETRIA6,    1372,     1,   918,   864,   783,  5604,  3252,  3253,
    PETRIA6,    1373,     1,   783,    28,   562,  5605,  5606,  4796,
    PETRIA6,    1374,     1,   848,   792,   784,  5607,  5608,  3299,
    PETRIA6,    1375,     1,   784,   565,    29,  5609,  5610,  5611,
    PETRIA6,    1376,     1,   785,   473,   557,  5612,  5062,  5058,
    PETRIA6,    1377,     1,   790,   785,    25,  3266,  5060,  5613,
    PETRIA6,    1378,     1,   801,   786,   796,  4716,  3313,  5614,
    PETRIA6,    1379,     1,   786,   417,   567,  4715,  3330,  5080,
    PETRIA6,    1380,     1,   847,   787,   473,  4865,  3264,  5615,
    PETRIA6,    1381,     1,   797,   787,   462,  3261,  4864,  5616,
    PETRIA6,    1382,     1,   911,   852,   494,  5617,  5618,  5619,
    PETRIA6,    1383,     1,   851,   800,   788,  5620,  5621,  3269,
    PETRIA6,    1384,     1,   789,   564,   563,  3302,  5622,  5075,
    PETRIA6,    1385,     1,   886,   804,   434,  5623,  5624,  5625,
    PETRIA6,    1386,     1,   790,    25,   556,  5613,  5626,  3341,
    PETRIA6,    1387,     1,   806,   790,   484,  3267,  5627,  5628,
    PETRIA6,    1388,     1,   791,   553,   552,  3364,  5629,  5053,
    PETRIA6,    1389,     1,   805,   791,   512,  3376,  5630,  4959,
    PETRIA6,    1390,     1,   796,   792,   418,  5631,  5632,  5633,
    PETRIA6,    1391,     1,   792,   565,   784,  3320,  5609,  5608,
    PETRIA6,    1392,     1,  1240,   511,  1237,  5634,  4956,  5635,
    PETRIA6,    1393,     1,   849,   798,   793,  5636,  3348,  5637,
    PETRIA6,    1394,     1,   794,   511,   793,  5638,  5639,  5054,
    PETRIA6,    1395,     1,   794,    23,   553,  5055,  5640,  3363,
    PETRIA6,    1396,     1,   795,    22,   551,  5641,  5642,  3386,
    PETRIA6,    1397,     1,   803,   795,   521,  3379,  3388,  4981,
    PETRIA6,    1398,     1,   796,    30,   792,  5079,  3318,  5631,
    PETRIA6,    1399,     1,   801,   796,   418,  5614,  5633,  5643,
    PETRIA6,    1400,     1,  1134,   807,   461,  5644,  5224,  4832,
    PETRIA6,    1401,     1,   797,   461,   559,  4833,  5066,  5063,
    PETRIA6,    1402,     1,   852,   798,   849,  5645,  5636,  5646,
    PETRIA6,    1403,     1,   798,    24,   554,  4913,  5647,  3346,
    PETRIA6,    1404,     1,   850,   784,   799,  3300,  5648,  5649,
    PETRIA6,    1405,     1,   799,   784,    29,  5648,  5611,  3316,
    PETRIA6,    1406,     1,   800,   555,   788,  5057,  3343,  5621,
    PETRIA6,    1407,     1,   800,   484,   790,  5650,  5627,  3340,
    PETRIA6,    1408,     1,  1006,   939,   801,  5651,  5652,  5653,
    PETRIA6,    1409,     1,   939,   885,   801,  3297,  5654,  5652,
    PETRIA6,    1410,     1,   802,    22,   795,  5051,  5641,  3378,
    PETRIA6,    1411,     1,   802,   512,   791,  5655,  5630,  5052,
    PETRIA6,    1412,     1,   942,   940,   803,  5656,  5657,  5658,
    PETRIA6,    1413,     1,   803,   512,   802,  5659,  5655,  3377,
    PETRIA6,    1414,     1,   804,   789,   434,  4759,  5077,  5624,
    PETRIA6,    1415,     1,   896,   863,   850,  5660,  5661,  5662,
    PETRIA6,    1416,     1,  1008,   887,   513,  5663,  5664,  4961,
    PETRIA6,    1417,     1,   805,   511,   794,  3350,  5638,  3375,
    PETRIA6,    1418,     1,   950,   484,   877,  5665,  5666,  4891,
    PETRIA6,    1419,     1,   853,   806,   474,  4867,  5667,  5668,
    PETRIA6,    1420,     1,  1134,  1083,   807,  5669,  5670,  5644,
    PETRIA6,    1421,     1,   807,   449,   630,  5671,  3338,  5223,
    PETRIA6,    1422,     1,   808,   569,   416,  5004,  5086,  5672,
    PETRIA6,    1423,     1,   809,   808,   416,  5383,  5672,  4712,
    PETRIA6,    1424,     1,   938,   880,   416,  5673,  4713,  5674,
    PETRIA6,    1425,     1,   809,   398,   707,  5675,  5527,  3324,
    PETRIA6,    1426,     1,   810,   522,   803,  5392,  5676,  4980,
    PETRIA6,    1427,     1,   810,   521,   734,  4982,  5553,  3380,
    PETRIA6,    1428,     1,   926,   878,   271,  5677,  4346,  5678,
    PETRIA6,    1429,     1,   811,   289,   745,  5679,  5570,  3671,
    PETRIA6,    1430,     1,   871,   812,   253,  5680,  5428,  4298,
    PETRIA6,    1431,     1,   812,   271,   744,  5681,  5569,  3707,
    PETRIA6,    1432,     1,   949,   860,   813,  5682,  5683,  5431,
    PETRIA6,    1433,     1,   813,   253,   743,  5684,  5568,  3740,
    PETRIA6,    1434,     1,   933,   893,   398,  5685,  4671,  5686,
    PETRIA6,    1435,     1,   814,   380,   708,  5687,  3307,  5007,
    PETRIA6,    1436,     1,   947,   898,   380,  5688,  4624,  5689,
    PETRIA6,    1437,     1,   815,   362,   709,  5690,  3289,  5010,
    PETRIA6,    1438,     1,   952,   905,   362,  5691,  4580,  5692,
    PETRIA6,    1439,     1,   816,   344,   710,  5693,  3236,  5013,
    PETRIA6,    1440,     1,   959,   344,   905,  3190,  5694,  5695,
    PETRIA6,    1441,     1,   817,   326,   711,  5696,  3185,  5016,
    PETRIA6,    1442,     1,   957,   906,   326,  5697,  4488,  5698,
    PETRIA6,    1443,     1,   818,   308,   712,  5699,  3132,  5358,
    PETRIA6,    1444,     1,   954,   900,   308,  5700,  4440,  5701,
    PETRIA6,    1445,     1,   819,   290,   713,  5702,  3076,  5348,
    PETRIA6,    1446,     1,   948,   894,   290,  5703,  4397,  5704,
    PETRIA6,    1447,     1,   820,   272,   714,  5705,  3010,  5338,
    PETRIA6,    1448,     1,   934,   881,   272,  5706,  4349,  5707,
    PETRIA6,    1449,     1,   821,   254,   715,  5708,  2947,  5325,
    PETRIA6,    1450,     1,   873,   822,   254,  5709,  5024,  4301,
    PETRIA6,    1451,     1,   822,   236,   716,  5710,  2884,  5317,
    PETRIA6,    1452,     1,   862,   823,   236,  5711,  5026,  4257,
    PETRIA6,    1453,     1,  2251,   823,   862,  2824,  5711,  5712,
    PETRIA6,    1454,     1,   931,   891,   289,  5713,  4394,  5714,
    PETRIA6,    1455,     1,   824,   307,   746,  5715,  3632,  5136,
    PETRIA6,    1456,     1,   946,   899,   307,  5716,  4437,  5717,
    PETRIA6,    1457,     1,   825,   325,   747,  5718,  3590,  5139,
    PETRIA6,    1458,     1,   953,   903,   325,  5719,  4485,  5720,
    PETRIA6,    1459,     1,   826,   343,   748,  5721,  3546,  5142,
    PETRIA6,    1460,     1,   958,   343,   903,  3504,  5722,  5723,
    PETRIA6,    1461,     1,   827,   361,   749,  5724,  3499,  5145,
    PETRIA6,    1462,     1,   956,   904,   361,  5725,  4577,  5726,
    PETRIA6,    1463,     1,   828,   379,   750,  5727,  3449,  5408,
    PETRIA6,    1464,     1,   951,   897,   379,  5728,  4621,  5729,
    PETRIA6,    1465,     1,   829,   397,   751,  5730,  3395,  5403,
    PETRIA6,    1466,     1,   945,   892,   397,  5731,  4668,  5732,
    PETRIA6,    1467,     1,   830,   415,   752,  5733,  2386,  5398,
    PETRIA6,    1468,     1,   932,   879,   415,  5734,  2376,  5735,
    PETRIA6,    1469,     1,   831,   433,   753,  5736,  2380,  5254,
    PETRIA6,    1470,     1,   890,   832,    98,  3667,  5508,  5737,
    PETRIA6,    1471,     1,   832,    99,   771,  3666,  5509,  5194,
    PETRIA6,    1472,     1,   901,   833,    99,  3703,  5506,  5738,
    PETRIA6,    1473,     1,   833,   100,   772,  3702,  2284,  5197,
    PETRIA6,    1474,     1,   909,   834,   100,  3736,  5501,  5739,
    PETRIA6,    1475,     1,   834,   101,   773,  3735,  2287,  5200,
    PETRIA6,    1476,     1,   902,   835,   101,  3766,  5204,  5740,
    PETRIA6,    1477,     1,   835,   102,   774,  3765,  2290,  5496,
    PETRIA6,    1478,     1,   889,   836,   102,  3793,  5206,  5741,
    PETRIA6,    1479,     1,   836,   103,   775,  3792,  2293,  5491,
    PETRIA6,    1480,     1,   875,   837,   103,  3817,  5208,  5742,
    PETRIA6,    1481,     1,   837,   104,   776,  3816,  2296,  5486,
    PETRIA6,    1482,     1,   866,   838,   104,  5743,  5210,  3835,
    PETRIA6,    1483,     1,   838,   105,   777,  5744,  2299,  5481,
    PETRIA6,    1484,     1,   865,   839,   525,  4991,  3282,  5745,
    PETRIA6,    1485,     1,   839,   524,   731,  4990,  5549,  5368,
    PETRIA6,    1486,     1,   874,   840,   524,  4988,  3357,  5746,
    PETRIA6,    1487,     1,   840,   523,   732,  4987,  5550,  5384,
    PETRIA6,    1488,     1,   876,   841,    97,  3628,  5513,  5747,
    PETRIA6,    1489,     1,   841,    98,   770,  3627,  5596,  5514,
    PETRIA6,    1490,     1,   867,   842,    96,  5748,  5518,  3585,
    PETRIA6,    1491,     1,   842,    97,   769,  5749,  5595,  5519,
    PETRIA6,    1492,     1,   888,   843,   523,  4985,  3371,  5750,
    PETRIA6,    1493,     1,   843,   522,   733,  4984,  5388,  5552,
    PETRIA6,    1494,     1,   872,   844,   433,  5751,  5571,  2497,
    PETRIA6,    1495,     1,   844,   447,   754,  5752,  2502,  5245,
    PETRIA6,    1496,     1,   861,   845,   447,  5753,  5572,  2560,
    PETRIA6,    1497,     1,  2250,   845,   861,  2567,  5753,  5754,
    PETRIA6,    1498,     1,   846,   434,   563,  5755,  5076,  5072,
    PETRIA6,    1499,     1,   846,    28,   783,  5074,  5605,  3251,
    PETRIA6,    1500,     1,   853,   847,   473,  5756,  5615,  5757,
    PETRIA6,    1501,     1,   910,   847,   853,  3210,  5756,  5758,
    PETRIA6,    1502,     1,   912,   895,   848,  5759,  4719,  3245,
    PETRIA6,    1503,     1,   848,   418,   792,  4718,  5632,  5607,
    PETRIA6,    1504,     1,   849,   793,   511,  5637,  5639,  5760,
    PETRIA6,    1505,     1,   852,   849,   494,  5646,  5761,  5618,
    PETRIA6,    1506,     1,   850,   419,   848,  5762,  3246,  3298,
    PETRIA6,    1507,     1,   896,   799,   804,  5763,  4758,  5764,
    PETRIA6,    1508,     1,   911,   877,   851,  5765,  5766,  5767,
    PETRIA6,    1509,     1,   851,   484,   800,  5768,  5650,  5620,
    PETRIA6,    1510,     1,   852,   788,   798,  3270,  4912,  5645,
    PETRIA6,    1511,     1,  1133,  1082,   485,  5769,  4895,  5770,
    PETRIA6,    1512,     1,   853,   473,   785,  5757,  5612,  4866,
    PETRIA6,    1513,     1,   910,   853,   474,  5758,  5668,  5771,
    PETRIA6,    1514,     1,   869,   854,   527,  4996,  5548,  5772,
    PETRIA6,    1515,     1,   854,   526,   663,  4995,  5353,  5350,
    PETRIA6,    1516,     1,   868,   855,    94,  3495,  5594,  5773,
    PETRIA6,    1517,     1,   855,    95,   634,  3494,  3935,  5236,
    PETRIA6,    1518,     1,   870,   856,   106,  3868,  5472,  5774,
    PETRIA6,    1519,     1,   856,   107,   694,  3867,  5463,  2305,
    PETRIA6,    1520,     1,   883,   857,   528,  4999,  5547,  5775,
    PETRIA6,    1521,     1,   857,   527,   661,  4998,  5343,  5340,
    PETRIA6,    1522,     1,   882,   858,    93,  3445,  5593,  5776,
    PETRIA6,    1523,     1,   858,    94,   633,  3444,  3938,  5233,
    PETRIA6,    1524,     1,   884,   859,   107,  3880,  5468,  5777,
    PETRIA6,    1525,     1,   859,   108,   693,  3879,  5459,  2308,
    PETRIA6,    1526,     1,  1066,   982,   860,  5778,  3712,  4254,
    PETRIA6,    1527,     1,   860,   253,   813,  5779,  5684,  5683,
    PETRIA6,    1528,     1,   981,   861,   914,  4830,  2559,  5780,
    PETRIA6,    1529,     1,  2250,   861,   460,  5754,  5781,  5782,
    PETRIA6,    1530,     1,   983,   862,   916,  2763,  4256,  5783,
    PETRIA6,    1531,     1,  2251,   862,   218,  5712,  5784,  5785,
    PETRIA6,    1532,     1,   964,   917,   863,  5786,  4722,  3197,
    PETRIA6,    1533,     1,   863,   419,   850,  4721,  5762,  5661,
    PETRIA6,    1534,     1,   965,   886,   864,  3201,  5787,  4760,
    PETRIA6,    1535,     1,   864,   434,   846,  5788,  5755,  3250,
    PETRIA6,    1536,     1,  1072,   865,   525,  3226,  5745,  5789,
    PETRIA6,    1537,     1,   984,   919,   865,  5790,  5791,  3225,
    PETRIA6,    1538,     1,  1074,   866,   985,  5792,  3812,  5793,
    PETRIA6,    1539,     1,   866,   105,   838,  5794,  5744,  5743,
    PETRIA6,    1540,     1,   986,   921,   867,  5795,  5796,  3539,
    PETRIA6,    1541,     1,   867,    97,   842,  5797,  5749,  5748,
    PETRIA6,    1542,     1,   922,   868,    94,  3441,  5773,  5798,
    PETRIA6,    1543,     1,  1076,   868,   988,  5799,  3440,  5800,
    PETRIA6,    1544,     1,   923,   869,   527,  3122,  5772,  5801,
    PETRIA6,    1545,     1,  1077,   869,   989,  5802,  3121,  5803,
    PETRIA6,    1546,     1,  1075,   870,   106,  3851,  5774,  5804,
    PETRIA6,    1547,     1,   987,   924,   870,  5805,  5806,  3850,
    PETRIA6,    1548,     1,   991,   871,   915,  3676,  4297,  5807,
    PETRIA6,    1549,     1,   871,   271,   812,  5808,  5681,  5680,
    PETRIA6,    1550,     1,   990,   872,   925,  4795,  2496,  5809,
    PETRIA6,    1551,     1,   872,   447,   844,  5810,  5752,  5751,
    PETRIA6,    1552,     1,   992,   873,   927,  2827,  4300,  5811,
    PETRIA6,    1553,     1,   873,   236,   822,  5812,  5710,  5709,
    PETRIA6,    1554,     1,   919,   874,   524,  3278,  5746,  5813,
    PETRIA6,    1555,     1,   993,   928,   874,  5814,  5815,  5816,
    PETRIA6,    1556,     1,   929,   875,   103,  3789,  5742,  5817,
    PETRIA6,    1557,     1,  2239,   875,   995,  5818,  3788,  5819,
    PETRIA6,    1558,     1,   921,   876,    97,  3583,  5747,  5820,
    PETRIA6,    1559,     1,   994,   930,   876,  5821,  5822,  5823,
    PETRIA6,    1560,     1,   877,   484,   851,  5666,  5768,  5766,
    PETRIA6,    1561,     1,   962,   877,   485,  4892,  5824,  5825,
    PETRIA6,    1562,     1,   998,   878,   926,  3637,  5677,  5826,
    PETRIA6,    1563,     1,   878,   289,   811,  5827,  5679,  4344,
    PETRIA6,    1564,     1,   996,   879,   932,  4757,  5734,  5828,
    PETRIA6,    1565,     1,   879,   433,   831,  5829,  5736,  2374,
    PETRIA6,    1566,     1,   999,   938,   885,  5830,  5831,  5832,
    PETRIA6,    1567,     1,   880,   398,   809,  5833,  5675,  4711,
    PETRIA6,    1568,     1,   997,   881,   934,  2889,  5706,  5834,
    PETRIA6,    1569,     1,   881,   254,   821,  5835,  5708,  4347,
    PETRIA6,    1570,     1,   935,   882,    93,  2435,  5776,  5836,
    PETRIA6,    1571,     1,  1087,   882,  1002,  5837,  2434,  5838,
    PETRIA6,    1572,     1,   936,   883,   528,  3059,  5775,  5001,
    PETRIA6,    1573,     1,  1086,   883,  1005,  5839,  3058,  5840,
    PETRIA6,    1574,     1,   924,   884,   107,  3864,  5777,  5841,
    PETRIA6,    1575,     1,  1001,   937,   884,  5842,  5843,  5844,
    PETRIA6,    1576,     1,   999,   399,   933,  5845,  5846,  3310,
    PETRIA6,    1577,     1,   885,   417,   801,  5847,  4714,  5654,
    PETRIA6,    1578,     1,   886,   420,   804,  5848,  3249,  5623,
    PETRIA6,    1579,     1,   886,   434,   864,  5625,  5788,  5787,
    PETRIA6,    1580,     1,   940,   512,   803,  3368,  5659,  5657,
    PETRIA6,    1581,     1,  1008,   941,   887,  5849,  5850,  5663,
    PETRIA6,    1582,     1,   928,   888,   523,  3353,  5750,  5851,
    PETRIA6,    1583,     1,  1009,   942,   888,  5852,  5853,  3352,
    PETRIA6,    1584,     1,   943,   889,   102,  3762,  5741,  5854,
    PETRIA6,    1585,     1,  2224,   889,  1011,  5855,  3761,  5856,
    PETRIA6,    1586,     1,   930,   890,    98,  3624,  5737,  5857,
    PETRIA6,    1587,     1,  1010,   944,   890,  5858,  5859,  5860,
    PETRIA6,    1588,     1,  1014,   891,   931,  3595,  5713,  5861,
    PETRIA6,    1589,     1,   891,   307,   824,  5862,  5715,  4392,
    PETRIA6,    1590,     1,  1012,   892,   945,  4665,  5731,  5863,
    PETRIA6,    1591,     1,   892,   415,   830,  5864,  5733,  4666,
    PETRIA6,    1592,     1,  1015,   893,   933,  3294,  5685,  5865,
    PETRIA6,    1593,     1,   893,   380,   814,  5866,  5687,  4669,
    PETRIA6,    1594,     1,  1013,   894,   948,  2952,  5703,  5867,
    PETRIA6,    1595,     1,   894,   272,   820,  5868,  5705,  4395,
    PETRIA6,    1596,     1,   913,   895,   912,  5869,  5759,  5870,
    PETRIA6,    1597,     1,  1006,   400,   939,  5871,  5872,  5651,
    PETRIA6,    1598,     1,   896,   850,   799,  5662,  5649,  5763,
    PETRIA6,    1599,     1,   896,   804,   863,  5764,  3248,  5660,
    PETRIA6,    1600,     1,  1016,   897,   951,  2390,  5728,  5873,
    PETRIA6,    1601,     1,   897,   397,   829,  5874,  5730,  4619,
    PETRIA6,    1602,     1,  1339,   898,   947,  5875,  5688,  5876,
    PETRIA6,    1603,     1,   898,   362,   815,  5877,  5690,  4622,
    PETRIA6,    1604,     1,  1338,   899,   946,  5878,  5716,  5879,
    PETRIA6,    1605,     1,   899,   325,   825,  5880,  5718,  4435,
    PETRIA6,    1606,     1,  1017,   900,   954,  3014,  5700,  5881,
    PETRIA6,    1607,     1,   900,   290,   819,  5882,  5702,  4438,
    PETRIA6,    1608,     1,   944,   901,    99,  3663,  5738,  5883,
    PETRIA6,    1609,     1,   960,   909,   100,  3699,  5739,  5884,
    PETRIA6,    1610,     1,   955,   902,   101,  3732,  5740,  5885,
    PETRIA6,    1611,     1,  1088,   943,   902,  5886,  5887,  3731,
    PETRIA6,    1612,     1,   973,   903,   953,  5888,  5719,  5889,
    PETRIA6,    1613,     1,   903,   343,   826,  5722,  5721,  4483,
    PETRIA6,    1614,     1,  1020,   904,   956,  3399,  5725,  5890,
    PETRIA6,    1615,     1,   904,   379,   828,  5891,  5727,  4575,
    PETRIA6,    1616,     1,   974,   905,   952,  5892,  5691,  5893,
    PETRIA6,    1617,     1,   905,   344,   816,  5694,  5693,  4578,
    PETRIA6,    1618,     1,  1021,   906,   957,  3080,  5697,  5894,
    PETRIA6,    1619,     1,   906,   308,   818,  5895,  5699,  4486,
    PETRIA6,    1620,     1,   975,   907,   958,  3454,  3502,  5896,
    PETRIA6,    1621,     1,   907,   361,   827,  5897,  5724,  4529,
    PETRIA6,    1622,     1,   976,   908,   959,  3137,  3188,  5898,
    PETRIA6,    1623,     1,   908,   326,   817,  5899,  5696,  4531,
    PETRIA6,    1624,     1,   960,   100,   901,  5884,  3701,  5900,
    PETRIA6,    1625,     1,   972,   955,   909,  5901,  5902,  3698,
    PETRIA6,    1626,     1,   961,   910,   474,  5903,  5771,  4869,
    PETRIA6,    1627,     1,   963,   910,   463,  3211,  5904,  3157,
    PETRIA6,    1628,     1,   911,   485,   877,  5905,  5824,  5765,
    PETRIA6,    1629,     1,   911,   851,   852,  5767,  3268,  5617,
    PETRIA6,    1630,     1,   917,   912,   419,  5906,  3247,  4720,
    PETRIA6,    1631,     1,   913,   912,   401,  5870,  5907,  5908,
    PETRIA6,    1632,     1,  1026,   913,   401,  4676,  5908,  5909,
    PETRIA6,    1633,     1,   913,   400,   895,  4675,  5910,  5869,
    PETRIA6,    1634,     1,   981,   914,   446,  5780,  5911,  5912,
    PETRIA6,    1635,     1,   914,   447,   872,  2561,  5810,  4794,
    PETRIA6,    1636,     1,   915,   253,   860,  4299,  5779,  3711,
    PETRIA6,    1637,     1,   991,   915,   252,  5807,  5913,  4295,
    PETRIA6,    1638,     1,   983,   916,   237,  5783,  5914,  5915,
    PETRIA6,    1639,     1,   916,   236,   873,  4258,  5812,  2826,
    PETRIA6,    1640,     1,  1328,  1257,   401,  5916,  5917,  5918,
    PETRIA6,    1641,     1,   917,   401,   912,  5919,  5907,  5906,
    PETRIA6,    1642,     1,  1062,   970,   918,  5920,  5921,  4798,
    PETRIA6,    1643,     1,   918,   435,   864,  5922,  4761,  5604,
    PETRIA6,    1644,     1,   919,   524,   865,  5813,  4989,  5791,
    PETRIA6,    1645,     1,  1163,   993,   874,  5923,  5816,  3277,
    PETRIA6,    1646,     1,   985,   920,   122,  3814,  5924,  5925,
    PETRIA6,    1647,     1,   920,   104,   875,  3836,  3815,  5926,
    PETRIA6,    1648,     1,   921,    97,   867,  5820,  5797,  5796,
    PETRIA6,    1649,     1,  1164,   994,   876,  5927,  5823,  3582,
    PETRIA6,    1650,     1,   988,   922,   112,  3442,  5928,  5929,
    PETRIA6,    1651,     1,   922,    94,   882,  5798,  3443,  5930,
    PETRIA6,    1652,     1,   989,   923,   518,  3123,  5931,  5932,
    PETRIA6,    1653,     1,   923,   527,   883,  5801,  4997,  5933,
    PETRIA6,    1654,     1,   924,   107,   870,  5841,  3866,  5806,
    PETRIA6,    1655,     1,  1162,  1001,   884,  5934,  5844,  3863,
    PETRIA6,    1656,     1,   990,   925,   432,  5809,  5935,  5936,
    PETRIA6,    1657,     1,   925,   433,   879,  2498,  5829,  4756,
    PETRIA6,    1658,     1,   926,   271,   871,  5678,  5808,  3675,
    PETRIA6,    1659,     1,   998,   926,   270,  5826,  5937,  4342,
    PETRIA6,    1660,     1,   992,   927,   255,  5811,  5938,  5939,
    PETRIA6,    1661,     1,   927,   254,   881,  4302,  5835,  2888,
    PETRIA6,    1662,     1,   928,   523,   874,  5851,  4986,  5815,
    PETRIA6,    1663,     1,  2241,   928,   514,  5940,  5941,  5942,
    PETRIA6,    1664,     1,   995,   929,   121,  3790,  5943,  5944,
    PETRIA6,    1665,     1,   929,   103,   889,  5817,  3791,  5945,
    PETRIA6,    1666,     1,   930,    98,   876,  5857,  3626,  5822,
    PETRIA6,    1667,     1,  1081,  1010,   890,  5946,  5860,  3623,
    PETRIA6,    1668,     1,   931,   289,   878,  5714,  5827,  3636,
    PETRIA6,    1669,     1,  1014,   931,   288,  5861,  5947,  5948,
    PETRIA6,    1670,     1,   996,   932,   414,  5828,  5949,  5950,
    PETRIA6,    1671,     1,   932,   415,   892,  5735,  5864,  4664,
    PETRIA6,    1672,     1,   933,   398,   880,  5686,  5833,  3311,
    PETRIA6,    1673,     1,  1015,   933,   399,  5865,  5846,  5951,
    PETRIA6,    1674,     1,   997,   934,   273,  5834,  5952,  5953,
    PETRIA6,    1675,     1,   934,   272,   894,  5707,  5868,  2951,
    PETRIA6,    1676,     1,  1002,   935,   111,  2436,  2440,  5954,
    PETRIA6,    1677,     1,  1003,   935,    93,  5955,  5836,  5230,
    PETRIA6,    1678,     1,  1131,  1004,   529,  5956,  5333,  3005,
    PETRIA6,    1679,     1,  1005,   936,   519,  3060,  2999,  5957,
    PETRIA6,    1680,     1,  1235,  1000,  1078,  5958,  3887,  5959,
    PETRIA6,    1681,     1,   937,   108,   884,  5960,  3878,  5843,
    PETRIA6,    1682,     1,   938,   416,    31,  5674,  5083,  3327,
    PETRIA6,    1683,     1,   938,   417,   885,  3329,  5847,  5831,
    PETRIA6,    1684,     1,  1006,   801,   418,  5653,  5643,  5961,
    PETRIA6,    1685,     1,  1135,   939,   400,  5962,  5872,  5963,
    PETRIA6,    1686,     1,   942,   803,   522,  5658,  5676,  5964,
    PETRIA6,    1687,     1,   940,   513,   887,  5965,  5664,  3366,
    PETRIA6,    1688,     1,  1237,   941,   510,  4957,  5966,  5967,
    PETRIA6,    1689,     1,   941,   805,   887,  3351,  4958,  5850,
    PETRIA6,    1690,     1,   942,   522,   888,  5964,  4983,  5853,
    PETRIA6,    1691,     1,   942,   513,   940,  5968,  5965,  5656,
    PETRIA6,    1692,     1,  1011,   943,   120,  3763,  5969,  5970,
    PETRIA6,    1693,     1,   943,   102,   902,  5854,  3764,  5887,
    PETRIA6,    1694,     1,   944,    99,   890,  5883,  3665,  5859,
    PETRIA6,    1695,     1,   971,   944,   117,  3664,  5971,  3963,
    PETRIA6,    1696,     1,  1012,   945,   396,  5863,  5972,  5973,
    PETRIA6,    1697,     1,   945,   397,   897,  5732,  5874,  5974,
    PETRIA6,    1698,     1,   946,   307,   891,  5717,  5862,  3594,
    PETRIA6,    1699,     1,  1338,  1019,   899,  5975,  3551,  5878,
    PETRIA6,    1700,     1,   947,   380,   893,  5689,  5866,  3293,
    PETRIA6,    1701,     1,  1339,  1018,   898,  5976,  3241,  5875,
    PETRIA6,    1702,     1,  1013,   948,   291,  5867,  5977,  5978,
    PETRIA6,    1703,     1,   948,   290,   900,  5704,  5882,  5979,
    PETRIA6,    1704,     1,   949,   235,   860,  5980,  4255,  5682,
    PETRIA6,    1705,     1,   949,   684,   742,  5432,  3767,  5567,
    PETRIA6,    1706,     1,   950,   474,   806,  5981,  5667,  5982,
    PETRIA6,    1707,     1,   950,   806,   484,  5982,  5628,  5665,
    PETRIA6,    1708,     1,  1016,   951,   378,  5873,  5983,  5984,
    PETRIA6,    1709,     1,   951,   379,   904,  5729,  5891,  5985,
    PETRIA6,    1710,     1,   952,   362,   898,  5692,  5877,  3240,
    PETRIA6,    1711,     1,   974,   952,   363,  5893,  5986,  4582,
    PETRIA6,    1712,     1,   953,   325,   899,  5720,  5880,  3550,
    PETRIA6,    1713,     1,   973,   953,   324,  5889,  5987,  4481,
    PETRIA6,    1714,     1,  1017,   954,   309,  5881,  5988,  5989,
    PETRIA6,    1715,     1,   954,   308,   906,  5701,  5895,  5990,
    PETRIA6,    1716,     1,  1088,   955,   119,  3733,  5991,  5992,
    PETRIA6,    1717,     1,   955,   101,   909,  5885,  3734,  5902,
    PETRIA6,    1718,     1,  1020,   956,   360,  5890,  5993,  5994,
    PETRIA6,    1719,     1,   956,   361,   907,  5726,  5897,  3453,
    PETRIA6,    1720,     1,  1021,   957,   327,  5894,  5995,  5996,
    PETRIA6,    1721,     1,   957,   326,   908,  5698,  5899,  3136,
    PETRIA6,    1722,     1,   973,   958,   903,  5997,  5723,  5888,
    PETRIA6,    1723,     1,   975,   958,   342,  5896,  5998,  5999,
    PETRIA6,    1724,     1,   974,   959,   905,  6000,  5695,  5892,
    PETRIA6,    1725,     1,   976,   959,   345,  5898,  6001,  6002,
    PETRIA6,    1726,     1,   971,   960,   901,  6003,  5900,  3662,
    PETRIA6,    1727,     1,   972,   960,   118,  3700,  6004,  6005,
    PETRIA6,    1728,     1,  1089,   961,  1022,  3160,  4868,  6006,
    PETRIA6,    1729,     1,   961,   463,   910,  6007,  5904,  5903,
    PETRIA6,    1730,     1,  1023,   962,   485,  6008,  5825,  4894,
    PETRIA6,    1731,     1,  1022,   962,   475,  3214,  6009,  6010,
    PETRIA6,    1732,     1,  1084,  1024,   963,  6011,  4837,  3156,
    PETRIA6,    1733,     1,   963,   462,   847,  4836,  4863,  3209,
    PETRIA6,    1734,     1,  1025,   964,   420,  6012,  3199,  6013,
    PETRIA6,    1735,     1,  1328,   402,  1257,  6014,  6015,  5916,
    PETRIA6,    1736,     1,   980,   965,   435,  6016,  4762,  4764,
    PETRIA6,    1737,     1,   969,   965,   421,  3202,  6017,  4724,
    PETRIA6,    1738,     1,   977,   966,   483,  6018,  2755,  2748,
    PETRIA6,    1739,     1,   966,   493,   648,  6019,  5578,  5284,
    PETRIA6,    1740,     1,   978,   967,   181,  6020,  5563,  4127,
    PETRIA6,    1741,     1,   967,   199,   687,  6021,  3838,  5442,
    PETRIA6,    1742,     1,   979,   968,   182,  6022,  5287,  4130,
    PETRIA6,    1743,     1,   968,   164,   645,  6023,  5273,  2633,
    PETRIA6,    1744,     1,  1223,  1094,  1137,  6024,  3147,  6025,
    PETRIA6,    1745,     1,   969,   420,   886,  6026,  5848,  3200,
    PETRIA6,    1746,     1,  1095,   970,  1062,  6027,  5920,  6028,
    PETRIA6,    1747,     1,   970,   435,   918,  6029,  5922,  5921,
    PETRIA6,    1748,     1,  1156,   117,  1101,  3964,  6030,  6031,
    PETRIA6,    1749,     1,   971,   118,   960,  6032,  6004,  6003,
    PETRIA6,    1750,     1,  1038,   972,   118,  3967,  6005,  6033,
    PETRIA6,    1751,     1,   972,   119,   955,  3966,  5991,  5901,
    PETRIA6,    1752,     1,  1157,   324,  1110,  4482,  6034,  6035,
    PETRIA6,    1753,     1,   973,   342,   958,  6036,  5998,  5997,
    PETRIA6,    1754,     1,  1158,   363,  1111,  4583,  6037,  6038,
    PETRIA6,    1755,     1,   974,   345,   959,  6039,  6001,  6000,
    PETRIA6,    1756,     1,  1047,   975,   342,  6040,  5999,  4527,
    PETRIA6,    1757,     1,   975,   360,   956,  6041,  5993,  3452,
    PETRIA6,    1758,     1,  1048,   976,   345,  6042,  6002,  4534,
    PETRIA6,    1759,     1,   976,   327,   957,  6043,  5995,  3135,
    PETRIA6,    1760,     1,  1197,  1125,   977,  6044,  4911,  2747,
    PETRIA6,    1761,     1,   977,   493,   966,  2811,  6019,  6018,
    PETRIA6,    1762,     1,  1127,   978,  1064,  3801,  4126,  3824,
    PETRIA6,    1763,     1,   978,   199,   967,  6045,  6021,  6020,
    PETRIA6,    1764,     1,  1201,  1128,   979,  6046,  2576,  4129,
    PETRIA6,    1765,     1,   979,   164,   968,  4085,  6023,  6022,
    PETRIA6,    1766,     1,  1100,  1061,   436,  6047,  3205,  6048,
    PETRIA6,    1767,     1,   980,   421,   965,  3151,  6017,  6016,
    PETRIA6,    1768,     1,  1051,   981,   446,  6049,  5912,  2619,
    PETRIA6,    1769,     1,  1067,   981,   459,  4831,  6050,  6051,
    PETRIA6,    1770,     1,  1052,   982,   234,  6052,  6053,  6054,
    PETRIA6,    1771,     1,   982,   252,   915,  6055,  5913,  3710,
    PETRIA6,    1772,     1,  1053,   983,   237,  6056,  5915,  4260,
    PETRIA6,    1773,     1,  1068,   983,   219,  2764,  6057,  6058,
    PETRIA6,    1774,     1,  1056,   984,   516,  4968,  6059,  3172,
    PETRIA6,    1775,     1,   984,   515,   919,  4967,  6060,  5790,
    PETRIA6,    1776,     1,  1058,   985,   122,  3979,  5925,  6061,
    PETRIA6,    1777,     1,  1074,   985,   123,  5793,  3978,  6062,
    PETRIA6,    1778,     1,  1057,   986,   114,  3955,  6063,  3488,
    PETRIA6,    1779,     1,   986,   115,   921,  3954,  6064,  5795,
    PETRIA6,    1780,     1,  1046,   987,   124,  3985,  6065,  3830,
    PETRIA6,    1781,     1,   987,   125,   924,  3984,  6066,  5805,
    PETRIA6,    1782,     1,  1045,   988,   112,  3949,  5929,  6067,
    PETRIA6,    1783,     1,  1076,   988,   113,  5800,  3948,  6068,
    PETRIA6,    1784,     1,  1044,   989,   518,  4974,  5932,  6069,
    PETRIA6,    1785,     1,  1077,   989,   517,  5803,  4973,  6070,
    PETRIA6,    1786,     1,  1059,   990,   432,  6071,  5936,  2557,
    PETRIA6,    1787,     1,   990,   446,   914,  6072,  5911,  4793,
    PETRIA6,    1788,     1,  1161,   252,  1119,  4296,  6073,  3639,
    PETRIA6,    1789,     1,   991,   270,   926,  6074,  5937,  3674,
    PETRIA6,    1790,     1,  1060,   992,   255,  6075,  5939,  4304,
    PETRIA6,    1791,     1,   992,   237,   916,  6076,  5914,  2825,
    PETRIA6,    1792,     1,  1163,  1040,   993,  6077,  4965,  5923,
    PETRIA6,    1793,     1,   993,   514,   928,  4964,  5941,  5814,
    PETRIA6,    1794,     1,  1164,  1041,   994,  6078,  3958,  5927,
    PETRIA6,    1795,     1,   994,   116,   930,  3957,  6079,  5821,
    PETRIA6,    1796,     1,  1039,   995,   121,  6080,  5944,  6081,
    PETRIA6,    1797,     1,  2239,   995,  1039,  5819,  6080,  3974,
    PETRIA6,    1798,     1,  1054,   996,   414,  6082,  5950,  2494,
    PETRIA6,    1799,     1,   996,   432,   925,  6083,  5935,  4755,
    PETRIA6,    1800,     1,  1055,   997,   273,  6084,  5953,  4351,
    PETRIA6,    1801,     1,   997,   255,   927,  6085,  5938,  2887,
    PETRIA6,    1802,     1,  1329,   270,  1239,  4343,  6086,  3597,
    PETRIA6,    1803,     1,   998,   288,   931,  6087,  5947,  3635,
    PETRIA6,    1804,     1,   999,   880,   938,  3312,  5673,  5830,
    PETRIA6,    1805,     1,   999,   885,   399,  5832,  3296,  5845,
    PETRIA6,    1806,     1,  1069,   109,   692,  2313,  5220,  6088,
    PETRIA6,    1807,     1,  1000,   108,   937,  5466,  5960,  3888,
    PETRIA6,    1808,     1,  1162,  1033,  1001,  6089,  3988,  5934,
    PETRIA6,    1809,     1,  1001,   126,   937,  3987,  6090,  5842,
    PETRIA6,    1810,     1,  1032,  1002,   111,  6091,  5954,  3946,
    PETRIA6,    1811,     1,  1087,  1002,  1032,  5838,  6091,  6092,
    PETRIA6,    1812,     1,  1070,    93,   632,  5231,  3941,  6093,
    PETRIA6,    1813,     1,  1130,  1079,  1003,  6094,  6095,  2437,
    PETRIA6,    1814,     1,  1071,   528,   658,  5328,  5330,  6096,
    PETRIA6,    1815,     1,  1131,  1080,  1004,  6097,  6098,  5956,
    PETRIA6,    1816,     1,  1031,  1005,   519,  6099,  5957,  6100,
    PETRIA6,    1817,     1,  1086,  1005,  1031,  5840,  6099,  4976,
    PETRIA6,    1818,     1,  1006,   418,   895,  5961,  4717,  6101,
    PETRIA6,    1819,     1,  1006,   895,   400,  6101,  5910,  5871,
    PETRIA6,    1820,     1,  1049,  1007,   217,  6102,  5436,  6103,
    PETRIA6,    1821,     1,  1007,   235,   949,  6104,  5980,  5566,
    PETRIA6,    1822,     1,  1050,   513,  1009,  4962,  6105,  6106,
    PETRIA6,    1823,     1,  1008,   510,   941,  6107,  5966,  5849,
    PETRIA6,    1824,     1,  2241,  1050,  1009,  6108,  6106,  6109,
    PETRIA6,    1825,     1,  1009,   513,   942,  6105,  5968,  5852,
    PETRIA6,    1826,     1,  1081,  1028,  1010,  6110,  3961,  5946,
    PETRIA6,    1827,     1,  1010,   117,   944,  3960,  5971,  5858,
    PETRIA6,    1828,     1,  1027,  1011,   120,  6111,  5970,  6112,
    PETRIA6,    1829,     1,  2224,  1011,  1027,  5856,  6111,  3971,
    PETRIA6,    1830,     1,  1042,  1012,   396,  6113,  5973,  2372,
    PETRIA6,    1831,     1,  1012,   414,   932,  6114,  5949,  4663,
    PETRIA6,    1832,     1,  1043,  1013,   291,  6115,  5978,  4399,
    PETRIA6,    1833,     1,  1013,   273,   934,  6116,  5952,  2950,
    PETRIA6,    1834,     1,  2220,  1336,  1014,  6117,  6118,  6119,
    PETRIA6,    1835,     1,  1014,   306,   946,  6120,  6121,  3593,
    PETRIA6,    1836,     1,  1155,   399,  1135,  6122,  6123,  3243,
    PETRIA6,    1837,     1,  1015,   381,   947,  6124,  6125,  3292,
    PETRIA6,    1838,     1,  1036,  1016,   378,  6126,  5984,  6127,
    PETRIA6,    1839,     1,  1090,  1016,  1036,  2391,  6126,  6128,
    PETRIA6,    1840,     1,  1037,  1017,   309,  6129,  5989,  4442,
    PETRIA6,    1841,     1,  1091,  1017,  1037,  3015,  6129,  6130,
    PETRIA6,    1842,     1,  1339,  1035,  1018,  6131,  6132,  5976,
    PETRIA6,    1843,     1,  1018,   363,   952,  6133,  5986,  3239,
    PETRIA6,    1844,     1,  1338,  1034,  1019,  6134,  6135,  5975,
    PETRIA6,    1845,     1,  1019,   324,   953,  6136,  5987,  3549,
    PETRIA6,    1846,     1,  1029,  1020,   360,  6137,  5994,  4573,
    PETRIA6,    1847,     1,  1092,  1020,  1029,  3400,  6137,  6138,
    PETRIA6,    1848,     1,  1030,  1021,   327,  6139,  5996,  4490,
    PETRIA6,    1849,     1,  1093,  1021,  1030,  3081,  6139,  6140,
    PETRIA6,    1850,     1,  1022,   474,   950,  4870,  5981,  3212,
    PETRIA6,    1851,     1,  1089,  1022,   475,  6006,  6010,  6141,
    PETRIA6,    1852,     1,  1132,  1023,  1082,  3163,  4893,  3215,
    PETRIA6,    1853,     1,  1023,   475,   962,  6142,  6009,  6008,
    PETRIA6,    1854,     1,  1097,  1024,  1084,  6143,  6011,  6144,
    PETRIA6,    1855,     1,  1083,  1024,   450,  6145,  6146,  6147,
    PETRIA6,    1856,     1,  1025,   402,   964,  6148,  6149,  6012,
    PETRIA6,    1857,     1,  1025,   420,   969,  6013,  6026,  6150,
    PETRIA6,    1858,     1,  1204,  1026,   401,  3196,  5909,  6151,
    PETRIA6,    1859,     1,  1136,  1085,  1026,  6152,  6153,  3195,
    PETRIA6,    1860,     1,  1102,  1027,   120,  3729,  6112,  6154,
    PETRIA6,    1861,     1,  1171,  1114,  1027,  6155,  6156,  3728,
    PETRIA6,    1862,     1,  1113,  1028,   116,  3580,  6157,  6158,
    PETRIA6,    1863,     1,  1170,  1101,  1028,  6159,  6160,  3579,
    PETRIA6,    1864,     1,  1172,  1029,  1103,  2394,  4572,  6161,
    PETRIA6,    1865,     1,  1092,  1029,   378,  6138,  6162,  6163,
    PETRIA6,    1866,     1,  1173,  1030,  1104,  3018,  4489,  6164,
    PETRIA6,    1867,     1,  1093,  1030,   309,  6140,  6165,  6166,
    PETRIA6,    1868,     1,  1106,  1031,   519,  2996,  6100,  4978,
    PETRIA6,    1869,     1,  1177,  1116,  1031,  6167,  4977,  2995,
    PETRIA6,    1870,     1,  1178,  1117,  1032,  6168,  6169,  3943,
    PETRIA6,    1871,     1,  1117,  1087,  1032,  6170,  6092,  6169,
    PETRIA6,    1872,     1,  1115,  1033,   125,  3847,  6171,  6172,
    PETRIA6,    1873,     1,  1175,  1105,  1033,  6173,  6174,  3846,
    PETRIA6,    1874,     1,  1247,  1034,   306,  4434,  6175,  6176,
    PETRIA6,    1875,     1,  1034,   324,  1019,  6177,  6136,  6135,
    PETRIA6,    1876,     1,  1248,   381,  1221,  6178,  6179,  4625,
    PETRIA6,    1877,     1,  1035,   363,  1018,  6180,  6133,  6132,
    PETRIA6,    1878,     1,  1090,  1036,   396,  6128,  6181,  6182,
    PETRIA6,    1879,     1,  1108,  1036,   378,  4617,  6127,  6183,
    PETRIA6,    1880,     1,  1181,  1037,  1109,  2955,  4441,  6184,
    PETRIA6,    1881,     1,  1091,  1037,   291,  6130,  6185,  6186,
    PETRIA6,    1882,     1,  1222,  1038,   118,  3660,  6033,  6187,
    PETRIA6,    1883,     1,  1264,  1169,  1038,  6188,  6189,  3659,
    PETRIA6,    1884,     1,  1114,  1039,   121,  3759,  6081,  6190,
    PETRIA6,    1885,     1,  1186,  1123,  1039,  6191,  6192,  3758,
    PETRIA6,    1886,     1,  1121,  1040,   515,  3222,  6193,  6194,
    PETRIA6,    1887,     1,  1184,  1112,  1040,  6195,  6196,  3221,
    PETRIA6,    1888,     1,  1122,  1041,   115,  3536,  6197,  6198,
    PETRIA6,    1889,     1,  1185,  1113,  1041,  6199,  6200,  3535,
    PETRIA6,    1890,     1,  1208,  1042,  1144,  4710,  2371,  6201,
    PETRIA6,    1891,     1,  1042,   414,  1012,  6202,  6114,  6113,
    PETRIA6,    1892,     1,  1207,  1043,  1143,  2892,  4398,  6203,
    PETRIA6,    1893,     1,  1043,   273,  1013,  6204,  6116,  6115,
    PETRIA6,    1894,     1,  1116,  1044,   518,  3056,  6069,  6205,
    PETRIA6,    1895,     1,  1349,  1044,  1188,  6206,  3055,  6207,
    PETRIA6,    1896,     1,  1117,  1045,   112,  2432,  6067,  6208,
    PETRIA6,    1897,     1,  1350,  1045,  1189,  6209,  2431,  6210,
    PETRIA6,    1898,     1,  1249,  1187,  1046,  6211,  6212,  3829,
    PETRIA6,    1899,     1,  1187,  1115,  1046,  6213,  6214,  6212,
    PETRIA6,    1900,     1,  1216,  1047,  1153,  3403,  4526,  6215,
    PETRIA6,    1901,     1,  1047,   360,   975,  6216,  6041,  6040,
    PETRIA6,    1902,     1,  1215,  1048,  1152,  3084,  4533,  6217,
    PETRIA6,    1903,     1,  1048,   327,   976,  6218,  6043,  6042,
    PETRIA6,    1904,     1,  1459,  1454,  1406,  6219,  6220,  6221,
    PETRIA6,    1905,     1,  1049,   235,  1007,  6222,  6104,  6102,
    PETRIA6,    1906,     1,  2241,  1112,  1050,  6223,  3275,  6108,
    PETRIA6,    1907,     1,  2232,  1008,  1050,  6224,  4960,  6225,
    PETRIA6,    1908,     1,  1191,  1118,   445,  6226,  6227,  6228,
    PETRIA6,    1909,     1,  1051,   459,   981,  6229,  6050,  6049,
    PETRIA6,    1910,     1,  1190,   251,  1119,  6230,  6231,  3677,
    PETRIA6,    1911,     1,  1052,   252,   982,  6232,  6055,  6052,
    PETRIA6,    1912,     1,  1192,  1120,   238,  6233,  6234,  6235,
    PETRIA6,    1913,     1,  1053,   219,   983,  6236,  6057,  6056,
    PETRIA6,    1914,     1,  1210,  1146,   413,  6237,  6238,  6239,
    PETRIA6,    1915,     1,  1054,   432,   996,  6240,  6083,  6082,
    PETRIA6,    1916,     1,  1209,  1145,   274,  6241,  6242,  6243,
    PETRIA6,    1917,     1,  1055,   255,   997,  6244,  6085,  6084,
    PETRIA6,    1918,     1,  1251,  1193,  1056,  6245,  6246,  3171,
    PETRIA6,    1919,     1,  1193,  1121,  1056,  6247,  6248,  6246,
    PETRIA6,    1920,     1,  1252,  1194,  1057,  6249,  6250,  3487,
    PETRIA6,    1921,     1,  1194,  1122,  1057,  6251,  6252,  6250,
    PETRIA6,    1922,     1,  1123,  1058,   122,  3786,  6061,  6253,
    PETRIA6,    1923,     1,  1351,  1058,  1195,  6254,  3785,  6255,
    PETRIA6,    1924,     1,  1212,  1148,   431,  6256,  6257,  6258,
    PETRIA6,    1925,     1,  1059,   446,   990,  6259,  6072,  6071,
    PETRIA6,    1926,     1,  1211,  1147,   256,  6260,  6261,  6262,
    PETRIA6,    1927,     1,  1060,   237,   992,  6263,  6076,  6075,
    PETRIA6,    1928,     1,  1061,   435,   970,  4765,  6029,  3203,
    PETRIA6,    1929,     1,  1694,   436,  1369,  6264,  4766,  6265,
    PETRIA6,    1930,     1,  1096,  1062,   448,  6266,  4799,  6267,
    PETRIA6,    1931,     1,  1096,  1095,  1062,  6268,  6028,  6266,
    PETRIA6,    1932,     1,  1313,  1196,   492,  6269,  6270,  6271,
    PETRIA6,    1933,     1,  1196,  1124,  1063,  4934,  6272,  6273,
    PETRIA6,    1934,     1,  1126,  1064,   181,  6274,  4128,  5446,
    PETRIA6,    1935,     1,  1199,   180,  1064,  6275,  3825,  6276,
    PETRIA6,    1936,     1,  1314,  1202,   165,  6277,  6278,  6279,
    PETRIA6,    1937,     1,  1202,  1129,  1065,  2512,  6280,  6281,
    PETRIA6,    1938,     1,  1459,   235,  1049,  3745,  6222,  6282,
    PETRIA6,    1939,     1,  1066,   234,   982,  6283,  6053,  5778,
    PETRIA6,    1940,     1,  1150,  1067,   459,  2623,  6051,  6284,
    PETRIA6,    1941,     1,  1067,   460,   861,  2622,  5781,  4829,
    PETRIA6,    1942,     1,  1151,  1068,   219,  4217,  6058,  6285,
    PETRIA6,    1943,     1,  1068,   218,   862,  4216,  5784,  2762,
    PETRIA6,    1944,     1,  1069,   692,   781,  6088,  5601,  6286,
    PETRIA6,    1945,     1,  1069,   781,   108,  6286,  5460,  5465,
    PETRIA6,    1946,     1,  1070,   632,   764,  6093,  5228,  6287,
    PETRIA6,    1947,     1,  1070,   764,    92,  6287,  5592,  5225,
    PETRIA6,    1948,     1,  1071,   658,   726,  6096,  5544,  6288,
    PETRIA6,    1949,     1,  1071,   726,   529,  6288,  3066,  5332,
    PETRIA6,    1950,     1,  1229,  1218,   525,  4993,  6289,  6290,
    PETRIA6,    1951,     1,  1072,   516,   984,  6291,  6059,  3224,
    PETRIA6,    1952,     1,  1230,  1219,    96,  3542,  6292,  6293,
    PETRIA6,    1953,     1,  1073,   114,   986,  6294,  6063,  3538,
    PETRIA6,    1954,     1,  1142,  1074,   123,  6295,  6062,  6296,
    PETRIA6,    1955,     1,  1074,   105,   866,  6297,  5794,  5792,
    PETRIA6,    1956,     1,  1231,  1217,   106,  3853,  6298,  6299,
    PETRIA6,    1957,     1,  1075,   124,   987,  6300,  6065,  3849,
    PETRIA6,    1958,     1,  1140,  1076,   113,  6301,  6068,  6302,
    PETRIA6,    1959,     1,  1076,    95,   868,  6303,  3493,  5799,
    PETRIA6,    1960,     1,  1139,  1077,   517,  6304,  6070,  6305,
    PETRIA6,    1961,     1,  1077,   526,   869,  6306,  4994,  5802,
    PETRIA6,    1962,     1,  1078,   937,   126,  3889,  6090,  3876,
    PETRIA6,    1963,     1,  1235,  1078,   127,  5959,  6307,  3891,
    PETRIA6,    1964,     1,  1179,  1079,   110,  6308,  6309,  6310,
    PETRIA6,    1965,     1,  1079,   935,  1003,  2441,  5955,  6095,
    PETRIA6,    1966,     1,  1176,  1080,   520,  6311,  6312,  6313,
    PETRIA6,    1967,     1,  1080,   936,  1004,  3000,  5000,  6098,
    PETRIA6,    1968,     1,  1081,   930,   116,  3625,  6079,  6314,
    PETRIA6,    1969,     1,  1081,   116,  1028,  6314,  6157,  6110,
    PETRIA6,    1970,     1,  1133,   485,   911,  5770,  5905,  6315,
    PETRIA6,    1971,     1,  1206,  1082,  1133,  6316,  5769,  6317,
    PETRIA6,    1972,     1,  1083,   462,  1024,  6318,  4835,  6145,
    PETRIA6,    1973,     1,  1348,   450,  1262,  6319,  6320,  3206,
    PETRIA6,    1974,     1,  1098,  1084,   463,  6321,  3158,  4838,
    PETRIA6,    1975,     1,  1098,  1097,  1084,  6322,  6144,  6321,
    PETRIA6,    1976,     1,  1221,  1135,  1085,  3244,  6323,  4672,
    PETRIA6,    1977,     1,  1085,   400,  1026,  6324,  4674,  6153,
    PETRIA6,    1978,     1,  1086,   518,   923,  6325,  5931,  6326,
    PETRIA6,    1979,     1,  1086,   923,   883,  6326,  5933,  5839,
    PETRIA6,    1980,     1,  1087,   112,   922,  6327,  5928,  6328,
    PETRIA6,    1981,     1,  1087,   922,   882,  6328,  5930,  5837,
    PETRIA6,    1982,     1,  1099,  1088,   119,  6329,  5992,  6330,
    PETRIA6,    1983,     1,  1149,   943,  1088,  6331,  5886,  6332,
    PETRIA6,    1984,     1,  1141,  1089,   475,  6333,  6141,  4872,
    PETRIA6,    1985,     1,  1168,  1089,   464,  3161,  6334,  6335,
    PETRIA6,    1986,     1,  1090,   396,   945,  6182,  5972,  6336,
    PETRIA6,    1987,     1,  1090,   945,   897,  6336,  5974,  2389,
    PETRIA6,    1988,     1,  1091,   291,   948,  6186,  5977,  6337,
    PETRIA6,    1989,     1,  1091,   948,   900,  6337,  5979,  3013,
    PETRIA6,    1990,     1,  1092,   378,   951,  6163,  5983,  6338,
    PETRIA6,    1991,     1,  1092,   951,   904,  6338,  5985,  3398,
    PETRIA6,    1992,     1,  1093,   309,   954,  6166,  5988,  6339,
    PETRIA6,    1993,     1,  1093,   954,   906,  6339,  5990,  3079,
    PETRIA6,    1994,     1,  1138,  1094,   403,  4681,  6340,  6341,
    PETRIA6,    1995,     1,  1094,   402,  1025,  4680,  6148,  3148,
    PETRIA6,    1996,     1,  1220,  1095,   449,  6342,  6343,  4801,
    PETRIA6,    1997,     1,  1095,   436,   970,  6344,  3204,  6027,
    PETRIA6,    1998,     1,  1096,   449,  1095,  3339,  6343,  6268,
    PETRIA6,    1999,     1,   561,  1096,   448,  5069,  6267,  5071,
    PETRIA6,    2000,     1,  1213,  1097,   451,  4804,  6345,  6346,
    PETRIA6,    2001,     1,  1097,   450,  1024,  4803,  6146,  6143,
    PETRIA6,    2002,     1,  1277,  1234,  1098,  6347,  6348,  3103,
    PETRIA6,    2003,     1,  1098,   451,  1097,  6349,  6345,  6322,
    PETRIA6,    2004,     1,  1169,  1099,   119,  6350,  6330,  6351,
    PETRIA6,    2005,     1,  1287,  1099,  1169,  6352,  6350,  3695,
    PETRIA6,    2006,     1,  1265,  1100,   422,  6353,  6354,  6355,
    PETRIA6,    2007,     1,  1100,   980,  1061,  3152,  4763,  6047,
    PETRIA6,    2008,     1,  1256,  1156,  1101,  6356,  6031,  6357,
    PETRIA6,    2009,     1,  1101,   117,  1028,  6030,  3959,  6160,
    PETRIA6,    2010,     1,  1171,  1102,   138,  3730,  6358,  6359,
    PETRIA6,    2011,     1,  1102,   120,  1099,  6154,  3969,  6360,
    PETRIA6,    2012,     1,  1103,   360,  1047,  4574,  6216,  3402,
    PETRIA6,    2013,     1,  1172,  1103,   359,  6161,  6361,  6362,
    PETRIA6,    2014,     1,  1104,   327,  1048,  4491,  6218,  3083,
    PETRIA6,    2015,     1,  1173,  1104,   328,  6164,  6363,  6364,
    PETRIA6,    2016,     1,  2238,  2236,   127,  6365,  5457,  6366,
    PETRIA6,    2017,     1,  1105,   126,  1033,  6367,  3986,  6174,
    PETRIA6,    2018,     1,  1344,  1176,   520,  6368,  6313,  2942,
    PETRIA6,    2019,     1,  1177,  1106,   504,  2997,  6369,  6370,
    PETRIA6,    2020,     1,  1345,  1179,   110,  6371,  6310,  2446,
    PETRIA6,    2021,     1,  1178,  1107,   129,  3945,  6372,  6373,
    PETRIA6,    2022,     1,  1108,   378,  1029,  6183,  6162,  2393,
    PETRIA6,    2023,     1,  1180,  1108,   377,  4618,  6374,  6375,
    PETRIA6,    2024,     1,  1109,   309,  1030,  4443,  6165,  3017,
    PETRIA6,    2025,     1,  1181,  1109,   310,  6184,  6376,  6377,
    PETRIA6,    2026,     1,  1425,  1285,   323,  6378,  6379,  4477,
    PETRIA6,    2027,     1,  1110,   324,  1034,  6034,  6177,  3506,
    PETRIA6,    2028,     1,  1552,   364,  1485,  6380,  4584,  6381,
    PETRIA6,    2029,     1,  1111,   363,  1035,  6037,  6180,  3192,
    PETRIA6,    2030,     1,  1112,   514,  1040,  6382,  4963,  6196,
    PETRIA6,    2031,     1,  1284,  1112,   509,  3276,  6383,  6384,
    PETRIA6,    2032,     1,  1113,   116,  1041,  6158,  3956,  6200,
    PETRIA6,    2033,     1,  1170,  1113,   134,  3581,  6385,  6386,
    PETRIA6,    2034,     1,  1186,  1114,   139,  3760,  6387,  6388,
    PETRIA6,    2035,     1,  1114,   121,  1027,  6190,  3972,  6156,
    PETRIA6,    2036,     1,  1175,  1115,   143,  3848,  6389,  6390,
    PETRIA6,    2037,     1,  1115,   125,  1046,  6172,  3983,  6214,
    PETRIA6,    2038,     1,  1116,   518,  1086,  6205,  6325,  4975,
    PETRIA6,    2039,     1,  1188,  1116,   505,  3057,  6391,  6392,
    PETRIA6,    2040,     1,  1117,   112,  1087,  6208,  6327,  6170,
    PETRIA6,    2041,     1,  1189,  1117,   130,  2433,  6393,  6394,
    PETRIA6,    2042,     1,  1118,   446,  1059,  2620,  6259,  4791,
    PETRIA6,    2043,     1,  1319,  1191,   445,  6395,  6228,  2679,
    PETRIA6,    2044,     1,  1303,  1119,   251,  3640,  6231,  6396,
    PETRIA6,    2045,     1,  1119,   252,  1052,  6073,  6232,  3678,
    PETRIA6,    2046,     1,  1120,   237,  1060,  4261,  6263,  2766,
    PETRIA6,    2047,     1,  1321,  1192,   238,  6397,  6235,  4263,
    PETRIA6,    2048,     1,  1184,  1121,   508,  3223,  6398,  6399,
    PETRIA6,    2049,     1,  1121,   515,  1056,  6194,  4966,  6248,
    PETRIA6,    2050,     1,  1185,  1122,   133,  3537,  6400,  6401,
    PETRIA6,    2051,     1,  1122,   115,  1057,  6198,  3953,  6252,
    PETRIA6,    2052,     1,  1123,   122,  1039,  6253,  3975,  6192,
    PETRIA6,    2053,     1,  1195,  1123,   140,  3787,  6402,  6403,
    PETRIA6,    2054,     1,  2222,  1124,   502,  2818,  6404,  6405,
    PETRIA6,    2055,     1,  1124,   493,  1063,  2817,  2810,  6272,
    PETRIA6,    2056,     1,  1167,  1125,   482,  6406,  6407,  2808,
    PETRIA6,    2057,     1,  1125,   492,  1063,  6408,  6409,  4910,
    PETRIA6,    2058,     1,  1200,   181,   688,  5447,  3855,  6410,
    PETRIA6,    2059,     1,  1254,  1199,  1126,  6411,  6412,  4081,
    PETRIA6,    2060,     1,  1165,  1127,   180,  6413,  3826,  4124,
    PETRIA6,    2061,     1,  1198,  1127,   198,  3802,  6414,  6415,
    PETRIA6,    2062,     1,  1166,  1128,   183,  6416,  6417,  4132,
    PETRIA6,    2063,     1,  1128,   165,  1065,  6418,  6419,  2574,
    PETRIA6,    2064,     1,  2221,  1129,   146,  5283,  6420,  6421,
    PETRIA6,    2065,     1,  1129,   164,  1065,  5282,  4084,  6280,
    PETRIA6,    2066,     1,  1160,    92,   636,  2325,  5043,  6422,
    PETRIA6,    2067,     1,  1130,   110,  1079,  5259,  6309,  6094,
    PETRIA6,    2068,     1,  1159,   529,   656,  3006,  5590,  6423,
    PETRIA6,    2069,     1,  1131,   520,  1080,  5312,  6312,  6097,
    PETRIA6,    2070,     1,  1214,  1132,   486,  6424,  3217,  4896,
    PETRIA6,    2071,     1,  1203,  1132,   476,  3164,  6425,  6426,
    PETRIA6,    2072,     1,  1133,   911,   494,  6315,  5619,  4915,
    PETRIA6,    2073,     1,  1259,  1206,  1133,  6427,  6317,  4914,
    PETRIA6,    2074,     1,  1134,   797,   462,  4834,  5616,  6428,
    PETRIA6,    2075,     1,  1134,   462,  1083,  6428,  6318,  5669,
    PETRIA6,    2076,     1,  1135,   399,   939,  6123,  3295,  5962,
    PETRIA6,    2077,     1,  1135,   400,  1085,  5963,  6324,  6323,
    PETRIA6,    2078,     1,  1154,  1136,   383,  4630,  6429,  6430,
    PETRIA6,    2079,     1,  1136,   382,  1085,  4629,  4673,  6152,
    PETRIA6,    2080,     1,  1137,  1025,   969,  3149,  6150,  4723,
    PETRIA6,    2081,     1,  1223,  1137,   421,  6025,  4725,  4726,
    PETRIA6,    2082,     1,  1346,  1138,   403,  3093,  6341,  6431,
    PETRIA6,    2083,     1,  1258,  1205,  1138,  6432,  6433,  3092,
    PETRIA6,    2084,     1,  1224,  1139,   517,  3176,  6305,  3119,
    PETRIA6,    2085,     1,  1139,   526,  1077,  6434,  6306,  6304,
    PETRIA6,    2086,     1,  1225,  1140,   113,  3492,  6302,  3438,
    PETRIA6,    2087,     1,  1140,    95,  1076,  6435,  6303,  6301,
    PETRIA6,    2088,     1,  1279,   465,  1236,  6436,  6437,  3106,
    PETRIA6,    2089,     1,  1141,   464,  1089,  6438,  6334,  6333,
    PETRIA6,    2090,     1,  1226,  1142,   123,  3834,  6296,  6439,
    PETRIA6,    2091,     1,  1142,   105,  1074,  6440,  6297,  6295,
    PETRIA6,    2092,     1,  1143,   291,  1037,  4400,  6185,  2954,
    PETRIA6,    2093,     1,  1207,  1143,   292,  6203,  6441,  6442,
    PETRIA6,    2094,     1,  1144,   396,  1036,  2373,  6181,  4615,
    PETRIA6,    2095,     1,  1208,  1144,   395,  6201,  6443,  6444,
    PETRIA6,    2096,     1,  1145,   273,  1043,  4352,  6204,  2891,
    PETRIA6,    2097,     1,  1312,  1209,   274,  6445,  6243,  4354,
    PETRIA6,    2098,     1,  1146,   414,  1042,  2495,  6202,  4709,
    PETRIA6,    2099,     1,  1311,  1210,   413,  6446,  6239,  2554,
    PETRIA6,    2100,     1,  1147,   255,  1055,  4305,  6244,  2829,
    PETRIA6,    2101,     1,  1317,  1211,   256,  6447,  6262,  4307,
    PETRIA6,    2102,     1,  1148,   432,  1054,  2558,  6240,  4753,
    PETRIA6,    2103,     1,  1316,  1212,   431,  6448,  6258,  2616,
    PETRIA6,    2104,     1,  1149,   120,   943,  3970,  5969,  6331,
    PETRIA6,    2105,     1,  1149,  1088,  1099,  6332,  6329,  3968,
    PETRIA6,    2106,     1,  1227,  1150,   459,  6449,  6284,  2682,
    PETRIA6,    2107,     1,  1271,  1150,  1227,  4861,  6449,  6450,
    PETRIA6,    2108,     1,  1228,  1151,   219,  6451,  6285,  4218,
    PETRIA6,    2109,     1,  1273,  1151,  1228,  2701,  6451,  6452,
    PETRIA6,    2110,     1,  1158,  1152,   345,  3139,  4535,  6453,
    PETRIA6,    2111,     1,  1215,  1152,   346,  6217,  6454,  6455,
    PETRIA6,    2112,     1,  1157,  1153,   342,  3456,  4528,  6456,
    PETRIA6,    2113,     1,  1216,  1153,   341,  6215,  6457,  6458,
    PETRIA6,    2114,     1,  1401,  1327,  1154,  6459,  6460,  6461,
    PETRIA6,    2115,     1,  1305,  1183,   382,  6462,  6463,  6464,
    PETRIA6,    2116,     1,  1155,   381,  1015,  6465,  6124,  6466,
    PETRIA6,    2117,     1,  1155,  1015,   399,  6466,  5951,  6122,
    PETRIA6,    2118,     1,  1256,  1222,  1156,  6467,  6468,  6356,
    PETRIA6,    2119,     1,  1156,   118,   971,  6469,  6032,  3962,
    PETRIA6,    2120,     1,  1157,   342,   973,  6456,  6036,  4480,
    PETRIA6,    2121,     1,  1285,  1157,  1110,  3457,  6035,  6470,
    PETRIA6,    2122,     1,  1158,   345,   974,  6453,  6039,  4581,
    PETRIA6,    2123,     1,  1286,  1158,  1111,  3140,  6038,  6471,
    PETRIA6,    2124,     1,  1159,   656,   762,  6423,  3001,  6472,
    PETRIA6,    2125,     1,  1159,   762,   520,  6472,  5588,  5311,
    PETRIA6,    2126,     1,  1160,   636,   724,  6422,  5541,  6473,
    PETRIA6,    2127,     1,  1160,   724,   110,  6473,  5242,  5258,
    PETRIA6,    2128,     1,  1303,  1239,  1161,  6474,  6475,  3638,
    PETRIA6,    2129,     1,  1161,   270,   991,  6476,  6074,  4294,
    PETRIA6,    2130,     1,  1162,   924,   125,  3865,  6066,  6477,
    PETRIA6,    2131,     1,  1162,   125,  1033,  6477,  6171,  6089,
    PETRIA6,    2132,     1,  1163,   919,   515,  3279,  6060,  6478,
    PETRIA6,    2133,     1,  1163,   515,  1040,  6478,  6193,  6077,
    PETRIA6,    2134,     1,  1164,   921,   115,  3584,  6064,  6479,
    PETRIA6,    2135,     1,  1164,   115,  1041,  6479,  6197,  6078,
    PETRIA6,    2136,     1,  1379,  1325,  1165,  6480,  6481,  3776,
    PETRIA6,    2137,     1,  1165,   198,  1127,  6482,  6414,  6413,
    PETRIA6,    2138,     1,  1342,  1324,   184,  2516,  6483,  6484,
    PETRIA6,    2139,     1,  1166,   165,  1128,  6485,  6418,  6416,
    PETRIA6,    2140,     1,  1343,  1323,   481,  4909,  6486,  6487,
    PETRIA6,    2141,     1,  1167,   492,  1125,  6488,  6408,  6406,
    PETRIA6,    2142,     1,  1168,   463,   961,  4839,  6007,  3159,
    PETRIA6,    2143,     1,  1277,   452,  1234,  6489,  4806,  6347,
    PETRIA6,    2144,     1,  1169,   119,  1038,  6351,  3965,  6189,
    PETRIA6,    2145,     1,  1438,  1287,   137,  6490,  3697,  6491,
    PETRIA6,    2146,     1,  1660,   134,  1619,  6492,  6493,  6494,
    PETRIA6,    2147,     1,  1170,   135,  1101,  6495,  6496,  6159,
    PETRIA6,    2148,     1,  1263,  1171,   138,  4019,  6359,  6497,
    PETRIA6,    2149,     1,  1171,   139,  1114,  4018,  6387,  6155,
    PETRIA6,    2150,     1,  1295,  1172,   359,  6498,  6362,  6499,
    PETRIA6,    2151,     1,  1172,   377,  1108,  6500,  6374,  2392,
    PETRIA6,    2152,     1,  1296,  1173,   328,  6501,  6364,  4493,
    PETRIA6,    2153,     1,  1173,   310,  1109,  6502,  6376,  3016,
    PETRIA6,    2154,     1,  1174,   127,  1078,  6503,  6307,  3875,
    PETRIA6,    2155,     1,  1174,   126,  1105,  3877,  6367,  3990,
    PETRIA6,    2156,     1,  1414,  1175,   143,  6504,  6390,  4032,
    PETRIA6,    2157,     1,  1175,   144,  1105,  6505,  3861,  6173,
    PETRIA6,    2158,     1,  1176,   519,  1080,  4979,  2998,  6311,
    PETRIA6,    2159,     1,  1344,  1245,  1176,  6506,  2937,  6368,
    PETRIA6,    2160,     1,  1269,  1177,   504,  4941,  6370,  6507,
    PETRIA6,    2161,     1,  1177,   505,  1116,  4940,  6391,  6167,
    PETRIA6,    2162,     1,  1270,  1178,   129,  2331,  6373,  6508,
    PETRIA6,    2163,     1,  1178,   130,  1117,  2330,  6393,  6168,
    PETRIA6,    2164,     1,  1179,   111,  1079,  2328,  2439,  6308,
    PETRIA6,    2165,     1,  1345,  1246,  1179,  6509,  3992,  6371,
    PETRIA6,    2166,     1,  1306,  1180,   377,  6510,  6375,  2369,
    PETRIA6,    2167,     1,  1180,   395,  1144,  6511,  6443,  4614,
    PETRIA6,    2168,     1,  1307,  1181,   310,  6512,  6377,  4445,
    PETRIA6,    2169,     1,  1181,   292,  1143,  6513,  6441,  2953,
    PETRIA6,    2170,     1,  1304,  1182,   305,  6514,  6515,  6516,
    PETRIA6,    2171,     1,  1182,   323,  1110,  6517,  6518,  3505,
    PETRIA6,    2172,     1,  1305,   382,  1154,  6464,  4628,  6519,
    PETRIA6,    2173,     1,  1183,   364,  1111,  6520,  6521,  3191,
    PETRIA6,    2174,     1,  1421,  1184,   508,  6522,  6399,  6523,
    PETRIA6,    2175,     1,  1184,   509,  1112,  6524,  6383,  6195,
    PETRIA6,    2176,     1,  1423,  1185,   133,  6525,  6401,  4005,
    PETRIA6,    2177,     1,  1185,   134,  1113,  6526,  6385,  6199,
    PETRIA6,    2178,     1,  1278,  1186,   139,  4022,  6388,  6527,
    PETRIA6,    2179,     1,  1186,   140,  1123,  4021,  6402,  6191,
    PETRIA6,    2180,     1,  1290,  1187,   142,  4031,  6528,  6529,
    PETRIA6,    2181,     1,  1187,   143,  1115,  4030,  6389,  6213,
    PETRIA6,    2182,     1,  1288,  1188,   505,  4944,  6392,  6530,
    PETRIA6,    2183,     1,  1349,   506,  1266,  6531,  6532,  6533,
    PETRIA6,    2184,     1,  1289,  1189,   130,  6534,  6394,  3997,
    PETRIA6,    2185,     1,  1350,   131,  1267,  6535,  6536,  6537,
    PETRIA6,    2186,     1,  1250,  1052,   234,  4253,  6054,  6538,
    PETRIA6,    2187,     1,  1320,  1190,   233,  6539,  6540,  6541,
    PETRIA6,    2188,     1,  1352,   458,  1272,  6542,  6543,  6544,
    PETRIA6,    2189,     1,  1191,  1051,  1118,  4827,  2618,  6226,
    PETRIA6,    2190,     1,  1353,   220,  1274,  6545,  6546,  6547,
    PETRIA6,    2191,     1,  1192,  1053,  1120,  2703,  4259,  6233,
    PETRIA6,    2192,     1,  1301,  1193,   507,  4950,  6548,  6549,
    PETRIA6,    2193,     1,  1193,   508,  1121,  4949,  6398,  6247,
    PETRIA6,    2194,     1,  1302,  1194,   132,  4004,  6550,  6551,
    PETRIA6,    2195,     1,  1194,   133,  1122,  4003,  6400,  6251,
    PETRIA6,    2196,     1,  1300,  1195,   140,  4025,  6403,  6552,
    PETRIA6,    2197,     1,  1351,   141,  1268,  6553,  6554,  6555,
    PETRIA6,    2198,     1,  1196,  1063,   492,  6273,  6409,  6270,
    PETRIA6,    2199,     1,  1253,  1196,   501,  4935,  6556,  6557,
    PETRIA6,    2200,     1,  1299,  1197,   483,  4890,  2749,  6558,
    PETRIA6,    2201,     1,  1197,   482,  1125,  4889,  6407,  6044,
    PETRIA6,    2202,     1,  1297,  1198,   198,  4171,  6415,  6559,
    PETRIA6,    2203,     1,  1198,   199,   978,  4170,  6045,  3800,
    PETRIA6,    2204,     1,  1315,  1199,   162,  6560,  6561,  6562,
    PETRIA6,    2205,     1,  1199,  1064,  1126,  6276,  6274,  6412,
    PETRIA6,    2206,     1,  1200,   688,   738,  6410,  5444,  5561,
    PETRIA6,    2207,     1,  1200,   163,  1126,  5562,  4082,  5445,
    PETRIA6,    2208,     1,  1298,  1201,   182,  2638,  4131,  6563,
    PETRIA6,    2209,     1,  1201,   183,  1128,  2637,  6417,  6046,
    PETRIA6,    2210,     1,  1202,  1065,   165,  6281,  6419,  6278,
    PETRIA6,    2211,     1,  1255,  1202,   147,  2513,  6564,  6565,
    PETRIA6,    2212,     1,  1279,  1203,   476,  6566,  6426,  6567,
    PETRIA6,    2213,     1,  1203,   475,  1023,  4873,  6142,  3162,
    PETRIA6,    2214,     1,  1257,  1238,   401,  4678,  6568,  5917,
    PETRIA6,    2215,     1,  1204,   383,  1136,  6569,  6429,  3194,
    PETRIA6,    2216,     1,  1340,  1205,   384,  3146,  6570,  6571,
    PETRIA6,    2217,     1,  1205,   402,  1138,  6572,  4679,  6433,
    PETRIA6,    2218,     1,  1292,  1206,   495,  6573,  6574,  6575,
    PETRIA6,    2219,     1,  1206,   486,  1082,  6576,  3216,  6316,
    PETRIA6,    2220,     1,  1310,  1207,   292,  6577,  6442,  4402,
    PETRIA6,    2221,     1,  1207,   274,  1145,  6578,  6242,  2890,
    PETRIA6,    2222,     1,  1309,  1208,   395,  6579,  6444,  2491,
    PETRIA6,    2223,     1,  1208,   413,  1146,  6580,  6238,  4708,
    PETRIA6,    2224,     1,  1209,   256,  1147,  6581,  6261,  2828,
    PETRIA6,    2225,     1,  1209,  1055,  1145,  2830,  4350,  6241,
    PETRIA6,    2226,     1,  1210,   431,  1148,  6582,  6257,  4752,
    PETRIA6,    2227,     1,  1210,  1054,  1146,  4754,  2493,  6237,
    PETRIA6,    2228,     1,  1211,   238,  1120,  6583,  6234,  2765,
    PETRIA6,    2229,     1,  1211,  1060,  1147,  2767,  4303,  6260,
    PETRIA6,    2230,     1,  1212,   445,  1118,  6584,  6227,  4790,
    PETRIA6,    2231,     1,  1212,  1059,  1148,  4792,  2556,  6256,
    PETRIA6,    2232,     1,  1260,  1213,   451,  3101,  6346,  6585,
    PETRIA6,    2233,     1,  1575,  1508,   450,  6586,  6587,  6588,
    PETRIA6,    2234,     1,  1372,  1318,  1214,  6589,  6590,  3109,
    PETRIA6,    2235,     1,  1214,   476,  1132,  6591,  6425,  6424,
    PETRIA6,    2236,     1,  1294,  1215,   346,  6592,  6455,  4537,
    PETRIA6,    2237,     1,  1215,   328,  1104,  6593,  6363,  3082,
    PETRIA6,    2238,     1,  1293,  1216,   341,  6594,  6458,  4524,
    PETRIA6,    2239,     1,  1216,   359,  1103,  6595,  6361,  3401,
    PETRIA6,    2240,     1,  1217,   124,  1075,  6596,  6300,  6597,
    PETRIA6,    2241,     1,  1217,  1075,   106,  6597,  5804,  6298,
    PETRIA6,    2242,     1,  1218,   516,  1072,  6598,  6291,  6599,
    PETRIA6,    2243,     1,  1218,  1072,   525,  6599,  5789,  6289,
    PETRIA6,    2244,     1,  1219,   114,  1073,  6600,  6294,  6601,
    PETRIA6,    2245,     1,  1219,  1073,    96,  6601,  3586,  6292,
    PETRIA6,    2246,     1,  1508,  1262,   450,  6602,  6320,  6587,
    PETRIA6,    2247,     1,  1220,   436,  1095,  6603,  6344,  6342,
    PETRIA6,    2248,     1,  1248,   382,  1183,  4627,  6463,  6604,
    PETRIA6,    2249,     1,  1221,   381,  1155,  6179,  6465,  3242,
    PETRIA6,    2250,     1,  1222,   118,  1156,  6187,  6469,  6468,
    PETRIA6,    2251,     1,  1264,  1222,   136,  3661,  6605,  6606,
    PETRIA6,    2252,     1,  1519,  1275,  1265,  6607,  3096,  6608,
    PETRIA6,    2253,     1,  1223,   403,  1094,  6609,  6340,  6024,
    PETRIA6,    2254,     1,  1349,  1266,   517,  6533,  3120,  6610,
    PETRIA6,    2255,     1,  1224,   516,  1218,  6611,  6598,  3174,
    PETRIA6,    2256,     1,  1350,  1267,   113,  6537,  3439,  6612,
    PETRIA6,    2257,     1,  1225,   114,  1219,  6613,  6600,  3490,
    PETRIA6,    2258,     1,  1268,  1226,   123,  6614,  6439,  6615,
    PETRIA6,    2259,     1,  1226,   124,  1217,  6616,  6596,  3832,
    PETRIA6,    2260,     1,  1352,  1272,   459,  6544,  2683,  6617,
    PETRIA6,    2261,     1,  1271,  1227,   471,  6450,  6618,  6619,
    PETRIA6,    2262,     1,  1353,  1274,   219,  6547,  4219,  6620,
    PETRIA6,    2263,     1,  1273,  1228,   201,  6452,  6621,  6622,
    PETRIA6,    2264,     1,  1229,   525,   665,  6290,  5361,  3227,
    PETRIA6,    2265,     1,  1229,   526,  1139,  3229,  6434,  4992,
    PETRIA6,    2266,     1,  1230,    96,   706,  6293,  5525,  5521,
    PETRIA6,    2267,     1,  1230,    95,  1140,  5523,  6435,  3541,
    PETRIA6,    2268,     1,  1231,   106,   778,  6299,  2302,  5476,
    PETRIA6,    2269,     1,  1231,   105,  1142,  5477,  6440,  3852,
    PETRIA6,    2270,     1,  1232,   472,   756,  6623,  2627,  5268,
    PETRIA6,    2271,     1,  1232,   460,  1150,  5270,  2621,  4860,
    PETRIA6,    2272,     1,  1233,   200,   718,  6624,  2759,  5302,
    PETRIA6,    2273,     1,  1233,   218,  1151,  5303,  4215,  2700,
    PETRIA6,    2274,     1,  1276,  1260,   451,  3038,  6585,  6625,
    PETRIA6,    2275,     1,  1234,   451,  1098,  6626,  6349,  6348,
    PETRIA6,    2276,     1,  1322,   127,   691,  3892,  3873,  6627,
    PETRIA6,    2277,     1,  1235,   109,  1000,  5239,  2312,  5958,
    PETRIA6,    2278,     1,  1356,  1236,   465,  6628,  6437,  6629,
    PETRIA6,    2279,     1,  1236,   464,  1141,  4841,  6438,  3107,
    PETRIA6,    2280,     1,  1291,  1237,   510,  6630,  5967,  6631,
    PETRIA6,    2281,     1,  1388,  1237,  1291,  6632,  6630,  3271,
    PETRIA6,    2282,     1,  1238,   383,  1204,  4632,  6569,  6633,
    PETRIA6,    2283,     1,  1238,  1204,   401,  6633,  6151,  6568,
    PETRIA6,    2284,     1,  1446,  1239,   269,  3598,  6634,  6635,
    PETRIA6,    2285,     1,  1239,   270,  1161,  6086,  6476,  6475,
    PETRIA6,    2286,     1,  1240,   494,   849,  6636,  5761,  6637,
    PETRIA6,    2287,     1,  1240,   849,   511,  6637,  5760,  5634,
    PETRIA6,    2288,     1,  1315,  1241,   180,  3804,  4125,  6638,
    PETRIA6,    2289,     1,  1379,   197,  1325,  6639,  4167,  6480,
    PETRIA6,    2290,     1,  1449,  1242,   166,  4088,  6640,  6641,
    PETRIA6,    2291,     1,  1242,   165,  1166,  6642,  6485,  6643,
    PETRIA6,    2292,     1,  1448,  1243,   491,  2871,  6644,  6645,
    PETRIA6,    2293,     1,  1243,   492,  1167,  6646,  6488,  6647,
    PETRIA6,    2294,     1,  1410,  1381,  1341,  6648,  6649,  5450,
    PETRIA6,    2295,     1,  2238,   145,  2236,  6650,  6651,  6365,
    PETRIA6,    2296,     1,  2228,  1383,   503,  6652,  6653,  2879,
    PETRIA6,    2297,     1,  1245,   504,  1106,  6654,  6369,  2935,
    PETRIA6,    2298,     1,  2229,  1382,   128,  6655,  6656,  2509,
    PETRIA6,    2299,     1,  1246,   129,  1107,  6657,  6372,  3991,
    PETRIA6,    2300,     1,  1336,  1247,   306,  3553,  6176,  6658,
    PETRIA6,    2301,     1,  1247,   305,  1182,  6659,  6515,  4433,
    PETRIA6,    2302,     1,  1248,  1183,  1035,  6604,  3193,  6660,
    PETRIA6,    2303,     1,  1248,  1035,   381,  6660,  6661,  6178,
    PETRIA6,    2304,     1,  1281,  1226,  1268,  6662,  6614,  3981,
    PETRIA6,    2305,     1,  1249,   142,  1187,  3810,  6528,  6211,
    PETRIA6,    2306,     1,  1337,  1250,   234,  3714,  6538,  6663,
    PETRIA6,    2307,     1,  1250,   233,  1190,  6664,  6540,  4252,
    PETRIA6,    2308,     1,  1283,  1224,  1266,  6665,  3118,  4970,
    PETRIA6,    2309,     1,  1251,   507,  1193,  6666,  6548,  6245,
    PETRIA6,    2310,     1,  1282,  1225,  1267,  6667,  3437,  3951,
    PETRIA6,    2311,     1,  1252,   132,  1194,  6668,  6550,  6249,
    PETRIA6,    2312,     1,  1405,  1253,   501,  6669,  6557,  6670,
    PETRIA6,    2313,     1,  1253,   502,  1124,  2873,  6404,  4933,
    PETRIA6,    2314,     1,  1341,  1254,   163,  3844,  4083,  5451,
    PETRIA6,    2315,     1,  1254,   162,  1199,  6671,  6561,  6411,
    PETRIA6,    2316,     1,  1404,  1255,   147,  6672,  6565,  6673,
    PETRIA6,    2317,     1,  1255,   146,  1129,  4039,  6420,  2511,
    PETRIA6,    2318,     1,  1256,  1101,   135,  6357,  6496,  3621,
    PETRIA6,    2319,     1,  1256,   136,  1222,  6674,  6605,  6467,
    PETRIA6,    2320,     1,  1328,   401,   917,  5918,  5919,  6675,
    PETRIA6,    2321,     1,  1257,   402,  1205,  6015,  6572,  4677,
    PETRIA6,    2322,     1,  1346,  1326,  1258,  6676,  4635,  3091,
    PETRIA6,    2323,     1,  1258,   384,  1205,  4634,  6570,  6432,
    PETRIA6,    2324,     1,  1388,   494,  1240,  6677,  6636,  6678,
    PETRIA6,    2325,     1,  1259,   495,  1206,  6679,  6574,  6427,
    PETRIA6,    2326,     1,  1276,   451,  1234,  6625,  6626,  4805,
    PETRIA6,    2327,     1,  1347,  1260,   438,  3102,  6680,  6681,
    PETRIA6,    2328,     1,  1292,  1261,   486,  3166,  4897,  6682,
    PETRIA6,    2329,     1,  1372,   477,  1318,  6683,  6684,  6589,
    PETRIA6,    2330,     1,  1348,   449,   807,  3208,  5671,  6685,
    PETRIA6,    2331,     1,  1508,  1308,  1262,  6686,  3155,  6602,
    PETRIA6,    2332,     1,  1389,  1263,   138,  6687,  6497,  4015,
    PETRIA6,    2333,     1,  1445,  1263,  1437,  6688,  6689,  6690,
    PETRIA6,    2334,     1,  1354,  1264,   136,  4014,  6606,  6691,
    PETRIA6,    2335,     1,  1264,   137,  1169,  4013,  3696,  6188,
    PETRIA6,    2336,     1,  1265,   421,  1100,  4727,  3150,  6353,
    PETRIA6,    2337,     1,  1519,  1265,   422,  6608,  6355,  4729,
    PETRIA6,    2338,     1,  1330,  1266,   506,  4971,  6532,  6692,
    PETRIA6,    2339,     1,  1283,   507,  1251,  6693,  6666,  6694,
    PETRIA6,    2340,     1,  1331,  1267,   131,  3952,  6536,  6695,
    PETRIA6,    2341,     1,  1282,   132,  1252,  6696,  6668,  6697,
    PETRIA6,    2342,     1,  1351,  1268,   123,  6555,  6615,  6698,
    PETRIA6,    2343,     1,  1332,  1268,   141,  3982,  6554,  6699,
    PETRIA6,    2344,     1,  1390,  1269,   504,  6700,  6507,  6701,
    PETRIA6,    2345,     1,  1439,  1358,  1269,  6702,  6703,  6704,
    PETRIA6,    2346,     1,  1391,  1270,   129,  6705,  6508,  6706,
    PETRIA6,    2347,     1,  1440,  1359,  1270,  6707,  6708,  6709,
    PETRIA6,    2348,     1,  1465,  1418,  1299,  6710,  6711,  6712,
    PETRIA6,    2349,     1,  1271,   472,  1232,  2685,  6623,  4859,
    PETRIA6,    2350,     1,  1398,  1272,   458,  6713,  6543,  2742,
    PETRIA6,    2351,     1,  1398,  1370,  1272,  6714,  4858,  6713,
    PETRIA6,    2352,     1,  1464,  1417,  1298,  6715,  6716,  6717,
    PETRIA6,    2353,     1,  1273,   200,  1233,  4173,  6624,  2699,
    PETRIA6,    2354,     1,  1399,  1274,   220,  6718,  6546,  4221,
    PETRIA6,    2355,     1,  1399,  1371,  1274,  6719,  2641,  6718,
    PETRIA6,    2356,     1,  1355,  1275,   404,  4684,  6720,  6721,
    PETRIA6,    2357,     1,  1275,   403,  1223,  4683,  6609,  3094,
    PETRIA6,    2358,     1,  1403,  1276,   452,  6722,  4807,  6723,
    PETRIA6,    2359,     1,  1403,  1333,  1276,  6724,  3039,  6722,
    PETRIA6,    2360,     1,  1277,  1168,   464,  3105,  6335,  6725,
    PETRIA6,    2361,     1,  1510,   464,  1280,  6726,  4840,  6727,
    PETRIA6,    2362,     1,  1445,  1278,   139,  6728,  6527,  6729,
    PETRIA6,    2363,     1,  1478,  1364,  1278,  6730,  6731,  6732,
    PETRIA6,    2364,     1,  1279,  1141,  1203,  3108,  4871,  6566,
    PETRIA6,    2365,     1,  1373,  1279,   476,  6733,  6567,  4874,
    PETRIA6,    2366,     1,  1356,  1280,  1236,  3041,  4842,  6628,
    PETRIA6,    2367,     1,  1510,  1280,  1395,  6727,  3040,  6734,
    PETRIA6,    2368,     1,  1281,  1249,   124,  3811,  3831,  6735,
    PETRIA6,    2369,     1,  1281,   124,  1226,  6735,  6616,  6662,
    PETRIA6,    2370,     1,  1282,  1252,   114,  6697,  3489,  6736,
    PETRIA6,    2371,     1,  1282,   114,  1225,  6736,  6613,  6667,
    PETRIA6,    2372,     1,  1283,  1251,   516,  6694,  3173,  6737,
    PETRIA6,    2373,     1,  1283,   516,  1224,  6737,  6611,  6665,
    PETRIA6,    2374,     1,  1357,  1284,   509,  6738,  6384,  6739,
    PETRIA6,    2375,     1,  2232,  1284,  1357,  6740,  6738,  6741,
    PETRIA6,    2376,     1,  1285,  1110,   323,  6470,  6518,  6379,
    PETRIA6,    2377,     1,  1285,   341,  1153,  6742,  6457,  3455,
    PETRIA6,    2378,     1,  1286,  1111,   364,  6471,  6521,  6743,
    PETRIA6,    2379,     1,  1286,   346,  1152,  6744,  6454,  3138,
    PETRIA6,    2380,     1,  1287,   138,  1102,  6745,  6358,  6746,
    PETRIA6,    2381,     1,  1287,  1102,  1099,  6746,  6360,  6352,
    PETRIA6,    2382,     1,  1358,  1288,   505,  6747,  6530,  6748,
    PETRIA6,    2383,     1,  1474,  1288,  1412,  6749,  6750,  6751,
    PETRIA6,    2384,     1,  1475,  1289,  1413,  6752,  6753,  6754,
    PETRIA6,    2385,     1,  1289,   131,  1189,  6755,  6756,  6534,
    PETRIA6,    2386,     1,  1461,  1415,  1290,  6757,  6758,  6759,
    PETRIA6,    2387,     1,  1415,  1360,  1290,  3808,  6760,  6758,
    PETRIA6,    2388,     1,  2232,  1357,   510,  6741,  4955,  6761,
    PETRIA6,    2389,     1,  1388,   495,  1259,  3273,  6679,  6762,
    PETRIA6,    2390,     1,  1292,   486,  1206,  6682,  6576,  6573,
    PETRIA6,    2391,     1,  1484,   495,  1453,  6763,  6764,  4917,
    PETRIA6,    2392,     1,  1560,  1502,   340,  6765,  6766,  6767,
    PETRIA6,    2393,     1,  1293,   359,  1216,  6768,  6595,  6594,
    PETRIA6,    2394,     1,  1559,  1501,   347,  6769,  6770,  6771,
    PETRIA6,    2395,     1,  1294,   328,  1215,  6772,  6593,  6592,
    PETRIA6,    2396,     1,  1295,   377,  1172,  6773,  6500,  6498,
    PETRIA6,    2397,     1,  1385,  1295,   359,  6774,  6499,  6775,
    PETRIA6,    2398,     1,  1432,  1384,   329,  6776,  6777,  6778,
    PETRIA6,    2399,     1,  1296,   310,  1173,  6779,  6502,  6501,
    PETRIA6,    2400,     1,  1361,  1297,   198,  3774,  6559,  6780,
    PETRIA6,    2401,     1,  1463,  1297,  1416,  6781,  3773,  6782,
    PETRIA6,    2402,     1,  1464,  1298,   182,  6717,  6563,  6783,
    PETRIA6,    2403,     1,  1417,  1362,  1298,  6784,  6785,  6716,
    PETRIA6,    2404,     1,  1465,  1299,   483,  6712,  6558,  6786,
    PETRIA6,    2405,     1,  1418,  1363,  1299,  6787,  6788,  6711,
    PETRIA6,    2406,     1,  1364,  1300,   140,  6789,  6552,  6790,
    PETRIA6,    2407,     1,  1476,  1300,  1419,  6791,  6792,  6793,
    PETRIA6,    2408,     1,  1466,  1420,  1301,  6794,  6795,  6796,
    PETRIA6,    2409,     1,  1420,  1365,  1301,  3117,  6797,  6795,
    PETRIA6,    2410,     1,  1469,  1422,  1302,  6798,  6799,  6800,
    PETRIA6,    2411,     1,  1422,  1366,  1302,  3436,  6801,  6799,
    PETRIA6,    2412,     1,  1367,  1303,   251,  6802,  6396,  4292,
    PETRIA6,    2413,     1,  1303,   269,  1239,  6803,  6634,  6474,
    PETRIA6,    2414,     1,  1424,   322,  1368,  6804,  3405,  3458,
    PETRIA6,    2415,     1,  1304,   323,  1182,  6805,  6517,  6514,
    PETRIA6,    2416,     1,  1327,  1305,  1154,  3142,  6519,  6460,
    PETRIA6,    2417,     1,  1305,   364,  1183,  4585,  6520,  6462,
    PETRIA6,    2418,     1,  1434,  1386,   376,  6806,  6807,  6808,
    PETRIA6,    2419,     1,  1306,   395,  1180,  6809,  6511,  6510,
    PETRIA6,    2420,     1,  1435,  1387,   311,  6810,  6811,  6812,
    PETRIA6,    2421,     1,  1307,   292,  1181,  6813,  6513,  6512,
    PETRIA6,    2422,     1,  1369,  1308,   437,  4768,  6814,  6815,
    PETRIA6,    2423,     1,  1308,   436,  1220,  4767,  6603,  3153,
    PETRIA6,    2424,     1,  1558,  1495,   394,  6816,  6817,  6818,
    PETRIA6,    2425,     1,  1309,   413,  1208,  6819,  6580,  6579,
    PETRIA6,    2426,     1,  1557,  1494,   293,  6820,  6821,  6822,
    PETRIA6,    2427,     1,  1310,   274,  1207,  6823,  6578,  6577,
    PETRIA6,    2428,     1,  1556,  1493,   412,  6824,  6825,  6826,
    PETRIA6,    2429,     1,  1311,   431,  1210,  6827,  6582,  6446,
    PETRIA6,    2430,     1,  1555,  1492,   275,  6828,  6829,  6830,
    PETRIA6,    2431,     1,  1312,   256,  1209,  6831,  6581,  6445,
    PETRIA6,    2432,     1,  1313,   501,  1196,  6832,  6556,  6269,
    PETRIA6,    2433,     1,  1313,   492,  1243,  6271,  6646,  2870,
    PETRIA6,    2434,     1,  1314,   147,  1202,  6833,  6564,  6277,
    PETRIA6,    2435,     1,  1314,   165,  1242,  6279,  6642,  4087,
    PETRIA6,    2436,     1,  1315,   180,  1199,  6638,  6275,  6560,
    PETRIA6,    2437,     1,  2247,  1489,   162,  6834,  6835,  6836,
    PETRIA6,    2438,     1,  1554,  1491,   430,  6837,  6838,  6839,
    PETRIA6,    2439,     1,  1316,   445,  1212,  6840,  6584,  6448,
    PETRIA6,    2440,     1,  1553,  1490,   257,  6841,  6842,  6843,
    PETRIA6,    2441,     1,  1317,   238,  1211,  6844,  6583,  6447,
    PETRIA6,    2442,     1,  1426,  1318,   477,  6845,  6684,  6846,
    PETRIA6,    2443,     1,  1318,   476,  1214,  4875,  6591,  6590,
    PETRIA6,    2444,     1,  1427,  1374,   444,  6847,  6848,  6849,
    PETRIA6,    2445,     1,  1319,   458,  1191,  6850,  6851,  6395,
    PETRIA6,    2446,     1,  1428,   250,  1375,  6852,  6853,  3641,
    PETRIA6,    2447,     1,  1320,   251,  1190,  6854,  6230,  6539,
    PETRIA6,    2448,     1,  1429,  1376,   239,  6855,  6856,  6857,
    PETRIA6,    2449,     1,  1321,   220,  1192,  6858,  6859,  6397,
    PETRIA6,    2450,     1,  1322,   691,   735,  6627,  3884,  6860,
    PETRIA6,    2451,     1,  1322,   735,   109,  6860,  5555,  5238,
    PETRIA6,    2452,     1,  1377,   482,  1363,  6861,  6862,  6863,
    PETRIA6,    2453,     1,  1604,  1343,   481,  6864,  6487,  6865,
    PETRIA6,    2454,     1,  1378,   183,  1362,  6866,  6867,  6868,
    PETRIA6,    2455,     1,  1605,  1342,   184,  6869,  6484,  6870,
    PETRIA6,    2456,     1,  1380,  1361,   198,  3747,  6780,  6871,
    PETRIA6,    2457,     1,  1325,   198,  1165,  6872,  6482,  6481,
    PETRIA6,    2458,     1,  1544,  1458,  1326,  6873,  6874,  3025,
    PETRIA6,    2459,     1,  1458,  1400,  1326,  6875,  6876,  6874,
    PETRIA6,    2460,     1,  1401,  1154,   383,  6461,  6430,  6877,
    PETRIA6,    2461,     1,  1485,  1327,   365,  3143,  6878,  6879,
    PETRIA6,    2462,     1,  1328,   917,   964,  6675,  5786,  6880,
    PETRIA6,    2463,     1,  1328,   964,   402,  6880,  6149,  6014,
    PETRIA6,    2464,     1,  1446,  1402,  1329,  6881,  6882,  3596,
    PETRIA6,    2465,     1,  1329,   288,   998,  6883,  6087,  4341,
    PETRIA6,    2466,     1,  1441,  1330,   506,  4946,  6692,  6884,
    PETRIA6,    2467,     1,  1330,   507,  1283,  6885,  6693,  4969,
    PETRIA6,    2468,     1,  1442,  1331,   131,  4000,  6695,  6886,
    PETRIA6,    2469,     1,  1331,   132,  1282,  6887,  6696,  3950,
    PETRIA6,    2470,     1,  1443,  1332,   141,  4027,  6699,  6888,
    PETRIA6,    2471,     1,  1332,   142,  1281,  6889,  3809,  3980,
    PETRIA6,    2472,     1,  1397,  1333,   439,  4774,  6890,  6891,
    PETRIA6,    2473,     1,  1333,   438,  1260,  4773,  6680,  3037,
    PETRIA6,    2474,     1,  1404,  1382,  1334,  2450,  6892,  6893,
    PETRIA6,    2475,     1,  2229,  1334,  1382,  5276,  6892,  6655,
    PETRIA6,    2476,     1,  1405,  1383,  1335,  4938,  6894,  6895,
    PETRIA6,    2477,     1,  2228,  1335,  1383,  5297,  6894,  6652,
    PETRIA6,    2478,     1,  1336,   306,  1014,  6658,  6120,  6118,
    PETRIA6,    2479,     1,  2220,  1486,  1336,  4391,  6896,  6117,
    PETRIA6,    2480,     1,  1406,  1337,   234,  6897,  6663,  6898,
    PETRIA6,    2481,     1,  1526,  1455,   215,  6899,  6900,  4207,
    PETRIA6,    2482,     1,  1338,   946,   306,  5879,  6121,  6901,
    PETRIA6,    2483,     1,  1338,   306,  1034,  6901,  6175,  6134,
    PETRIA6,    2484,     1,  1339,   947,   381,  5876,  6125,  6902,
    PETRIA6,    2485,     1,  1339,   381,  1035,  6902,  6661,  6131,
    PETRIA6,    2486,     1,  1460,   384,  1400,  6903,  6904,  6905,
    PETRIA6,    2487,     1,  1409,  1401,   383,  6906,  6877,  6907,
    PETRIA6,    2488,     1,  1410,   163,   689,  5452,  3870,  6908,
    PETRIA6,    2489,     1,  1509,  1381,  1431,  6909,  6910,  6911,
    PETRIA6,    2490,     1,  1342,   166,  1242,  6912,  6640,  6913,
    PETRIA6,    2491,     1,  1342,  1242,  1166,  6913,  6643,  2514,
    PETRIA6,    2492,     1,  1343,   491,  1243,  6914,  6644,  6915,
    PETRIA6,    2493,     1,  1343,  1243,  1167,  6915,  6647,  4908,
    PETRIA6,    2494,     1,  1408,   520,   654,  2943,  5587,  6916,
    PETRIA6,    2495,     1,  1344,   503,  1245,  5305,  6917,  6506,
    PETRIA6,    2496,     1,  1407,   110,   639,  2447,  5241,  6918,
    PETRIA6,    2497,     1,  1345,   128,  1246,  5267,  6919,  6509,
    PETRIA6,    2498,     1,  1789,   403,  1355,  6920,  4682,  6921,
    PETRIA6,    2499,     1,  1346,   385,  1326,  6922,  3026,  6676,
    PETRIA6,    2500,     1,  1496,  1347,   438,  6923,  6681,  6924,
    PETRIA6,    2501,     1,  1575,   437,  1508,  6925,  6926,  6586,
    PETRIA6,    2502,     1,  1348,   807,  1083,  6685,  5670,  6927,
    PETRIA6,    2503,     1,  1348,  1083,   450,  6927,  6147,  6319,
    PETRIA6,    2504,     1,  1349,   517,  1044,  6610,  4972,  6206,
    PETRIA6,    2505,     1,  1349,  1188,   506,  6207,  4943,  6531,
    PETRIA6,    2506,     1,  1350,   113,  1045,  6612,  3947,  6209,
    PETRIA6,    2507,     1,  1350,  1189,   131,  6210,  6756,  6535,
    PETRIA6,    2508,     1,  1351,   123,  1058,  6698,  3977,  6254,
    PETRIA6,    2509,     1,  1351,  1195,   141,  6255,  4024,  6553,
    PETRIA6,    2510,     1,  1352,   459,  1051,  6617,  6229,  4826,
    PETRIA6,    2511,     1,  1352,  1191,   458,  4828,  6851,  6542,
    PETRIA6,    2512,     1,  1353,   219,  1053,  6620,  6236,  2702,
    PETRIA6,    2513,     1,  1353,  1192,   220,  2704,  6859,  6545,
    PETRIA6,    2514,     1,  1507,  1354,   136,  6928,  6691,  6929,
    PETRIA6,    2515,     1,  1562,  1513,  1354,  3619,  6930,  6931,
    PETRIA6,    2516,     1,  1766,  1355,   404,  3030,  6721,  6932,
    PETRIA6,    2517,     1,  1789,  1355,  1659,  6921,  3029,  6933,
    PETRIA6,    2518,     1,  1396,  1356,   465,  6934,  6629,  6935,
    PETRIA6,    2519,     1,  1396,  1395,  1356,  6936,  3042,  6934,
    PETRIA6,    2520,     1,  1411,  1357,   509,  6937,  6739,  4952,
    PETRIA6,    2521,     1,  1453,  1357,  1411,  3220,  6937,  6938,
    PETRIA6,    2522,     1,  1358,   505,  1269,  6748,  4939,  6703,
    PETRIA6,    2523,     1,  1516,   500,  1481,  6939,  6940,  4929,
    PETRIA6,    2524,     1,  1359,   130,  1270,  3998,  2329,  6708,
    PETRIA6,    2525,     1,  1517,   148,  1482,  6941,  6942,  2333,
    PETRIA6,    2526,     1,  1462,  1414,  1360,  6943,  4034,  3827,
    PETRIA6,    2527,     1,  1360,   143,  1290,  4033,  4029,  6760,
    PETRIA6,    2528,     1,  1416,  1361,   216,  3775,  6944,  6945,
    PETRIA6,    2529,     1,  1380,   198,  1325,  6871,  6872,  6946,
    PETRIA6,    2530,     1,  1393,  1362,   201,  6947,  6948,  4175,
    PETRIA6,    2531,     1,  1362,   183,  1298,  6867,  2636,  6785,
    PETRIA6,    2532,     1,  1392,  1363,   471,  6949,  6950,  2744,
    PETRIA6,    2533,     1,  1363,   482,  1299,  6862,  4888,  6788,
    PETRIA6,    2534,     1,  1364,   140,  1278,  6790,  4020,  6731,
    PETRIA6,    2535,     1,  1520,  1419,   158,  4073,  3757,  6951,
    PETRIA6,    2536,     1,  1467,   496,  1411,  4921,  6952,  6953,
    PETRIA6,    2537,     1,  1365,   508,  1301,  6954,  4948,  6797,
    PETRIA6,    2538,     1,  1468,  1423,  1366,  6955,  4007,  3485,
    PETRIA6,    2539,     1,  1366,   133,  1302,  4006,  4002,  6801,
    PETRIA6,    2540,     1,  1503,  1367,  1375,  3600,  4291,  6956,
    PETRIA6,    2541,     1,  1367,   269,  1303,  6957,  6803,  6802,
    PETRIA6,    2542,     1,  1471,  1425,  1368,  6958,  4479,  3404,
    PETRIA6,    2543,     1,  1368,   323,  1304,  4478,  6805,  3459,
    PETRIA6,    2544,     1,  1676,   437,  1639,  6959,  6960,  3097,
    PETRIA6,    2545,     1,  1694,  1369,  1676,  6265,  6961,  6962,
    PETRIA6,    2546,     1,  1392,  1377,  1363,  6963,  6863,  6949,
    PETRIA6,    2547,     1,  1370,   471,  1227,  2745,  6618,  4857,
    PETRIA6,    2548,     1,  1393,  1378,  1362,  6964,  6868,  6947,
    PETRIA6,    2549,     1,  1371,   201,  1228,  4176,  6621,  2639,
    PETRIA6,    2550,     1,  1372,  1261,   487,  3111,  6965,  6966,
    PETRIA6,    2551,     1,  1505,  1372,   487,  6967,  6966,  4899,
    PETRIA6,    2552,     1,  1426,  1373,  1318,  3044,  4876,  6845,
    PETRIA6,    2553,     1,  1373,   465,  1279,  6968,  6436,  6733,
    PETRIA6,    2554,     1,  1374,   445,  1316,  2680,  6840,  4788,
    PETRIA6,    2555,     1,  2242,   444,  1953,  6969,  6970,  6971,
    PETRIA6,    2556,     1,  1503,  1375,   250,  6956,  6853,  6972,
    PETRIA6,    2557,     1,  1375,   251,  1320,  4293,  6854,  3642,
    PETRIA6,    2558,     1,  1376,   238,  1317,  4264,  6844,  2706,
    PETRIA6,    2559,     1,  2141,  1429,   239,  6973,  6857,  6974,
    PETRIA6,    2560,     1,  1591,  1377,  1392,  6975,  6963,  6976,
    PETRIA6,    2561,     1,  1377,  1323,   482,  4886,  2809,  6861,
    PETRIA6,    2562,     1,  1593,  1378,  1393,  6977,  6964,  6978,
    PETRIA6,    2563,     1,  1378,  1324,   183,  2578,  4133,  6866,
    PETRIA6,    2564,     1,  1379,  1241,   179,  3778,  6979,  6980,
    PETRIA6,    2565,     1,  1504,  1379,   179,  6981,  6980,  6982,
    PETRIA6,    2566,     1,  1430,  1380,  1325,  6983,  6946,  4166,
    PETRIA6,    2567,     1,  1430,  1394,  1380,  6984,  3748,  6983,
    PETRIA6,    2568,     1,  1381,  1244,   144,  4037,  3862,  6985,
    PETRIA6,    2569,     1,  1431,  1381,   144,  6910,  6985,  6986,
    PETRIA6,    2570,     1,  1382,   129,  1246,  6987,  6657,  6988,
    PETRIA6,    2571,     1,  1382,  1246,   128,  6988,  6919,  6656,
    PETRIA6,    2572,     1,  1383,   504,  1245,  6989,  6654,  6990,
    PETRIA6,    2573,     1,  1383,  1245,   503,  6990,  6917,  6653,
    PETRIA6,    2574,     1,  1384,   328,  1294,  4494,  6772,  3020,
    PETRIA6,    2575,     1,  1702,  1432,   329,  6991,  6778,  4495,
    PETRIA6,    2576,     1,  1385,   359,  1293,  6775,  6768,  2396,
    PETRIA6,    2577,     1,  1700,  1433,   358,  6992,  4571,  2365,
    PETRIA6,    2578,     1,  1386,   377,  1295,  2370,  6773,  4567,
    PETRIA6,    2579,     1,  1877,   376,  1840,  6993,  2487,  6994,
    PETRIA6,    2580,     1,  1387,   310,  1296,  4446,  6779,  2957,
    PETRIA6,    2581,     1,  1876,   311,  1839,  6995,  4447,  6996,
    PETRIA6,    2582,     1,  1388,  1259,   494,  6762,  4916,  6677,
    PETRIA6,    2583,     1,  1388,  1240,  1237,  6678,  5635,  6632,
    PETRIA6,    2584,     1,  1438,   138,  1287,  4016,  6745,  6490,
    PETRIA6,    2585,     1,  1515,  1437,   156,  4068,  3694,  6997,
    PETRIA6,    2586,     1,  1390,   504,  1383,  6701,  6989,  4937,
    PETRIA6,    2587,     1,  1487,   501,  1313,  6998,  6832,  6999,
    PETRIA6,    2588,     1,  1391,   129,  1382,  6706,  6987,  2449,
    PETRIA6,    2589,     1,  1488,   147,  1314,  7000,  6833,  7001,
    PETRIA6,    2590,     1,  1392,  1370,   470,  2746,  7002,  7003,
    PETRIA6,    2591,     1,  1591,  1497,  1377,  7004,  4887,  6975,
    PETRIA6,    2592,     1,  1393,  1371,   202,  4177,  7005,  7006,
    PETRIA6,    2593,     1,  1593,  1498,  1378,  7007,  2579,  6977,
    PETRIA6,    2594,     1,  1455,  1394,   215,  4211,  7008,  6900,
    PETRIA6,    2595,     1,  1394,   216,  1361,  4210,  6944,  3746,
    PETRIA6,    2596,     1,  1473,  1395,   453,  4810,  7009,  7010,
    PETRIA6,    2597,     1,  1510,  1395,   452,  6734,  4809,  7011,
    PETRIA6,    2598,     1,  1565,  1514,  1396,  7012,  7013,  2980,
    PETRIA6,    2599,     1,  1396,   453,  1395,  7014,  7009,  6936,
    PETRIA6,    2600,     1,  1600,  1397,   439,  2976,  6891,  7015,
    PETRIA6,    2601,     1,  1542,  1457,  1397,  7016,  7017,  2975,
    PETRIA6,    2602,     1,  1511,   458,  1500,  2743,  7018,  7019,
    PETRIA6,    2603,     1,  1398,   470,  1370,  7020,  7002,  6714,
    PETRIA6,    2604,     1,  1512,   220,  1499,  4222,  7021,  7022,
    PETRIA6,    2605,     1,  1399,   202,  1371,  7023,  7005,  6719,
    PETRIA6,    2606,     1,  1400,   384,  1326,  6904,  4633,  6876,
    PETRIA6,    2607,     1,  1654,  1409,  1460,  7024,  3088,  7025,
    PETRIA6,    2608,     1,  1409,   383,  1340,  6907,  4631,  3089,
    PETRIA6,    2609,     1,  1401,   365,  1327,  7026,  6878,  6459,
    PETRIA6,    2610,     1,  1486,  1402,   287,  4390,  7027,  7028,
    PETRIA6,    2611,     1,  1402,   288,  1329,  7029,  6883,  6882,
    PETRIA6,    2612,     1,  1543,   452,  1473,  7030,  4808,  7031,
    PETRIA6,    2613,     1,  1403,   439,  1333,  7032,  6890,  6724,
    PETRIA6,    2614,     1,  1404,  1334,  1255,  6893,  4040,  6672,
    PETRIA6,    2615,     1,  1404,   147,  1391,  6673,  4042,  2448,
    PETRIA6,    2616,     1,  1405,  1335,  1253,  6895,  2874,  6669,
    PETRIA6,    2617,     1,  1405,   501,  1390,  6670,  2933,  4936,
    PETRIA6,    2618,     1,  1455,  1406,   216,  7033,  7034,  4209,
    PETRIA6,    2619,     1,  1459,  1406,   234,  6221,  6898,  7035,
    PETRIA6,    2620,     1,  1407,   639,   723,  6918,  5538,  7036,
    PETRIA6,    2621,     1,  1407,   723,   128,  7036,  5257,  5266,
    PETRIA6,    2622,     1,  1408,   654,   761,  6916,  2938,  7037,
    PETRIA6,    2623,     1,  1408,   761,   503,  7037,  5585,  5304,
    PETRIA6,    2624,     1,  1460,  1340,   384,  3090,  6571,  6903,
    PETRIA6,    2625,     1,  1409,   365,  1401,  7038,  7026,  6906,
    PETRIA6,    2626,     1,  1410,   689,   737,  6908,  5558,  5453,
    PETRIA6,    2627,     1,  1410,   145,  1381,  5454,  4035,  6648,
    PETRIA6,    2628,     1,  1421,   509,  1184,  4953,  6524,  6522,
    PETRIA6,    2629,     1,  1453,  1411,   496,  6938,  6952,  4918,
    PETRIA6,    2630,     1,  1571,  1474,   499,  7039,  7040,  7041,
    PETRIA6,    2631,     1,  1412,  1288,  1358,  6750,  6747,  2992,
    PETRIA6,    2632,     1,  1572,  1475,   149,  7042,  7043,  7044,
    PETRIA6,    2633,     1,  1413,  1289,  1359,  6753,  3996,  3993,
    PETRIA6,    2634,     1,  2247,  1414,  1462,  7045,  6943,  7046,
    PETRIA6,    2635,     1,  1414,   144,  1175,  7047,  6505,  6504,
    PETRIA6,    2636,     1,  1461,  1290,   142,  6759,  6529,  7048,
    PETRIA6,    2637,     1,  1518,  1480,   161,  7049,  7050,  4077,
    PETRIA6,    2638,     1,  1454,  1416,   216,  4214,  6945,  7051,
    PETRIA6,    2639,     1,  1463,  1416,   217,  6782,  4213,  7052,
    PETRIA6,    2640,     1,  1417,  1273,   201,  4174,  6622,  7053,
    PETRIA6,    2641,     1,  1417,   201,  1362,  7053,  6948,  6784,
    PETRIA6,    2642,     1,  1418,  1271,   471,  2686,  6619,  7054,
    PETRIA6,    2643,     1,  1418,   471,  1363,  7054,  6950,  6787,
    PETRIA6,    2644,     1,  1573,  1476,   159,  7055,  7056,  7057,
    PETRIA6,    2645,     1,  1419,  1300,  1364,  6792,  6789,  3755,
    PETRIA6,    2646,     1,  1466,  1301,   507,  6796,  6549,  7058,
    PETRIA6,    2647,     1,  1521,  1420,   498,  4924,  7059,  7060,
    PETRIA6,    2648,     1,  1421,   508,  1365,  6523,  6954,  3169,
    PETRIA6,    2649,     1,  1467,  1365,   497,  3170,  3116,  7061,
    PETRIA6,    2650,     1,  1469,  1302,   132,  6800,  6551,  7062,
    PETRIA6,    2651,     1,  1522,  1422,   150,  4051,  7063,  7064,
    PETRIA6,    2652,     1,  1530,  1423,  1468,  7065,  6955,  7066,
    PETRIA6,    2653,     1,  1423,   134,  1185,  7067,  6526,  6525,
    PETRIA6,    2654,     1,  1470,  1304,   305,  4432,  6516,  4387,
    PETRIA6,    2655,     1,  1586,  1424,   304,  7068,  7069,  4430,
    PETRIA6,    2656,     1,  2249,  1425,  1471,  7070,  6958,  7071,
    PETRIA6,    2657,     1,  1425,   341,  1285,  7072,  6742,  6378,
    PETRIA6,    2658,     1,  1452,  1426,   477,  7073,  6846,  4877,
    PETRIA6,    2659,     1,  1452,  1450,  1426,  7074,  3045,  7073,
    PETRIA6,    2660,     1,  1500,  1427,   457,  4825,  7075,  4855,
    PETRIA6,    2661,     1,  1427,  1319,  1374,  4824,  2678,  6847,
    PETRIA6,    2662,     1,  1472,  1320,   233,  4251,  6541,  7076,
    PETRIA6,    2663,     1,  1581,  1428,   232,  7077,  7078,  4249,
    PETRIA6,    2664,     1,  1499,  1429,   221,  2644,  7079,  2581,
    PETRIA6,    2665,     1,  1429,  1321,  1376,  2643,  4262,  6855,
    PETRIA6,    2666,     1,  1451,  1430,   197,  7080,  4168,  4164,
    PETRIA6,    2667,     1,  2240,  1430,  1451,  7081,  7080,  7082,
    PETRIA6,    2668,     1,  1431,   144,  1414,  6986,  7047,  7083,
    PETRIA6,    2669,     1,  1509,  1431,   162,  6911,  7084,  7085,
    PETRIA6,    2670,     1,  1432,   311,  1387,  7086,  6811,  2956,
    PETRIA6,    2671,     1,  1432,  1296,  1384,  2958,  4492,  6776,
    PETRIA6,    2672,     1,  1433,   376,  1386,  7087,  6807,  4566,
    PETRIA6,    2673,     1,  1433,  1295,  1385,  4568,  6774,  4569,
    PETRIA6,    2674,     1,  1495,  1434,   394,  4662,  7088,  6817,
    PETRIA6,    2675,     1,  1434,  1306,  1386,  4661,  2368,  6806,
    PETRIA6,    2676,     1,  1494,  1435,   293,  2895,  7089,  6821,
    PETRIA6,    2677,     1,  1435,  1307,  1387,  2894,  4444,  6810,
    PETRIA6,    2678,     1,  1436,   495,  1291,  7090,  3272,  7091,
    PETRIA6,    2679,     1,  1436,  1291,   510,  7091,  6631,  4954,
    PETRIA6,    2680,     1,  1445,  1437,   157,  6690,  4067,  3726,
    PETRIA6,    2681,     1,  1437,  1263,  1389,  6689,  6687,  3692,
    PETRIA6,    2682,     1,  1611,   137,  1513,  7092,  7093,  7094,
    PETRIA6,    2683,     1,  1611,  1513,   155,  7094,  3618,  7095,
    PETRIA6,    2684,     1,  1439,   500,  1358,  7096,  2993,  6702,
    PETRIA6,    2685,     1,  1439,  1269,  1390,  6704,  6700,  2932,
    PETRIA6,    2686,     1,  1440,   148,  1359,  7097,  3994,  6707,
    PETRIA6,    2687,     1,  1440,  1270,  1391,  6709,  6705,  4041,
    PETRIA6,    2688,     1,  1474,  1441,   506,  7098,  6884,  7099,
    PETRIA6,    2689,     1,  1538,  1466,   507,  7100,  7058,  7101,
    PETRIA6,    2690,     1,  1475,  1442,   131,  7102,  6886,  7103,
    PETRIA6,    2691,     1,  1539,  1469,   132,  7104,  7062,  7105,
    PETRIA6,    2692,     1,  1476,  1443,   141,  7106,  6888,  7107,
    PETRIA6,    2693,     1,  1540,  1461,   142,  7108,  7048,  7109,
    PETRIA6,    2694,     1,  1477,  1444,   496,  7110,  7111,  7112,
    PETRIA6,    2695,     1,  1444,   487,  1261,  7113,  6965,  3165,
    PETRIA6,    2696,     1,  1445,   139,  1263,  6729,  4017,  6688,
    PETRIA6,    2697,     1,  1698,  1478,   157,  7114,  3727,  7115,
    PETRIA6,    2698,     1,  1479,  1446,   269,  7116,  6635,  4339,
    PETRIA6,    2699,     1,  1446,   287,  1402,  7117,  7027,  6881,
    PETRIA6,    2700,     1,  1480,  1447,   161,  7118,  7119,  7050,
    PETRIA6,    2701,     1,  1447,   179,  1241,  7120,  6979,  3803,
    PETRIA6,    2702,     1,  1481,  1448,   491,  7121,  6645,  7122,
    PETRIA6,    2703,     1,  1487,   500,  1439,  4932,  7096,  7123,
    PETRIA6,    2704,     1,  1482,  1449,   166,  7124,  6641,  7125,
    PETRIA6,    2705,     1,  1488,   148,  1440,  2453,  7097,  7126,
    PETRIA6,    2706,     1,  1456,  1450,   466,  4845,  7127,  7128,
    PETRIA6,    2707,     1,  1450,   465,  1373,  4844,  6968,  3043,
    PETRIA6,    2708,     1,  1598,  1536,   196,  7129,  7130,  7131,
    PETRIA6,    2709,     1,  2256,  2240,  1451,  7132,  7082,  3716,
    PETRIA6,    2710,     1,  1621,  1585,  1452,  7133,  7134,  2983,
    PETRIA6,    2711,     1,  1452,   466,  1450,  7135,  7127,  7074,
    PETRIA6,    2712,     1,  1484,   496,  1444,  4919,  7111,  7136,
    PETRIA6,    2713,     1,  1453,   495,  1436,  6764,  7090,  3218,
    PETRIA6,    2714,     1,  1454,   216,  1406,  7051,  7034,  6220,
    PETRIA6,    2715,     1,  1454,  1049,   217,  7137,  6103,  4212,
    PETRIA6,    2716,     1,  1526,  1523,  1455,  7138,  7139,  6899,
    PETRIA6,    2717,     1,  1455,  1337,  1406,  7140,  6897,  7033,
    PETRIA6,    2718,     1,  1565,   454,  1514,  7141,  4812,  7012,
    PETRIA6,    2719,     1,  1456,  1396,   465,  2981,  6935,  4843,
    PETRIA6,    2720,     1,  1639,  1496,  1563,  7142,  4769,  7143,
    PETRIA6,    2721,     1,  1457,   438,  1397,  7144,  4772,  7017,
    PETRIA6,    2722,     1,  1547,  1458,   367,  4590,  7145,  7146,
    PETRIA6,    2723,     1,  1458,   366,  1400,  4589,  7147,  6875,
    PETRIA6,    2724,     1,  1459,  1049,  1454,  6282,  7137,  6219,
    PETRIA6,    2725,     1,  1459,   234,  1066,  7035,  6283,  3743,
    PETRIA6,    2726,     1,  1460,  1400,   366,  6905,  7147,  7148,
    PETRIA6,    2727,     1,  1654,   366,  1606,  7149,  7150,  7151,
    PETRIA6,    2728,     1,  1540,   142,  1332,  7109,  6889,  4026,
    PETRIA6,    2729,     1,  1461,   160,  1415,  7152,  7153,  6757,
    PETRIA6,    2730,     1,  1489,   161,  1447,  4080,  7119,  7154,
    PETRIA6,    2731,     1,  2247,  1462,  1489,  7046,  4079,  6834,
    PETRIA6,    2732,     1,  1541,  1463,   217,  5440,  7052,  7155,
    PETRIA6,    2733,     1,  1463,   199,  1297,  5439,  4169,  6781,
    PETRIA6,    2734,     1,  1464,   182,   719,  6783,  2696,  5294,
    PETRIA6,    2735,     1,  1464,   200,  1417,  5295,  4172,  6715,
    PETRIA6,    2736,     1,  1465,   483,   757,  6786,  5277,  2690,
    PETRIA6,    2737,     1,  1465,   472,  1418,  2692,  2684,  6710,
    PETRIA6,    2738,     1,  1538,   507,  1330,  7101,  6885,  4945,
    PETRIA6,    2739,     1,  1466,   498,  1420,  7156,  7059,  6794,
    PETRIA6,    2740,     1,  1531,  1477,   496,  3113,  7112,  4920,
    PETRIA6,    2741,     1,  1467,  1411,  1421,  6953,  4951,  3168,
    PETRIA6,    2742,     1,  1532,  1468,   151,  4054,  3486,  7157,
    PETRIA6,    2743,     1,  1530,  1468,   152,  7066,  4053,  7158,
    PETRIA6,    2744,     1,  1539,   132,  1331,  7105,  6887,  3999,
    PETRIA6,    2745,     1,  1469,   150,  1422,  7159,  7063,  6798,
    PETRIA6,    2746,     1,  2227,  1529,   305,  7160,  4388,  7161,
    PETRIA6,    2747,     1,  1470,   304,  1424,  7162,  7069,  4431,
    PETRIA6,    2748,     1,  1528,  1471,   322,  7163,  3406,  4475,
    PETRIA6,    2749,     1,  2249,  1502,  1425,  7164,  7165,  7070,
    PETRIA6,    2750,     1,  1526,  1472,   233,  7166,  7076,  7167,
    PETRIA6,    2751,     1,  1472,   232,  1428,  7168,  7078,  4250,
    PETRIA6,    2752,     1,  1545,  1473,   453,  7169,  7010,  7170,
    PETRIA6,    2753,     1,  1612,  1473,  1545,  7171,  7169,  7172,
    PETRIA6,    2754,     1,  1474,   506,  1288,  7099,  4942,  6749,
    PETRIA6,    2755,     1,  1474,  1412,   499,  6751,  7173,  7040,
    PETRIA6,    2756,     1,  1475,   131,  1289,  7103,  6755,  6752,
    PETRIA6,    2757,     1,  1475,  1413,   149,  6754,  7174,  7043,
    PETRIA6,    2758,     1,  1476,   141,  1300,  7107,  4023,  6791,
    PETRIA6,    2759,     1,  1476,  1419,   159,  6793,  4072,  7056,
    PETRIA6,    2760,     1,  1603,  1569,   488,  7175,  7176,  7177,
    PETRIA6,    2761,     1,  1477,   487,  1444,  7178,  7113,  7110,
    PETRIA6,    2762,     1,  1478,   158,  1364,  7179,  3756,  6730,
    PETRIA6,    2763,     1,  1478,  1278,  1445,  6732,  6728,  3725,
    PETRIA6,    2764,     1,  1574,  1479,  1506,  3556,  4338,  7180,
    PETRIA6,    2765,     1,  1479,   287,  1446,  7181,  7117,  7116,
    PETRIA6,    2766,     1,  1597,  1518,   160,  7182,  7183,  7184,
    PETRIA6,    2767,     1,  1480,   179,  1447,  7185,  7120,  7118,
    PETRIA6,    2768,     1,  1534,   499,  1516,  7186,  7187,  4928,
    PETRIA6,    2769,     1,  1481,   500,  1448,  6940,  4931,  7121,
    PETRIA6,    2770,     1,  1533,   149,  1517,  7188,  7189,  2332,
    PETRIA6,    2771,     1,  1482,   148,  1449,  6942,  2452,  7124,
    PETRIA6,    2772,     1,  1527,  1483,   155,  4065,  7190,  7191,
    PETRIA6,    2773,     1,  1483,   156,  1389,  4064,  3693,  3656,
    PETRIA6,    2774,     1,  1484,  1444,  1292,  7136,  3167,  7192,
    PETRIA6,    2775,     1,  1484,  1292,   495,  7192,  6575,  6763,
    PETRIA6,    2776,     1,  1564,  1485,   365,  7193,  6879,  7194,
    PETRIA6,    2777,     1,  1564,  1552,  1485,  3087,  6381,  7193,
    PETRIA6,    2778,     1,  1529,  1486,   287,  7195,  7028,  7196,
    PETRIA6,    2779,     1,  2227,  1486,  1529,  7197,  7195,  7160,
    PETRIA6,    2780,     1,  1487,  1439,   501,  7123,  2934,  6998,
    PETRIA6,    2781,     1,  1487,  1313,  1448,  6999,  2869,  4930,
    PETRIA6,    2782,     1,  1488,  1440,   147,  7126,  4043,  7000,
    PETRIA6,    2783,     1,  1488,  1314,  1449,  7001,  4086,  2451,
    PETRIA6,    2784,     1,  1489,  1447,  1315,  7154,  3805,  7198,
    PETRIA6,    2785,     1,  1489,  1315,   162,  7198,  6562,  6835,
    PETRIA6,    2786,     1,  1490,   256,  1312,  4308,  6831,  2769,
    PETRIA6,    2787,     1,  2152,   257,  2119,  7199,  4309,  7200,
    PETRIA6,    2788,     1,  1491,   431,  1311,  2617,  6827,  4750,
    PETRIA6,    2789,     1,  2233,   430,  2004,  7201,  7202,  7203,
    PETRIA6,    2790,     1,  1492,   274,  1310,  4355,  6823,  2832,
    PETRIA6,    2791,     1,  2068,   275,  2044,  7204,  4356,  7205,
    PETRIA6,    2792,     1,  1493,   413,  1309,  2555,  6819,  4706,
    PETRIA6,    2793,     1,  2069,   412,  2045,  7206,  7207,  7208,
    PETRIA6,    2794,     1,  1494,   292,  1307,  4403,  6813,  2893,
    PETRIA6,    2795,     1,  1988,   293,  1940,  7209,  4404,  2772,
    PETRIA6,    2796,     1,  1495,   395,  1306,  2492,  6809,  4660,
    PETRIA6,    2797,     1,  1989,   394,  1941,  7210,  2550,  4703,
    PETRIA6,    2798,     1,  1496,   437,  1347,  7211,  7212,  6923,
    PETRIA6,    2799,     1,  1496,   438,  1457,  6924,  7144,  4770,
    PETRIA6,    2800,     1,  1591,  1524,  1497,  7213,  7214,  7004,
    PETRIA6,    2801,     1,  1497,   481,  1323,  7215,  6486,  4885,
    PETRIA6,    2802,     1,  1593,  1525,  1498,  7216,  7217,  7007,
    PETRIA6,    2803,     1,  1498,   184,  1324,  7218,  6483,  2577,
    PETRIA6,    2804,     1,  1616,  1512,  1499,  7219,  7022,  2580,
    PETRIA6,    2805,     1,  1499,   220,  1321,  7021,  6858,  2642,
    PETRIA6,    2806,     1,  1615,  1511,  1500,  7220,  7019,  4854,
    PETRIA6,    2807,     1,  1500,   458,  1319,  7018,  6850,  4823,
    PETRIA6,    2808,     1,  1552,  1501,   346,  3086,  4538,  7221,
    PETRIA6,    2809,     1,  1636,  1559,   347,  7222,  6771,  7223,
    PETRIA6,    2810,     1,  1502,   341,  1425,  4525,  7072,  7165,
    PETRIA6,    2811,     1,  1635,  1560,   340,  7224,  6767,  7225,
    PETRIA6,    2812,     1,  1546,  1503,   250,  7226,  6972,  4289,
    PETRIA6,    2813,     1,  1506,  1503,   268,  3601,  7227,  7228,
    PETRIA6,    2814,     1,  1630,  1504,  1549,  3751,  7229,  7230,
    PETRIA6,    2815,     1,  1504,   197,  1379,  7231,  6639,  6981,
    PETRIA6,    2816,     1,  1672,  1505,  1548,  3048,  4898,  7232,
    PETRIA6,    2817,     1,  1505,   477,  1372,  7233,  6683,  6967,
    PETRIA6,    2818,     1,  1574,  1506,   268,  7180,  7228,  7234,
    PETRIA6,    2819,     1,  1506,   269,  1367,  4340,  6957,  3599,
    PETRIA6,    2820,     1,  1561,  1507,   136,  3577,  6929,  7235,
    PETRIA6,    2821,     1,  1562,  1507,   154,  7236,  7237,  7238,
    PETRIA6,    2822,     1,  1575,   450,  1213,  6588,  4802,  7239,
    PETRIA6,    2823,     1,  1508,   437,  1308,  6926,  6814,  6686,
    PETRIA6,    2824,     1,  1509,   162,  1254,  7085,  6671,  3843,
    PETRIA6,    2825,     1,  1509,  1341,  1381,  3845,  6649,  6909,
    PETRIA6,    2826,     1,  1510,   452,  1277,  7011,  6489,  7240,
    PETRIA6,    2827,     1,  1510,  1277,   464,  7240,  6725,  6726,
    PETRIA6,    2828,     1,  1615,  1579,  1511,  7241,  7242,  7220,
    PETRIA6,    2829,     1,  1511,   470,  1398,  7243,  7020,  2741,
    PETRIA6,    2830,     1,  1616,  1580,  1512,  7244,  7245,  7219,
    PETRIA6,    2831,     1,  1512,   202,  1399,  7246,  7023,  4220,
    PETRIA6,    2832,     1,  1611,   155,  1483,  7095,  7190,  7247,
    PETRIA6,    2833,     1,  1513,   137,  1354,  7093,  4012,  6930,
    PETRIA6,    2834,     1,  1566,  1545,   453,  2918,  7170,  7248,
    PETRIA6,    2835,     1,  1514,   453,  1396,  7249,  7014,  7013,
    PETRIA6,    2836,     1,  1577,  1515,   156,  7250,  6997,  7251,
    PETRIA6,    2837,     1,  1614,  1515,  1577,  7252,  7250,  7253,
    PETRIA6,    2838,     1,  1516,   499,  1412,  7187,  7173,  7254,
    PETRIA6,    2839,     1,  1516,  1412,   500,  7254,  2994,  6939,
    PETRIA6,    2840,     1,  1517,   149,  1413,  7189,  7174,  7255,
    PETRIA6,    2841,     1,  1517,  1413,   148,  7255,  3995,  6941,
    PETRIA6,    2842,     1,  1518,  1415,   160,  4078,  7153,  7183,
    PETRIA6,    2843,     1,  1597,  1535,  1518,  7256,  7257,  7182,
    PETRIA6,    2844,     1,  1607,  1567,   422,  7258,  4730,  7259,
    PETRIA6,    2845,     1,  1519,   404,  1275,  7260,  6720,  6607,
    PETRIA6,    2846,     1,  1568,  1520,   158,  7261,  6951,  7262,
    PETRIA6,    2847,     1,  1617,  1520,  1568,  3724,  7261,  7263,
    PETRIA6,    2848,     1,  1582,  1521,   498,  7264,  7060,  4926,
    PETRIA6,    2849,     1,  1609,  1521,  1582,  7265,  7264,  3049,
    PETRIA6,    2850,     1,  1583,  1522,   150,  7266,  7064,  4048,
    PETRIA6,    2851,     1,  1610,  1522,  1583,  7267,  7266,  2425,
    PETRIA6,    2852,     1,  1523,   233,  1250,  7268,  6664,  3713,
    PETRIA6,    2853,     1,  1523,  1337,  1455,  3715,  7140,  7139,
    PETRIA6,    2854,     1,  1650,   480,  1592,  7269,  7270,  7271,
    PETRIA6,    2855,     1,  1524,   481,  1497,  7272,  7215,  7214,
    PETRIA6,    2856,     1,  1651,   185,  1594,  7273,  7274,  7275,
    PETRIA6,    2857,     1,  1525,   184,  1498,  7276,  7218,  7217,
    PETRIA6,    2858,     1,  1526,   233,  1523,  7167,  7268,  7138,
    PETRIA6,    2859,     1,  1807,  1693,  1740,  7277,  3680,  7278,
    PETRIA6,    2860,     1,  1668,  1527,   155,  3616,  7191,  7279,
    PETRIA6,    2861,     1,  1638,  1577,  1527,  7280,  7281,  3615,
    PETRIA6,    2862,     1,  1666,  1637,  1528,  7282,  7283,  2398,
    PETRIA6,    2863,     1,  2249,  1528,   340,  7284,  7285,  7286,
    PETRIA6,    2864,     1,  1628,   287,  1578,  7287,  7288,  7289,
    PETRIA6,    2865,     1,  1628,  1529,   287,  7290,  7196,  7287,
    PETRIA6,    2866,     1,  1619,  1530,   152,  7291,  7158,  3533,
    PETRIA6,    2867,     1,  1530,   134,  1423,  7292,  7067,  7065,
    PETRIA6,    2868,     1,  1531,  1467,   497,  4922,  7061,  7293,
    PETRIA6,    2869,     1,  1569,  1531,   497,  7294,  7293,  7295,
    PETRIA6,    2870,     1,  1570,  1532,   151,  3432,  7157,  7296,
    PETRIA6,    2871,     1,  1665,  1532,  1634,  7297,  3431,  7298,
    PETRIA6,    2872,     1,  1551,  1482,   166,  4090,  7125,  7299,
    PETRIA6,    2873,     1,  1623,  1589,   149,  7300,  7301,  7302,
    PETRIA6,    2874,     1,  1550,  1481,   491,  2931,  7122,  7303,
    PETRIA6,    2875,     1,  1624,  1588,   499,  7304,  7305,  7306,
    PETRIA6,    2876,     1,  1630,  1549,   178,  7230,  4123,  7307,
    PETRIA6,    2877,     1,  1535,  1480,  1518,  3780,  7049,  7257,
    PETRIA6,    2878,     1,  1536,   197,  1504,  4165,  7231,  3750,
    PETRIA6,    2879,     1,  2234,   196,  1751,  7308,  4160,  7309,
    PETRIA6,    2880,     1,  1537,   477,  1505,  4878,  7233,  3047,
    PETRIA6,    2881,     1,  1621,   467,  1585,  7310,  7311,  7133,
    PETRIA6,    2882,     1,  1571,  1538,  1441,  3053,  4947,  7312,
    PETRIA6,    2883,     1,  1538,   498,  1466,  7313,  7156,  7100,
    PETRIA6,    2884,     1,  1572,  1539,  1442,  2429,  4001,  7314,
    PETRIA6,    2885,     1,  1539,   150,  1469,  7315,  7159,  7104,
    PETRIA6,    2886,     1,  1573,  1540,  1443,  3783,  4028,  7316,
    PETRIA6,    2887,     1,  1540,   160,  1461,  7317,  7152,  7108,
    PETRIA6,    2888,     1,  1541,   217,   741,  7155,  5565,  3818,
    PETRIA6,    2889,     1,  1541,   686,   740,  3820,  5437,  5564,
    PETRIA6,    2890,     1,  1595,  1542,   425,  4735,  7318,  7319,
    PETRIA6,    2891,     1,  1542,   424,  1457,  4734,  7320,  7016,
    PETRIA6,    2892,     1,  1543,   439,  1403,  4776,  7032,  7321,
    PETRIA6,    2893,     1,  1543,  1403,   452,  7321,  6723,  7030,
    PETRIA6,    2894,     1,  1659,  1626,   385,  7322,  4637,  7323,
    PETRIA6,    2895,     1,  1544,   367,  1458,  7324,  7145,  6873,
    PETRIA6,    2896,     1,  1566,   453,  1514,  7248,  7249,  4811,
    PETRIA6,    2897,     1,  1612,   440,  1601,  7325,  7326,  2977,
    PETRIA6,    2898,     1,  1663,  1632,  1546,  7327,  7328,  3558,
    PETRIA6,    2899,     1,  1546,   268,  1503,  7329,  7227,  7226,
    PETRIA6,    2900,     1,  1692,  1653,  1547,  7330,  7331,  7332,
    PETRIA6,    2901,     1,  1653,  1602,  1547,  2964,  7333,  7331,
    PETRIA6,    2902,     1,  1672,  1548,   488,  7232,  7334,  7335,
    PETRIA6,    2903,     1,  1548,   487,  1477,  4900,  7178,  7336,
    PETRIA6,    2904,     1,  1549,  1504,   179,  7229,  6982,  7337,
    PETRIA6,    2905,     1,  1549,   179,  1480,  7337,  7185,  3779,
    PETRIA6,    2906,     1,  1604,   491,  1343,  7338,  6914,  6864,
    PETRIA6,    2907,     1,  1550,   490,  1534,  7339,  7340,  2929,
    PETRIA6,    2908,     1,  1605,   166,  1342,  7341,  6912,  6869,
    PETRIA6,    2909,     1,  1551,   167,  1533,  7342,  7343,  4089,
    PETRIA6,    2910,     1,  1552,   346,  1286,  7221,  6744,  7344,
    PETRIA6,    2911,     1,  1552,  1286,   364,  7344,  6743,  6380,
    PETRIA6,    2912,     1,  1553,   239,  1376,  7345,  6856,  2705,
    PETRIA6,    2913,     1,  1553,  1317,  1490,  2707,  4306,  6841,
    PETRIA6,    2914,     1,  1554,   444,  1374,  7346,  6848,  4787,
    PETRIA6,    2915,     1,  1554,  1316,  1491,  4789,  2615,  6837,
    PETRIA6,    2916,     1,  1555,   257,  1490,  7347,  6842,  2768,
    PETRIA6,    2917,     1,  1555,  1312,  1492,  2770,  4353,  6828,
    PETRIA6,    2918,     1,  1556,   430,  1491,  7348,  6838,  4749,
    PETRIA6,    2919,     1,  1556,  1311,  1493,  4751,  2553,  6824,
    PETRIA6,    2920,     1,  1557,   275,  1492,  7349,  6829,  2831,
    PETRIA6,    2921,     1,  1557,  1310,  1494,  2833,  4401,  6820,
    PETRIA6,    2922,     1,  1558,   412,  1493,  7350,  6825,  4705,
    PETRIA6,    2923,     1,  1558,  1309,  1495,  4707,  2490,  6816,
    PETRIA6,    2924,     1,  1559,   329,  1384,  7351,  6777,  3019,
    PETRIA6,    2925,     1,  1559,  1294,  1501,  3021,  4536,  6769,
    PETRIA6,    2926,     1,  1560,   358,  1385,  7352,  4570,  2395,
    PETRIA6,    2927,     1,  1560,  1293,  1502,  2397,  4523,  6765,
    PETRIA6,    2928,     1,  1561,   136,  1256,  7235,  6674,  3620,
    PETRIA6,    2929,     1,  1643,  1561,   135,  4011,  3622,  7353,
    PETRIA6,    2930,     1,  1562,  1354,  1507,  6931,  6928,  7236,
    PETRIA6,    2931,     1,  1627,  1562,   154,  4062,  7238,  7354,
    PETRIA6,    2932,     1,  1563,  1457,   424,  4771,  7320,  3035,
    PETRIA6,    2933,     1,  1639,  1563,   423,  7143,  4732,  3098,
    PETRIA6,    2934,     1,  1686,   366,  1602,  7355,  7356,  7357,
    PETRIA6,    2935,     1,  1564,   347,  1501,  7358,  6770,  3085,
    PETRIA6,    2936,     1,  1565,  1456,   466,  2982,  7128,  7359,
    PETRIA6,    2937,     1,  1681,   466,  1620,  7360,  4846,  7361,
    PETRIA6,    2938,     1,  1648,  1566,   454,  7362,  4813,  7363,
    PETRIA6,    2939,     1,  1648,  1590,  1566,  7364,  2919,  7362,
    PETRIA6,    2940,     1,  1655,  1567,  1607,  7365,  7258,  7366,
    PETRIA6,    2941,     1,  1780,  1519,  1567,  7367,  4728,  7368,
    PETRIA6,    2942,     1,  1608,   158,  1478,  7369,  7179,  7370,
    PETRIA6,    2943,     1,  1617,   177,  1584,  4117,  7371,  3722,
    PETRIA6,    2944,     1,  1603,   488,  1548,  7177,  7334,  7372,
    PETRIA6,    2945,     1,  1569,   497,  1521,  7295,  4923,  7373,
    PETRIA6,    2946,     1,  1634,  1570,   169,  3433,  7374,  7375,
    PETRIA6,    2947,     1,  1570,   151,  1522,  7296,  4050,  7376,
    PETRIA6,    2948,     1,  1571,  1441,  1474,  7312,  7098,  7039,
    PETRIA6,    2949,     1,  1588,  1571,   499,  7377,  7041,  7305,
    PETRIA6,    2950,     1,  1572,  1442,  1475,  7314,  7102,  7042,
    PETRIA6,    2951,     1,  1589,  1572,   149,  7378,  7044,  7301,
    PETRIA6,    2952,     1,  1573,  1443,  1476,  7316,  7106,  7055,
    PETRIA6,    2953,     1,  1587,  1573,   159,  7379,  7057,  7380,
    PETRIA6,    2954,     1,  1599,  1574,   268,  7381,  7234,  4336,
    PETRIA6,    2955,     1,  1578,  1574,   286,  3557,  7382,  7383,
    PETRIA6,    2956,     1,  1575,  1213,  1347,  7239,  3100,  7384,
    PETRIA6,    2957,     1,  1575,  1347,   437,  7384,  7212,  6925,
    PETRIA6,    2958,     1,  1698,  1667,  1608,  7385,  7386,  7387,
    PETRIA6,    2959,     1,  1576,   157,  1515,  7388,  4066,  7389,
    PETRIA6,    2960,     1,  1577,   156,  1527,  7251,  4063,  7281,
    PETRIA6,    2961,     1,  1614,  1577,   174,  7253,  7390,  7391,
    PETRIA6,    2962,     1,  1628,  1578,   286,  7289,  7383,  7392,
    PETRIA6,    2963,     1,  1578,   287,  1479,  7288,  7181,  3555,
    PETRIA6,    2964,     1,  1650,  1592,  1524,  7271,  7393,  4883,
    PETRIA6,    2965,     1,  1579,   470,  1511,  2806,  7243,  7242,
    PETRIA6,    2966,     1,  1651,  1594,  1525,  7275,  7394,  2517,
    PETRIA6,    2967,     1,  1580,   202,  1512,  4179,  7246,  7245,
    PETRIA6,    2968,     1,  1657,  1622,   231,  7395,  7396,  7397,
    PETRIA6,    2969,     1,  1581,   250,  1428,  7398,  6852,  7077,
    PETRIA6,    2970,     1,  2230,  1588,   498,  7399,  4927,  7400,
    PETRIA6,    2971,     1,  1757,  1706,   488,  7401,  7402,  4901,
    PETRIA6,    2972,     1,  2231,  1589,   150,  7403,  4049,  7404,
    PETRIA6,    2973,     1,  1737,  1610,   168,  7405,  2427,  7406,
    PETRIA6,    2974,     1,  1806,  1709,  1745,  7407,  7408,  3752,
    PETRIA6,    2975,     1,  1584,   159,  1520,  7409,  4071,  3723,
    PETRIA6,    2976,     1,  1620,  1585,   467,  4848,  7311,  7410,
    PETRIA6,    2977,     1,  1585,   466,  1452,  4847,  7135,  7134,
    PETRIA6,    2978,     1,  1713,  1625,   303,  3409,  7411,  7412,
    PETRIA6,    2979,     1,  1586,   322,  1424,  7413,  6804,  7068,
    PETRIA6,    2980,     1,  1587,   159,  1584,  7380,  7409,  7414,
    PETRIA6,    2981,     1,  1745,  1597,  1587,  7415,  7416,  3753,
    PETRIA6,    2982,     1,  1624,   499,  1534,  7306,  7186,  7417,
    PETRIA6,    2983,     1,  1646,  1582,  1588,  7418,  4925,  7419,
    PETRIA6,    2984,     1,  1623,   149,  1533,  7302,  7188,  7420,
    PETRIA6,    2985,     1,  1645,  1583,  1589,  7421,  4047,  7422,
    PETRIA6,    2986,     1,  1640,  1590,   441,  4779,  7423,  7424,
    PETRIA6,    2987,     1,  1590,   440,  1545,  4778,  7425,  2917,
    PETRIA6,    2988,     1,  1591,  1392,   470,  6976,  7003,  7426,
    PETRIA6,    2989,     1,  1591,   470,  1524,  7426,  2805,  7213,
    PETRIA6,    2990,     1,  1642,  1604,   481,  2868,  6865,  7427,
    PETRIA6,    2991,     1,  1592,   481,  1524,  7428,  7272,  7393,
    PETRIA6,    2992,     1,  1593,  1393,   202,  6978,  7006,  7429,
    PETRIA6,    2993,     1,  1593,   202,  1525,  7429,  4178,  7216,
    PETRIA6,    2994,     1,  1641,  1605,   184,  4135,  6870,  7430,
    PETRIA6,    2995,     1,  1594,   184,  1525,  7431,  7276,  7394,
    PETRIA6,    2996,     1,  1739,  1691,  1595,  7432,  7433,  7434,
    PETRIA6,    2997,     1,  1691,  1652,  1595,  2913,  7435,  7433,
    PETRIA6,    2998,     1,  1596,   322,  1586,  4476,  7413,  7436,
    PETRIA6,    2999,     1,  1666,   339,  1637,  7437,  7438,  7282,
    PETRIA6,    3000,     1,  1597,   160,  1587,  7184,  4075,  7416,
    PETRIA6,    3001,     1,  1597,   178,  1535,  7439,  4122,  7256,
    PETRIA6,    3002,     1,  2256,   214,  1807,  7440,  7441,  7442,
    PETRIA6,    3003,     1,  1598,  1451,  1536,  3717,  4163,  7129,
    PETRIA6,    3004,     1,  1703,   285,  1677,  7443,  7444,  3511,
    PETRIA6,    3005,     1,  1599,   286,  1574,  7445,  7382,  7381,
    PETRIA6,    3006,     1,  1671,   439,  1601,  7446,  4775,  7447,
    PETRIA6,    3007,     1,  1600,   425,  1542,  2915,  7318,  2974,
    PETRIA6,    3008,     1,  1669,  1601,   440,  7448,  7326,  7449,
    PETRIA6,    3009,     1,  1696,  1671,  1669,  7450,  7451,  7452,
    PETRIA6,    3010,     1,  1686,  1606,   366,  4587,  7150,  7355,
    PETRIA6,    3011,     1,  1602,   366,  1547,  7356,  4588,  7333,
    PETRIA6,    3012,     1,  1603,  1548,  1477,  7372,  7336,  3112,
    PETRIA6,    3013,     1,  1603,  1531,  1569,  3114,  7294,  7175,
    PETRIA6,    3014,     1,  1604,  1550,   491,  4907,  7303,  7338,
    PETRIA6,    3015,     1,  1642,   481,  1592,  7427,  7428,  7453,
    PETRIA6,    3016,     1,  1605,  1551,   166,  2455,  7299,  7341,
    PETRIA6,    3017,     1,  1641,   184,  1594,  7430,  7431,  7454,
    PETRIA6,    3018,     1,  1606,  1564,   365,  3023,  7194,  7455,
    PETRIA6,    3019,     1,  1654,  1606,   365,  7151,  7455,  7456,
    PETRIA6,    3020,     1,  1655,  1607,   423,  7366,  7457,  7458,
    PETRIA6,    3021,     1,  1694,  1607,   422,  7459,  7259,  7460,
    PETRIA6,    3022,     1,  1608,  1568,   158,  3690,  7262,  7369,
    PETRIA6,    3023,     1,  1698,  1608,  1478,  7387,  7370,  7114,
    PETRIA6,    3024,     1,  1609,   488,  1569,  4902,  7176,  7461,
    PETRIA6,    3025,     1,  1609,  1569,  1521,  7461,  7373,  7265,
    PETRIA6,    3026,     1,  1610,   169,  1570,  7462,  7374,  7463,
    PETRIA6,    3027,     1,  1610,  1570,  1522,  7463,  7376,  7267,
    PETRIA6,    3028,     1,  1611,  1483,  1438,  7247,  3658,  7464,
    PETRIA6,    3029,     1,  1611,  1438,   137,  7464,  6491,  7092,
    PETRIA6,    3030,     1,  1612,  1543,  1473,  2979,  7031,  7171,
    PETRIA6,    3031,     1,  1612,  1545,   440,  7172,  7425,  7325,
    PETRIA6,    3032,     1,  1644,  1613,   153,  4060,  7465,  7466,
    PETRIA6,    3033,     1,  1613,   154,  1507,  4059,  7237,  3576,
    PETRIA6,    3034,     1,  1683,  1614,   174,  4112,  7391,  7467,
    PETRIA6,    3035,     1,  1614,  1576,  1515,  3655,  7389,  7252,
    PETRIA6,    3036,     1,  2225,  1615,   457,  7468,  4856,  7469,
    PETRIA6,    3037,     1,  1615,   469,  1579,  7470,  7471,  7241,
    PETRIA6,    3038,     1,  2081,  1794,   203,  7472,  4223,  7473,
    PETRIA6,    3039,     1,  1616,   203,  1580,  7474,  7475,  7244,
    PETRIA6,    3040,     1,  1617,  1568,   176,  7263,  7476,  7477,
    PETRIA6,    3041,     1,  1680,  1617,   176,  4118,  7477,  7478,
    PETRIA6,    3042,     1,  1618,   250,  1581,  4290,  7398,  3603,
    PETRIA6,    3043,     1,  1663,   267,  1632,  7479,  7480,  7327,
    PETRIA6,    3044,     1,  1688,  1643,   135,  7481,  7353,  7482,
    PETRIA6,    3045,     1,  1619,   134,  1530,  6493,  7292,  7291,
    PETRIA6,    3046,     1,  1732,  1620,   467,  2922,  7410,  4850,
    PETRIA6,    3047,     1,  1685,  1681,  1620,  7483,  7361,  2921,
    PETRIA6,    3048,     1,  1621,  1537,   478,  2985,  7484,  7485,
    PETRIA6,    3049,     1,  1682,  1621,   478,  7486,  7485,  4879,
    PETRIA6,    3050,     1,  1693,  1656,   232,  7487,  4205,  3681,
    PETRIA6,    3051,     1,  1834,  1795,   249,  7488,  7489,  7490,
    PETRIA6,    3052,     1,  1623,  1533,   167,  7420,  7343,  4045,
    PETRIA6,    3053,     1,  1721,   167,  1661,  7491,  7492,  2335,
    PETRIA6,    3054,     1,  1624,  1534,   490,  7417,  7340,  2990,
    PETRIA6,    3055,     1,  1722,   490,  1662,  7493,  7494,  4904,
    PETRIA6,    3056,     1,  1817,  1658,   304,  7495,  4386,  7496,
    PETRIA6,    3057,     1,  1924,  1792,  1713,  7497,  7498,  7499,
    PETRIA6,    3058,     1,  1695,  1626,  1659,  2966,  7322,  7500,
    PETRIA6,    3059,     1,  1626,   367,  1544,  7501,  7324,  4636,
    PETRIA6,    3060,     1,  1679,  1627,   154,  3574,  7354,  7502,
    PETRIA6,    3061,     1,  1711,  1705,   173,  7503,  4106,  7504,
    PETRIA6,    3062,     1,  1801,  1628,   286,  7505,  7392,  7506,
    PETRIA6,    3063,     1,  1817,  1529,  1628,  3510,  7290,  7507,
    PETRIA6,    3064,     1,  1661,  1629,  1641,  7508,  4134,  7509,
    PETRIA6,    3065,     1,  1629,   167,  1551,  7510,  7342,  2454,
    PETRIA6,    3066,     1,  1664,  1630,   178,  7511,  7307,  4120,
    PETRIA6,    3067,     1,  1630,   196,  1536,  7512,  7130,  3749,
    PETRIA6,    3068,     1,  1662,  1631,  1642,  7513,  2866,  7514,
    PETRIA6,    3069,     1,  1631,   490,  1550,  7515,  7339,  4906,
    PETRIA6,    3070,     1,  1703,  1632,   267,  7516,  7480,  7517,
    PETRIA6,    3071,     1,  1632,   268,  1546,  4337,  7329,  7328,
    PETRIA6,    3072,     1,  1652,  1633,   424,  7518,  3036,  7519,
    PETRIA6,    3073,     1,  1684,  1655,   423,  7520,  7458,  7521,
    PETRIA6,    3074,     1,  1649,  1634,   169,  4098,  7375,  7522,
    PETRIA6,    3075,     1,  1665,  1634,   170,  7298,  4097,  3483,
    PETRIA6,    3076,     1,  1635,   358,  1560,  7523,  7352,  7224,
    PETRIA6,    3077,     1,  1637,  1635,   340,  7524,  7225,  7525,
    PETRIA6,    3078,     1,  1701,   330,  1674,  7526,  2897,  7527,
    PETRIA6,    3079,     1,  1636,   329,  1559,  7528,  7351,  7222,
    PETRIA6,    3080,     1,  1699,  1637,   339,  7529,  7438,  7530,
    PETRIA6,    3081,     1,  1637,   340,  1528,  7525,  7285,  7283,
    PETRIA6,    3082,     1,  1647,  1638,   173,  4110,  7531,  7532,
    PETRIA6,    3083,     1,  1638,   174,  1577,  4109,  7390,  7280,
    PETRIA6,    3084,     1,  1676,   423,  1607,  3099,  7457,  7533,
    PETRIA6,    3085,     1,  1639,   437,  1496,  6960,  7211,  7142,
    PETRIA6,    3086,     1,  1921,   441,  1852,  7534,  7535,  7536,
    PETRIA6,    3087,     1,  1890,  1669,  1640,  7537,  7538,  7539,
    PETRIA6,    3088,     1,  1641,  1594,   185,  7454,  7274,  7540,
    PETRIA6,    3089,     1,  1661,  1641,   185,  7509,  7540,  4136,
    PETRIA6,    3090,     1,  1642,  1592,   480,  7453,  7270,  7541,
    PETRIA6,    3091,     1,  1662,  1642,   480,  7514,  7541,  2927,
    PETRIA6,    3092,     1,  1688,   135,  1660,  7482,  7542,  7543,
    PETRIA6,    3093,     1,  1643,   153,  1613,  7544,  7465,  4010,
    PETRIA6,    3094,     1,  1754,   153,  1744,  7545,  7546,  3529,
    PETRIA6,    3095,     1,  1720,  1679,  1644,  7547,  7548,  7549,
    PETRIA6,    3096,     1,  1645,   168,  1583,  7550,  2426,  7421,
    PETRIA6,    3097,     1,  1645,  1589,  1623,  7422,  7300,  4044,
    PETRIA6,    3098,     1,  1646,   489,  1582,  7551,  3050,  7418,
    PETRIA6,    3099,     1,  1646,  1588,  1624,  7419,  7304,  2989,
    PETRIA6,    3100,     1,  1787,  1736,  1647,  7552,  7553,  7554,
    PETRIA6,    3101,     1,  1736,  1689,  1647,  3572,  7555,  7553,
    PETRIA6,    3102,     1,  1784,   454,  1734,  7556,  4814,  2859,
    PETRIA6,    3103,     1,  1648,   441,  1590,  7557,  7423,  7364,
    PETRIA6,    3104,     1,  1690,  1649,   169,  7558,  7522,  4094,
    PETRIA6,    3105,     1,  2223,  1649,  1738,  7559,  7560,  7561,
    PETRIA6,    3106,     1,  1650,  1579,   469,  4884,  7471,  7562,
    PETRIA6,    3107,     1,  1726,  1650,   469,  7563,  7562,  2865,
    PETRIA6,    3108,     1,  1651,  1580,   203,  2519,  7475,  7564,
    PETRIA6,    3109,     1,  1725,  1651,   203,  7565,  7564,  4180,
    PETRIA6,    3110,     1,  1708,  1652,   406,  7566,  2912,  7567,
    PETRIA6,    3111,     1,  1652,   424,  1595,  7519,  4733,  7435,
    PETRIA6,    3112,     1,  1692,  1547,   367,  7332,  7146,  4592,
    PETRIA6,    3113,     1,  1724,  1653,   349,  4543,  7568,  7569,
    PETRIA6,    3114,     1,  1654,   365,  1409,  7456,  7038,  7024,
    PETRIA6,    3115,     1,  1654,  1460,   366,  7025,  7148,  7149,
    PETRIA6,    3116,     1,  1684,   423,  1633,  7521,  4731,  7570,
    PETRIA6,    3117,     1,  1687,  1655,  1684,  7571,  7520,  7572,
    PETRIA6,    3118,     1,  1729,  1656,   214,  7573,  7574,  7575,
    PETRIA6,    3119,     1,  1729,  1717,  1656,  7576,  3646,  7573,
    PETRIA6,    3120,     1,  1657,   249,  1618,  7577,  7578,  3602,
    PETRIA6,    3121,     1,  1657,  1581,  1622,  3604,  4248,  7395,
    PETRIA6,    3122,     1,  1801,  1677,  1767,  7579,  7580,  7581,
    PETRIA6,    3123,     1,  1801,  1767,  1658,  7581,  7582,  7583,
    PETRIA6,    3124,     1,  1695,  1659,   386,  7500,  7584,  7585,
    PETRIA6,    3125,     1,  1789,  1659,   385,  6933,  7323,  7586,
    PETRIA6,    3126,     1,  1660,   135,  1170,  7542,  6495,  7587,
    PETRIA6,    3127,     1,  1660,  1170,   134,  7587,  6386,  6492,
    PETRIA6,    3128,     1,  1755,  1719,   186,  7588,  7589,  7590,
    PETRIA6,    3129,     1,  1661,   167,  1629,  7492,  7510,  7508,
    PETRIA6,    3130,     1,  1756,  1718,   479,  7591,  7592,  7593,
    PETRIA6,    3131,     1,  1662,   490,  1631,  7494,  7515,  7513,
    PETRIA6,    3132,     1,  1663,  1618,   249,  3560,  7578,  7594,
    PETRIA6,    3133,     1,  1727,  1663,   249,  7595,  7594,  4287,
    PETRIA6,    3134,     1,  1746,  1709,   177,  7596,  7597,  7598,
    PETRIA6,    3135,     1,  1664,   196,  1630,  7599,  7512,  7511,
    PETRIA6,    3136,     1,  1704,  1678,   152,  4056,  3534,  7600,
    PETRIA6,    3137,     1,  1665,   152,  1532,  7601,  4052,  7297,
    PETRIA6,    3138,     1,  1666,  1596,   321,  2400,  7602,  7603,
    PETRIA6,    3139,     1,  1723,  1666,   321,  7604,  7603,  7605,
    PETRIA6,    3140,     1,  1697,  1667,   175,  7606,  4070,  7607,
    PETRIA6,    3141,     1,  2255,  1667,  1697,  7608,  7606,  4113,
    PETRIA6,    3142,     1,  1711,   155,  1627,  7609,  4061,  7610,
    PETRIA6,    3143,     1,  1668,   173,  1638,  7611,  7531,  3614,
    PETRIA6,    3144,     1,  1669,   440,  1640,  7449,  4777,  7538,
    PETRIA6,    3145,     1,  1696,  1669,   426,  7452,  7612,  7613,
    PETRIA6,    3146,     1,  1686,  1675,  1670,  7614,  4541,  4586,
    PETRIA6,    3147,     1,  1670,   347,  1564,  4540,  7358,  3022,
    PETRIA6,    3148,     1,  1671,  1600,   439,  2916,  7015,  7446,
    PETRIA6,    3149,     1,  1671,  1601,  1669,  7447,  7448,  7451,
    PETRIA6,    3150,     1,  1706,  1672,   488,  7615,  7335,  7402,
    PETRIA6,    3151,     1,  1672,   478,  1537,  7616,  7484,  3046,
    PETRIA6,    3152,     1,  1742,  1700,  1673,  7617,  2367,  4612,
    PETRIA6,    3153,     1,  1673,   358,  1635,  2366,  7523,  4519,
    PETRIA6,    3154,     1,  1743,  1702,  1674,  7618,  4497,  2896,
    PETRIA6,    3155,     1,  1674,   329,  1636,  4496,  7528,  7619,
    PETRIA6,    3156,     1,  1701,  1675,   348,  2961,  7620,  7621,
    PETRIA6,    3157,     1,  1675,  1636,   347,  2960,  7223,  4539,
    PETRIA6,    3158,     1,  1694,  1676,  1607,  6962,  7533,  7459,
    PETRIA6,    3159,     1,  1676,  1369,   437,  6961,  6815,  6959,
    PETRIA6,    3160,     1,  1767,  1677,   285,  7580,  7444,  7622,
    PETRIA6,    3161,     1,  1677,   286,  1599,  7623,  7445,  3512,
    PETRIA6,    3162,     1,  1704,   152,  1665,  7600,  7601,  3482,
    PETRIA6,    3163,     1,  1688,  1678,   153,  4009,  7624,  7625,
    PETRIA6,    3164,     1,  1679,   154,  1644,  7502,  4058,  7548,
    PETRIA6,    3165,     1,  1705,  1679,   172,  3575,  7626,  7627,
    PETRIA6,    3166,     1,  1712,  1680,   176,  7628,  7478,  7629,
    PETRIA6,    3167,     1,  1749,  1680,  1712,  3688,  7628,  7630,
    PETRIA6,    3168,     1,  1681,   454,  1565,  7631,  7141,  7632,
    PETRIA6,    3169,     1,  1681,  1565,   466,  7632,  7359,  7360,
    PETRIA6,    3170,     1,  1748,  1710,  1682,  7633,  7634,  2923,
    PETRIA6,    3171,     1,  1682,   467,  1621,  7635,  7310,  7486,
    PETRIA6,    3172,     1,  1689,  1683,   174,  7636,  7467,  7637,
    PETRIA6,    3173,     1,  1750,  1715,  1683,  3613,  7638,  7639,
    PETRIA6,    3174,     1,  1708,  1684,  1633,  2973,  7570,  7640,
    PETRIA6,    3175,     1,  1687,  1684,   405,  7572,  2972,  7641,
    PETRIA6,    3176,     1,  1734,  1685,   455,  4816,  7642,  7643,
    PETRIA6,    3177,     1,  1685,   454,  1681,  4815,  7631,  7483,
    PETRIA6,    3178,     1,  1686,  1602,   348,  7357,  2963,  7644,
    PETRIA6,    3179,     1,  1686,   348,  1675,  7644,  7620,  7614,
    PETRIA6,    3180,     1,  1728,  1687,   405,  3032,  7641,  7645,
    PETRIA6,    3181,     1,  1687,  1567,  1655,  7646,  7365,  7571,
    PETRIA6,    3182,     1,  1688,   153,  1643,  7625,  7544,  7481,
    PETRIA6,    3183,     1,  1688,  1660,  1619,  7543,  6494,  4008,
    PETRIA6,    3184,     1,  1750,  1689,   192,  7647,  3571,  7648,
    PETRIA6,    3185,     1,  1689,   174,  1647,  7637,  4108,  7555,
    PETRIA6,    3186,     1,  1737,   169,  1610,  4095,  7462,  7405,
    PETRIA6,    3187,     1,  1893,  1738,   187,  7649,  2424,  7650,
    PETRIA6,    3188,     1,  1739,  1595,   425,  7434,  7319,  4737,
    PETRIA6,    3189,     1,  1771,  1691,   407,  4690,  7651,  7652,
    PETRIA6,    3190,     1,  1741,  1733,   367,  7653,  4593,  7654,
    PETRIA6,    3191,     1,  1692,   349,  1653,  7655,  7568,  7330,
    PETRIA6,    3192,     1,  1693,   214,  1656,  7656,  7574,  7487,
    PETRIA6,    3193,     1,  1740,   232,  1472,  3682,  7168,  7657,
    PETRIA6,    3194,     1,  1694,   422,  1100,  7460,  6354,  7658,
    PETRIA6,    3195,     1,  1694,  1100,   436,  7658,  6048,  6264,
    PETRIA6,    3196,     1,  1730,  1695,   386,  7659,  7585,  4639,
    PETRIA6,    3197,     1,  1741,  1695,   368,  2967,  7660,  7661,
    PETRIA6,    3198,     1,  1796,  1696,   426,  7662,  7613,  7663,
    PETRIA6,    3199,     1,  1696,   425,  1671,  7664,  2914,  7450,
    PETRIA6,    3200,     1,  1715,  1697,   175,  3651,  7607,  7665,
    PETRIA6,    3201,     1,  2248,  1805,  1841,  7666,  7667,  4154,
    PETRIA6,    3202,     1,  1698,   157,  1576,  7115,  7388,  7668,
    PETRIA6,    3203,     1,  1698,  1576,  1667,  7668,  4069,  7385,
    PETRIA6,    3204,     1,  1699,  1635,  1637,  4520,  7524,  7529,
    PETRIA6,    3205,     1,  1772,  1699,   339,  7669,  7530,  7670,
    PETRIA6,    3206,     1,  1775,  1700,  1742,  7671,  7617,  7672,
    PETRIA6,    3207,     1,  1700,   376,  1433,  7673,  7087,  6992,
    PETRIA6,    3208,     1,  1836,   348,  1724,  7674,  4542,  7675,
    PETRIA6,    3209,     1,  1701,  1674,  1636,  7527,  7619,  2959,
    PETRIA6,    3210,     1,  1776,  1702,  1743,  7676,  7618,  7677,
    PETRIA6,    3211,     1,  1702,   311,  1432,  7678,  7086,  6991,
    PETRIA6,    3212,     1,  1703,  1599,  1632,  3513,  4335,  7516,
    PETRIA6,    3213,     1,  1768,  1703,   267,  7679,  7517,  7680,
    PETRIA6,    3214,     1,  1788,  1704,   170,  7681,  3484,  7682,
    PETRIA6,    3215,     1,  1788,  1744,  1704,  7683,  4057,  7681,
    PETRIA6,    3216,     1,  1770,  1705,   172,  4107,  7627,  7684,
    PETRIA6,    3217,     1,  1711,   173,  1668,  7504,  7611,  7685,
    PETRIA6,    3218,     1,  1779,  1757,   489,  7686,  7687,  7688,
    PETRIA6,    3219,     1,  1706,   478,  1672,  7689,  7616,  7615,
    PETRIA6,    3220,     1,  1707,   478,  1706,  4880,  7689,  2987,
    PETRIA6,    3221,     1,  1869,  1748,   479,  7690,  7691,  7692,
    PETRIA6,    3222,     1,  1708,  1633,  1652,  7640,  7518,  7566,
    PETRIA6,    3223,     1,  1763,  1708,   406,  4688,  7567,  7693,
    PETRIA6,    3224,     1,  1745,  1709,   178,  7408,  4121,  7694,
    PETRIA6,    3225,     1,  1746,   177,  1714,  7598,  7695,  7696,
    PETRIA6,    3226,     1,  1790,  1710,   468,  7697,  7698,  7699,
    PETRIA6,    3227,     1,  1710,   467,  1682,  7700,  7635,  7634,
    PETRIA6,    3228,     1,  1711,  1668,   155,  7685,  7279,  7609,
    PETRIA6,    3229,     1,  1711,  1627,  1705,  7610,  3573,  7503,
    PETRIA6,    3230,     1,  2248,   176,  1697,  7701,  4114,  7702,
    PETRIA6,    3231,     1,  1849,  1827,   195,  3648,  7703,  4157,
    PETRIA6,    3232,     1,  1713,   321,  1596,  7704,  7602,  7705,
    PETRIA6,    3233,     1,  1713,  1596,  1586,  7705,  7436,  3407,
    PETRIA6,    3234,     1,  1746,   195,  1716,  7706,  3684,  3719,
    PETRIA6,    3235,     1,  1714,   177,  1680,  7695,  4116,  3687,
    PETRIA6,    3236,     1,  1805,  1715,   193,  3652,  3612,  7707,
    PETRIA6,    3237,     1,  1715,   175,  1683,  7665,  4111,  7638,
    PETRIA6,    3238,     1,  1791,  1751,  1716,  7708,  4162,  3683,
    PETRIA6,    3239,     1,  1716,   196,  1664,  4161,  7599,  3720,
    PETRIA6,    3240,     1,  1731,  1717,  1729,  7709,  7576,  7710,
    PETRIA6,    3241,     1,  1717,   231,  1622,  7711,  7396,  3644,
    PETRIA6,    3242,     1,  1752,   480,  1726,  7712,  7713,  4882,
    PETRIA6,    3243,     1,  1756,  1722,  1718,  7714,  4905,  7591,
    PETRIA6,    3244,     1,  1753,   185,  1725,  7715,  7716,  2458,
    PETRIA6,    3245,     1,  1755,  1721,  1719,  7717,  2337,  7588,
    PETRIA6,    3246,     1,  1735,  1720,   171,  4104,  7718,  7719,
    PETRIA6,    3247,     1,  1720,   172,  1679,  4103,  7626,  7547,
    PETRIA6,    3248,     1,  1721,   168,  1645,  7720,  7550,  7721,
    PETRIA6,    3249,     1,  1721,  1645,   167,  7721,  4046,  7491,
    PETRIA6,    3250,     1,  1722,   489,  1646,  7722,  7551,  7723,
    PETRIA6,    3251,     1,  1722,  1646,   490,  7723,  2991,  7493,
    PETRIA6,    3252,     1,  1723,   339,  1666,  7724,  7437,  7604,
    PETRIA6,    3253,     1,  1758,  1723,   321,  4471,  7605,  4428,
    PETRIA6,    3254,     1,  1773,  1724,   349,  7725,  7569,  4545,
    PETRIA6,    3255,     1,  1836,  1803,   330,  7726,  4499,  7727,
    PETRIA6,    3256,     1,  1966,  1928,   186,  7728,  7729,  7730,
    PETRIA6,    3257,     1,  1725,   185,  1651,  7716,  7273,  7565,
    PETRIA6,    3258,     1,  1869,  1752,  1759,  7731,  4881,  7732,
    PETRIA6,    3259,     1,  1726,   480,  1650,  7713,  7269,  7563,
    PETRIA6,    3260,     1,  1797,  1764,  1727,  7733,  7734,  3514,
    PETRIA6,    3261,     1,  1727,   267,  1663,  7735,  7479,  7595,
    PETRIA6,    3262,     1,  1781,  1728,   405,  7736,  7645,  7737,
    PETRIA6,    3263,     1,  1800,  1766,   404,  7738,  6932,  7739,
    PETRIA6,    3264,     1,  2234,  1799,   214,  7740,  7741,  7742,
    PETRIA6,    3265,     1,  1731,  1729,   213,  7710,  7743,  4202,
    PETRIA6,    3266,     1,  1844,  1730,  1782,  7744,  4638,  7745,
    PETRIA6,    3267,     1,  1730,   368,  1695,  7746,  7660,  7659,
    PETRIA6,    3268,     1,  1831,  1815,   212,  3607,  7747,  7748,
    PETRIA6,    3269,     1,  1731,   231,  1717,  7749,  7711,  7709,
    PETRIA6,    3270,     1,  1747,   467,  1710,  4851,  7700,  7750,
    PETRIA6,    3271,     1,  1732,   455,  1685,  7751,  7642,  2920,
    PETRIA6,    3272,     1,  1785,  1733,  1741,  7752,  7653,  7753,
    PETRIA6,    3273,     1,  1814,  1692,  1733,  7754,  4591,  2903,
    PETRIA6,    3274,     1,  1856,   455,  1820,  7755,  4817,  7756,
    PETRIA6,    3275,     1,  1784,  1648,   454,  7757,  7363,  7556,
    PETRIA6,    3276,     1,  1853,  1833,  1735,  7758,  7759,  7760,
    PETRIA6,    3277,     1,  1833,  1786,  1735,  3481,  7761,  7759,
    PETRIA6,    3278,     1,  1787,  1647,   173,  7554,  7532,  7762,
    PETRIA6,    3279,     1,  1899,  1736,   191,  7763,  7764,  7765,
    PETRIA6,    3280,     1,  1828,   168,  1755,  7766,  7767,  7768,
    PETRIA6,    3281,     1,  1828,  1808,  1737,  7769,  4093,  7770,
    PETRIA6,    3282,     1,  2223,   188,  1922,  7771,  7772,  7773,
    PETRIA6,    3283,     1,  1738,  1649,  1690,  7560,  7558,  2422,
    PETRIA6,    3284,     1,  1762,   425,  1696,  4738,  7664,  7774,
    PETRIA6,    3285,     1,  1739,   407,  1691,  7775,  7651,  7432,
    PETRIA6,    3286,     1,  1740,  1472,  1526,  7657,  7166,  7776,
    PETRIA6,    3287,     1,  1807,  1740,  1526,  7278,  7776,  4206,
    PETRIA6,    3288,     1,  1785,  1741,   368,  7753,  7661,  7777,
    PETRIA6,    3289,     1,  1741,   367,  1626,  7654,  7501,  2965,
    PETRIA6,    3290,     1,  1777,  1742,   357,  7778,  4613,  2485,
    PETRIA6,    3291,     1,  1775,  1742,   375,  7672,  7779,  7780,
    PETRIA6,    3292,     1,  1778,  1743,   330,  7781,  2898,  7782,
    PETRIA6,    3293,     1,  1776,  1743,   312,  7677,  7783,  7784,
    PETRIA6,    3294,     1,  1754,   171,  1720,  3531,  7718,  7785,
    PETRIA6,    3295,     1,  1744,   153,  1678,  7546,  7624,  4055,
    PETRIA6,    3296,     1,  1745,   178,  1597,  7694,  7439,  7415,
    PETRIA6,    3297,     1,  1806,  1587,  1584,  3754,  7414,  7786,
    PETRIA6,    3298,     1,  1746,  1664,  1709,  3721,  4119,  7596,
    PETRIA6,    3299,     1,  1746,  1714,   195,  7696,  7787,  7706,
    PETRIA6,    3300,     1,  1790,  1747,  1710,  7788,  7750,  7697,
    PETRIA6,    3301,     1,  1809,  1732,  1747,  7789,  4849,  2862,
    PETRIA6,    3302,     1,  1748,  1707,   479,  2925,  7790,  7691,
    PETRIA6,    3303,     1,  1748,   468,  1710,  7791,  7698,  7633,
    PETRIA6,    3304,     1,  1749,  1712,   194,  7630,  7792,  7793,
    PETRIA6,    3305,     1,  1749,   195,  1714,  4158,  7787,  3686,
    PETRIA6,    3306,     1,  1750,  1683,  1689,  7639,  7636,  7647,
    PETRIA6,    3307,     1,  1813,  1750,   192,  4153,  7648,  7794,
    PETRIA6,    3308,     1,  1799,  1751,  1791,  7795,  7708,  7796,
    PETRIA6,    3309,     1,  2234,  1751,  1799,  7309,  7795,  7740,
    PETRIA6,    3310,     1,  1752,   479,  1718,  7797,  7592,  7798,
    PETRIA6,    3311,     1,  1752,  1718,   480,  7798,  2928,  7712,
    PETRIA6,    3312,     1,  1753,   186,  1719,  7799,  7589,  7800,
    PETRIA6,    3313,     1,  1753,  1719,   185,  7800,  4137,  7715,
    PETRIA6,    3314,     1,  1754,  1720,  1644,  7785,  7549,  7801,
    PETRIA6,    3315,     1,  1754,  1644,   153,  7801,  7466,  7545,
    PETRIA6,    3316,     1,  1828,   186,  1808,  7802,  7803,  7769,
    PETRIA6,    3317,     1,  1755,   168,  1721,  7767,  7720,  7717,
    PETRIA6,    3318,     1,  1779,  1756,   479,  7804,  7593,  7805,
    PETRIA6,    3319,     1,  1756,   489,  1722,  7806,  7722,  7714,
    PETRIA6,    3320,     1,  1757,  1609,   489,  4903,  3051,  7687,
    PETRIA6,    3321,     1,  1779,   489,  1756,  7688,  7806,  7804,
    PETRIA6,    3322,     1,  1792,   321,  1713,  4429,  7704,  7498,
    PETRIA6,    3323,     1,  1933,  1798,   320,  7807,  7808,  7809,
    PETRIA6,    3324,     1,  1793,   469,  1615,  2803,  7470,  7810,
    PETRIA6,    3325,     1,  1869,  1759,   468,  7732,  7811,  7812,
    PETRIA6,    3326,     1,  2081,   203,  1616,  7473,  7474,  7813,
    PETRIA6,    3327,     1,  1966,   204,  1928,  7814,  7815,  7728,
    PETRIA6,    3328,     1,  1883,   231,  1783,  7816,  7817,  7818,
    PETRIA6,    3329,     1,  2028,  1932,   266,  7819,  7820,  7821,
    PETRIA6,    3330,     1,  1796,  1762,  1696,  7822,  7774,  7662,
    PETRIA6,    3331,     1,  1812,  1739,  1762,  7823,  4736,  2853,
    PETRIA6,    3332,     1,  1802,  1763,   406,  2909,  7693,  7824,
    PETRIA6,    3333,     1,  1860,  1781,  1763,  7825,  7826,  2908,
    PETRIA6,    3334,     1,  1837,   284,  1810,  7827,  7828,  3464,
    PETRIA6,    3335,     1,  1764,   267,  1727,  7829,  7735,  7734,
    PETRIA6,    3336,     1,  1838,   356,  1811,  7830,  7831,  4563,
    PETRIA6,    3337,     1,  1765,   339,  1723,  7832,  7724,  4474,
    PETRIA6,    3338,     1,  1800,   404,  1728,  7739,  4685,  7833,
    PETRIA6,    3339,     1,  1766,   386,  1659,  7834,  7584,  3028,
    PETRIA6,    3340,     1,  1774,  1769,  1767,  7835,  7836,  7837,
    PETRIA6,    3341,     1,  1774,  1767,   285,  7837,  7622,  4383,
    PETRIA6,    3342,     1,  1768,   285,  1703,  7838,  7443,  7679,
    PETRIA6,    3343,     1,  1768,   267,  1764,  7680,  7829,  7839,
    PETRIA6,    3344,     1,  1769,   303,  1625,  7840,  7411,  3461,
    PETRIA6,    3345,     1,  1769,  1658,  1767,  3463,  7582,  7836,
    PETRIA6,    3346,     1,  1786,  1770,   172,  3527,  7684,  7841,
    PETRIA6,    3347,     1,  2244,  1859,   191,  7842,  4148,  7843,
    PETRIA6,    3348,     1,  1816,  1771,   407,  7844,  7652,  7845,
    PETRIA6,    3349,     1,  1835,  1771,  1816,  7846,  7844,  2849,
    PETRIA6,    3350,     1,  1772,   357,  1699,  7847,  4521,  7669,
    PETRIA6,    3351,     1,  1772,   339,  1765,  7670,  7832,  7848,
    PETRIA6,    3352,     1,  1855,   349,  1814,  7849,  7850,  7851,
    PETRIA6,    3353,     1,  1830,  1803,   331,  4500,  2901,  7852,
    PETRIA6,    3354,     1,  1866,  1774,  1810,  3411,  4382,  7853,
    PETRIA6,    3355,     1,  1774,   303,  1769,  7854,  7840,  7835,
    PETRIA6,    3356,     1,  1840,  1775,   375,  2489,  7780,  7855,
    PETRIA6,    3357,     1,  1775,   376,  1700,  2488,  7673,  7671,
    PETRIA6,    3358,     1,  1839,  1776,   312,  4449,  7784,  7856,
    PETRIA6,    3359,     1,  1776,   311,  1702,  4448,  7678,  7676,
    PETRIA6,    3360,     1,  1863,  1777,  1811,  7857,  2484,  7858,
    PETRIA6,    3361,     1,  1777,   375,  1742,  7859,  7779,  7778,
    PETRIA6,    3362,     1,  1851,  1830,   331,  7860,  7852,  7861,
    PETRIA6,    3363,     1,  1778,   312,  1743,  7862,  7783,  7781,
    PETRIA6,    3364,     1,  1779,   479,  1707,  7805,  7790,  2986,
    PETRIA6,    3365,     1,  1779,  1706,  1757,  2988,  7401,  7686,
    PETRIA6,    3366,     1,  1780,   404,  1519,  4686,  7260,  7367,
    PETRIA6,    3367,     1,  1780,  1567,  1687,  7368,  7646,  3031,
    PETRIA6,    3368,     1,  1781,   405,  1763,  7737,  4687,  7826,
    PETRIA6,    3369,     1,  1782,  1781,   387,  2969,  7863,  7864,
    PETRIA6,    3370,     1,  1800,  1782,   386,  2970,  4640,  7865,
    PETRIA6,    3371,     1,  1844,  1782,   387,  7745,  7864,  7866,
    PETRIA6,    3372,     1,  1883,  1795,  1834,  4247,  7488,  7867,
    PETRIA6,    3373,     1,  1783,   231,  1731,  7817,  7749,  7868,
    PETRIA6,    3374,     1,  1832,  1784,  1818,  7869,  2858,  7870,
    PETRIA6,    3375,     1,  1784,   441,  1648,  7871,  7557,  7757,
    PETRIA6,    3376,     1,  1823,  1819,  1785,  7872,  7873,  7874,
    PETRIA6,    3377,     1,  1823,  1785,   368,  7874,  7777,  4594,
    PETRIA6,    3378,     1,  1859,  1786,   190,  3528,  3480,  7875,
    PETRIA6,    3379,     1,  1786,   172,  1735,  7841,  4102,  7761,
    PETRIA6,    3380,     1,  2244,   173,  1770,  7876,  4105,  7877,
    PETRIA6,    3381,     1,  1787,   191,  1736,  7878,  7764,  7552,
    PETRIA6,    3382,     1,  1842,  1788,   170,  4101,  7682,  7879,
    PETRIA6,    3383,     1,  1788,   171,  1744,  4100,  3530,  7683,
    PETRIA6,    3384,     1,  1789,   385,  1346,  7586,  6922,  7880,
    PETRIA6,    3385,     1,  1789,  1346,   403,  7880,  6431,  6920,
    PETRIA6,    3386,     1,  1825,   468,  1759,  7881,  7811,  4852,
    PETRIA6,    3387,     1,  1825,  1821,  1790,  7882,  7883,  7884,
    PETRIA6,    3388,     1,  1827,  1791,   195,  7885,  3685,  7703,
    PETRIA6,    3389,     1,  1827,  1799,  1791,  7886,  7796,  7885,
    PETRIA6,    3390,     1,  1884,   303,  1870,  7887,  7888,  7889,
    PETRIA6,    3391,     1,  1884,  1870,   302,  7889,  7890,  7891,
    PETRIA6,    3392,     1,  2225,  1864,  1793,  7892,  7893,  7894,
    PETRIA6,    3393,     1,  1864,  1825,  1793,  7895,  4853,  7893,
    PETRIA6,    3394,     1,  2022,  2012,  1794,  7896,  2522,  7897,
    PETRIA6,    3395,     1,  2012,   222,  1990,  7898,  4225,  7899,
    PETRIA6,    3396,     1,  1795,  1761,   249,  3562,  4288,  7489,
    PETRIA6,    3397,     1,  1834,   249,  1657,  7490,  7577,  7900,
    PETRIA6,    3398,     1,  1824,  1796,   426,  7901,  7663,  4739,
    PETRIA6,    3399,     1,  1824,  1822,  1796,  7902,  7903,  7901,
    PETRIA6,    3400,     1,  1797,  1761,   248,  3516,  7904,  7905,
    PETRIA6,    3401,     1,  1797,   266,  1764,  7906,  4333,  7733,
    PETRIA6,    3402,     1,  1798,  1758,   320,  4472,  7907,  7808,
    PETRIA6,    3403,     1,  1798,   338,  1765,  7908,  2363,  4473,
    PETRIA6,    3404,     1,  1799,   213,  1729,  7909,  7743,  7910,
    PETRIA6,    3405,     1,  1799,  1729,   214,  7910,  7575,  7741,
    PETRIA6,    3406,     1,  1800,  1728,  1781,  7833,  7736,  2968,
    PETRIA6,    3407,     1,  1800,   386,  1766,  7865,  7834,  7738,
    PETRIA6,    3408,     1,  1817,  1801,  1658,  7911,  7583,  7495,
    PETRIA6,    3409,     1,  1801,   286,  1677,  7506,  7623,  7579,
    PETRIA6,    3410,     1,  1860,  1802,   388,  2910,  7912,  7913,
    PETRIA6,    3411,     1,  1802,   406,  1771,  7824,  4689,  7914,
    PETRIA6,    3412,     1,  1836,   330,  1701,  7727,  7526,  7915,
    PETRIA6,    3413,     1,  1803,  1724,  1773,  7916,  7725,  2899,
    PETRIA6,    3414,     1,  1855,  1845,  1804,  7917,  2842,  7918,
    PETRIA6,    3415,     1,  1843,  1773,  1804,  7919,  4544,  2841,
    PETRIA6,    3416,     1,  1841,  1805,   193,  7667,  7707,  7920,
    PETRIA6,    3417,     1,  2248,   194,  1712,  4156,  7792,  7921,
    PETRIA6,    3418,     1,  1806,  1584,   177,  7786,  7371,  7922,
    PETRIA6,    3419,     1,  1806,   177,  1709,  7922,  7597,  7407,
    PETRIA6,    3420,     1,  2256,  1807,   215,  7442,  4208,  7923,
    PETRIA6,    3421,     1,  1807,   214,  1693,  7441,  7656,  7277,
    PETRIA6,    3422,     1,  1829,  1808,   186,  2340,  7803,  7924,
    PETRIA6,    3423,     1,  1808,   187,  1690,  2339,  2423,  4091,
    PETRIA6,    3424,     1,  1821,  1820,  1809,  7925,  4819,  2861,
    PETRIA6,    3425,     1,  1809,   455,  1732,  4818,  7751,  7789,
    PETRIA6,    3426,     1,  1866,  1810,   284,  7853,  7828,  7926,
    PETRIA6,    3427,     1,  1810,   285,  1768,  4384,  7838,  3465,
    PETRIA6,    3428,     1,  1863,  1811,   356,  7858,  7831,  7927,
    PETRIA6,    3429,     1,  1811,   357,  1772,  2486,  7847,  4564,
    PETRIA6,    3430,     1,  1826,  1812,  1822,  7928,  2852,  7929,
    PETRIA6,    3431,     1,  1812,   407,  1739,  7930,  7775,  7823,
    PETRIA6,    3432,     1,  1865,  1813,   192,  7931,  7794,  4150,
    PETRIA6,    3433,     1,  1900,  1854,  1813,  7932,  7933,  7934,
    PETRIA6,    3434,     1,  1855,  1814,  1819,  7851,  2902,  7935,
    PETRIA6,    3435,     1,  1814,   349,  1692,  7850,  7655,  7754,
    PETRIA6,    3436,     1,  1857,   213,  1827,  7936,  7937,  7938,
    PETRIA6,    3437,     1,  2008,  1978,   230,  7939,  7940,  7941,
    PETRIA6,    3438,     1,  1826,  1816,   407,  4692,  7845,  7942,
    PETRIA6,    3439,     1,  1970,  1835,   389,  7943,  2851,  7944,
    PETRIA6,    3440,     1,  1817,   304,  1470,  7496,  7162,  3508,
    PETRIA6,    3441,     1,  1817,  1628,  1801,  7507,  7505,  7911,
    PETRIA6,    3442,     1,  1818,  1734,   455,  2860,  7643,  7945,
    PETRIA6,    3443,     1,  1832,  1818,   442,  7870,  7946,  7947,
    PETRIA6,    3444,     1,  1855,  1819,   350,  7935,  7948,  7949,
    PETRIA6,    3445,     1,  1819,  1733,  1785,  2904,  7752,  7873,
    PETRIA6,    3446,     1,  1880,  1820,   456,  7950,  7951,  4821,
    PETRIA6,    3447,     1,  1880,  1856,  1820,  2799,  7756,  7950,
    PETRIA6,    3448,     1,  1821,  1747,  1790,  2863,  7788,  7883,
    PETRIA6,    3449,     1,  1821,   456,  1820,  7952,  7951,  7925,
    PETRIA6,    3450,     1,  1822,  1762,  1796,  2854,  7822,  7903,
    PETRIA6,    3451,     1,  1826,  1822,   408,  7929,  7953,  7954,
    PETRIA6,    3452,     1,  1948,  1847,   369,  7955,  7956,  7957,
    PETRIA6,    3453,     1,  1823,   350,  1819,  7958,  7948,  7872,
    PETRIA6,    3454,     1,  1910,  1881,  1824,  7959,  7960,  2792,
    PETRIA6,    3455,     1,  1824,   408,  1822,  7961,  7953,  7902,
    PETRIA6,    3456,     1,  1825,   456,  1821,  7962,  7952,  7882,
    PETRIA6,    3457,     1,  1825,  1790,   468,  7884,  7699,  7881,
    PETRIA6,    3458,     1,  1826,   407,  1812,  7942,  7930,  7928,
    PETRIA6,    3459,     1,  1882,  1826,   408,  2791,  7954,  4694,
    PETRIA6,    3460,     1,  1916,  1878,   212,  7963,  7964,  7965,
    PETRIA6,    3461,     1,  1827,   213,  1799,  7937,  7909,  7886,
    PETRIA6,    3462,     1,  1828,  1737,   168,  7770,  7406,  7766,
    PETRIA6,    3463,     1,  1828,  1755,   186,  7768,  7590,  7802,
    PETRIA6,    3464,     1,  1928,  1892,  1829,  7966,  7967,  7968,
    PETRIA6,    3465,     1,  1892,  1850,  1829,  4183,  7969,  7967,
    PETRIA6,    3466,     1,  2095,   331,  1846,  7970,  4501,  7971,
    PETRIA6,    3467,     1,  1830,  1778,   330,  7972,  7782,  4498,
    PETRIA6,    3468,     1,  1831,   230,  1783,  7973,  7974,  7975,
    PETRIA6,    3469,     1,  1831,  1783,  1731,  7975,  7868,  3605,
    PETRIA6,    3470,     1,  1862,  1832,   442,  4781,  7947,  7976,
    PETRIA6,    3471,     1,  1832,   441,  1784,  7977,  7871,  7869,
    PETRIA6,    3472,     1,  1853,  1735,   171,  7760,  7719,  7978,
    PETRIA6,    3473,     1,  1879,  1833,   189,  4146,  7979,  7980,
    PETRIA6,    3474,     1,  1834,  1657,   231,  7900,  7397,  7981,
    PETRIA6,    3475,     1,  1883,  1834,   231,  7867,  7981,  7816,
    PETRIA6,    3476,     1,  1835,   388,  1802,  7982,  7912,  7983,
    PETRIA6,    3477,     1,  1835,  1802,  1771,  7983,  7914,  7846,
    PETRIA6,    3478,     1,  1836,  1701,   348,  7915,  7621,  7674,
    PETRIA6,    3479,     1,  1836,  1724,  1803,  7675,  7916,  7726,
    PETRIA6,    3480,     1,  1837,  1768,  1764,  3466,  7839,  4332,
    PETRIA6,    3481,     1,  1871,  1837,   266,  7984,  4334,  4330,
    PETRIA6,    3482,     1,  1838,  1772,  1765,  4565,  7848,  2362,
    PETRIA6,    3483,     1,  1872,  1838,   338,  7985,  2364,  2482,
    PETRIA6,    3484,     1,  1874,  1839,   312,  7986,  7856,  7987,
    PETRIA6,    3485,     1,  1887,  1839,  1874,  7988,  7986,  7989,
    PETRIA6,    3486,     1,  1873,  1840,   375,  7990,  7855,  7991,
    PETRIA6,    3487,     1,  1888,  1840,  1873,  7992,  7990,  7993,
    PETRIA6,    3488,     1,  1854,  1841,   193,  7994,  7920,  7995,
    PETRIA6,    3489,     1,  1906,  1841,  1854,  3610,  7994,  7996,
    PETRIA6,    3490,     1,  1922,  1842,   170,  3430,  7879,  7997,
    PETRIA6,    3491,     1,  1917,  1853,  1842,  7998,  7999,  3429,
    PETRIA6,    3492,     1,  1846,  1843,  1845,  4503,  2840,  8000,
    PETRIA6,    3493,     1,  1843,   331,  1773,  4502,  2900,  7919,
    PETRIA6,    3494,     1,  1858,  1844,   387,  8001,  7866,  8002,
    PETRIA6,    3495,     1,  1889,   369,  1847,  8003,  7956,  2905,
    PETRIA6,    3496,     1,  2243,   350,  1905,  8004,  4547,  8005,
    PETRIA6,    3497,     1,  1846,  1845,   332,  8000,  8006,  8007,
    PETRIA6,    3498,     1,  2111,  1846,   332,  8008,  8007,  8009,
    PETRIA6,    3499,     1,  2095,  1851,   331,  8010,  7861,  7970,
    PETRIA6,    3500,     1,  1889,   368,  1730,  2907,  7746,  8011,
    PETRIA6,    3501,     1,  1979,  1948,  1938,  8012,  8013,  2784,
    PETRIA6,    3502,     1,  1890,  1848,   426,  2856,  4740,  8014,
    PETRIA6,    3503,     1,  1910,   409,  1881,  8015,  8016,  7959,
    PETRIA6,    3504,     1,  1849,  1749,   194,  4159,  7793,  8017,
    PETRIA6,    3505,     1,  1916,   194,  1878,  8018,  8019,  7963,
    PETRIA6,    3506,     1,  1927,  1850,   205,  4142,  4182,  8020,
    PETRIA6,    3507,     1,  1850,   187,  1829,  8021,  2338,  7969,
    PETRIA6,    3508,     1,  1920,   313,  1903,  8022,  8023,  8024,
    PETRIA6,    3509,     1,  1851,  1778,  1830,  2838,  7972,  7860,
    PETRIA6,    3510,     1,  1921,  1890,  1640,  2857,  7539,  8025,
    PETRIA6,    3511,     1,  1852,   441,  1832,  7535,  7977,  4780,
    PETRIA6,    3512,     1,  1853,   171,  1842,  7978,  4099,  7999,
    PETRIA6,    3513,     1,  1853,   189,  1833,  8026,  7979,  7758,
    PETRIA6,    3514,     1,  1854,   193,  1813,  7995,  4152,  7933,
    PETRIA6,    3515,     1,  1906,   212,  1878,  4200,  7964,  3608,
    PETRIA6,    3516,     1,  1855,   350,  1845,  7949,  8027,  7917,
    PETRIA6,    3517,     1,  1855,  1804,   349,  7918,  4546,  7849,
    PETRIA6,    3518,     1,  1856,   442,  1818,  8028,  7946,  8029,
    PETRIA6,    3519,     1,  1856,  1818,   455,  8029,  7945,  7755,
    PETRIA6,    3520,     1,  1857,   212,  1815,  8030,  7747,  8031,
    PETRIA6,    3521,     1,  1857,  1815,   213,  8031,  4203,  7936,
    PETRIA6,    3522,     1,  1929,  1919,  1895,  8032,  2848,  8033,
    PETRIA6,    3523,     1,  1858,   369,  1844,  8034,  8035,  8001,
    PETRIA6,    3524,     1,  1891,  1859,   190,  4149,  7875,  8036,
    PETRIA6,    3525,     1,  2244,   191,  1787,  7843,  7878,  8037,
    PETRIA6,    3526,     1,  1895,  1860,   388,  4643,  7913,  8038,
    PETRIA6,    3527,     1,  1860,   387,  1781,  4642,  7863,  7825,
    PETRIA6,    3528,     1,  1897,  1861,   390,  4649,  8039,  8040,
    PETRIA6,    3529,     1,  1861,   389,  1816,  4648,  2850,  4691,
    PETRIA6,    3530,     1,  1898,  1862,   442,  8041,  7976,  8042,
    PETRIA6,    3531,     1,  1901,  1862,   428,  2797,  8043,  8044,
    PETRIA6,    3532,     1,  1896,  1863,   356,  8045,  7927,  2545,
    PETRIA6,    3533,     1,  1904,   374,  1902,  8046,  8047,  4609,
    PETRIA6,    3534,     1,  2254,  1864,   457,  8048,  8049,  8050,
    PETRIA6,    3535,     1,  1864,   456,  1825,  8051,  7962,  7895,
    PETRIA6,    3536,     1,  1899,   192,  1736,  4151,  3570,  7763,
    PETRIA6,    3537,     1,  2082,  2010,  1900,  8052,  8053,  8054,
    PETRIA6,    3538,     1,  1913,  1866,   284,  8055,  7926,  4380,
    PETRIA6,    3539,     1,  1870,  1866,   302,  3412,  8056,  7890,
    PETRIA6,    3540,     1,  1885,  1867,  1883,  8057,  4246,  8058,
    PETRIA6,    3541,     1,  1867,   248,  1761,  8059,  7904,  3561,
    PETRIA6,    3542,     1,  1886,  1868,  1884,  8060,  8061,  8062,
    PETRIA6,    3543,     1,  1868,   320,  1758,  8063,  7907,  2401,
    PETRIA6,    3544,     1,  1869,   468,  1748,  7812,  7791,  7690,
    PETRIA6,    3545,     1,  1869,   479,  1752,  7692,  7797,  7731,
    PETRIA6,    3546,     1,  1886,  1884,   302,  8062,  7891,  8064,
    PETRIA6,    3547,     1,  1870,   303,  1774,  7888,  7854,  3410,
    PETRIA6,    3548,     1,  1934,  1914,  1871,  8065,  8066,  3413,
    PETRIA6,    3549,     1,  1871,   284,  1837,  8067,  7827,  7984,
    PETRIA6,    3550,     1,  1935,  1915,  1872,  8068,  8069,  4561,
    PETRIA6,    3551,     1,  1872,   356,  1838,  8070,  7830,  7985,
    PETRIA6,    3552,     1,  1902,  1873,   375,  4657,  7991,  4610,
    PETRIA6,    3553,     1,  1888,  1877,  1840,  4659,  6994,  7992,
    PETRIA6,    3554,     1,  1903,  1874,   312,  2775,  7987,  8071,
    PETRIA6,    3555,     1,  1887,  1876,  1839,  2836,  6996,  7988,
    PETRIA6,    3556,     1,  1905,  1875,   351,  4549,  8072,  8073,
    PETRIA6,    3557,     1,  1875,   350,  1823,  4548,  7958,  2843,
    PETRIA6,    3558,     1,  1876,   293,  1435,  2835,  7089,  8074,
    PETRIA6,    3559,     1,  1876,  1435,   311,  8074,  6812,  6995,
    PETRIA6,    3560,     1,  1877,   394,  1434,  4658,  7088,  8075,
    PETRIA6,    3561,     1,  1877,  1434,   376,  8075,  6808,  6993,
    PETRIA6,    3562,     1,  1916,   212,  1857,  7965,  8030,  8076,
    PETRIA6,    3563,     1,  1878,   194,  1841,  8019,  4155,  3609,
    PETRIA6,    3564,     1,  1918,  1879,   189,  8077,  7980,  8078,
    PETRIA6,    3565,     1,  1931,  1879,  1918,  8079,  8077,  3425,
    PETRIA6,    3566,     1,  1909,   456,  1864,  4822,  8051,  8080,
    PETRIA6,    3567,     1,  1894,  1880,   443,  2800,  8081,  8082,
    PETRIA6,    3568,     1,  1943,  1881,   409,  8083,  8016,  8084,
    PETRIA6,    3569,     1,  1881,   408,  1824,  8085,  7961,  7960,
    PETRIA6,    3570,     1,  1911,   408,  1881,  4695,  8085,  8086,
    PETRIA6,    3571,     1,  1882,   390,  1861,  8087,  8039,  2789,
    PETRIA6,    3572,     1,  1883,  1783,   230,  7818,  7974,  8088,
    PETRIA6,    3573,     1,  1885,  1883,   230,  8058,  8088,  4244,
    PETRIA6,    3574,     1,  1884,  1868,  1792,  8061,  2403,  8089,
    PETRIA6,    3575,     1,  1924,  1884,  1792,  8090,  8089,  7497,
    PETRIA6,    3576,     1,  1967,  1950,   229,  3519,  3565,  8091,
    PETRIA6,    3577,     1,  1885,   248,  1867,  8092,  8059,  8057,
    PETRIA6,    3578,     1,  1886,   320,  1868,  8093,  8063,  8060,
    PETRIA6,    3579,     1,  1951,  1886,   302,  4424,  8064,  8094,
    PETRIA6,    3580,     1,  1887,  1874,   294,  7989,  8095,  8096,
    PETRIA6,    3581,     1,  1940,  1887,   294,  4405,  8096,  8097,
    PETRIA6,    3582,     1,  1888,  1873,   393,  7993,  8098,  8099,
    PETRIA6,    3583,     1,  1941,  1888,   393,  2552,  8099,  8100,
    PETRIA6,    3584,     1,  1889,  1730,  1844,  8011,  7744,  8101,
    PETRIA6,    3585,     1,  1889,  1844,   369,  8101,  8035,  8003,
    PETRIA6,    3586,     1,  1890,   426,  1669,  8014,  7612,  7537,
    PETRIA6,    3587,     1,  1921,  1640,   441,  8025,  7424,  7534,
    PETRIA6,    3588,     1,  1907,  1891,   190,  3477,  8036,  8102,
    PETRIA6,    3589,     1,  1977,  1957,   191,  8103,  8104,  8105,
    PETRIA6,    3590,     1,  1928,  1829,   186,  7968,  7924,  7729,
    PETRIA6,    3591,     1,  1947,  1892,   204,  2462,  8106,  8107,
    PETRIA6,    3592,     1,  1893,   188,  1738,  8108,  8109,  7649,
    PETRIA6,    3593,     1,  1893,   187,  1850,  7650,  8021,  4141,
    PETRIA6,    3594,     1,  1973,  1944,   443,  8110,  8111,  8112,
    PETRIA6,    3595,     1,  1894,   442,  1856,  8113,  8028,  2798,
    PETRIA6,    3596,     1,  1929,  1895,   388,  8033,  8038,  8114,
    PETRIA6,    3597,     1,  1895,  1858,   387,  2847,  8002,  4641,
    PETRIA6,    3598,     1,  1975,   373,  1945,  8115,  8116,  4606,
    PETRIA6,    3599,     1,  1896,   374,  1863,  8117,  8118,  8045,
    PETRIA6,    3600,     1,  2156,  1971,   390,  8119,  8120,  8121,
    PETRIA6,    3601,     1,  1971,  1930,  1897,  2727,  8122,  8123,
    PETRIA6,    3602,     1,  1898,   428,  1862,  8124,  8043,  8041,
    PETRIA6,    3603,     1,  1898,   442,  1894,  8042,  8113,  4782,
    PETRIA6,    3604,     1,  1957,  1899,   191,  8125,  7765,  8104,
    PETRIA6,    3605,     1,  1957,  1939,  1899,  8126,  3525,  8125,
    PETRIA6,    3606,     1,  1900,   211,  1854,  8127,  8128,  7932,
    PETRIA6,    3607,     1,  1900,  1813,  1865,  7934,  7931,  3567,
    PETRIA6,    3608,     1,  1942,  1901,   428,  4743,  8044,  8129,
    PETRIA6,    3609,     1,  1901,   427,  1852,  4742,  8130,  2795,
    PETRIA6,    3610,     1,  1904,   375,  1777,  4611,  7859,  8131,
    PETRIA6,    3611,     1,  1960,  1902,   374,  2549,  8047,  2607,
    PETRIA6,    3612,     1,  1920,  1903,   312,  8024,  8071,  8132,
    PETRIA6,    3613,     1,  1961,  1903,   313,  4451,  8023,  8133,
    PETRIA6,    3614,     1,  1904,  1777,  1863,  8131,  7857,  8134,
    PETRIA6,    3615,     1,  1904,  1863,   374,  8134,  8118,  8046,
    PETRIA6,    3616,     1,  2027,  1905,   351,  2781,  8073,  8135,
    PETRIA6,    3617,     1,  2243,  1905,  2100,  8005,  2780,  8136,
    PETRIA6,    3618,     1,  1906,  1854,   211,  7996,  8128,  8137,
    PETRIA6,    3619,     1,  1952,  1906,   211,  4201,  8137,  8138,
    PETRIA6,    3620,     1,  1949,  1907,   208,  3478,  8139,  8140,
    PETRIA6,    3621,     1,  1907,   190,  1879,  8102,  4145,  8141,
    PETRIA6,    3622,     1,  2028,  1925,  1996,  8142,  8143,  8144,
    PETRIA6,    3623,     1,  1934,   283,  1914,  8145,  8146,  8065,
    PETRIA6,    3624,     1,  2254,  1953,  1909,  8147,  2740,  8148,
    PETRIA6,    3625,     1,  1946,  1880,  1909,  8149,  4820,  2739,
    PETRIA6,    3626,     1,  1910,  1848,   427,  2794,  8150,  8151,
    PETRIA6,    3627,     1,  1991,   427,  1942,  8152,  4741,  8153,
    PETRIA6,    3628,     1,  1943,  1911,  1881,  2730,  8086,  8083,
    PETRIA6,    3629,     1,  2246,  1911,  1955,  8154,  2729,  8155,
    PETRIA6,    3630,     1,  1933,   320,  1926,  7809,  8156,  8157,
    PETRIA6,    3631,     1,  2052,  1935,   337,  8158,  8159,  2541,
    PETRIA6,    3632,     1,  1987,  1913,  1914,  2405,  4379,  8160,
    PETRIA6,    3633,     1,  1913,   302,  1866,  8161,  8056,  8055,
    PETRIA6,    3634,     1,  1987,  1914,   283,  8160,  8146,  8162,
    PETRIA6,    3635,     1,  1914,   284,  1871,  4381,  8067,  8066,
    PETRIA6,    3636,     1,  1975,  1915,   355,  8163,  8164,  8165,
    PETRIA6,    3637,     1,  1915,   356,  1872,  2546,  8070,  8069,
    PETRIA6,    3638,     1,  1916,  1857,  1827,  8076,  7938,  3647,
    PETRIA6,    3639,     1,  1916,  1849,   194,  3649,  8017,  8018,
    PETRIA6,    3640,     1,  1923,  1917,  1922,  8166,  3428,  8167,
    PETRIA6,    3641,     1,  1917,   189,  1853,  8168,  8026,  7998,
    PETRIA6,    3642,     1,  1923,  1918,   189,  4144,  8078,  8169,
    PETRIA6,    3643,     1,  2034,  1931,   207,  8170,  3427,  8171,
    PETRIA6,    3644,     1,  1972,  1919,   370,  8172,  8173,  8174,
    PETRIA6,    3645,     1,  1919,   369,  1858,  4596,  8034,  2846,
    PETRIA6,    3646,     1,  1920,   312,  1778,  8132,  7862,  2837,
    PETRIA6,    3647,     1,  1920,  1851,   313,  2839,  8175,  8022,
    PETRIA6,    3648,     1,  1921,  1852,   427,  7536,  8130,  8176,
    PETRIA6,    3649,     1,  1921,   427,  1848,  8176,  8150,  2855,
    PETRIA6,    3650,     1,  2223,  1922,   170,  7773,  7997,  8177,
    PETRIA6,    3651,     1,  1923,  1922,   188,  8167,  7772,  8178,
    PETRIA6,    3652,     1,  1923,   189,  1917,  8169,  8168,  8166,
    PETRIA6,    3653,     1,  1992,   188,  1969,  8179,  8180,  8181,
    PETRIA6,    3654,     1,  1924,  1713,   303,  7499,  7412,  8182,
    PETRIA6,    3655,     1,  1924,   303,  1884,  8182,  7887,  8090,
    PETRIA6,    3656,     1,  2028,  1996,  1932,  8144,  4286,  7819,
    PETRIA6,    3657,     1,  1925,   248,  1885,  8183,  8092,  8184,
    PETRIA6,    3658,     1,  1998,  1933,  1926,  2361,  8157,  8185,
    PETRIA6,    3659,     1,  1926,   320,  1886,  8156,  8093,  8186,
    PETRIA6,    3660,     1,  1959,  1927,   205,  2343,  8020,  8187,
    PETRIA6,    3661,     1,  1969,  1927,   206,  4140,  2342,  8188,
    PETRIA6,    3662,     1,  1966,   186,  1753,  7730,  7799,  8189,
    PETRIA6,    3663,     1,  1928,   204,  1892,  7815,  8106,  7966,
    PETRIA6,    3664,     1,  1970,   388,  1835,  8190,  7982,  7943,
    PETRIA6,    3665,     1,  1929,   370,  1919,  8191,  8173,  8032,
    PETRIA6,    3666,     1,  2065,  1980,  1970,  4646,  2788,  8192,
    PETRIA6,    3667,     1,  1930,   389,  1897,  8193,  4647,  8122,
    PETRIA6,    3668,     1,  1931,   208,  1907,  8194,  8139,  8195,
    PETRIA6,    3669,     1,  1931,  1907,  1879,  8195,  8141,  8079,
    PETRIA6,    3670,     1,  1932,  1908,   266,  3468,  4331,  7820,
    PETRIA6,    3671,     1,  2028,   266,  1797,  7821,  7906,  8196,
    PETRIA6,    3672,     1,  1933,  1912,   338,  4517,  2483,  8197,
    PETRIA6,    3673,     1,  1933,   338,  1798,  8197,  7908,  7807,
    PETRIA6,    3674,     1,  1934,  1908,   265,  3415,  8198,  8199,
    PETRIA6,    3675,     1,  2050,  1934,   265,  8200,  8199,  4327,
    PETRIA6,    3676,     1,  1935,  1912,   337,  4562,  8201,  8159,
    PETRIA6,    3677,     1,  1935,   355,  1915,  8202,  8164,  8068,
    PETRIA6,    3678,     1,  1962,  1936,   392,  2611,  8203,  8204,
    PETRIA6,    3679,     1,  1936,   393,  1873,  2610,  8098,  4656,
    PETRIA6,    3680,     1,  1963,  1937,   295,  4408,  8205,  8206,
    PETRIA6,    3681,     1,  1937,   294,  1874,  4407,  8095,  2774,
    PETRIA6,    3682,     1,  1972,  1938,  1919,  8207,  4597,  8172,
    PETRIA6,    3683,     1,  1948,   351,  1875,  8208,  8072,  8209,
    PETRIA6,    3684,     1,  1958,  1939,   209,  4196,  8210,  8211,
    PETRIA6,    3685,     1,  1939,   210,  1865,  4195,  3568,  3523,
    PETRIA6,    3686,     1,  1985,  1940,   294,  8212,  8097,  8213,
    PETRIA6,    3687,     1,  2001,  1940,  1985,  2773,  8212,  8214,
    PETRIA6,    3688,     1,  1986,  1941,   393,  8215,  8100,  8216,
    PETRIA6,    3689,     1,  2000,  1941,  1986,  4704,  8215,  8217,
    PETRIA6,    3690,     1,  2025,  1942,   428,  2734,  8129,  8218,
    PETRIA6,    3691,     1,  1993,  1991,  1942,  8219,  8153,  2733,
    PETRIA6,    3692,     1,  1956,  1943,   409,  8220,  8084,  8221,
    PETRIA6,    3693,     1,  1956,  1955,  1943,  8222,  2731,  8220,
    PETRIA6,    3694,     1,  1944,  1894,   443,  4783,  8082,  8111,
    PETRIA6,    3695,     1,  1964,  1944,   429,  2737,  8223,  8224,
    PETRIA6,    3696,     1,  1974,  1945,   373,  8225,  8116,  8226,
    PETRIA6,    3697,     1,  1945,   374,  1896,  8227,  8117,  4607,
    PETRIA6,    3698,     1,  1954,  1946,  1953,  4786,  2738,  8228,
    PETRIA6,    3699,     1,  1946,   443,  1880,  4785,  8081,  8149,
    PETRIA6,    3700,     1,  1990,  1947,   204,  8229,  8107,  8230,
    PETRIA6,    3701,     1,  2007,  1947,  1990,  8231,  8229,  4224,
    PETRIA6,    3702,     1,  1948,  1875,  1847,  8209,  2845,  7955,
    PETRIA6,    3703,     1,  1948,   369,  1938,  7957,  4595,  8013,
    PETRIA6,    3704,     1,  1965,  1949,   208,  4193,  8140,  8232,
    PETRIA6,    3705,     1,  1977,   209,  1957,  8233,  8234,  8103,
    PETRIA6,    3706,     1,  1982,  1978,  1952,  8235,  8236,  8237,
    PETRIA6,    3707,     1,  2122,  2097,   247,  8238,  8239,  8240,
    PETRIA6,    3708,     1,  1951,   302,  1913,  8094,  8161,  8241,
    PETRIA6,    3709,     1,  2123,  2098,   319,  2357,  8242,  8243,
    PETRIA6,    3710,     1,  1982,  1952,   211,  8237,  8138,  8244,
    PETRIA6,    3711,     1,  2008,  1952,  1978,  8245,  8236,  7939,
    PETRIA6,    3712,     1,  2254,  2242,  1953,  8246,  6971,  8147,
    PETRIA6,    3713,     1,  1954,  1953,   444,  8228,  6970,  8247,
    PETRIA6,    3714,     1,  2233,  2004,  1954,  7203,  8248,  8249,
    PETRIA6,    3715,     1,  2004,  1973,  1954,  2677,  8250,  8248,
    PETRIA6,    3716,     1,  2006,  1955,   391,  4652,  8251,  8252,
    PETRIA6,    3717,     1,  2246,  1955,   390,  8155,  4651,  8253,
    PETRIA6,    3718,     1,  2064,  2002,   410,  8254,  8255,  8256,
    PETRIA6,    3719,     1,  1956,   391,  1955,  8257,  8251,  8222,
    PETRIA6,    3720,     1,  1977,   191,  1891,  8105,  4147,  8258,
    PETRIA6,    3721,     1,  1957,   209,  1939,  8234,  8210,  8126,
    PETRIA6,    3722,     1,  2054,  2033,  1958,  8259,  8260,  8261,
    PETRIA6,    3723,     1,  2033,  2003,  1958,  3475,  8262,  8260,
    PETRIA6,    3724,     1,  1976,  1959,   205,  4228,  8187,  8263,
    PETRIA6,    3725,     1,  2041,  1959,  2017,  8264,  4227,  8265,
    PETRIA6,    3726,     1,  1974,   374,  1945,  2608,  8227,  8225,
    PETRIA6,    3727,     1,  1960,   392,  1936,  8266,  8203,  2547,
    PETRIA6,    3728,     1,  2021,  1961,   313,  8267,  8133,  4453,
    PETRIA6,    3729,     1,  1961,   295,  1937,  8268,  8205,  4450,
    PETRIA6,    3730,     1,  2042,  1962,   392,  4701,  8204,  8269,
    PETRIA6,    3731,     1,  2018,  1986,  1962,  8270,  8271,  4700,
    PETRIA6,    3732,     1,  2043,  1963,   295,  2713,  8206,  4410,
    PETRIA6,    3733,     1,  2019,  1985,  1963,  8272,  8273,  2712,
    PETRIA6,    3734,     1,  2015,  1964,   429,  4746,  8224,  8274,
    PETRIA6,    3735,     1,  1964,   428,  1898,  4745,  8124,  2735,
    PETRIA6,    3736,     1,  2005,  1965,   208,  8275,  8232,  4189,
    PETRIA6,    3737,     1,  2077,  2054,   209,  8276,  8277,  8278,
    PETRIA6,    3738,     1,  1966,  1753,  1760,  8189,  2457,  8279,
    PETRIA6,    3739,     1,  1966,  1760,   204,  8279,  8280,  7814,
    PETRIA6,    3740,     1,  1967,   247,  1925,  8281,  8282,  8283,
    PETRIA6,    3741,     1,  1967,  1925,  1885,  8283,  8184,  3517,
    PETRIA6,    3742,     1,  1968,   319,  1926,  8284,  8285,  8286,
    PETRIA6,    3743,     1,  1968,  1926,  1886,  8286,  8186,  4423,
    PETRIA6,    3744,     1,  1992,   206,  1981,  8287,  8288,  2419,
    PETRIA6,    3745,     1,  1969,   188,  1893,  8180,  8108,  4138,
    PETRIA6,    3746,     1,  1970,  1929,   388,  2787,  8114,  8190,
    PETRIA6,    3747,     1,  2065,   389,  1930,  8289,  8193,  8290,
    PETRIA6,    3748,     1,  1971,  1897,   390,  8123,  8040,  8120,
    PETRIA6,    3749,     1,  2112,  2076,   371,  8291,  4603,  8292,
    PETRIA6,    3750,     1,  1995,  1972,   370,  8293,  8174,  8294,
    PETRIA6,    3751,     1,  2073,  1972,  1995,  8295,  8293,  8296,
    PETRIA6,    3752,     1,  1973,   429,  1944,  2676,  8223,  8110,
    PETRIA6,    3753,     1,  1973,   443,  1954,  8112,  4784,  8250,
    PETRIA6,    3754,     1,  2024,  1974,   373,  4655,  8226,  8297,
    PETRIA6,    3755,     1,  2013,  1960,  1974,  8298,  2606,  4654,
    PETRIA6,    3756,     1,  1975,  1896,  1915,  4608,  2544,  8163,
    PETRIA6,    3757,     1,  2016,  1975,   355,  8299,  8165,  2604,
    PETRIA6,    3758,     1,  2017,  1976,   223,  4229,  8300,  8301,
    PETRIA6,    3759,     1,  1976,   205,  1947,  8263,  2460,  8302,
    PETRIA6,    3760,     1,  1977,  1891,  1949,  8258,  3476,  8303,
    PETRIA6,    3761,     1,  1977,  1949,   209,  8303,  4192,  8233,
    PETRIA6,    3762,     1,  1978,  1950,   230,  3566,  4245,  7940,
    PETRIA6,    3763,     1,  2008,   230,  1831,  7941,  7973,  8304,
    PETRIA6,    3764,     1,  2073,  1994,  1979,  8305,  4552,  2783,
    PETRIA6,    3765,     1,  1979,   351,  1948,  4551,  8208,  8012,
    PETRIA6,    3766,     1,  2009,  1995,   370,  8306,  8294,  4598,
    PETRIA6,    3767,     1,  1980,   370,  1929,  4599,  8191,  2786,
    PETRIA6,    3768,     1,  2011,  1981,   206,  8307,  8288,  8308,
    PETRIA6,    3769,     1,  1981,   207,  1918,  8309,  3426,  4143,
    PETRIA6,    3770,     1,  2082,  2003,  2062,  8310,  4197,  8311,
    PETRIA6,    3771,     1,  1982,   229,  1978,  3521,  3564,  8235,
    PETRIA6,    3772,     1,  1999,  1983,  1998,  8312,  2359,  8313,
    PETRIA6,    3773,     1,  1983,   337,  1912,  8314,  8201,  4516,
    PETRIA6,    3774,     1,  1997,  1984,  1996,  8315,  4285,  8316,
    PETRIA6,    3775,     1,  1984,   265,  1908,  8317,  8198,  3467,
    PETRIA6,    3776,     1,  1985,   294,  1963,  8213,  4406,  8273,
    PETRIA6,    3777,     1,  2001,   275,  1988,  4357,  8318,  2771,
    PETRIA6,    3778,     1,  1986,   393,  1962,  8216,  2609,  8271,
    PETRIA6,    3779,     1,  2000,   412,  1989,  8319,  8320,  4702,
    PETRIA6,    3780,     1,  2014,  1987,   283,  8321,  8162,  8322,
    PETRIA6,    3781,     1,  2101,  1987,  2014,  2406,  8321,  8323,
    PETRIA6,    3782,     1,  1988,   275,  1557,  8318,  7349,  8324,
    PETRIA6,    3783,     1,  1988,  1557,   293,  8324,  6822,  7209,
    PETRIA6,    3784,     1,  1989,   412,  1558,  8320,  7350,  8325,
    PETRIA6,    3785,     1,  1989,  1558,   394,  8325,  6818,  7210,
    PETRIA6,    3786,     1,  2012,  1990,   204,  7899,  8230,  8326,
    PETRIA6,    3787,     1,  2084,  2007,   222,  8327,  4226,  8328,
    PETRIA6,    3788,     1,  1991,   409,  1910,  8329,  8015,  8330,
    PETRIA6,    3789,     1,  1991,  1910,   427,  8330,  8151,  8152,
    PETRIA6,    3790,     1,  1992,  1923,   188,  2421,  8178,  8179,
    PETRIA6,    3791,     1,  1992,  1969,   206,  8181,  8188,  8287,
    PETRIA6,    3792,     1,  2002,  1993,   410,  4698,  8331,  8255,
    PETRIA6,    3793,     1,  1993,   409,  1991,  4697,  8329,  8219,
    PETRIA6,    3794,     1,  2085,  2048,  1994,  8332,  8333,  8334,
    PETRIA6,    3795,     1,  2048,  2027,  1994,  2722,  8335,  8333,
    PETRIA6,    3796,     1,  2046,  2009,   371,  8336,  8337,  4602,
    PETRIA6,    3797,     1,  2073,  1995,   352,  8296,  2724,  8338,
    PETRIA6,    3798,     1,  1996,  1925,   247,  8143,  8282,  8339,
    PETRIA6,    3799,     1,  1997,  1996,   247,  8316,  8339,  8340,
    PETRIA6,    3800,     1,  2049,   264,  2029,  8341,  8342,  3416,
    PETRIA6,    3801,     1,  1997,   265,  1984,  8343,  8317,  8315,
    PETRIA6,    3802,     1,  1998,  1926,   319,  8185,  8285,  8344,
    PETRIA6,    3803,     1,  1999,  1998,   319,  8313,  8344,  8345,
    PETRIA6,    3804,     1,  2051,   336,  2030,  8346,  8347,  4514,
    PETRIA6,    3805,     1,  1999,   337,  1983,  8348,  8314,  8312,
    PETRIA6,    3806,     1,  2000,  1986,   411,  8217,  8349,  8350,
    PETRIA6,    3807,     1,  2045,   411,  2039,  8351,  8352,  2613,
    PETRIA6,    3808,     1,  2001,  1985,   276,  8214,  8353,  8354,
    PETRIA6,    3809,     1,  2044,  2001,   276,  4358,  8354,  8355,
    PETRIA6,    3810,     1,  2064,  2042,   392,  8356,  8269,  8357,
    PETRIA6,    3811,     1,  2002,  1956,   409,  2670,  8221,  4696,
    PETRIA6,    3812,     1,  2082,  2062,  2010,  8311,  8358,  8052,
    PETRIA6,    3813,     1,  2003,   210,  1958,  8359,  4194,  8262,
    PETRIA6,    3814,     1,  2233,  1954,   444,  8249,  8247,  8360,
    PETRIA6,    3815,     1,  2058,  2004,   430,  8361,  7202,  8362,
    PETRIA6,    3816,     1,  2034,   208,  1931,  4190,  8194,  8170,
    PETRIA6,    3817,     1,  2075,  2035,   226,  4238,  3424,  8363,
    PETRIA6,    3818,     1,  2036,   391,  2024,  8364,  8365,  8366,
    PETRIA6,    3819,     1,  2156,  2006,  2055,  8367,  8368,  8369,
    PETRIA6,    3820,     1,  2007,   223,  1976,  8370,  8300,  8371,
    PETRIA6,    3821,     1,  2007,  1976,  1947,  8371,  8302,  8231,
    PETRIA6,    3822,     1,  2008,  1831,   212,  8304,  7748,  8372,
    PETRIA6,    3823,     1,  2008,   212,  1952,  8372,  4199,  8245,
    PETRIA6,    3824,     1,  2009,  1980,   371,  4600,  4645,  8337,
    PETRIA6,    3825,     1,  2046,  2023,  2009,  8373,  8374,  8336,
    PETRIA6,    3826,     1,  2010,  1982,   211,  3522,  8244,  8375,
    PETRIA6,    3827,     1,  2010,   211,  1900,  8375,  8127,  8053,
    PETRIA6,    3828,     1,  2056,  2037,  2011,  4185,  8376,  8377,
    PETRIA6,    3829,     1,  2011,   207,  1981,  8378,  8309,  8307,
    PETRIA6,    3830,     1,  2012,   204,  1760,  8326,  8280,  2520,
    PETRIA6,    3831,     1,  2081,  2022,  1794,  8379,  7897,  7472,
    PETRIA6,    3832,     1,  2024,  2020,  2013,  8380,  8381,  4653,
    PETRIA6,    3833,     1,  2013,   392,  1960,  8382,  8266,  8298,
    PETRIA6,    3834,     1,  2101,  2014,   301,  8323,  4375,  8383,
    PETRIA6,    3835,     1,  2038,  2014,   283,  8384,  8322,  8385,
    PETRIA6,    3836,     1,  2039,  2015,   429,  8386,  8274,  4747,
    PETRIA6,    3837,     1,  2060,  2031,   410,  8387,  8388,  8389,
    PETRIA6,    3838,     1,  2105,  2040,   354,  8390,  8391,  8392,
    PETRIA6,    3839,     1,  2016,   373,  1975,  8393,  8115,  8299,
    PETRIA6,    3840,     1,  2026,  2017,   223,  2465,  8301,  8394,
    PETRIA6,    3841,     1,  2041,  2017,   224,  8265,  2464,  8395,
    PETRIA6,    3842,     1,  2031,  2018,   410,  2674,  8396,  8388,
    PETRIA6,    3843,     1,  2018,   411,  1986,  2673,  8349,  8270,
    PETRIA6,    3844,     1,  2032,  2019,   277,  4361,  8397,  8398,
    PETRIA6,    3845,     1,  2019,   276,  1985,  4360,  8353,  8272,
    PETRIA6,    3846,     1,  2020,   392,  2013,  8399,  8382,  8381,
    PETRIA6,    3847,     1,  2020,   391,  1956,  8400,  8257,  2669,
    PETRIA6,    3848,     1,  2093,  2021,  2070,  2716,  4452,  8401,
    PETRIA6,    3849,     1,  2021,   295,  1961,  8402,  8268,  8267,
    PETRIA6,    3850,     1,  2067,  2022,   221,  2585,  8403,  8404,
    PETRIA6,    3851,     1,  2022,   222,  2012,  2584,  7898,  7896,
    PETRIA6,    3852,     1,  2104,  2023,   353,  8405,  8406,  8407,
    PETRIA6,    3853,     1,  2023,  1995,  2009,  2725,  8306,  8374,
    PETRIA6,    3854,     1,  2036,  2024,   373,  8366,  8297,  2667,
    PETRIA6,    3855,     1,  2024,   391,  2020,  8365,  8400,  8380,
    PETRIA6,    3856,     1,  2060,   428,  2015,  8408,  4744,  8409,
    PETRIA6,    3857,     1,  2025,   410,  1993,  8410,  8331,  2732,
    PETRIA6,    3858,     1,  2047,  2026,   223,  8411,  8394,  8412,
    PETRIA6,    3859,     1,  2140,  2083,  2125,  8413,  8414,  8415,
    PETRIA6,    3860,     1,  2100,  2027,   333,  2782,  2721,  8416,
    PETRIA6,    3861,     1,  2027,   351,  1994,  8135,  4550,  8335,
    PETRIA6,    3862,     1,  2028,  1797,   248,  8196,  7905,  8417,
    PETRIA6,    3863,     1,  2028,   248,  1925,  8417,  8183,  8142,
    PETRIA6,    3864,     1,  2086,  2050,  2029,  8418,  4329,  8419,
    PETRIA6,    3865,     1,  2029,   265,  1997,  4328,  8343,  3417,
    PETRIA6,    3866,     1,  2087,  2052,  2030,  8420,  2543,  8421,
    PETRIA6,    3867,     1,  2030,   337,  1999,  2542,  8348,  4515,
    PETRIA6,    3868,     1,  2060,   410,  2025,  8389,  8410,  8422,
    PETRIA6,    3869,     1,  2039,  2031,  2015,  8423,  8424,  8386,
    PETRIA6,    3870,     1,  2115,  2088,  2032,  8425,  8426,  8427,
    PETRIA6,    3871,     1,  2088,  2053,  2032,  2650,  8428,  8426,
    PETRIA6,    3872,     1,  2054,  1958,   209,  8261,  8211,  8277,
    PETRIA6,    3873,     1,  2071,  2033,   227,  4240,  8429,  8430,
    PETRIA6,    3874,     1,  2078,   207,  2037,  8431,  8432,  8433,
    PETRIA6,    3875,     1,  2078,  2061,  2034,  8434,  2418,  8435,
    PETRIA6,    3876,     1,  2077,   227,  2054,  8436,  8437,  8276,
    PETRIA6,    3877,     1,  2035,  1965,  2005,  8438,  8275,  3422,
    PETRIA6,    3878,     1,  2059,   373,  2016,  4605,  8393,  8439,
    PETRIA6,    3879,     1,  2036,  2006,   391,  8440,  8252,  8364,
    PETRIA6,    3880,     1,  2078,   225,  2061,  8441,  8442,  8434,
    PETRIA6,    3881,     1,  2037,   207,  2011,  8432,  8378,  8376,
    PETRIA6,    3882,     1,  2089,   283,  2050,  8443,  8444,  8445,
    PETRIA6,    3883,     1,  2116,  2057,  2038,  8446,  8447,  4377,
    PETRIA6,    3884,     1,  2069,  2045,  2058,  7208,  2612,  8448,
    PETRIA6,    3885,     1,  2039,   411,  2031,  8352,  2672,  8423,
    PETRIA6,    3886,     1,  2091,   355,  2052,  8449,  8450,  8451,
    PETRIA6,    3887,     1,  2105,  2059,  2040,  8452,  8453,  8390,
    PETRIA6,    3888,     1,  2056,  2041,   224,  4187,  8395,  8454,
    PETRIA6,    3889,     1,  2041,   206,  1959,  8455,  2341,  8264,
    PETRIA6,    3890,     1,  2064,   392,  2020,  8357,  8399,  8456,
    PETRIA6,    3891,     1,  2042,   410,  2018,  8457,  8396,  4699,
    PETRIA6,    3892,     1,  2066,  2063,   295,  8458,  4411,  8459,
    PETRIA6,    3893,     1,  2043,   277,  2019,  8460,  8397,  2711,
    PETRIA6,    3894,     1,  2053,  2044,   276,  8461,  8355,  8462,
    PETRIA6,    3895,     1,  2079,  2068,  2044,  2710,  7205,  8463,
    PETRIA6,    3896,     1,  2045,   412,  2000,  7207,  8319,  8464,
    PETRIA6,    3897,     1,  2045,  2000,   411,  8464,  8350,  8351,
    PETRIA6,    3898,     1,  2112,   371,  1930,  8292,  8465,  2726,
    PETRIA6,    3899,     1,  2235,  2023,  2046,  8466,  8373,  8467,
    PETRIA6,    3900,     1,  2084,  2047,   223,  4269,  8412,  8468,
    PETRIA6,    3901,     1,  2130,  2083,   241,  2528,  4272,  8469,
    PETRIA6,    3902,     1,  2085,  1994,   352,  8334,  8470,  8471,
    PETRIA6,    3903,     1,  2161,  2048,   334,  8472,  8473,  8474,
    PETRIA6,    3904,     1,  2072,  1997,   247,  4284,  8340,  8475,
    PETRIA6,    3905,     1,  2163,  2049,   246,  8476,  8477,  8478,
    PETRIA6,    3906,     1,  2050,   283,  1934,  8444,  8145,  8200,
    PETRIA6,    3907,     1,  2086,  2029,   264,  8419,  8342,  8479,
    PETRIA6,    3908,     1,  2074,  1999,   319,  2480,  8345,  8480,
    PETRIA6,    3909,     1,  2164,  2051,   318,  8481,  8482,  8483,
    PETRIA6,    3910,     1,  2052,   355,  1935,  8450,  8202,  8158,
    PETRIA6,    3911,     1,  2087,  2030,   336,  8421,  8347,  8484,
    PETRIA6,    3912,     1,  2079,  2053,   258,  8485,  2649,  8486,
    PETRIA6,    3913,     1,  2053,   276,  2032,  8462,  4359,  8428,
    PETRIA6,    3914,     1,  2077,   209,  1965,  8278,  4191,  8487,
    PETRIA6,    3915,     1,  2054,   227,  2033,  8437,  8429,  8259,
    PETRIA6,    3916,     1,  2156,  2055,   372,  8369,  8488,  8489,
    PETRIA6,    3917,     1,  2055,  2006,  2036,  8368,  8440,  2666,
    PETRIA6,    3918,     1,  2102,  2056,  2011,  4188,  8377,  8490,
    PETRIA6,    3919,     1,  2106,  2056,   224,  2346,  8454,  8491,
    PETRIA6,    3920,     1,  2146,  2057,   300,  8492,  8493,  8494,
    PETRIA6,    3921,     1,  2057,  2014,  2038,  4376,  8384,  8447,
    PETRIA6,    3922,     1,  2058,   429,  2004,  4748,  2675,  8361,
    PETRIA6,    3923,     1,  2069,  2058,   430,  8448,  8362,  8495,
    PETRIA6,    3924,     1,  2059,   372,  2055,  8496,  8488,  4604,
    PETRIA6,    3925,     1,  2059,  2016,  2040,  8439,  2603,  8453,
    PETRIA6,    3926,     1,  2060,  2025,   428,  8422,  8218,  8408,
    PETRIA6,    3927,     1,  2060,  2015,  2031,  8409,  8424,  8387,
    PETRIA6,    3928,     1,  2080,  2061,   225,  8497,  8442,  8498,
    PETRIA6,    3929,     1,  2061,   226,  2005,  8499,  3423,  2416,
    PETRIA6,    3930,     1,  2092,  2062,   228,  4243,  4198,  8500,
    PETRIA6,    3931,     1,  2062,   229,  2010,  4242,  3520,  8358,
    PETRIA6,    3932,     1,  2090,  2063,  2066,  2652,  8458,  8501,
    PETRIA6,    3933,     1,  2063,   277,  2043,  8502,  8460,  4409,
    PETRIA6,    3934,     1,  2064,  2020,  2002,  8456,  2671,  8254,
    PETRIA6,    3935,     1,  2064,   410,  2042,  8256,  8457,  8356,
    PETRIA6,    3936,     1,  2065,  1970,   389,  8192,  7944,  8289,
    PETRIA6,    3937,     1,  2065,  1930,   371,  8290,  8465,  4644,
    PETRIA6,    3938,     1,  2090,  2066,   296,  8501,  8503,  8504,
    PETRIA6,    3939,     1,  2066,   295,  2021,  8459,  8402,  2715,
    PETRIA6,    3940,     1,  2141,  2067,   221,  4267,  8404,  8505,
    PETRIA6,    3941,     1,  2118,  2094,  2067,  8506,  8507,  4266,
    PETRIA6,    3942,     1,  2068,   257,  1555,  2709,  7347,  8508,
    PETRIA6,    3943,     1,  2068,  1555,   275,  8508,  6830,  7204,
    PETRIA6,    3944,     1,  2069,   430,  1556,  8495,  7348,  8509,
    PETRIA6,    3945,     1,  2069,  1556,   412,  8509,  6826,  7206,
    PETRIA6,    3946,     1,  2095,  2070,   313,  2778,  4454,  8510,
    PETRIA6,    3947,     1,  2093,  2070,   314,  8401,  8511,  8512,
    PETRIA6,    3948,     1,  2128,   227,  2103,  8513,  8514,  8515,
    PETRIA6,    3949,     1,  2121,  2096,  2071,  3421,  8516,  8517,
    PETRIA6,    3950,     1,  2149,  2097,  2092,  3472,  8518,  8519,
    PETRIA6,    3951,     1,  2072,   246,  2049,  8520,  8477,  4283,
    PETRIA6,    3952,     1,  2073,   352,  1994,  8338,  8470,  8305,
    PETRIA6,    3953,     1,  2073,  1938,  1972,  2785,  8207,  8295,
    PETRIA6,    3954,     1,  2098,  2074,   319,  4468,  8480,  8242,
    PETRIA6,    3955,     1,  2074,   318,  2051,  8521,  8482,  2478,
    PETRIA6,    3956,     1,  2099,  2075,   226,  8522,  8363,  8523,
    PETRIA6,    3957,     1,  2124,  2075,  2099,  2415,  8522,  8524,
    PETRIA6,    3958,     1,  2112,  2105,  2076,  8525,  2664,  8291,
    PETRIA6,    3959,     1,  2235,  2076,  2120,  8526,  2663,  8527,
    PETRIA6,    3960,     1,  2077,  1965,  2035,  8487,  8438,  8528,
    PETRIA6,    3961,     1,  2077,  2035,   227,  8528,  4237,  8436,
    PETRIA6,    3962,     1,  2078,  2034,   207,  8435,  8171,  8431,
    PETRIA6,    3963,     1,  2078,  2037,   225,  8433,  4184,  8441,
    PETRIA6,    3964,     1,  2079,  2044,  2053,  8463,  8461,  8485,
    PETRIA6,    3965,     1,  2119,  2079,   258,  4310,  8486,  2646,
    PETRIA6,    3966,     1,  2131,  2099,  2080,  8529,  8530,  4231,
    PETRIA6,    3967,     1,  2080,   226,  2061,  8531,  8499,  8497,
    PETRIA6,    3968,     1,  2081,  1616,   221,  7813,  2582,  8532,
    PETRIA6,    3969,     1,  2081,   221,  2022,  8532,  8403,  8379,
    PETRIA6,    3970,     1,  2082,  1900,   210,  8054,  3569,  8533,
    PETRIA6,    3971,     1,  2082,   210,  2003,  8533,  8359,  8310,
    PETRIA6,    3972,     1,  2125,  2083,   242,  8414,  2527,  4274,
    PETRIA6,    3973,     1,  2083,  2026,  2047,  8534,  8411,  4270,
    PETRIA6,    3974,     1,  2084,   223,  2007,  8468,  8370,  8327,
    PETRIA6,    3975,     1,  2094,  2084,   222,  2524,  8328,  8535,
    PETRIA6,    3976,     1,  2109,   352,  2104,  8536,  8537,  4553,
    PETRIA6,    3977,     1,  2085,   334,  2048,  8538,  8473,  8332,
    PETRIA6,    3978,     1,  2108,  2086,   264,  8539,  8479,  8540,
    PETRIA6,    3979,     1,  2089,   282,  2038,  2409,  4378,  8541,
    PETRIA6,    3980,     1,  2110,  2087,   336,  8542,  8484,  2602,
    PETRIA6,    3981,     1,  2091,   354,  2040,  4560,  8391,  8543,
    PETRIA6,    3982,     1,  2115,  2032,   277,  8427,  8398,  4363,
    PETRIA6,    3983,     1,  2129,  2088,   259,  4312,  8544,  2587,
    PETRIA6,    3984,     1,  2089,  2038,   283,  8541,  8385,  8443,
    PETRIA6,    3985,     1,  2089,  2050,  2086,  8445,  8418,  2407,
    PETRIA6,    3986,     1,  2107,  2090,   296,  8545,  8504,  4413,
    PETRIA6,    3987,     1,  2117,  2090,   278,  2653,  8546,  8547,
    PETRIA6,    3988,     1,  2091,  2040,   355,  8543,  2605,  8449,
    PETRIA6,    3989,     1,  2091,  2052,  2087,  8451,  8420,  4558,
    PETRIA6,    3990,     1,  2096,  2092,   228,  8548,  8500,  8549,
    PETRIA6,    3991,     1,  2122,  2092,  2097,  8550,  8518,  8238,
    PETRIA6,    3992,     1,  2132,  2093,   314,  8551,  8512,  4456,
    PETRIA6,    3993,     1,  2093,   296,  2066,  8552,  8503,  2714,
    PETRIA6,    3994,     1,  2094,   222,  2067,  8535,  2583,  8507,
    PETRIA6,    3995,     1,  2114,  2094,   240,  2525,  8553,  8554,
    PETRIA6,    3996,     1,  2095,   313,  1851,  8510,  8175,  8010,
    PETRIA6,    3997,     1,  2111,  2095,  1846,  2779,  7971,  8008,
    PETRIA6,    3998,     1,  2149,   246,  2072,  8555,  8520,  3470,
    PETRIA6,    3999,     1,  2096,   228,  2071,  8549,  4239,  8516,
    PETRIA6,    4000,     1,  2097,  2072,   247,  3471,  8475,  8239,
    PETRIA6,    4001,     1,  2122,   247,  1967,  8240,  8281,  8556,
    PETRIA6,    4002,     1,  2123,   319,  1968,  8243,  8284,  8557,
    PETRIA6,    4003,     1,  2214,  2146,   300,  8558,  8494,  8559,
    PETRIA6,    4004,     1,  2099,   226,  2080,  8523,  8531,  8530,
    PETRIA6,    4005,     1,  2124,   245,  2103,  8560,  8561,  2413,
    PETRIA6,    4006,     1,  2113,  2100,   333,  4506,  8416,  8562,
    PETRIA6,    4007,     1,  2243,  2100,   332,  8136,  4505,  8563,
    PETRIA6,    4008,     1,  2101,   301,  1951,  8383,  4426,  8564,
    PETRIA6,    4009,     1,  2101,  1951,  1913,  8564,  8241,  2404,
    PETRIA6,    4010,     1,  2102,  2011,   206,  8490,  8308,  8565,
    PETRIA6,    4011,     1,  2102,   206,  2041,  8565,  8455,  4186,
    PETRIA6,    4012,     1,  2128,   245,  2121,  8566,  8567,  8568,
    PETRIA6,    4013,     1,  2103,   227,  2075,  8514,  4236,  2414,
    PETRIA6,    4014,     1,  2104,   352,  2023,  8537,  2723,  8405,
    PETRIA6,    4015,     1,  2126,  2104,   353,  4554,  8407,  8569,
    PETRIA6,    4016,     1,  2105,   372,  2059,  8570,  8496,  8452,
    PETRIA6,    4017,     1,  2120,  2105,   354,  2665,  8392,  4556,
    PETRIA6,    4018,     1,  2125,  2106,   224,  8571,  8491,  8572,
    PETRIA6,    4019,     1,  2127,  2106,  2125,  8573,  8571,  8574,
    PETRIA6,    4020,     1,  2160,  2107,  2137,  2593,  4412,  8575,
    PETRIA6,    4021,     1,  2107,   278,  2090,  8576,  8546,  8545,
    PETRIA6,    4022,     1,  2108,   282,  2086,  8577,  2408,  8539,
    PETRIA6,    4023,     1,  2147,  2108,   264,  4323,  8540,  8578,
    PETRIA6,    4024,     1,  2109,   334,  2085,  8579,  8538,  8580,
    PETRIA6,    4025,     1,  2109,  2085,   352,  8580,  8471,  8536,
    PETRIA6,    4026,     1,  2158,  2148,   335,  8581,  8582,  8583,
    PETRIA6,    4027,     1,  2110,   354,  2087,  8584,  4559,  8542,
    PETRIA6,    4028,     1,  2150,   332,  2113,  8585,  4504,  8586,
    PETRIA6,    4029,     1,  2111,   314,  2070,  8587,  8511,  2777,
    PETRIA6,    4030,     1,  2112,  1971,   372,  2728,  8588,  8589,
    PETRIA6,    4031,     1,  2112,   372,  2105,  8589,  8570,  8525,
    PETRIA6,    4032,     1,  2139,  2113,   333,  8590,  8562,  8591,
    PETRIA6,    4033,     1,  2162,  2113,  2139,  8592,  8590,  8593,
    PETRIA6,    4034,     1,  2143,  2134,   240,  8594,  8595,  8596,
    PETRIA6,    4035,     1,  2114,   241,  2047,  8597,  4271,  4268,
    PETRIA6,    4036,     1,  2138,   277,  2117,  4364,  8598,  8599,
    PETRIA6,    4037,     1,  2115,   259,  2088,  8600,  8544,  8425,
    PETRIA6,    4038,     1,  2153,  2133,   282,  8601,  2355,  8602,
    PETRIA6,    4039,     1,  2116,   300,  2057,  8603,  8493,  8446,
    PETRIA6,    4040,     1,  2138,  2117,   278,  8599,  8547,  8604,
    PETRIA6,    4041,     1,  2117,   277,  2063,  8598,  8502,  2651,
    PETRIA6,    4042,     1,  2152,  2135,   239,  8605,  8606,  8607,
    PETRIA6,    4043,     1,  2118,   240,  2094,  8608,  8553,  8506,
    PETRIA6,    4044,     1,  2143,  2135,  2119,  8609,  8610,  2645,
    PETRIA6,    4045,     1,  2152,  2119,  2135,  7200,  8610,  8605,
    PETRIA6,    4046,     1,  2142,   354,  2110,  4557,  8584,  8611,
    PETRIA6,    4047,     1,  2235,  2120,   353,  8527,  8612,  8613,
    PETRIA6,    4048,     1,  2128,  2121,  2071,  8568,  8517,  8614,
    PETRIA6,    4049,     1,  2157,  2121,   245,  8615,  8567,  8616,
    PETRIA6,    4050,     1,  2122,  1967,   229,  8556,  8091,  8617,
    PETRIA6,    4051,     1,  2122,   229,  2092,  8617,  4241,  8550,
    PETRIA6,    4052,     1,  2123,  1968,   301,  8557,  4427,  8618,
    PETRIA6,    4053,     1,  2146,  2123,   301,  2358,  8618,  8619,
    PETRIA6,    4054,     1,  2124,  2099,   244,  8524,  8620,  8621,
    PETRIA6,    4055,     1,  2155,  2124,   244,  8622,  8621,  4279,
    PETRIA6,    4056,     1,  2140,  2125,   224,  8415,  8572,  8623,
    PETRIA6,    4057,     1,  2179,  2170,  2167,  8624,  8625,  8626,
    PETRIA6,    4058,     1,  2158,   353,  2142,  8627,  8628,  8629,
    PETRIA6,    4059,     1,  2180,  2126,   335,  2662,  8630,  8631,
    PETRIA6,    4060,     1,  2145,   243,  2131,  8632,  8633,  4230,
    PETRIA6,    4061,     1,  2127,   225,  2106,  4234,  2344,  8573,
    PETRIA6,    4062,     1,  2128,  2071,   227,  8614,  8430,  8513,
    PETRIA6,    4063,     1,  2128,  2103,   245,  8515,  8561,  8566,
    PETRIA6,    4064,     1,  2144,  2134,  2129,  8634,  8635,  2586,
    PETRIA6,    4065,     1,  2143,  2129,  2134,  8636,  8635,  8594,
    PETRIA6,    4066,     1,  2144,  2130,   241,  8637,  8469,  8638,
    PETRIA6,    4067,     1,  2168,  2130,  2144,  4315,  8637,  8639,
    PETRIA6,    4068,     1,  2136,  2131,   243,  2349,  8633,  8640,
    PETRIA6,    4069,     1,  2131,   244,  2099,  2348,  8620,  8529,
    PETRIA6,    4070,     1,  2165,  2151,   315,  8641,  8642,  8643,
    PETRIA6,    4071,     1,  2132,   296,  2093,  8644,  8552,  8551,
    PETRIA6,    4072,     1,  2178,  2133,  2153,  4421,  8601,  8645,
    PETRIA6,    4073,     1,  2133,   300,  2116,  8646,  8603,  2353,
    PETRIA6,    4074,     1,  2134,   241,  2114,  8647,  8597,  8648,
    PETRIA6,    4075,     1,  2134,  2114,   240,  8648,  8554,  8595,
    PETRIA6,    4076,     1,  2135,   240,  2118,  8649,  8608,  8650,
    PETRIA6,    4077,     1,  2135,  2118,   239,  8650,  8651,  8606,
    PETRIA6,    4078,     1,  2200,  2184,  2179,  8652,  8653,  8654,
    PETRIA6,    4079,     1,  2173,  2159,  2136,  4321,  8655,  8656,
    PETRIA6,    4080,     1,  2137,   296,  2132,  4414,  8644,  2655,
    PETRIA6,    4081,     1,  2160,  2137,   297,  8575,  8657,  8658,
    PETRIA6,    4082,     1,  2172,  2138,   278,  8659,  8604,  8660,
    PETRIA6,    4083,     1,  2171,  2115,  2138,  8661,  4362,  8662,
    PETRIA6,    4084,     1,  2161,  2139,   333,  2658,  8591,  8663,
    PETRIA6,    4085,     1,  2162,   315,  2151,  8664,  8642,  2717,
    PETRIA6,    4086,     1,  2140,   224,  2026,  8623,  2463,  8665,
    PETRIA6,    4087,     1,  2140,  2026,  2083,  8665,  8534,  8413,
    PETRIA6,    4088,     1,  2141,   221,  1429,  8505,  7079,  6973,
    PETRIA6,    4089,     1,  2141,   239,  2118,  6974,  8651,  4265,
    PETRIA6,    4090,     1,  2158,  2142,  2110,  8629,  8611,  8666,
    PETRIA6,    4091,     1,  2142,   353,  2120,  8628,  8612,  4555,
    PETRIA6,    4092,     1,  2143,   240,  2135,  8596,  8649,  8609,
    PETRIA6,    4093,     1,  2143,   258,  2129,  2647,  4311,  8636,
    PETRIA6,    4094,     1,  2144,   241,  2134,  8638,  8647,  8634,
    PETRIA6,    4095,     1,  2168,   260,  2154,  8667,  4317,  4313,
    PETRIA6,    4096,     1,  2145,  2080,   225,  4232,  8498,  4233,
    PETRIA6,    4097,     1,  2145,  2127,   243,  4235,  2467,  8632,
    PETRIA6,    4098,     1,  2146,   301,  2057,  8619,  4374,  8492,
    PETRIA6,    4099,     1,  2214,   300,  2212,  8559,  2476,  8668,
    PETRIA6,    4100,     1,  2163,   246,  2157,  8478,  8669,  4281,
    PETRIA6,    4101,     1,  2166,   281,  2153,  8670,  8671,  4325,
    PETRIA6,    4102,     1,  2164,   336,  2051,  2540,  8346,  8481,
    PETRIA6,    4103,     1,  2158,   335,  2126,  8583,  8630,  8672,
    PETRIA6,    4104,     1,  2149,  2092,  2096,  8519,  8548,  8673,
    PETRIA6,    4105,     1,  2149,  2096,   246,  8673,  3420,  8555,
    PETRIA6,    4106,     1,  2150,   314,  2111,  8674,  8587,  8675,
    PETRIA6,    4107,     1,  2150,  2111,   332,  8675,  8009,  8585,
    PETRIA6,    4108,     1,  2151,   314,  2150,  4457,  8674,  2718,
    PETRIA6,    4109,     1,  2182,  2165,   315,  8676,  8643,  8677,
    PETRIA6,    4110,     1,  2152,   239,  1553,  8607,  7345,  8678,
    PETRIA6,    4111,     1,  2152,  1553,   257,  8678,  6843,  7199,
    PETRIA6,    4112,     1,  2178,  2153,   281,  8645,  8671,  8679,
    PETRIA6,    4113,     1,  2153,   282,  2108,  8602,  8577,  4326,
    PETRIA6,    4114,     1,  2175,  2167,  2154,  8680,  8681,  4316,
    PETRIA6,    4115,     1,  2154,   242,  2130,  8682,  2526,  4314,
    PETRIA6,    4116,     1,  2245,  2191,  2192,  8683,  8684,  2350,
    PETRIA6,    4117,     1,  2155,   245,  2124,  8685,  8560,  8622,
    PETRIA6,    4118,     1,  2156,   372,  1971,  8489,  8588,  8119,
    PETRIA6,    4119,     1,  2156,   390,  2006,  8121,  4650,  8367,
    PETRIA6,    4120,     1,  2157,   246,  2121,  8669,  3419,  8615,
    PETRIA6,    4121,     1,  2169,  2157,   245,  4282,  8616,  8686,
    PETRIA6,    4122,     1,  2158,  2126,   353,  8672,  8569,  8627,
    PETRIA6,    4123,     1,  2158,  2110,  2148,  8666,  2601,  8581,
    PETRIA6,    4124,     1,  2191,  2159,   262,  4278,  4320,  8687,
    PETRIA6,    4125,     1,  2159,   244,  2136,  4280,  2347,  8655,
    PETRIA6,    4126,     1,  2176,  2160,   297,  8688,  8658,  4415,
    PETRIA6,    4127,     1,  2237,   279,  2206,  8689,  8690,  8691,
    PETRIA6,    4128,     1,  2161,   333,  2048,  8663,  2720,  8472,
    PETRIA6,    4129,     1,  2189,  2161,   334,  4508,  8474,  8692,
    PETRIA6,    4130,     1,  2162,  2150,  2113,  2719,  8586,  8592,
    PETRIA6,    4131,     1,  2162,  2139,   315,  8593,  8693,  8664,
    PETRIA6,    4132,     1,  2163,  2147,   264,  2411,  8578,  8694,
    PETRIA6,    4133,     1,  2163,   264,  2049,  8694,  8341,  8476,
    PETRIA6,    4134,     1,  2187,  2164,   318,  8695,  8483,  8696,
    PETRIA6,    4135,     1,  2187,  2177,  2164,  8697,  4513,  8695,
    PETRIA6,    4136,     1,  2165,   297,  2137,  8698,  8657,  2654,
    PETRIA6,    4137,     1,  2165,  2132,  2151,  2656,  4455,  8641,
    PETRIA6,    4138,     1,  2166,  2147,   263,  4324,  8699,  8700,
    PETRIA6,    4139,     1,  2181,  2166,   263,  8701,  8700,  8702,
    PETRIA6,    4140,     1,  2200,  2179,  2167,  8654,  8626,  8703,
    PETRIA6,    4141,     1,  2167,   242,  2154,  8704,  8682,  8681,
    PETRIA6,    4142,     1,  2168,  2144,   259,  8639,  2588,  8705,
    PETRIA6,    4143,     1,  2205,   259,  2171,  8706,  8707,  8708,
    PETRIA6,    4144,     1,  2245,   245,  2155,  8709,  8685,  8710,
    PETRIA6,    4145,     1,  2169,   263,  2147,  8711,  8699,  2410,
    PETRIA6,    4146,     1,  2170,  2127,  2125,  2468,  8574,  4273,
    PETRIA6,    4147,     1,  2170,   242,  2167,  4275,  8704,  8625,
    PETRIA6,    4148,     1,  2171,   259,  2115,  8707,  8600,  8661,
    PETRIA6,    4149,     1,  2172,  2171,  2138,  8712,  8662,  8659,
    PETRIA6,    4150,     1,  2199,  2183,   260,  8713,  8714,  8715,
    PETRIA6,    4151,     1,  2205,   260,  2168,  2591,  8667,  8716,
    PETRIA6,    4152,     1,  2184,  2136,   243,  8717,  8640,  8718,
    PETRIA6,    4153,     1,  2213,   261,  2202,  8719,  8720,  2469,
    PETRIA6,    4154,     1,  2194,  2182,   315,  8721,  8677,  4458,
    PETRIA6,    4155,     1,  2174,   315,  2139,  4459,  8693,  2657,
    PETRIA6,    4156,     1,  2183,  2175,   260,  8722,  4318,  8714,
    PETRIA6,    4157,     1,  2200,  2175,  2183,  8723,  8722,  2529,
    PETRIA6,    4158,     1,  2203,  2196,  2176,  8724,  8725,  2532,
    PETRIA6,    4159,     1,  2176,   279,  2160,  8726,  8727,  8688,
    PETRIA6,    4160,     1,  2188,  2177,   317,  8728,  8729,  2599,
    PETRIA6,    4161,     1,  2177,   335,  2148,  8730,  8582,  4512,
    PETRIA6,    4162,     1,  2186,  2178,   281,  8731,  8679,  2473,
    PETRIA6,    4163,     1,  2185,  2178,   299,  4422,  8732,  8733,
    PETRIA6,    4164,     1,  2184,   261,  2173,  8734,  8735,  8736,
    PETRIA6,    4165,     1,  2179,   243,  2170,  8737,  2466,  8624,
    PETRIA6,    4166,     1,  2188,  2180,   335,  4510,  8631,  8738,
    PETRIA6,    4167,     1,  2180,   334,  2109,  8739,  8579,  2660,
    PETRIA6,    4168,     1,  2201,  2193,  2181,  8740,  8741,  4371,
    PETRIA6,    4169,     1,  2181,   281,  2166,  8742,  8670,  8701,
    PETRIA6,    4170,     1,  2197,  2194,   316,  8743,  8744,  8745,
    PETRIA6,    4171,     1,  2182,   297,  2165,  8746,  8698,  8676,
    PETRIA6,    4172,     1,  2199,   260,  2172,  8715,  2590,  8747,
    PETRIA6,    4173,     1,  2207,  2183,  2206,  8748,  8749,  8750,
    PETRIA6,    4174,     1,  2184,  2173,  2136,  8736,  8656,  8717,
    PETRIA6,    4175,     1,  2184,   243,  2179,  8718,  8737,  8653,
    PETRIA6,    4176,     1,  2215,   299,  2211,  8751,  8752,  8753,
    PETRIA6,    4177,     1,  2185,   300,  2133,  8754,  8646,  4420,
    PETRIA6,    4178,     1,  2209,  2186,  2193,  8755,  2472,  8756,
    PETRIA6,    4179,     1,  2186,   299,  2178,  8757,  8732,  8731,
    PETRIA6,    4180,     1,  2204,  2187,   318,  4466,  8696,  8758,
    PETRIA6,    4181,     1,  2187,   317,  2177,  4465,  8729,  8697,
    PETRIA6,    4182,     1,  2198,  2189,  2195,  8759,  8760,  8761,
    PETRIA6,    4183,     1,  2188,   335,  2177,  8738,  8730,  8728,
    PETRIA6,    4184,     1,  2195,  2189,   334,  8760,  8692,  8762,
    PETRIA6,    4185,     1,  2189,   316,  2174,  8763,  8764,  4507,
    PETRIA6,    4186,     1,  2190,   297,  2182,  4416,  8746,  2596,
    PETRIA6,    4187,     1,  2203,   280,  2196,  8765,  8766,  8724,
    PETRIA6,    4188,     1,  2192,  2191,   262,  8684,  8687,  8767,
    PETRIA6,    4189,     1,  2245,   263,  2169,  2352,  8711,  8768,
    PETRIA6,    4190,     1,  2218,  2213,  2208,  8769,  2471,  8770,
    PETRIA6,    4191,     1,  2192,  2181,   263,  4372,  8702,  2351,
    PETRIA6,    4192,     1,  2209,  2193,   280,  8756,  8771,  8772,
    PETRIA6,    4193,     1,  2193,   281,  2181,  2474,  8742,  8741,
    PETRIA6,    4194,     1,  2194,  2174,   316,  4460,  8764,  8744,
    PETRIA6,    4195,     1,  2217,   316,  2210,  8773,  4461,  8774,
    PETRIA6,    4196,     1,  2195,   334,  2180,  8762,  8739,  4509,
    PETRIA6,    4197,     1,  2198,  2195,  2188,  8761,  4511,  2598,
    PETRIA6,    4198,     1,  2208,  2196,   280,  8775,  8766,  8776,
    PETRIA6,    4199,     1,  2196,   279,  2176,  4369,  8726,  8725,
    PETRIA6,    4200,     1,  2197,   298,  2190,  8777,  8778,  2595,
    PETRIA6,    4201,     1,  2197,  2182,  2194,  2597,  8721,  8743,
    PETRIA6,    4202,     1,  2210,  2198,   317,  4463,  2600,  8779,
    PETRIA6,    4203,     1,  2198,   316,  2189,  4462,  8763,  8759,
    PETRIA6,    4204,     1,  2199,  2172,   278,  8747,  8660,  4366,
    PETRIA6,    4205,     1,  2237,  2206,   278,  8691,  4367,  8780,
    PETRIA6,    4206,     1,  2200,  2167,  2175,  8703,  8680,  8723,
    PETRIA6,    4207,     1,  2200,   261,  2184,  2531,  8734,  8652,
    PETRIA6,    4208,     1,  2201,  2192,   262,  4373,  8767,  8781,
    PETRIA6,    4209,     1,  2201,   280,  2193,  8782,  8771,  8740,
    PETRIA6,    4210,     1,  2208,  2202,  2196,  2470,  4370,  8775,
    PETRIA6,    4211,     1,  2207,  2206,   279,  8750,  8690,  8783,
    PETRIA6,    4212,     1,  2203,  2190,   298,  2534,  8778,  8784,
    PETRIA6,    4213,     1,  2209,  2203,   298,  8785,  8784,  8786,
    PETRIA6,    4214,     1,  2212,  2204,   318,  8787,  8758,  8788,
    PETRIA6,    4215,     1,  2215,  2211,  2204,  8753,  8789,  8790,
    PETRIA6,    4216,     1,  2205,  2168,   259,  8716,  8705,  8706,
    PETRIA6,    4217,     1,  2205,  2171,  2172,  8708,  8712,  2589,
    PETRIA6,    4218,     1,  2207,   279,  2202,  8783,  4368,  8791,
    PETRIA6,    4219,     1,  2206,  2183,  2199,  8749,  8713,  4365,
    PETRIA6,    4220,     1,  2207,  2202,   261,  8791,  8720,  8792,
    PETRIA6,    4221,     1,  2207,   261,  2183,  8792,  2530,  8748,
    PETRIA6,    4222,     1,  2218,   280,  2201,  8793,  8782,  8794,
    PETRIA6,    4223,     1,  2218,  2208,   280,  8770,  8776,  8793,
    PETRIA6,    4224,     1,  2209,   280,  2203,  8772,  8765,  8785,
    PETRIA6,    4225,     1,  2219,   298,  2216,  8795,  8796,  4417,
    PETRIA6,    4226,     1,  2211,  2210,   317,  2536,  8779,  8797,
    PETRIA6,    4227,     1,  2217,  2210,  2216,  8774,  2535,  8798,
    PETRIA6,    4228,     1,  2216,  2211,   299,  2537,  8752,  4418,
    PETRIA6,    4229,     1,  2211,   317,  2204,  8797,  4464,  8789,
    PETRIA6,    4230,     1,  2214,  2212,   318,  8668,  8788,  8799,
    PETRIA6,    4231,     1,  2215,   300,  2185,  2477,  8754,  8800,
    PETRIA6,    4232,     1,  2213,   262,  2173,  8801,  4319,  8802,
    PETRIA6,    4233,     1,  2213,  2173,   261,  8802,  8735,  8719,
    PETRIA6,    4234,     1,  2214,   318,  2074,  8799,  8521,  4467,
    PETRIA6,    4235,     1,  2214,  2098,  2146,  4469,  2356,  8558,
    PETRIA6,    4236,     1,  2215,  2185,   299,  8800,  8733,  8751,
    PETRIA6,    4237,     1,  2215,  2204,  2212,  8790,  8787,  2475,
    PETRIA6,    4238,     1,  2219,   299,  2186,  4419,  8757,  8803,
    PETRIA6,    4239,     1,  2217,  2216,   298,  8798,  8796,  8804,
    PETRIA6,    4240,     1,  2217,   298,  2197,  8804,  8777,  8805,
    PETRIA6,    4241,     1,  2217,  2197,   316,  8805,  8745,  8773,
    PETRIA6,    4242,     1,  2218,  2201,   262,  8794,  8781,  8806,
    PETRIA6,    4243,     1,  2218,   262,  2213,  8806,  8801,  8769,
    PETRIA6,    4244,     1,  2219,  2186,  2209,  8803,  8755,  8807,
    PETRIA6,    4245,     1,  2219,  2209,   298,  8807,  8786,  8795,
    PETRIA6,    4246,     1,  2220,  1014,   288,  6119,  5948,  8808,
    PETRIA6,    4247,     1,  2220,   288,  1402,  8808,  7029,  4389,
    PETRIA6,    4248,     1,  2221,   146,   643,  6421,  5264,  2571,
    PETRIA6,    4249,     1,  2221,   721,   164,  2573,  5274,  5281,
    PETRIA6,    4250,     1,  2222,   502,   650,  6405,  5581,  5288,
    PETRIA6,    4251,     1,  2222,   759,   493,  5289,  5579,  2816,
    PETRIA6,    4252,     1,  2223,   170,  1649,  8177,  4096,  7559,
    PETRIA6,    4253,     1,  2223,  1738,   188,  7561,  8109,  7771,
    PETRIA6,    4254,     1,  2224,   121,   929,  3973,  5943,  8809,
    PETRIA6,    4255,     1,  2224,   929,   889,  8809,  5945,  5855,
    PETRIA6,    4256,     1,  2225,  1793,  1615,  7894,  7810,  7468,
    PETRIA6,    4257,     1,  2225,   457,  1864,  7469,  8049,  7892,
    PETRIA6,    4258,     1,  2226,   160,  1540,  4076,  7317,  3782,
    PETRIA6,    4259,     1,  2226,  1573,  1587,  3784,  7379,  4074,
    PETRIA6,    4260,     1,  2227,   305,  1247,  7161,  6659,  3552,
    PETRIA6,    4261,     1,  2227,  1336,  1486,  3554,  6896,  7197,
    PETRIA6,    4262,     1,  2253,   503,   652,  2880,  5584,  8810,
    PETRIA6,    4263,     1,  2253,   502,  2228,  8811,  5296,  2878,
    PETRIA6,    4264,     1,  2252,   128,   641,  2510,  5256,  8812,
    PETRIA6,    4265,     1,  2252,   146,  2229,  8813,  5275,  2508,
    PETRIA6,    4266,     1,  2230,   498,  1538,  7400,  7313,  3052,
    PETRIA6,    4267,     1,  2230,  1571,  1588,  3054,  7377,  7399,
    PETRIA6,    4268,     1,  2231,   150,  1539,  7404,  7315,  2428,
    PETRIA6,    4269,     1,  2231,  1572,  1589,  2430,  7378,  7403,
    PETRIA6,    4270,     1,  2232,   510,  1008,  6761,  6107,  6224,
    PETRIA6,    4271,     1,  2232,  1050,  1284,  6225,  3274,  6740,
    PETRIA6,    4272,     1,  2233,   444,  1554,  8360,  7346,  8814,
    PETRIA6,    4273,     1,  2233,  1554,   430,  8814,  6839,  7201,
    PETRIA6,    4274,     1,  2234,   214,  1598,  7742,  8815,  8816,
    PETRIA6,    4275,     1,  2234,  1598,   196,  8816,  7131,  7308,
    PETRIA6,    4276,     1,  2235,   353,  2023,  8613,  8406,  8466,
    PETRIA6,    4277,     1,  2235,  2046,  2076,  8467,  4601,  8526,
    PETRIA6,    4278,     1,  2238,   127,  1174,  6366,  6503,  8817,
    PETRIA6,    4279,     1,  2236,   145,   690,  6651,  5448,  3881,
    PETRIA6,    4280,     1,  2237,   278,  2107,  8780,  8576,  2592,
    PETRIA6,    4281,     1,  2237,  2160,   279,  2594,  8727,  8689,
    PETRIA6,    4282,     1,  2238,  1174,  1244,  8817,  3989,  8818,
    PETRIA6,    4283,     1,  2238,  1244,   145,  8818,  4036,  6650,
    PETRIA6,    4284,     1,  2239,   122,   920,  3976,  5924,  8819,
    PETRIA6,    4285,     1,  2239,   920,   875,  8819,  5926,  5818,
    PETRIA6,    4286,     1,  2240,   215,  1394,  8820,  7008,  8821,
    PETRIA6,    4287,     1,  2240,  1394,  1430,  8821,  6984,  7081,
    PETRIA6,    4288,     1,  2241,  1009,   928,  6109,  3354,  5940,
    PETRIA6,    4289,     1,  2241,   514,  1112,  5942,  6382,  6223,
    PETRIA6,    4290,     1,  2242,   457,  1427,  8822,  7075,  8823,
    PETRIA6,    4291,     1,  2242,  1427,   444,  8823,  6849,  6969,
    PETRIA6,    4292,     1,  2243,   332,  1845,  8563,  8006,  8824,
    PETRIA6,    4293,     1,  2243,  1845,   350,  8824,  8027,  8004,
    PETRIA6,    4294,     1,  2244,  1787,   173,  8037,  7762,  7876,
    PETRIA6,    4295,     1,  2244,  1770,  1859,  7877,  3526,  7842,
    PETRIA6,    4296,     1,  2245,  2169,   245,  8768,  8686,  8709,
    PETRIA6,    4297,     1,  2245,  2155,  2191,  8710,  4276,  8683,
    PETRIA6,    4298,     1,  2246,   390,  1882,  8253,  8087,  8825,
    PETRIA6,    4299,     1,  2246,  1882,  1911,  8825,  4693,  8154,
    PETRIA6,    4300,     1,  2247,   162,  1431,  6836,  7084,  8826,
    PETRIA6,    4301,     1,  2247,  1431,  1414,  8826,  7083,  7045,
    PETRIA6,    4302,     1,  2248,  1712,   176,  7921,  7629,  7701,
    PETRIA6,    4303,     1,  2248,  1697,  1805,  7702,  3650,  7666,
    PETRIA6,    4304,     1,  2249,  1471,  1528,  7071,  7163,  7284,
    PETRIA6,    4305,     1,  2249,   340,  1502,  7286,  6766,  7164,
    PETRIA6,    4306,     1,  2250,   460,   642,  5782,  5574,  8827,
    PETRIA6,    4307,     1,  2250,   642,   755,  8827,  5153,  2565,
    PETRIA6,    4308,     1,  2251,   218,   651,  5785,  5028,  8828,
    PETRIA6,    4309,     1,  2251,   651,   717,  8828,  5528,  2822,
    PETRIA6,    4310,     1,  2252,   641,   722,  8812,  5535,  8829,
    PETRIA6,    4311,     1,  2252,   722,   146,  8829,  5265,  8813,
    PETRIA6,    4312,     1,  2253,   652,   760,  8810,  2875,  8830,
    PETRIA6,    4313,     1,  2253,   760,   502,  8830,  5582,  8811,
    PETRIA6,    4314,     1,  2254,  1909,  1864,  8148,  8080,  8048,
    PETRIA6,    4315,     1,  2254,   457,  2242,  8050,  8822,  8246,
    PETRIA6,    4316,     1,  2255,   176,  1568,  4115,  7476,  3689,
    PETRIA6,    4317,     1,  2255,  1608,  1667,  3691,  7386,  7608,
    PETRIA6,    4318,     1,  2256,   215,  2240,  7923,  8820,  7132,
    PETRIA6,    4319,     1,  2256,  1598,   214,  3718,  8815,  7440,
END

LOADCASE
CASE
  EPRESS,1046,    1, -10000.000,
  EPRESS,   3,    2, -10000.000,
  EPRESS,   4,    2, -10000.000,
  EPRESS,   5,    2, -10000.000,
  EPRESS,   6,    2, -10000.000,
  EPRESS,   7,    2, -10000.000,
  EPRESS,   8,    2, -10000.000,
  EPRESS,   9,    2, -10000.000,
  EPRESS,  21,    2, -10000.000,
  EPRESS, 552,    2, -10000.000,
  EPRESS, 553,    2, -10000.000,
  EPRESS, 554,    2, -10000.000,
  EPRESS, 555,    2, -10000.000,
  EPRESS, 556,    2, -10000.000,
  EPRESS, 557,    2, -10000.000,
  EPRESS, 558,    2, -10000.000,
  EPRESS, 559,    2, -10000.000,
  EPRESS, 560,    2, -10000.000,
  EPRESS, 561,    2, -10000.000,
  EPRESS, 562,    2, -10000.000,
  EPRESS,1016,    2, -10000.000,
  EPRESS,1048,    2, -10000.000,
  EPRESS,1049,    2, -10000.000,
  EPRESS,1050,    2, -10000.000,
  EPRESS,1051,    2, -10000.000,
  EPRESS,1052,    2, -10000.000,
  EPRESS,1053,    2, -10000.000,
  EPRESS,1069,    2, -10000.000,
  EPRESS,1196,    2, -10000.000,
  EPRESS,1198,    2, -10000.000,
  EPRESS,1200,    2, -10000.000,
  EPRESS,1202,    2, -10000.000,
  EPRESS,1204,    2, -10000.000,
  EPRESS,1206,    2, -10000.000,
  EPRESS,1208,    2, -10000.000,
  EPRESS,1210,    2, -10000.000,
  EPRESS,1334,    2, -10000.000,
  EPRESS,1365,    2, -10000.000,
  EPRESS,1367,    2, -10000.000,
  EPRESS,1369,    2, -10000.000,
END

CASE
  DISP,    21,    2,     1.1000,
  DISP,    72,    2,     1.1000,
  DISP,    73,    2,     1.1000,
  DISP,    74,    2,     1.1000,
  DISP,    75,    2,     1.1000,
  DISP,    76,    2,     1.1000,
  DISP,    77,    2,     1.1000,
  DISP,    78,    2,     1.1000,
  DISP,    79,    2,     1.1000,
  DISP,    80,    2,     1.1000,
  DISP,    81,    2,     1.1000,
  DISP,    82,    2,     1.1000,
  DISP,    83,    2,     1.1000,
  DISP,    84,    2,     1.1000,
  DISP,    85,    2,     1.1000,
  DISP,    86,    2,     1.1000,
  DISP,    87,    2,     1.1000,
  DISP,    88,    2,     1.1000,
  DISP,    89,    2,     1.1000,
  DISP,    90,    2,     1.1000,
  DISP,    91,    2,     1.1000,
  DISP,   610,    2,     1.1000,
  DISP,   611,    2,     1.1000,
  DISP,   612,    2,     1.1000,
  DISP,   613,    2,     1.1000,
  DISP,   614,    2,     1.1000,
  DISP,   615,    2,     1.1000,
  DISP,   616,    2,     1.1000,
  DISP,   617,    2,     1.1000,
  DISP,   618,    2,     1.1000,
  DISP,   619,    2,     1.1000,
  DISP,   620,    2,     1.1000,
  DISP,   621,    2,     1.1000,
  DISP,   622,    2,     1.1000,
  DISP,   623,    2,     1.1000,
  DISP,   624,    2,     1.1000,
  DISP,   625,    2,     1.1000,
  DISP,   626,    2,     1.1000,
  DISP,   627,    2,     1.1000,
  DISP,   628,    2,     1.1000,
  DISP,   629,    2,     1.1000,
  DISP,  2264,    2,     1.1000,
  DISP,  2267,    2,     1.1000,
  DISP,  2270,    2,     1.1000,
  DISP,  2273,    2,     1.1000,
  DISP,  2276,    2,     1.1000,
  DISP,  2279,    2,     1.1000,
  DISP,  2282,    2,     1.1000,
  DISP,  2318,    2,     1.1000,
  DISP,  3894,    2,     1.1000,
  DISP,  3897,    2,     1.1000,
  DISP,  3900,    2,     1.1000,
  DISP,  3903,    2,     1.1000,
  DISP,  3906,    2,     1.1000,
  DISP,  3909,    2,     1.1000,
  DISP,  3912,    2,     1.1000,
  DISP,  3915,    2,     1.1000,
  DISP,  3918,    2,     1.1000,
  DISP,  3921,    2,     1.1000,
  DISP,  3924,    2,     1.1000,
  DISP,  5108,    2,     1.1000,
  DISP,  5175,    2,     1.1000,
  DISP,  5181,    2,     1.1000,
  DISP,  5184,    2,     1.1000,
  DISP,  5186,    2,     1.1000,
  DISP,  5188,    2,     1.1000,
  DISP,  5190,    2,     1.1000,
  DISP,  5192,    2,     1.1000,
  DISP,  5227,    2,     1.1000,
  DISP,  5470,    2,     1.1000,
  DISP,  5474,    2,     1.1000,
  DISP,  5479,    2,     1.1000,
  DISP,  5484,    2,     1.1000,
  DISP,  5489,    2,     1.1000,
  DISP,  5494,    2,     1.1000,
  DISP,  5499,    2,     1.1000,
  DISP,  5503,    2,     1.1000,
  DISP,  5591,    2,     1.1000,
  DISP,  5598,    2,     1.1000,
  DISP,  5600,    2,     1.1000,
  DISP,  5603,    2,     1.1000,
END
END
