// PERFORMANCE TEST FOR FINE MESH: PLATE WITH A HOLE MODEL

NODE
  NODE,    1,    1,    0,    0.000000,  20.000000,
  NODE,    2,    1,    0,    0.000000,  60.000000,
  NODE,    3,    0,    0,   19.615706,   3.901806,
  NODE,    4,    0,    0,   17.638426,   9.427935,
  NODE,    5,    0,    0,   15.460209,  12.687865,
  NODE,    6,    0,    0,   12.687865,  15.460209,
  NODE,    7,    0,    0,    9.427935,  17.638426,
  NODE,    8,    0,    0,    3.901806,  19.615706,
  NODE,    9,    0,    1,   20.000000,   0.000000,
  NODE,   10,    0,    1,   40.000000,   0.000000,
  NODE,   11,    0,    0,   40.000000,  60.000000,
  NODE,   12,    1,    0,    0.000000,  22.000000,
  NODE,   13,    1,    0,    0.000000,  24.000000,
  NODE,   14,    1,    0,    0.000000,  26.000000,
  NODE,   15,    1,    0,    0.000000,  28.000000,
  NODE,   16,    1,    0,    0.000000,  30.000000,
  NODE,   17,    1,    0,    0.000000,  32.000000,
  NODE,   18,    1,    0,    0.000000,  34.000000,
  NODE,   19,    1,    0,    0.000000,  36.000000,
  NODE,   20,    1,    0,    0.000000,  38.000000,
  NODE,   21,    1,    0,    0.000000,  40.000000,
  NODE,   22,    1,    0,    0.000000,  42.000000,
  NODE,   23,    1,    0,    0.000000,  44.000000,
  NODE,   24,    1,    0,    0.000000,  46.000000,
  NODE,   25,    1,    0,    0.000000,  48.000000,
  NODE,   26,    1,    0,    0.000000,  50.000000,
  NODE,   27,    1,    0,    0.000000,  52.000000,
  NODE,   28,    1,    0,    0.000000,  54.000000,
  NODE,   29,    1,    0,    0.000000,  56.000000,
  NODE,   30,    1,    0,    0.000000,  58.000000,
  NODE,   31,    0,    0,   19.903694,   1.960343,
  NODE,   32,    0,    0,   19.138807,   5.805694,
  NODE,   33,    0,    0,   18.477591,   7.653669,
  NODE,   34,    0,    0,   16.629393,  11.111404,
  NODE,   35,    0,    0,   14.142136,  14.142136,
  NODE,   36,    0,    0,   11.111404,  16.629393,
  NODE,   37,    0,    0,    7.653669,  18.477591,
  NODE,   38,    0,    0,    5.805694,  19.138807,
  NODE,   39,    0,    0,    1.960343,  19.903694,
  NODE,   40,    0,    1,   38.000000,   0.000000,
  NODE,   41,    0,    1,   36.000000,   0.000000,
  NODE,   42,    0,    1,   34.000000,   0.000000,
  NODE,   43,    0,    1,   32.000000,   0.000000,
  NODE,   44,    0,    1,   30.000000,   0.000000,
  NODE,   45,    0,    1,   28.000000,   0.000000,
  NODE,   46,    0,    1,   26.000000,   0.000000,
  NODE,   47,    0,    1,   24.000000,   0.000000,
  NODE,   48,    0,    1,   22.000000,   0.000000,
  NODE,   49,    0,    0,   40.000000,  58.000000,
  NODE,   50,    0,    0,   40.000000,  56.000000,
  NODE,   51,    0,    0,   40.000000,  54.000000,
  NODE,   52,    0,    0,   40.000000,  52.000000,
  NODE,   53,    0,    0,   40.000000,  50.000000,
  NODE,   54,    0,    0,   40.000000,  48.000000,
  NODE,   55,    0,    0,   40.000000,  46.000000,
  NODE,   56,    0,    0,   40.000000,  44.000000,
  NODE,   57,    0,    0,   40.000000,  42.000000,
  NODE,   58,    0,    0,   40.000000,  40.000000,
  NODE,   59,    0,    0,   40.000000,  38.000000,
  NODE,   60,    0,    0,   40.000000,  36.000000,
  NODE,   61,    0,    0,   40.000000,  34.000000,
  NODE,   62,    0,    0,   40.000000,  32.000000,
  NODE,   63,    0,    0,   40.000000,  30.000000,
  NODE,   64,    0,    0,   40.000000,  28.000000,
  NODE,   65,    0,    0,   40.000000,  26.000000,
  NODE,   66,    0,    0,   40.000000,  24.000000,
  NODE,   67,    0,    0,   40.000000,  22.000000,
  NODE,   68,    0,    0,   40.000000,  20.000000,
  NODE,   69,    0,    0,   40.000000,  18.000000,
  NODE,   70,    0,    0,   40.000000,  16.000000,
  NODE,   71,    0,    0,   40.000000,  14.000000,
  NODE,   72,    0,    0,   40.000000,  12.000000,
  NODE,   73,    0,    0,   40.000000,  10.000000,
  NODE,   74,    0,    0,   40.000000,   8.000000,
  NODE,   75,    0,    0,   40.000000,   6.000000,
  NODE,   76,    0,    0,   40.000000,   4.000000,
  NODE,   77,    0,    0,   40.000000,   2.000000,
  NODE,   78,    0,    0,    2.000000,  60.000000,
  NODE,   79,    0,    0,    4.000000,  60.000000,
  NODE,   80,    0,    0,    6.000000,  60.000000,
  NODE,   81,    0,    0,    8.000000,  60.000000,
  NODE,   82,    0,    0,   10.000000,  60.000000,
  NODE,   83,    0,    0,   12.000000,  60.000000,
  NODE,   84,    0,    0,   14.000000,  60.000000,
  NODE,   85,    0,    0,   16.000000,  60.000000,
  NODE,   86,    0,    0,   18.000000,  60.000000,
  NODE,   87,    0,    0,   20.000000,  60.000000,
  NODE,   88,    0,    0,   22.000000,  60.000000,
  NODE,   89,    0,    0,   24.000000,  60.000000,
  NODE,   90,    0,    0,   26.000000,  60.000000,
  NODE,   91,    0,    0,   28.000000,  60.000000,
  NODE,   92,    0,    0,   30.000000,  60.000000,
  NODE,   93,    0,    0,   32.000000,  60.000000,
  NODE,   94,    0,    0,   34.000000,  60.000000,
  NODE,   95,    0,    0,   36.000000,  60.000000,
  NODE,   96,    0,    0,   38.000000,  60.000000,
  NODE,   97,    0,    0,   11.089068,  18.503918,
  NODE,   98,    0,    0,   14.487552,  15.984400,
  NODE,   99,    0,    0,   17.325337,  12.848672,
  NODE,  100,    0,    0,   18.497150,  11.087180,
  NODE,  101,    0,    0,    1.803960,  57.280037,
  NODE,  102,    0,    0,    1.730233,  29.000204,
  NODE,  103,    0,    0,    1.730960,  31.000065,
  NODE,  104,    0,    0,    1.731496,  32.999950,
  NODE,  105,    0,    0,    1.731811,  34.999966,
  NODE,  106,    0,    0,    1.731949,  36.999985,
  NODE,  107,    0,    0,    1.732008,  38.999992,
  NODE,  108,    0,    0,    1.732032,  40.999996,
  NODE,  109,    0,    0,    1.732042,  43.000000,
  NODE,  110,    0,    0,    1.732046,  45.000000,
  NODE,  111,    0,    0,    1.732048,  47.000000,
  NODE,  112,    0,    0,    1.732049,  49.000000,
  NODE,  113,    0,    0,    1.732049,  51.000000,
  NODE,  114,    0,    0,    1.741923,  53.006519,
  NODE,  115,    0,    0,    1.806023,  55.101887,
  NODE,  116,    0,    0,   20.295389,   7.347780,
  NODE,  117,    0,    0,   19.488224,   9.244478,
  NODE,  118,    0,    0,   15.974464,  14.477713,
  NODE,  119,    0,    0,   12.844106,  17.318810,
  NODE,  120,    0,    0,    9.204253,  19.524691,
  NODE,  121,    0,    0,    7.240889,  20.407526,
  NODE,  122,    0,    0,    3.479436,  21.239351,
  NODE,  123,    0,    0,   31.008308,   1.765436,
  NODE,  124,    0,    0,   29.000746,   1.736573,
  NODE,  125,    0,    0,   26.984785,   1.746946,
  NODE,  126,    0,    0,   24.916019,   1.749780,
  NODE,  127,    0,    0,   22.714762,   1.794842,
  NODE,  128,    0,    0,   38.211773,  54.997288,
  NODE,  129,    0,    0,   38.240273,  53.006115,
  NODE,  130,    0,    0,   38.262959,  51.001091,
  NODE,  131,    0,    0,   38.267048,  49.000195,
  NODE,  132,    0,    0,   38.267780,  47.000038,
  NODE,  133,    0,    0,   38.267921,  45.000008,
  NODE,  134,    0,    0,   38.267960,  43.000000,
  NODE,  135,    0,    0,   38.268017,  40.999985,
  NODE,  136,    0,    0,   38.268173,  38.999958,
  NODE,  137,    0,    0,   38.268414,  36.999931,
  NODE,  138,    0,    0,   38.268658,  34.999943,
  NODE,  139,    0,    0,   38.268902,  32.999966,
  NODE,  140,    0,    0,   38.269093,  30.999977,
  NODE,  141,    0,    0,   38.269245,  28.999985,
  NODE,  142,    0,    0,   38.269333,  26.999989,
  NODE,  143,    0,    0,   38.269394,  24.999991,
  NODE,  144,    0,    0,   38.269444,  22.999991,
  NODE,  145,    0,    0,   38.269470,  20.999991,
  NODE,  146,    0,    0,   38.269585,  18.999991,
  NODE,  147,    0,    0,   38.269634,  16.999994,
  NODE,  148,    0,    0,   38.269547,  15.000009,
  NODE,  149,    0,    0,   38.269379,  13.000043,
  NODE,  150,    0,    0,   38.269112,  11.000074,
  NODE,  151,    0,    0,   38.267731,   9.000104,
  NODE,  152,    0,    0,   38.250889,   6.989048,
  NODE,  153,    0,    0,   38.197315,   4.905357,
  NODE,  154,    0,    0,   38.192291,   2.719127,
  NODE,  155,    0,    0,   23.000000,  58.267952,
  NODE,  156,    0,    0,   25.000000,  58.267952,
  NODE,  157,    0,    0,   27.000000,  58.267952,
  NODE,  158,    0,    0,   29.000000,  58.267952,
  NODE,  159,    0,    0,   31.000000,  58.267952,
  NODE,  160,    0,    0,   33.006481,  58.252956,
  NODE,  161,    0,    0,   35.086929,  58.197498,
  NODE,  162,    0,    0,   37.278191,  58.190125,
  NODE,  163,    0,    0,   20.975487,   5.474889,
  NODE,  164,    0,    0,    5.228329,  20.987728,
  NODE,  165,    0,    0,   21.667938,   3.633211,
  NODE,  166,    0,    0,    1.716722,  27.015333,
  NODE,  167,    0,    0,   33.015247,   1.817937,
  NODE,  168,    0,    0,   21.000000,  58.267952,
  NODE,  169,    0,    0,   36.539200,  29.999876,
  NODE,  170,    0,    0,   36.540199,  21.999943,
  NODE,  171,    0,    0,   36.540112,  14.000174,
  NODE,  172,    0,    0,    1.760315,  25.025864,
  NODE,  173,    0,    0,    3.464710,  49.998982,
  NODE,  174,    0,    0,    3.321688,  58.369949,
  NODE,  175,    0,    0,   25.954378,   3.459976,
  NODE,  176,    0,    0,   36.483742,   5.988359,
  NODE,  177,    0,    0,   34.998276,   1.818527,
  NODE,  178,    0,    0,   28.000458,  56.533653,
  NODE,  179,    0,    0,   36.533711,  50.001507,
  NODE,  180,    0,    0,   36.535194,  48.000496,
  NODE,  181,    0,    0,   36.535729,  46.000122,
  NODE,  182,    0,    0,   36.535885,  44.000019,
  NODE,  183,    0,    0,   36.536015,  41.999950,
  NODE,  184,    0,    0,   36.536301,  39.999828,
  NODE,  185,    0,    0,   36.538014,  33.999748,
  NODE,  186,    0,    0,   36.539856,  25.999947,
  NODE,  187,    0,    0,   36.540531,  19.999941,
  NODE,  188,    0,    0,   36.540558,  16.000046,
  NODE,  189,    0,    0,    3.464301,  47.999661,
  NODE,  190,    0,    0,    3.464145,  45.999912,
  NODE,  191,    0,    0,    3.464100,  43.999977,
  NODE,  192,    0,    0,   19.000000,  58.267952,
  NODE,  193,    0,    0,   24.000013,  56.535839,
  NODE,  194,    0,    0,   36.536789,  37.999714,
  NODE,  195,    0,    0,   30.002825,  56.522049,
  NODE,  196,    0,    0,   17.000000,  58.267952,
  NODE,  197,    0,    0,    6.999242,  58.223099,
  NODE,  198,    0,    0,    3.474931,  51.993973,
  NODE,  199,    0,    0,    3.520587,  54.024609,
  NODE,  200,    0,    0,   36.539558,  12.000496,
  NODE,  201,    0,    0,    2.110270,  22.757937,
  NODE,  202,    0,    0,   29.997997,   3.520832,
  NODE,  203,    0,    0,   27.992142,   3.474919,
  NODE,  204,    0,    0,   38.354786,  56.680386,
  NODE,  205,    0,    0,    3.464076,  41.999989,
  NODE,  206,    0,    0,    3.464038,  39.999977,
  NODE,  207,    0,    0,    3.463948,  37.999950,
  NODE,  208,    0,    0,    3.463733,  35.999882,
  NODE,  209,    0,    0,    3.463134,  33.999699,
  NODE,  210,    0,    0,    3.462008,  31.999775,
  NODE,  211,    0,    0,    3.460019,  29.999737,
  NODE,  212,    0,    0,   36.537422,  35.999661,
  NODE,  213,    0,    0,   36.538738,  31.999777,
  NODE,  214,    0,    0,   36.539795,  27.999908,
  NODE,  215,    0,    0,   36.540257,  23.999939,
  NODE,  216,    0,    0,   36.540794,  17.999968,
  NODE,  217,    0,    0,   36.536720,  10.001477,
  NODE,  218,    0,    0,   36.521381,   8.002732,
  NODE,  219,    0,    0,   36.682682,   1.647826,
  NODE,  220,    0,    0,   26.000155,  56.535141,
  NODE,  221,    0,    0,   36.507298,  52.015240,
  NODE,  222,    0,    0,   36.488545,  54.017960,
  NODE,  223,    0,    0,   32.013310,  56.445252,
  NODE,  224,    0,    0,   34.064182,  56.389202,
  NODE,  225,    0,    0,   20.457541,  10.947548,
  NODE,  226,    0,    0,   14.717044,  17.932468,
  NODE,  227,    0,    0,    8.980473,  21.543058,
  NODE,  228,    0,    0,   16.394608,  16.391905,
  NODE,  229,    0,    0,   17.918016,  14.701811,
  NODE,  230,    0,    0,   21.384417,   8.973328,
  NODE,  231,    0,    0,   12.880161,  19.281027,
  NODE,  232,    0,    0,   10.969931,  20.462082,
  NODE,  233,    0,    0,   19.270330,  12.867624,
  NODE,  234,    0,    0,    3.790952,  56.310612,
  NODE,  235,    0,    0,   36.341999,  56.187061,
  NODE,  236,    0,    0,   36.212437,   3.723652,
  NODE,  237,    0,    0,   23.864584,   3.494680,
  NODE,  238,    0,    0,   22.962950,   5.257734,
  NODE,  239,    0,    0,    4.353555,  22.792069,
  NODE,  240,    0,    0,   32.010483,   3.637017,
  NODE,  241,    0,    0,    3.446570,  28.002157,
  NODE,  242,    0,    0,   22.000004,  56.535881,
  NODE,  243,    0,    0,    5.015580,  58.219074,
  NODE,  244,    0,    0,   15.000000,  58.267952,
  NODE,  245,    0,    0,   11.001290,  58.261635,
  NODE,  246,    0,    0,    9.001884,  58.233769,
  NODE,  247,    0,    0,   33.099140,  54.367027,
  NODE,  248,    0,    0,   18.000000,  56.535900,
  NODE,  249,    0,    0,   13.000216,  58.266899,
  NODE,  250,    0,    0,   30.985403,  54.694996,
  NODE,  251,    0,    0,   29.009800,  54.768700,
  NODE,  252,    0,    0,   27.003773,  54.794666,
  NODE,  253,    0,    0,   34.830475,  53.054581,
  NODE,  254,    0,    0,   25.001011,  54.801640,
  NODE,  255,    0,    0,    5.204130,  53.023979,
  NODE,  256,    0,    0,    5.202814,  51.010166,
  NODE,  257,    0,    0,   34.823711,  51.028595,
  NODE,  258,    0,    0,    5.198083,  49.002491,
  NODE,  259,    0,    0,    5.196642,  47.000481,
  NODE,  260,    0,    0,   34.809929,  49.008122,
  NODE,  261,    0,    0,    5.196254,  45.000073,
  NODE,  262,    0,    0,   34.805237,  47.001995,
  NODE,  263,    0,    0,    5.196143,  42.999992,
  NODE,  264,    0,    0,   34.804157,  45.000435,
  NODE,  265,    0,    0,    5.196075,  40.999958,
  NODE,  266,    0,    0,   34.804050,  42.999985,
  NODE,  267,    0,    0,    5.195953,  38.999893,
  NODE,  268,    0,    0,   34.804363,  40.999664,
  NODE,  269,    0,    0,   34.812985,  15.000340,
  NODE,  270,    0,    0,   34.813431,  17.000019,
  NODE,  271,    0,    0,   34.812084,  24.999790,
  NODE,  272,    0,    0,   34.812698,  22.999794,
  NODE,  273,    0,    0,   34.813370,  18.999855,
  NODE,  274,    0,    0,   34.811646,  26.999680,
  NODE,  275,    0,    0,    5.195677,  36.999741,
  NODE,  276,    0,    0,   34.813274,  20.999798,
  NODE,  277,    0,    0,   34.810764,  28.999512,
  NODE,  278,    0,    0,   34.809570,  30.999338,
  NODE,  279,    0,    0,   34.808285,  32.999199,
  NODE,  280,    0,    0,    5.194839,  34.999283,
  NODE,  281,    0,    0,   34.819225,   6.995608,
  NODE,  282,    0,    0,   34.807041,  34.999119,
  NODE,  283,    0,    0,   34.805016,  38.999352,
  NODE,  284,    0,    0,   34.812122,  13.001022,
  NODE,  285,    0,    0,   34.816551,   8.995001,
  NODE,  286,    0,    0,    5.193170,  32.999020,
  NODE,  287,    0,    0,   34.805954,  36.999138,
  NODE,  288,    0,    0,   34.813015,  10.999736,
  NODE,  289,    0,    0,    5.190063,  30.998461,
  NODE,  290,    0,    0,   20.000002,  56.535896,
  NODE,  291,    0,    0,   28.995192,   5.237120,
  NODE,  292,    0,    0,   26.988497,   5.156509,
  NODE,  293,    0,    0,   34.036514,   3.667252,
  NODE,  294,    0,    0,    3.450659,  26.014694,
  NODE,  295,    0,    0,   22.173296,   7.078982,
  NODE,  296,    0,    0,   34.964867,  54.803165,
  NODE,  297,    0,    0,    5.098080,  54.822819,
  NODE,  298,    0,    0,   34.923958,   5.215739,
  NODE,  299,    0,    0,   24.977875,   5.154726,
  NODE,  300,    0,    0,    6.998816,  54.401817,
  NODE,  301,    0,    0,   33.074669,   5.683168,
  NODE,  302,    0,    0,   26.052847,   6.853177,
  NODE,  303,    0,    0,    6.766079,  22.669346,
  NODE,  304,    0,    0,   30.954435,   5.343190,
  NODE,  305,    0,    0,    5.189512,  29.005402,
  NODE,  306,    0,    0,   33.087105,  14.001350,
  NODE,  307,    0,    0,   33.087151,  12.001237,
  NODE,  308,    0,    0,   33.075661,  35.998219,
  NODE,  309,    0,    0,   33.077526,  33.998119,
  NODE,  310,    0,    0,   33.079659,  31.998180,
  NODE,  311,    0,    0,   33.081860,  29.998409,
  NODE,  312,    0,    0,   33.088024,  17.999796,
  NODE,  313,    0,    0,   33.087811,  19.999586,
  NODE,  314,    0,    0,   33.083813,  27.998774,
  NODE,  315,    0,    0,   33.085251,  25.999153,
  NODE,  316,    0,    0,   23.000233,  54.803368,
  NODE,  317,    0,    0,   15.998870,  56.533962,
  NODE,  318,    0,    0,    5.984283,  56.399548,
  NODE,  319,    0,    0,    7.985318,  56.452225,
  NODE,  320,    0,    0,   33.088253,  16.000418,
  NODE,  321,    0,    0,   11.954042,  56.446873,
  NODE,  322,    0,    0,    3.391993,  24.273306,
  NODE,  323,    0,    0,    6.978676,  52.100502,
  NODE,  324,    0,    0,   29.990124,  53.003002,
  NODE,  325,    0,    0,   28.006887,  53.042198,
  NODE,  326,    0,    0,   26.003389,  53.062614,
  NODE,  327,    0,    0,   19.000002,  54.803848,
  NODE,  328,    0,    0,    6.944953,  50.023583,
  NODE,  329,    0,    0,   33.124718,  52.112122,
  NODE,  330,    0,    0,    9.936365,  56.456066,
  NODE,  331,    0,    0,    6.932679,  48.005402,
  NODE,  332,    0,    0,   13.984271,  56.506985,
  NODE,  333,    0,    0,   33.057438,  50.050411,
  NODE,  334,    0,    0,   21.000050,  54.803749,
  NODE,  335,    0,    0,    6.929276,  46.001175,
  NODE,  336,    0,    0,   33.086376,  23.999378,
  NODE,  337,    0,    0,   33.071056,  48.007381,
  NODE,  338,    0,    0,    6.928412,  44.000217,
  NODE,  339,    0,    0,   33.072155,  46.001267,
  NODE,  340,    0,    0,    6.928158,  41.999977,
  NODE,  341,    0,    0,   33.072105,  44.000107,
  NODE,  342,    0,    0,    6.927976,  39.999832,
  NODE,  343,    0,    0,   33.072380,  41.999527,
  NODE,  344,    0,    0,   33.087429,  21.999468,
  NODE,  345,    0,    0,    6.927654,  37.999580,
  NODE,  346,    0,    0,    6.926672,  35.998791,
  NODE,  347,    0,    0,   33.095802,   7.908291,
  NODE,  348,    0,    0,   33.074219,  37.998451,
  NODE,  349,    0,    0,    6.924637,  33.998001,
  NODE,  350,    0,    0,   33.049191,   9.953304,
  NODE,  351,    0,    0,   33.073139,  39.998924,
  NODE,  352,    0,    0,    6.920665,  31.996588,
  NODE,  353,    0,    0,   27.994410,   6.923645,
  NODE,  354,    0,    0,    5.228947,  27.021547,
  NODE,  355,    0,    0,   23.324715,   8.750191,
  NODE,  356,    0,    0,   24.120785,   6.939361,
  NODE,  357,    0,    0,   14.890684,  19.976261,
  NODE,  358,    0,    0,   16.773441,  18.371563,
  NODE,  359,    0,    0,   18.497801,  16.643625,
  NODE,  360,    0,    0,   20.039921,  14.766151,
  NODE,  361,    0,    0,   12.891801,  21.330790,
  NODE,  362,    0,    0,   21.406790,  12.799135,
  NODE,  363,    0,    0,   22.507385,  10.784698,
  NODE,  364,    0,    0,   10.878931,  22.470509,
  NODE,  365,    0,    0,    5.369049,  24.804686,
  NODE,  366,    0,    0,    8.837390,  53.173275,
  NODE,  367,    0,    0,   27.050781,   8.621570,
  NODE,  368,    0,    0,   29.939484,   6.997480,
  NODE,  369,    0,    0,    6.931727,  30.023874,
  NODE,  370,    0,    0,   31.357868,  13.000533,
  NODE,  371,    0,    0,   31.363752,  15.001068,
  NODE,  372,    0,    0,   31.352610,  30.996456,
  NODE,  373,    0,    0,   31.355965,  28.996916,
  NODE,  374,    0,    0,   31.346354,  34.996597,
  NODE,  375,    0,    0,   31.364456,  18.999340,
  NODE,  376,    0,    0,   31.344055,  36.997025,
  NODE,  377,    0,    0,   31.358761,  26.997685,
  NODE,  378,    0,    0,   31.360916,  24.998344,
  NODE,  379,    0,    0,   31.365034,  17.000073,
  NODE,  380,    0,    0,   31.349400,  32.996258,
  NODE,  381,    0,    0,   31.328384,  11.007602,
  NODE,  382,    0,    0,   24.001083,  53.069321,
  NODE,  383,    0,    0,   16.999304,  54.801003,
  NODE,  384,    0,    0,   31.674038,  53.068558,
  NODE,  385,    0,    0,   29.038572,  51.312660,
  NODE,  386,    0,    0,   10.786619,  54.433804,
  NODE,  387,    0,    0,   27.065620,  51.298637,
  NODE,  388,    0,    0,   12.995019,  54.723141,
  NODE,  389,    0,    0,    8.908901,  54.983437,
  NODE,  390,    0,    0,   20.000021,  53.071766,
  NODE,  391,    0,    0,    8.775055,  51.088036,
  NODE,  392,    0,    0,   22.000284,  53.071198,
  NODE,  393,    0,    0,   15.001736,  54.782623,
  NODE,  394,    0,    0,   31.363819,  20.999029,
  NODE,  395,    0,    0,    8.713238,  49.030190,
  NODE,  396,    0,    0,   31.156202,  51.189728,
  NODE,  397,    0,    0,    8.675303,  47.008095,
  NODE,  398,    0,    0,   31.361940,  49.023869,
  NODE,  399,    0,    0,    8.663875,  45.001919,
  NODE,  400,    0,    0,   31.353193,  47.033085,
  NODE,  401,    0,    0,    8.660965,  43.000343,
  NODE,  402,    0,    0,   31.339758,  45.018181,
  NODE,  403,    0,    0,    8.660160,  40.999855,
  NODE,  404,    0,    0,   31.339878,  43.004540,
  NODE,  405,    0,    0,   31.362751,  22.998709,
  NODE,  406,    0,    0,    8.659685,  38.999455,
  NODE,  407,    0,    0,    8.658627,  36.998344,
  NODE,  408,    0,    0,   31.104195,   8.831851,
  NODE,  409,    0,    0,    8.656455,  34.996983,
  NODE,  410,    0,    0,   31.340950,  40.999771,
  NODE,  411,    0,    0,   31.342341,  38.997936,
  NODE,  412,    0,    0,    8.651971,  32.994488,
  NODE,  413,    0,    0,    6.963946,  28.092150,
  NODE,  414,    0,    0,   25.209833,   8.599850,
  NODE,  415,    0,    0,   24.541815,  10.469425,
  NODE,  416,    0,    0,   28.962330,   8.725679,
  NODE,  417,    0,    0,    7.081913,  26.185864,
  NODE,  418,    0,    0,   31.633717,   6.952796,
  NODE,  419,    0,    0,   29.626108,  14.001138,
  NODE,  420,    0,    0,    8.658385,  31.014498,
  NODE,  421,    0,    0,   29.644516,  11.999705,
  NODE,  422,    0,    0,   29.639189,  16.000696,
  NODE,  423,    0,    0,   29.632006,  27.994944,
  NODE,  424,    0,    0,   29.635735,  25.996218,
  NODE,  425,    0,    0,   29.627497,  29.993788,
  NODE,  426,    0,    0,   29.622788,  31.993460,
  NODE,  427,    0,    0,   29.614756,  35.994804,
  NODE,  428,    0,    0,   29.642475,  17.999340,
  NODE,  429,    0,    0,   29.642248,  19.998467,
  NODE,  430,    0,    0,   25.041761,  51.309174,
  NODE,  431,    0,    0,   17.999668,  53.069767,
  NODE,  432,    0,    0,   12.231512,  53.115822,
  NODE,  433,    0,    0,   28.219046,  49.574997,
  NODE,  434,    0,    0,   21.000114,  51.339546,
  NODE,  435,    0,    0,   13.978007,  53.030907,
  NODE,  436,    0,    0,   23.011551,  51.330925,
  NODE,  437,    0,    0,   15.989923,  53.054443,
  NODE,  438,    0,    0,   10.589819,  50.076744,
  NODE,  439,    0,    0,   10.469400,  48.014462,
  NODE,  440,    0,    0,   29.890932,  49.840561,
  NODE,  441,    0,    0,   10.414746,  46.003651,
  NODE,  442,    0,    0,   29.654944,  48.163624,
  NODE,  443,    0,    0,   29.638653,  23.997179,
  NODE,  444,    0,    0,   10.397945,  44.000897,
  NODE,  445,    0,    0,   29.543989,  46.126904,
  NODE,  446,    0,    0,   10.393379,  41.999970,
  NODE,  447,    0,    0,   29.582693,  44.042942,
  NODE,  448,    0,    0,   29.640966,  21.997799,
  NODE,  449,    0,    0,   29.618488,  33.993839,
  NODE,  450,    0,    0,   10.391969,  39.999378,
  NODE,  451,    0,    0,   29.795651,  10.251476,
  NODE,  452,    0,    0,   10.390721,  37.998016,
  NODE,  453,    0,    0,   29.612167,  37.995922,
  NODE,  454,    0,    0,   29.602097,  42.010120,
  NODE,  455,    0,    0,   10.388584,  35.996178,
  NODE,  456,    0,    0,   29.608793,  39.999809,
  NODE,  457,    0,    0,   10.383975,  33.992561,
  NODE,  458,    0,    0,    8.664006,  29.057503,
  NODE,  459,    0,    0,    7.407973,  24.535559,
  NODE,  460,    0,    0,   15.115240,  22.267225,
  NODE,  461,    0,    0,   22.262133,  14.797915,
  NODE,  462,    0,    0,   12.765600,  23.375710,
  NODE,  463,    0,    0,   17.337841,  20.562700,
  NODE,  464,    0,    0,   19.001228,  18.649324,
  NODE,  465,    0,    0,   23.890858,  12.833109,
  NODE,  466,    0,    0,   20.937407,  16.917349,
  NODE,  467,    0,    0,    8.895174,  25.356302,
  NODE,  468,    0,    0,   10.648426,  52.179138,
  NODE,  469,    0,    0,   27.887278,  12.922992,
  NODE,  470,    0,    0,   27.891428,  14.986220,
  NODE,  471,    0,    0,   27.910151,  26.992453,
  NODE,  472,    0,    0,   27.904409,  28.990408,
  NODE,  473,    0,    0,   27.945734,  10.626358,
  NODE,  474,    0,    0,   27.913843,  16.996721,
  NODE,  475,    0,    0,   10.380659,  31.995447,
  NODE,  476,    0,    0,   27.914787,  24.994299,
  NODE,  477,    0,    0,   27.920595,  18.997393,
  NODE,  478,    0,    0,   27.898104,  30.989492,
  NODE,  479,    0,    0,   27.920704,  20.996658,
  NODE,  480,    0,    0,   26.156687,  49.511101,
  NODE,  481,    0,    0,   19.002016,  51.336300,
  NODE,  482,    0,    0,   12.701216,  51.162487,
  NODE,  483,    0,    0,   22.006527,  49.617886,
  NODE,  484,    0,    0,   14.997223,  51.262219,
  NODE,  485,    0,    0,   17.019215,  51.309258,
  NODE,  486,    0,    0,   24.049334,  49.595299,
  NODE,  487,    0,    0,   12.287525,  48.919827,
  NODE,  488,    0,    0,   12.117113,  46.971363,
  NODE,  489,    0,    0,   12.117628,  45.010735,
  NODE,  490,    0,    0,   27.464348,  47.474224,
  NODE,  491,    0,    0,   27.918453,  22.995564,
  NODE,  492,    0,    0,   12.122701,  43.004147,
  NODE,  493,    0,    0,   27.727280,  45.112610,
  NODE,  494,    0,    0,   12.123546,  41.000423,
  NODE,  495,    0,    0,   27.886807,  34.991272,
  NODE,  496,    0,    0,   12.122756,  38.998074,
  NODE,  497,    0,    0,   27.882883,  36.993000,
  NODE,  498,    0,    0,   27.892178,  32.989834,
  NODE,  499,    0,    0,   27.839573,  43.030590,
  NODE,  500,    0,    0,   12.120878,  36.995758,
  NODE,  501,    0,    0,   27.879206,  38.996063,
  NODE,  502,    0,    0,   27.868839,  41.005863,
  NODE,  503,    0,    0,   12.116500,  34.991154,
  NODE,  504,    0,    0,   10.373739,  30.022863,
  NODE,  505,    0,    0,    8.941809,  23.503319,
  NODE,  506,    0,    0,   10.745409,  24.375139,
  NODE,  507,    0,    0,   26.047539,  13.954691,
  NODE,  508,    0,    0,    8.749616,  27.163250,
  NODE,  509,    0,    0,   10.445444,  28.119721,
  NODE,  510,    0,    0,   26.144823,  16.024431,
  NODE,  511,    0,    0,   26.183462,  27.986544,
  NODE,  512,    0,    0,   26.190352,  25.989426,
  NODE,  513,    0,    0,   26.175520,  29.984478,
  NODE,  514,    0,    0,   26.194258,  18.015564,
  NODE,  515,    0,    0,   26.195915,  23.991861,
  NODE,  516,    0,    0,   26.201344,  20.000784,
  NODE,  517,    0,    0,   12.110118,  32.987259,
  NODE,  518,    0,    0,   26.199963,  21.994844,
  NODE,  519,    0,    0,   20.005779,  49.602074,
  NODE,  520,    0,    0,   14.132798,  49.394306,
  NODE,  521,    0,    0,   16.050520,  49.477242,
  NODE,  522,    0,    0,   23.065880,  47.915836,
  NODE,  523,    0,    0,   18.019844,  49.532211,
  NODE,  524,    0,    0,   13.488626,  47.806248,
  NODE,  525,    0,    0,   13.757196,  46.161968,
  NODE,  526,    0,    0,   13.892221,  44.127537,
  NODE,  527,    0,    0,   13.870217,  42.038261,
  NODE,  528,    0,    0,   13.858658,  40.007351,
  NODE,  529,    0,    0,   26.009682,  44.013802,
  NODE,  530,    0,    0,   26.167639,  31.984453,
  NODE,  531,    0,    0,   13.854083,  37.997700,
  NODE,  532,    0,    0,   26.154802,  35.988712,
  NODE,  533,    0,    0,   26.150240,  37.991955,
  NODE,  534,    0,    0,   26.160736,  33.986042,
  NODE,  535,    0,    0,   26.112118,  42.003948,
  NODE,  536,    0,    0,   26.139755,  39.997002,
  NODE,  537,    0,    0,   13.849466,  35.990849,
  NODE,  538,    0,    0,   12.497109,  25.343201,
  NODE,  539,    0,    0,   12.104209,  31.022095,
  NODE,  540,    0,    0,   26.080271,  11.803687,
  NODE,  541,    0,    0,   25.747931,  45.992104,
  NODE,  542,    0,    0,   10.600803,  26.261162,
  NODE,  543,    0,    0,   14.494534,  24.499725,
  NODE,  544,    0,    0,   24.298447,  15.175809,
  NODE,  545,    0,    0,   24.464678,  26.982092,
  NODE,  546,    0,    0,   24.455210,  28.978632,
  NODE,  547,    0,    0,   24.477779,  17.106356,
  NODE,  548,    0,    0,   12.168346,  29.147009,
  NODE,  549,    0,    0,   24.472679,  24.985888,
  NODE,  550,    0,    0,   24.487001,  19.026775,
  NODE,  551,    0,    0,   24.479284,  22.989796,
  NODE,  552,    0,    0,   24.484442,  21.000223,
  NODE,  553,    0,    0,   21.057406,  47.844223,
  NODE,  554,    0,    0,   17.019066,  47.657978,
  NODE,  555,    0,    0,   19.035406,  47.778286,
  NODE,  556,    0,    0,   25.088921,  47.839703,
  NODE,  557,    0,    0,   15.854931,  45.519104,
  NODE,  558,    0,    0,   15.681338,  43.118763,
  NODE,  559,    0,    0,   13.842507,  33.983738,
  NODE,  560,    0,    0,   24.445345,  30.977631,
  NODE,  561,    0,    0,   15.614070,  41.029907,
  NODE,  562,    0,    0,   15.592485,  39.004135,
  NODE,  563,    0,    0,   24.307072,  42.975277,
  NODE,  564,    0,    0,   24.436276,  32.979210,
  NODE,  565,    0,    0,   24.414816,  38.990048,
  NODE,  566,    0,    0,   24.421734,  36.986343,
  NODE,  567,    0,    0,   24.383429,  40.987351,
  NODE,  568,    0,    0,   24.428593,  34.982388,
  NODE,  569,    0,    0,   15.582459,  37.003433,
  NODE,  570,    0,    0,   13.842148,  32.026344,
  NODE,  571,    0,    0,   24.138084,  44.906925,
  NODE,  572,    0,    0,   26.165688,  10.024178,
  NODE,  573,    0,    0,   22.474537,  43.887875,
  NODE,  574,    0,    0,   12.302594,  27.282902,
  NODE,  575,    0,    0,   22.737270,  27.972315,
  NODE,  576,    0,    0,   22.761955,  25.977903,
  NODE,  577,    0,    0,   22.774311,  18.095301,
  NODE,  578,    0,    0,   22.769190,  23.972269,
  NODE,  579,    0,    0,   22.749319,  20.040844,
  NODE,  580,    0,    0,   22.725435,  29.969627,
  NODE,  581,    0,    0,   22.744211,  21.983639,
  NODE,  582,    0,    0,   13.823450,  30.169207,
  NODE,  583,    0,    0,   22.253420,  45.978954,
  NODE,  584,    0,    0,   15.050523,  47.669476,
  NODE,  585,    0,    0,   18.137205,  45.907688,
  NODE,  586,    0,    0,   20.129717,  46.091095,
  NODE,  587,    0,    0,   17.527044,  43.966347,
  NODE,  588,    0,    0,   15.625119,  34.982143,
  NODE,  589,    0,    0,   17.368830,  41.985981,
  NODE,  590,    0,    0,   17.389193,  39.945152,
  NODE,  591,    0,    0,   22.714081,  31.970562,
  NODE,  592,    0,    0,   22.612892,  41.935955,
  NODE,  593,    0,    0,   22.719360,  40.025124,
  NODE,  594,    0,    0,   22.646790,  38.055309,
  NODE,  595,    0,    0,   22.688690,  33.959469,
  NODE,  596,    0,    0,   22.618336,  35.984818,
  NODE,  597,    0,    0,   17.284054,  37.956589,
  NODE,  598,    0,    0,   15.647717,  32.938423,
  NODE,  599,    0,    0,   14.178421,  26.517265,
  NODE,  600,    0,    0,   16.425190,  23.864052,
  NODE,  601,    0,    0,   22.950016,  16.418545,
  NODE,  602,    0,    0,   20.668636,  42.800892,
  NODE,  603,    0,    0,   13.921397,  28.382835,
  NODE,  604,    0,    0,   21.053448,  26.993771,
  NODE,  605,    0,    0,   21.077684,  24.977852,
  NODE,  606,    0,    0,   20.986902,  29.049656,
  NODE,  607,    0,    0,   20.979574,  19.160872,
  NODE,  608,    0,    0,   21.011519,  23.002831,
  NODE,  609,    0,    0,   21.005152,  21.087099,
  NODE,  610,    0,    0,   19.363483,  44.376690,
  NODE,  611,    0,    0,   17.314779,  36.054958,
  NODE,  612,    0,    0,   18.843269,  42.816429,
  NODE,  613,    0,    0,   15.533282,  30.922882,
  NODE,  614,    0,    0,   19.377251,  40.929283,
  NODE,  615,    0,    0,   20.966362,  31.090159,
  NODE,  616,    0,    0,   21.272247,  40.999611,
  NODE,  617,    0,    0,   20.969351,  39.292858,
  NODE,  618,    0,    0,   19.058258,  38.700062,
  NODE,  619,    0,    0,   21.002234,  33.011940,
  NODE,  620,    0,    0,   20.566000,  37.058647,
  NODE,  621,    0,    0,   20.920223,  34.892944,
  NODE,  622,    0,    0,   16.056116,  25.796909,
  NODE,  623,    0,    0,   17.693384,  33.897354,
  NODE,  624,    0,    0,   17.185053,  22.416967,
  NODE,  625,    0,    0,   20.977959,  44.627102,
  NODE,  626,    0,    0,   17.999931,  23.474436,
  NODE,  627,    0,    0,   19.058199,  22.123131,
  NODE,  628,    0,    0,   15.706152,  27.751699,
  NODE,  629,    0,    0,   19.376659,  26.032311,
  NODE,  630,    0,    0,   19.230206,  28.138367,
  NODE,  631,    0,    0,   19.170216,  30.269283,
  NODE,  632,    0,    0,   17.415335,  31.615437,
  NODE,  633,    0,    0,   18.666390,  37.046700,
  NODE,  634,    0,    0,   19.297459,  32.293953,
  NODE,  635,    0,    0,   19.604431,  33.911888,
  NODE,  636,    0,    0,   19.476399,  20.316626,
  NODE,  637,    0,    0,   17.577181,  27.014469,
  NODE,  638,    0,    0,   17.130074,  29.295467,
  NODE,  639,    0,    0,   19.127535,  35.477081,
  NODE,  640,    0,    0,   15.222871,  29.304419,
  NODE,  641,    0,    0,   17.808754,  25.037149,
  NODE,  642,    0,    0,   24.058847,  46.526703,
  NODE,  643,    0,    0,   19.388790,  24.107952,
  NODE,  644,    0,    0,    5.517011,  20.063267,
  NODE,  645,    0,    0,    6.523291,  19.773167,
  NODE,  646,    0,    0,    6.234609,  20.697628,
  NODE,  647,    0,    0,    0.858361,  27.507668,
  NODE,  648,    1,    0,    0.000000,  27.000000,
  NODE,  649,    0,    0,    0.858361,  26.507668,
  NODE,  650,    0,    0,   11.977755,  16.974102,
  NODE,  651,    0,    0,   11.913986,  16.064152,
  NODE,  652,    0,    0,   12.765986,  16.389509,
  NODE,  653,    0,    0,   37.404221,  29.499931,
  NODE,  654,    0,    0,   38.269169,  29.999981,
  NODE,  655,    0,    0,   37.404144,  30.499928,
  NODE,  656,    0,    0,   37.404835,  21.499966,
  NODE,  657,    0,    0,   38.269455,  21.999991,
  NODE,  658,    0,    0,   37.404823,  22.499966,
  NODE,  659,    0,    0,   17.911243,  11.967926,
  NODE,  660,    0,    0,   16.977364,  11.980038,
  NODE,  661,    0,    0,   17.563271,  11.099293,
  NODE,  662,    0,    0,   37.404747,  13.500109,
  NODE,  663,    0,    0,   38.269463,  14.000026,
  NODE,  664,    0,    0,   37.404831,  14.500092,
  NODE,  665,    0,    0,   22.357380,   0.897421,
  NODE,  666,    0,    1,   23.000000,   0.000000,
  NODE,  667,    0,    0,   23.357380,   0.897421,
  NODE,  668,    0,    0,    0.901980,  57.640019,
  NODE,  669,    1,    0,    0.000000,  57.000000,
  NODE,  670,    0,    0,    0.901980,  56.640019,
  NODE,  671,    1,    0,    0.000000,  21.000000,
  NODE,  672,    0,    0,    0.981353,  19.975908,
  NODE,  673,    0,    0,    0.980171,  20.951847,
  NODE,  674,    0,    0,    2.035306,  21.330814,
  NODE,  675,    0,    0,    2.719890,  20.571522,
  NODE,  676,    0,    0,    2.794853,  21.998644,
  NODE,  677,    0,    0,    4.353883,  21.113541,
  NODE,  678,    0,    0,    3.690621,  20.427528,
  NODE,  679,    0,    0,    4.565067,  20.301716,
  NODE,  680,    0,    0,    1.738518,  26.020599,
  NODE,  681,    0,    0,    0.880158,  25.512932,
  NODE,  682,    0,    0,    5.209229,  28.013474,
  NODE,  683,    0,    0,    4.318041,  28.503780,
  NODE,  684,    0,    0,    4.337759,  27.511852,
  NODE,  685,    0,    0,    0.865480,  30.500032,
  NODE,  686,    0,    0,    0.865117,  29.500103,
  NODE,  687,    0,    0,    1.730597,  30.000134,
  NODE,  688,    0,    0,    0.865748,  32.499977,
  NODE,  689,    0,    0,    0.865480,  31.500032,
  NODE,  690,    0,    0,    1.731228,  32.000008,
  NODE,  691,    0,    0,    0.865905,  34.499985,
  NODE,  692,    0,    0,    0.865748,  33.499977,
  NODE,  693,    0,    0,    1.731653,  33.999958,
  NODE,  694,    0,    0,    0.865974,  36.499992,
  NODE,  695,    0,    0,    0.865905,  35.499985,
  NODE,  696,    0,    0,    1.731880,  35.999977,
  NODE,  697,    0,    0,    0.866004,  38.499996,
  NODE,  698,    0,    0,    0.865974,  37.499992,
  NODE,  699,    0,    0,    1.731978,  37.999989,
  NODE,  700,    0,    0,    0.866016,  40.500000,
  NODE,  701,    0,    0,    0.866004,  39.499996,
  NODE,  702,    0,    0,    1.732020,  39.999992,
  NODE,  703,    0,    0,    0.866021,  42.500000,
  NODE,  704,    0,    0,    0.866016,  41.500000,
  NODE,  705,    0,    0,    1.732037,  42.000000,
  NODE,  706,    0,    0,    0.866023,  44.500000,
  NODE,  707,    0,    0,    0.866021,  43.500000,
  NODE,  708,    0,    0,    1.732044,  44.000000,
  NODE,  709,    0,    0,   21.500000,  59.133976,
  NODE,  710,    0,    0,   21.000000,  60.000000,
  NODE,  711,    0,    0,   20.500000,  59.133976,
  NODE,  712,    0,    0,    0.866024,  46.500000,
  NODE,  713,    0,    0,    0.866023,  45.500000,
  NODE,  714,    0,    0,    1.732047,  46.000000,
  NODE,  715,    0,    0,    0.866024,  48.500000,
  NODE,  716,    0,    0,    0.866024,  47.500000,
  NODE,  717,    0,    0,    1.732049,  48.000000,
  NODE,  718,    0,    0,    0.866025,  50.500000,
  NODE,  719,    0,    0,    0.866024,  49.500000,
  NODE,  720,    0,    0,    1.732049,  50.000000,
  NODE,  721,    0,    0,    2.598379,  50.499489,
  NODE,  722,    0,    0,    2.598379,  49.499489,
  NODE,  723,    0,    0,    2.660844,  59.184975,
  NODE,  724,    0,    0,    1.901980,  58.640019,
  NODE,  725,    0,    0,    2.562824,  57.824993,
  NODE,  726,    0,    0,   19.975908,   0.981353,
  NODE,  727,    0,    1,   21.000000,   0.000000,
  NODE,  728,    0,    0,   20.951847,   0.980171,
  NODE,  729,    0,    0,   26.471438,   4.308243,
  NODE,  730,    0,    0,   26.973259,   3.467448,
  NODE,  731,    0,    0,   27.490318,   4.315714,
  NODE,  732,    0,    0,   20.057148,   5.640291,
  NODE,  733,    0,    0,   19.400625,   4.859603,
  NODE,  734,    0,    0,   20.295597,   4.688348,
  NODE,  735,    0,    0,   18.982906,   8.449074,
  NODE,  736,    0,    0,   19.386490,   7.500724,
  NODE,  737,    0,    0,   19.891808,   8.296129,
  NODE,  738,    0,    0,   15.717337,  13.582789,
  NODE,  739,    0,    0,   16.392773,  12.768269,
  NODE,  740,    0,    0,   16.649900,  13.663193,
  NODE,  741,    0,    0,   13.587709,  15.722304,
  NODE,  742,    0,    0,   13.665829,  16.651604,
  NODE,  743,    0,    0,    9.316093,  18.581558,
  NODE,  744,    0,    0,   10.258501,  18.071171,
  NODE,  745,    0,    0,   10.146661,  19.014305,
  NODE,  746,    0,    0,    7.447279,  19.442558,
  NODE,  747,    0,    0,    8.428961,  19.001141,
  NODE,  748,    0,    0,    8.222570,  19.966108,
  NODE,  749,    0,    0,    2.934609,  19.783529,
  NODE,  750,    0,    0,   39.000000,   1.000000,
  NODE,  751,    0,    1,   39.000000,   0.000000,
  NODE,  752,    0,    0,   40.000000,   1.000000,
  NODE,  753,    0,    0,   39.096146,   2.359563,
  NODE,  754,    0,    0,   40.000000,   3.000000,
  NODE,  755,    0,    0,   39.096146,   3.359563,
  NODE,  756,    0,    0,   33.023499,   3.652135,
  NODE,  757,    0,    0,   32.512863,   2.727477,
  NODE,  758,    0,    0,   33.525879,   2.742594,
  NODE,  759,    0,    0,   34.006760,   1.818232,
  NODE,  760,    0,    0,   33.507622,   0.908969,
  NODE,  761,    0,    0,   34.499138,   0.909263,
  NODE,  762,    0,    0,   32.507622,   0.908969,
  NODE,  763,    0,    1,   33.000000,   0.000000,
  NODE,  764,    0,    0,   29.500374,   0.868287,
  NODE,  765,    0,    0,   30.504154,   0.882718,
  NODE,  766,    0,    0,   30.004528,   1.751005,
  NODE,  767,    0,    0,   27.492394,   0.873473,
  NODE,  768,    0,    0,   28.500374,   0.868287,
  NODE,  769,    0,    0,   27.992765,   1.741760,
  NODE,  770,    0,    0,   25.458010,   0.874890,
  NODE,  771,    0,    0,   26.492394,   0.873473,
  NODE,  772,    0,    0,   25.950401,   1.748363,
  NODE,  773,    0,    0,   24.458010,   0.874890,
  NODE,  774,    0,    0,   23.815392,   1.772311,
  NODE,  775,    0,    0,   39.000000,  59.000000,
  NODE,  776,    0,    0,   40.000000,  59.000000,
  NODE,  777,    0,    0,   39.000000,  60.000000,
  NODE,  778,    0,    0,   38.639095,  58.095062,
  NODE,  779,    0,    0,   37.639095,  59.095062,
  NODE,  780,    0,    0,   24.500000,  59.133976,
  NODE,  781,    0,    0,   23.500000,  59.133976,
  NODE,  782,    0,    0,   24.000000,  58.267952,
  NODE,  783,    0,    0,   28.500229,  57.400803,
  NODE,  784,    0,    0,   28.000000,  58.267952,
  NODE,  785,    0,    0,   27.500229,  57.400803,
  NODE,  786,    0,    0,   37.400379,  49.500851,
  NODE,  787,    0,    0,   38.265003,  50.000641,
  NODE,  788,    0,    0,   37.398335,  50.501297,
  NODE,  789,    0,    0,   37.401123,  48.500343,
  NODE,  790,    0,    0,   36.534454,  49.001000,
  NODE,  791,    0,    0,   37.401756,  46.500080,
  NODE,  792,    0,    0,   37.401489,  47.500267,
  NODE,  793,    0,    0,   36.535461,  47.000309,
  NODE,  794,    0,    0,   37.401901,  44.500015,
  NODE,  795,    0,    0,   37.401825,  45.500065,
  NODE,  796,    0,    0,   36.535805,  45.000069,
  NODE,  797,    0,    0,   37.401985,  42.499977,
  NODE,  798,    0,    0,   37.401924,  43.500008,
  NODE,  799,    0,    0,   36.535950,  42.999985,
  NODE,  800,    0,    0,   37.402161,  40.499908,
  NODE,  801,    0,    0,   37.402016,  41.499970,
  NODE,  802,    0,    0,   36.536156,  40.999889,
  NODE,  803,    0,    0,   39.134010,  41.499992,
  NODE,  804,    0,    0,   39.133980,  42.500000,
  NODE,  805,    0,    0,   38.267990,  41.999992,
  NODE,  806,    0,    0,   39.134087,  39.499977,
  NODE,  807,    0,    0,   39.134010,  40.499992,
  NODE,  808,    0,    0,   38.268097,  39.999970,
  NODE,  809,    0,    0,   39.134331,  35.499970,
  NODE,  810,    0,    0,   39.134209,  36.499966,
  NODE,  811,    0,    0,   38.268536,  35.999939,
  NODE,  812,    0,    0,   39.134453,  33.499985,
  NODE,  813,    0,    0,   39.134331,  34.499970,
  NODE,  814,    0,    0,   38.268780,  33.999954,
  NODE,  815,    0,    0,   34.808929,  31.999268,
  NODE,  816,    0,    0,   35.674156,  31.499558,
  NODE,  817,    0,    0,   35.673512,  32.499489,
  NODE,  818,    0,    0,   39.134544,  31.499989,
  NODE,  819,    0,    0,   39.134453,  32.499985,
  NODE,  820,    0,    0,   38.268997,  31.999971,
  NODE,  821,    0,    0,   39.134666,  27.499994,
  NODE,  822,    0,    0,   39.134621,  28.499992,
  NODE,  823,    0,    0,   38.269287,  27.999987,
  NODE,  824,    0,    0,   39.134697,  25.499996,
  NODE,  825,    0,    0,   39.134666,  26.499994,
  NODE,  826,    0,    0,   38.269363,  25.999989,
  NODE,  827,    0,    0,   37.404625,  25.499970,
  NODE,  828,    0,    0,   37.404594,  26.499968,
  NODE,  829,    0,    0,   39.134720,  23.499996,
  NODE,  830,    0,    0,   39.134697,  24.499996,
  NODE,  831,    0,    0,   38.269417,  23.999991,
  NODE,  832,    0,    0,   39.134792,  19.499996,
  NODE,  833,    0,    0,   39.134735,  20.499996,
  NODE,  834,    0,    0,   38.269527,  19.999991,
  NODE,  835,    0,    0,   37.404999,  20.499966,
  NODE,  836,    0,    0,   36.540367,  20.999943,
  NODE,  837,    0,    0,   39.134819,  17.499996,
  NODE,  838,    0,    0,   39.134792,  18.499996,
  NODE,  839,    0,    0,   38.269608,  17.999992,
  NODE,  840,    0,    0,   17.156311,  15.546858,
  NODE,  841,    0,    0,   16.184536,  15.434809,
  NODE,  842,    0,    0,   16.946240,  14.589762,
  NODE,  843,    0,    0,   39.134556,  11.500037,
  NODE,  844,    0,    0,   39.134689,  12.500021,
  NODE,  845,    0,    0,   38.269245,  12.000059,
  NODE,  846,    0,    0,   39.133865,   9.500052,
  NODE,  847,    0,    0,   39.134556,  10.500037,
  NODE,  848,    0,    0,   38.268421,  10.000090,
  NODE,  849,    0,    0,   39.125443,   7.494524,
  NODE,  850,    0,    0,   39.133865,   8.500052,
  NODE,  851,    0,    0,   38.259308,   7.994576,
  NODE,  852,    0,    0,   39.098656,   5.452679,
  NODE,  853,    0,    0,   39.125443,   6.494524,
  NODE,  854,    0,    0,   38.224102,   5.947203,
  NODE,  855,    0,    0,   39.098656,   4.452679,
  NODE,  856,    0,    0,   38.194801,   3.812242,
  NODE,  857,    0,    0,    1.000000,  60.000000,
  NODE,  858,    1,    0,    0.000000,  59.000000,
  NODE,  859,    0,    0,    1.000000,  59.000000,
  NODE,  860,    0,    0,    2.798488,  55.706249,
  NODE,  861,    0,    0,    2.663305,  54.563248,
  NODE,  862,    0,    0,    3.655769,  55.167610,
  NODE,  863,    0,    0,    2.797456,  56.795326,
  NODE,  864,    0,    0,    1.804992,  56.190964,
  NODE,  865,    0,    0,    2.598175,  48.499832,
  NODE,  866,    0,    0,    2.598175,  47.499832,
  NODE,  867,    0,    0,   10.001587,  58.247704,
  NODE,  868,    0,    0,   10.500645,  59.130817,
  NODE,  869,    0,    0,    9.500942,  59.116882,
  NODE,  870,    0,    0,    3.464505,  48.999321,
  NODE,  871,    0,    0,    9.000000,  60.000000,
  NODE,  872,    0,    0,    8.500942,  59.116882,
  NODE,  873,    0,    0,    6.938816,  49.014492,
  NODE,  874,    0,    0,    6.071518,  49.513039,
  NODE,  875,    0,    0,    6.065381,  48.503944,
  NODE,  876,    0,    0,   20.500000,  57.401924,
  NODE,  877,    0,    0,   20.000000,  58.267952,
  NODE,  878,    0,    0,   19.500000,  57.401924,
  NODE,  879,    0,    0,   22.000000,  58.267952,
  NODE,  880,    0,    0,   22.500000,  59.133976,
  NODE,  881,    0,    0,   19.500000,  59.133976,
  NODE,  882,    0,    0,   19.000000,  60.000000,
  NODE,  883,    0,    0,   18.500000,  59.133976,
  NODE,  884,    0,    0,   24.500008,  57.401894,
  NODE,  885,    0,    0,   23.500008,  57.401894,
  NODE,  886,    0,    0,   26.500000,  59.133976,
  NODE,  887,    0,    0,   25.500000,  59.133976,
  NODE,  888,    0,    0,   26.000000,  58.267952,
  NODE,  889,    0,    0,   28.500000,  59.133976,
  NODE,  890,    0,    0,   27.500000,  59.133976,
  NODE,  891,    0,    0,   30.500000,  59.133976,
  NODE,  892,    0,    0,   29.500000,  59.133976,
  NODE,  893,    0,    0,   30.000000,  58.267952,
  NODE,  894,    0,    0,   32.503243,  59.126480,
  NODE,  895,    0,    0,   31.500000,  59.133976,
  NODE,  896,    0,    0,   32.003243,  58.260452,
  NODE,  897,    0,    0,   34.543465,  59.098747,
  NODE,  898,    0,    0,   33.503243,  59.126480,
  NODE,  899,    0,    0,   34.046707,  58.225227,
  NODE,  900,    0,    0,   37.348393,  56.433723,
  NODE,  901,    0,    0,   37.816490,  57.435257,
  NODE,  902,    0,    0,   36.810097,  57.188591,
  NODE,  903,    0,    0,   37.402481,  38.499836,
  NODE,  904,    0,    0,   37.402237,  39.499893,
  NODE,  905,    0,    0,   36.536545,  38.999771,
  NODE,  906,    0,    0,   10.282055,  17.154572,
  NODE,  907,    0,    0,   11.100237,  17.566654,
  NODE,  908,    0,    0,   13.431179,  14.819022,
  NODE,  909,    0,    0,   14.314844,  15.063268,
  NODE,  910,    0,    0,   15.058300,  14.309924,
  NODE,  911,    0,    0,   14.819022,  13.431179,
  NODE,  912,    0,    0,   16.064152,  11.913986,
  NODE,  913,    0,    0,   17.154572,  10.282055,
  NODE,  914,    0,    0,   18.067787,  10.257557,
  NODE,  915,    0,    0,   18.563324,   9.336206,
  NODE,  916,    0,    0,   18.079786,   8.551102,
  NODE,  917,    0,    0,   39.134773,  15.500004,
  NODE,  918,    0,    0,   39.134819,  16.499996,
  NODE,  919,    0,    0,   38.269592,  16.000002,
  NODE,  920,    0,    0,    0.903012,  54.550942,
  NODE,  921,    0,    0,    0.870962,  53.503258,
  NODE,  922,    0,    0,    1.773973,  54.054203,
  NODE,  923,    0,    0,    0.870962,  52.503258,
  NODE,  924,    0,    0,    0.866025,  51.500000,
  NODE,  925,    0,    0,    1.736986,  52.003258,
  NODE,  926,    0,    0,   39.134209,  37.499966,
  NODE,  927,    0,    0,   39.134087,  38.499977,
  NODE,  928,    0,    0,   38.268295,  37.999947,
  NODE,  929,    1,    0,    0.000000,  29.000000,
  NODE,  930,    0,    0,    0.865117,  28.500103,
  NODE,  931,    0,    0,   39.133980,  43.500000,
  NODE,  932,    0,    0,   39.133961,  44.500004,
  NODE,  933,    0,    0,   38.267941,  44.000004,
  NODE,  934,    1,    0,    0.000000,  31.000000,
  NODE,  935,    0,    0,   39.133961,  45.500004,
  NODE,  936,    0,    0,   39.133888,  46.500019,
  NODE,  937,    0,    0,   38.267853,  46.000023,
  NODE,  938,    1,    0,    0.000000,  33.000000,
  NODE,  939,    0,    0,   39.133888,  47.500019,
  NODE,  940,    0,    0,   39.133522,  48.500099,
  NODE,  941,    0,    0,   38.267414,  48.000114,
  NODE,  942,    1,    0,    0.000000,  35.000000,
  NODE,  943,    0,    0,   39.133522,  49.500099,
  NODE,  944,    0,    0,   39.131477,  50.500546,
  NODE,  945,    1,    0,    0.000000,  37.000000,
  NODE,  946,    0,    0,   39.131477,  51.500546,
  NODE,  947,    0,    0,   39.120136,  52.503059,
  NODE,  948,    0,    0,   38.251617,  52.003601,
  NODE,  949,    1,    0,    0.000000,  39.000000,
  NODE,  950,    0,    0,   39.120136,  53.503059,
  NODE,  951,    0,    0,   39.105888,  54.498642,
  NODE,  952,    0,    0,   38.226021,  54.001701,
  NODE,  953,    1,    0,    0.000000,  41.000000,
  NODE,  954,    0,    0,   29.501411,  57.395001,
  NODE,  955,    0,    0,   29.001640,  56.527851,
  NODE,  956,    1,    0,    0.000000,  43.000000,
  NODE,  957,    0,    0,   18.000000,  58.267952,
  NODE,  958,    0,    0,   17.500000,  59.133976,
  NODE,  959,    1,    0,    0.000000,  45.000000,
  NODE,  960,    0,    0,    7.499621,  59.111549,
  NODE,  961,    0,    0,    8.000564,  58.228432,
  NODE,  962,    1,    0,    0.000000,  47.000000,
  NODE,  963,    0,    0,    5.507790,  59.109535,
  NODE,  964,    0,    0,    5.000000,  60.000000,
  NODE,  965,    0,    0,    4.507790,  59.109535,
  NODE,  966,    1,    0,    0.000000,  49.000000,
  NODE,  967,    0,    0,    2.603490,  51.496986,
  NODE,  968,    0,    0,    3.469821,  50.996475,
  NODE,  969,    1,    0,    0.000000,  51.000000,
  NODE,  970,    0,    0,    2.631255,  53.515564,
  NODE,  971,    0,    0,    2.608427,  52.500244,
  NODE,  972,    0,    0,    3.497759,  53.009293,
  NODE,  973,    1,    0,    0.000000,  53.000000,
  NODE,  974,    0,    0,    0.903012,  55.550942,
  NODE,  975,    1,    0,    0.000000,  55.000000,
  NODE,  976,    0,    0,   18.830881,   6.737797,
  NODE,  977,    0,    0,   19.717098,   6.576736,
  NODE,  978,    0,    0,   37.404469,  12.500269,
  NODE,  979,    0,    0,   36.539833,  13.000335,
  NODE,  980,    0,    0,   39.134689,  13.500021,
  NODE,  981,    0,    0,   39.134773,  14.500004,
  NODE,  982,    0,    0,   18.992687,  10.165829,
  NODE,  983,    0,    0,   39.134735,  21.499996,
  NODE,  984,    0,    0,   39.134720,  22.499996,
  NODE,  985,    0,    0,   15.231008,  15.231056,
  NODE,  986,    0,    0,   39.134621,  29.499992,
  NODE,  987,    0,    0,   39.134544,  30.499989,
  NODE,  988,    0,    0,   11.966587,  17.911364,
  NODE,  989,    0,    0,    8.551102,  18.079786,
  NODE,  990,    0,    0,   11.029499,  19.483000,
  NODE,  991,    0,    0,   11.984615,  18.892471,
  NODE,  992,    0,    0,   11.925046,  19.871555,
  NODE,  993,    0,    0,    8.654213,  33.995735,
  NODE,  994,    0,    0,    7.790546,  34.497490,
  NODE,  995,    0,    0,    7.788304,  33.496246,
  NODE,  996,    0,    0,    6.737797,  18.830881,
  NODE,  997,    0,    0,    1.055135,  22.378967,
  NODE,  998,    0,    0,    4.859603,  19.400625,
  NODE,  999,    0,    1,   31.000000,   0.000000,
  NODE, 1000,    0,    0,   31.504154,   0.882718,
  NODE, 1001,    0,    0,   35.668968,   8.498867,
  NODE, 1002,    0,    0,   36.529053,   9.002105,
  NODE, 1003,    0,    0,   35.676636,   9.498240,
  NODE, 1004,    0,    0,   27.488464,   2.610932,
  NODE, 1005,    0,    0,   28.496445,   2.605746,
  NODE, 1006,    0,    1,   29.000000,   0.000000,
  NODE, 1007,    0,    0,   23.289673,   2.644761,
  NODE, 1008,    0,    0,   24.390301,   2.622230,
  NODE, 1009,    0,    1,   27.000000,   0.000000,
  NODE, 1010,    0,    0,   25.435200,   2.604878,
  NODE, 1011,    0,    0,   26.469582,   2.603461,
  NODE, 1012,    0,    1,   25.000000,   0.000000,
  NODE, 1013,    0,    0,   20.785816,   2.796777,
  NODE, 1014,    0,    0,   21.309227,   1.877592,
  NODE, 1015,    0,    0,   22.191349,   2.714026,
  NODE, 1016,    0,    0,   40.000000,  55.000000,
  NODE, 1017,    0,    0,   39.105888,  55.498642,
  NODE, 1018,    0,    0,   39.177391,  57.340195,
  NODE, 1019,    0,    0,    3.464088,  42.999985,
  NODE, 1020,    0,    0,    2.598071,  43.499989,
  NODE, 1021,    0,    0,    2.598059,  42.499992,
  NODE, 1022,    0,    0,   40.000000,  53.000000,
  NODE, 1023,    0,    0,   35.671822,  49.504814,
  NODE, 1024,    0,    0,   35.678711,  50.515053,
  NODE, 1025,    0,    0,   34.816818,  50.018356,
  NODE, 1026,    0,    0,   40.000000,  51.000000,
  NODE, 1027,    0,    0,   35.670216,  47.501244,
  NODE, 1028,    0,    0,   35.672562,  48.504311,
  NODE, 1029,    0,    0,   34.807583,  48.005058,
  NODE, 1030,    0,    0,   40.000000,  49.000000,
  NODE, 1031,    0,    0,   35.669945,  45.500279,
  NODE, 1032,    0,    0,   35.670483,  46.501061,
  NODE, 1033,    0,    0,   34.804695,  46.001213,
  NODE, 1034,    0,    0,   40.000000,  47.000000,
  NODE, 1035,    0,    0,   35.669968,  43.500000,
  NODE, 1036,    0,    0,   35.670021,  44.500229,
  NODE, 1037,    0,    0,   34.804104,  44.000210,
  NODE, 1038,    0,    0,   40.000000,  45.000000,
  NODE, 1039,    0,    0,   35.670189,  41.499809,
  NODE, 1040,    0,    0,   35.670033,  42.499970,
  NODE, 1041,    0,    0,   34.804207,  41.999825,
  NODE, 1042,    0,    0,   40.000000,  43.000000,
  NODE, 1043,    0,    0,   33.939079,  39.499138,
  NODE, 1044,    0,    0,   34.804688,  39.999508,
  NODE, 1045,    0,    0,   33.938751,  40.499294,
  NODE, 1046,    0,    0,   40.000000,  41.000000,
  NODE, 1047,    0,    0,    5.191616,  31.998741,
  NODE, 1048,    0,    0,    4.327589,  32.499397,
  NODE, 1049,    0,    0,    4.326036,  31.499119,
  NODE, 1050,    0,    0,   40.000000,  39.000000,
  NODE, 1051,    0,    0,   37.402603,  37.499825,
  NODE, 1052,    0,    0,   40.000000,  37.000000,
  NODE, 1053,    0,    0,   12.862133,  18.299919,
  NODE, 1054,    0,    0,   13.780575,  17.625639,
  NODE, 1055,    0,    0,   13.798603,  18.606747,
  NODE, 1056,    0,    0,   40.000000,  35.000000,
  NODE, 1057,    0,    0,   37.403458,  33.499855,
  NODE, 1058,    0,    0,   37.403336,  34.499847,
  NODE, 1059,    0,    0,   40.000000,  33.000000,
  NODE, 1060,    0,    0,   34.811867,  25.999735,
  NODE, 1061,    0,    0,   35.675972,  25.499868,
  NODE, 1062,    0,    0,   35.675751,  26.499813,
  NODE, 1063,    0,    0,   40.000000,  31.000000,
  NODE, 1064,    0,    0,   37.404518,  28.499947,
  NODE, 1065,    0,    0,   36.539497,  28.999893,
  NODE, 1066,    0,    0,   40.000000,  29.000000,
  NODE, 1067,    0,    0,   32.221287,  27.498230,
  NODE, 1068,    0,    0,   32.219887,  28.497845,
  NODE, 1069,    0,    0,   31.357363,  27.997299,
  NODE, 1070,    0,    0,   40.000000,  27.000000,
  NODE, 1071,    0,    0,   37.404823,  24.499966,
  NODE, 1072,    0,    0,   36.540054,  24.999943,
  NODE, 1073,    0,    0,   40.000000,  25.000000,
  NODE, 1074,    0,    0,   18.883740,  11.977402,
  NODE, 1075,    0,    0,   19.477345,  11.017365,
  NODE, 1076,    0,    0,   19.863936,  11.907586,
  NODE, 1077,    0,    0,   40.000000,  23.000000,
  NODE, 1078,    0,    0,   35.676476,  23.499867,
  NODE, 1079,    0,    0,   35.676170,  24.499865,
  NODE, 1080,    0,    0,   34.812393,  23.999792,
  NODE, 1081,    0,    0,   40.000000,  21.000000,
  NODE, 1082,    0,    0,   37.405190,  18.499979,
  NODE, 1083,    0,    0,   37.405060,  19.499966,
  NODE, 1084,    0,    0,   36.540665,  18.999954,
  NODE, 1085,    0,    0,   40.000000,  19.000000,
  NODE, 1086,    0,    0,   21.957089,  11.791916,
  NODE, 1087,    0,    0,   20.932165,  11.873342,
  NODE, 1088,    0,    0,   21.482464,  10.866123,
  NODE, 1089,    0,    0,   40.000000,  17.000000,
  NODE, 1090,    0,    0,   28.493668,   4.356020,
  NODE, 1091,    0,    0,   27.991844,   5.196815,
  NODE, 1092,    0,    0,   40.000000,  15.000000,
  NODE, 1093,    0,    0,   31.509396,   2.701227,
  NODE, 1094,    0,    0,   32.011780,   1.791687,
  NODE, 1095,    0,    0,   40.000000,  13.000000,
  NODE, 1096,    0,    0,   37.402226,   9.500791,
  NODE, 1097,    0,    0,   37.402916,  10.500776,
  NODE, 1098,    0,    0,   40.000000,  11.000000,
  NODE, 1099,    0,    0,   37.386135,   7.495890,
  NODE, 1100,    0,    0,   37.394554,   8.501418,
  NODE, 1101,    0,    0,   40.000000,   9.000000,
  NODE, 1102,    0,    0,   35.605354,   2.771090,
  NODE, 1103,    0,    0,   35.840477,   1.733176,
  NODE, 1104,    0,    0,   36.447559,   2.685739,
  NODE, 1105,    0,    0,   40.000000,   7.000000,
  NODE, 1106,    0,    0,   37.340530,   5.446858,
  NODE, 1107,    0,    0,   37.367317,   6.488703,
  NODE, 1108,    0,    0,   40.000000,   5.000000,
  NODE, 1109,    0,    0,   37.341339,   0.823913,
  NODE, 1110,    0,    0,   38.096146,   1.359563,
  NODE, 1111,    0,    0,   37.437485,   2.183476,
  NODE, 1112,    0,    0,   23.000000,  60.000000,
  NODE, 1113,    0,    0,   23.500122,  55.669601,
  NODE, 1114,    0,    0,   23.000008,  56.535858,
  NODE, 1115,    0,    0,   22.500118,  55.669624,
  NODE, 1116,    0,    0,   26.500076,  57.401547,
  NODE, 1117,    0,    0,   25.500076,  57.401547,
  NODE, 1118,    0,    0,   25.000000,  60.000000,
  NODE, 1119,    0,    0,   32.399376,  52.590340,
  NODE, 1120,    0,    0,   33.111931,  53.239574,
  NODE, 1121,    0,    0,   32.386589,  53.717793,
  NODE, 1122,    0,    0,   27.000000,  60.000000,
  NODE, 1123,    0,    0,   36.497921,  53.016602,
  NODE, 1124,    0,    0,   37.373787,  52.510677,
  NODE, 1125,    0,    0,   37.364410,  53.512039,
  NODE, 1126,    0,    0,   29.000000,  60.000000,
  NODE, 1127,    0,    0,   31.506655,  57.356602,
  NODE, 1128,    0,    0,   30.501411,  57.395001,
  NODE, 1129,    0,    0,   31.008068,  56.483650,
  NODE, 1130,    0,    0,   31.000000,  60.000000,
  NODE, 1131,    0,    0,   33.581661,  55.378113,
  NODE, 1132,    0,    0,   33.038746,  56.417229,
  NODE, 1133,    0,    0,   32.556225,  55.406139,
  NODE, 1134,    0,    0,   33.000000,  60.000000,
  NODE, 1135,    0,    0,   36.415272,  55.102509,
  NODE, 1136,    0,    0,   37.350159,  54.507622,
  NODE, 1137,    0,    0,   37.276886,  55.592175,
  NODE, 1138,    0,    0,   35.543465,  59.098747,
  NODE, 1139,    0,    0,   35.000000,  60.000000,
  NODE, 1140,    0,    0,   37.000000,  60.000000,
  NODE, 1141,    0,    0,   36.639095,  59.095062,
  NODE, 1142,    0,    0,   36.182560,  58.193810,
  NODE, 1143,    0,    0,   20.635437,   6.411334,
  NODE, 1144,    0,    0,   21.321713,   4.554050,
  NODE, 1145,    0,    0,   20.641823,   3.767509,
  NODE, 1146,    0,    0,    3.448614,  27.008427,
  NODE, 1147,    0,    0,    2.581646,  27.508745,
  NODE, 1148,    0,    0,    2.583690,  26.515015,
  NODE, 1149,    0,    0,    7.003484,  21.538437,
  NODE, 1150,    0,    0,    8.110681,  20.975292,
  NODE, 1151,    0,    0,    7.873276,  22.106201,
  NODE, 1152,    0,    0,   19.783529,   2.934609,
  NODE, 1153,    0,    0,   24.909481,   3.477328,
  NODE, 1154,    0,    0,    1.723478,  28.007769,
  NODE, 1155,    1,    0,    0.000000,  25.000000,
  NODE, 1156,    0,    0,    0.880158,  24.512932,
  NODE, 1157,    0,    1,   35.000000,   0.000000,
  NODE, 1158,    0,    0,   35.499138,   0.909263,
  NODE, 1159,    0,    0,   16.494614,  53.927723,
  NODE, 1160,    0,    0,   16.000519,  54.791813,
  NODE, 1161,    0,    0,   15.495829,  53.918533,
  NODE, 1162,    0,    0,    3.464223,  46.999786,
  NODE, 1163,    0,    0,    2.598097,  46.499954,
  NODE, 1164,    0,    0,   37.403915,  31.499878,
  NODE, 1165,    0,    0,   37.403820,  32.499870,
  NODE, 1166,    0,    0,   34.811203,  27.999596,
  NODE, 1167,    0,    0,   35.675720,  27.499794,
  NODE, 1168,    0,    0,   35.675278,  28.499710,
  NODE, 1169,    0,    0,   37.404850,  23.499966,
  NODE, 1170,    0,    0,   18.297833,  12.858149,
  NODE, 1171,    0,    0,   37.405052,  15.500027,
  NODE, 1172,    0,    0,   37.405098,  16.500019,
  NODE, 1173,    0,    0,   20.920979,   9.960438,
  NODE, 1174,    0,    0,   19.972881,  10.096013,
  NODE, 1175,    0,    0,   20.436321,   9.108903,
  NODE, 1176,    0,    0,    1.935293,  23.891899,
  NODE, 1177,    0,    0,    1.055135,  23.378967,
  NODE, 1178,    0,    0,    3.916496,  22.015709,
  NODE, 1179,    0,    0,    4.790942,  21.889898,
  NODE, 1180,    0,    0,    2.598096,  45.499954,
  NODE, 1181,    0,    0,    9.469125,  57.344917,
  NODE, 1182,    0,    0,    8.493601,  57.342995,
  NODE, 1183,    0,    0,    8.960842,  56.454147,
  NODE, 1184,    0,    0,    3.660844,  59.184975,
  NODE, 1185,    0,    0,    4.168634,  58.294510,
  NODE, 1186,    0,    0,    3.000000,  60.000000,
  NODE, 1187,    0,    0,   33.949638,  12.501129,
  NODE, 1188,    0,    0,   33.949616,  13.501186,
  NODE, 1189,    0,    0,   33.087128,  13.001293,
  NODE, 1190,    0,    0,   25.466126,   4.307351,
  NODE, 1191,    0,    0,   25.983185,   5.155618,
  NODE, 1192,    0,    0,   37.404335,  11.500285,
  NODE, 1193,    0,    0,   36.538139,  11.000986,
  NODE, 1194,    0,    0,   31.004240,   3.578925,
  NODE, 1195,    0,    0,   30.503153,   2.643134,
  NODE, 1196,    0,    0,   36.341339,   0.823913,
  NODE, 1197,    0,    0,   37.202362,   3.221390,
  NODE, 1198,    0,    0,   37.204876,   4.314505,
  NODE, 1199,    0,    0,   28.006786,  54.781685,
  NODE, 1200,    0,    0,   28.505129,  55.651177,
  NODE, 1201,    0,    0,   27.502115,  55.664162,
  NODE, 1202,    0,    0,   36.520504,  51.008373,
  NODE, 1203,    0,    0,   37.385128,  51.508164,
  NODE, 1204,    0,    0,    3.464057,  40.999985,
  NODE, 1205,    0,    0,    2.598054,  41.499992,
  NODE, 1206,    0,    0,    2.598035,  40.499985,
  NODE, 1207,    0,    0,    3.463993,  38.999962,
  NODE, 1208,    0,    0,    2.598023,  39.499985,
  NODE, 1209,    0,    0,    2.597978,  38.499970,
  NODE, 1210,    0,    0,    3.463840,  36.999916,
  NODE, 1211,    0,    0,    2.597948,  37.499970,
  NODE, 1212,    0,    0,    2.597841,  36.499931,
  NODE, 1213,    0,    0,    3.463434,  34.999790,
  NODE, 1214,    0,    0,    2.597772,  35.499924,
  NODE, 1215,    0,    0,    2.597472,  34.499832,
  NODE, 1216,    0,    0,    3.462571,  32.999737,
  NODE, 1217,    0,    0,    2.597315,  33.499825,
  NODE, 1218,    0,    0,    2.596752,  32.499863,
  NODE, 1219,    0,    0,    3.461014,  30.999756,
  NODE, 1220,    0,    0,    2.596484,  31.499920,
  NODE, 1221,    0,    0,    2.595490,  30.499901,
  NODE, 1222,    0,    0,   37.403038,  35.499802,
  NODE, 1223,    0,    0,   37.402916,  36.499794,
  NODE, 1224,    0,    0,   34.810165,  29.999424,
  NODE, 1225,    0,    0,   35.674980,  29.499695,
  NODE, 1226,    0,    0,   35.674385,  30.499607,
  NODE, 1227,    0,    0,   36.539825,  26.999928,
  NODE, 1228,    0,    0,   37.404564,  27.499949,
  NODE, 1229,    0,    0,   15.555826,  17.162186,
  NODE, 1230,    0,    0,   14.602298,  16.958435,
  NODE, 1231,    0,    0,   15.441080,  16.188152,
  NODE, 1232,    0,    0,   34.813210,  16.000179,
  NODE, 1233,    0,    0,   35.676773,  15.500193,
  NODE, 1234,    0,    0,   35.676994,  16.500032,
  NODE, 1235,    0,    0,   36.540337,  15.000110,
  NODE, 1236,    0,    0,   36.540676,  17.000008,
  NODE, 1237,    0,    0,   37.405212,  17.499981,
  NODE, 1238,    0,    0,    2.598073,  44.499989,
  NODE, 1239,    0,    0,   16.000000,  58.267952,
  NODE, 1240,    0,    0,   16.500000,  59.133976,
  NODE, 1241,    0,    0,   15.500000,  59.133976,
  NODE, 1242,    0,    0,    3.464122,  44.999947,
  NODE, 1243,    0,    0,   22.500002,  57.401917,
  NODE, 1244,    0,    0,   28.998505,  53.022598,
  NODE, 1245,    0,    0,   29.499962,  53.885849,
  NODE, 1246,    0,    0,   28.508343,  53.905449,
  NODE, 1247,    0,    0,   17.000000,  60.000000,
  NODE, 1248,    0,    0,   25.000084,  56.535492,
  NODE, 1249,    0,    0,   21.500002,  57.401917,
  NODE, 1250,    0,    0,   35.670658,  39.499588,
  NODE, 1251,    0,    0,   35.670334,  40.499748,
  NODE, 1252,    0,    0,   34.807663,  33.999161,
  NODE, 1253,    0,    0,   35.673149,  33.499474,
  NODE, 1254,    0,    0,   35.672527,  34.499435,
  NODE, 1255,    0,    0,   32.042271,  54.531014,
  NODE, 1256,    0,    0,   31.499355,  55.570122,
  NODE, 1257,    0,    0,   15.000000,  60.000000,
  NODE, 1258,    0,    0,   14.500000,  59.133976,
  NODE, 1259,    0,    0,    6.091403,  52.562241,
  NODE, 1260,    0,    0,    5.203472,  52.017075,
  NODE, 1261,    0,    0,    6.090745,  51.555336,
  NODE, 1262,    0,    0,    7.000000,  60.000000,
  NODE, 1263,    0,    0,    6.499621,  59.111549,
  NODE, 1264,    0,    0,    4.362359,  53.524292,
  NODE, 1265,    0,    0,    4.339531,  52.508976,
  NODE, 1266,    0,    0,    7.492280,  57.337662,
  NODE, 1267,    0,    0,    6.491763,  57.311325,
  NODE, 1268,    0,    0,    6.984800,  56.425888,
  NODE, 1269,    0,    0,    4.309333,  54.423714,
  NODE, 1270,    0,    0,    5.151105,  53.923401,
  NODE, 1271,    0,    0,   35.676117,  13.500598,
  NODE, 1272,    0,    0,   35.676548,  14.500257,
  NODE, 1273,    0,    0,   34.812553,  14.000681,
  NODE, 1274,    1,    0,    0.000000,  23.000000,
  NODE, 1275,    0,    0,    3.231913,  22.775002,
  NODE, 1276,    0,    0,   29.499371,   2.628703,
  NODE, 1277,    0,    0,   28.995070,   3.497876,
  NODE, 1278,    0,    0,   30.476215,   4.432011,
  NODE, 1279,    0,    0,   31.482460,   4.490104,
  NODE, 1280,    0,    0,   38.283279,  55.838837,
  NODE, 1281,    0,    0,   39.177391,  56.340195,
  NODE, 1282,    0,    0,   40.000000,  57.000000,
  NODE, 1283,    0,    0,    6.928844,  45.000694,
  NODE, 1284,    0,    0,    6.062765,  45.500626,
  NODE, 1285,    0,    0,    6.062333,  44.500145,
  NODE, 1286,    0,    0,    6.928286,  43.000099,
  NODE, 1287,    0,    0,    6.062278,  43.500107,
  NODE, 1288,    0,    0,    6.062151,  42.499985,
  NODE, 1289,    0,    0,    6.928067,  40.999905,
  NODE, 1290,    0,    0,    6.062117,  41.499970,
  NODE, 1291,    0,    0,    6.062025,  40.499893,
  NODE, 1292,    0,    0,   33.938370,  41.499596,
  NODE, 1293,    0,    0,   33.072762,  40.999226,
  NODE, 1294,    0,    0,    6.925654,  34.998398,
  NODE, 1295,    0,    0,    6.060756,  35.499039,
  NODE, 1296,    0,    0,    6.059738,  34.498642,
  NODE, 1297,    0,    0,    2.595126,  29.499970,
  NODE, 1298,    0,    0,    5.194005,  33.999153,
  NODE, 1299,    0,    0,    4.328987,  34.499489,
  NODE, 1300,    0,    0,    4.328152,  33.499359,
  NODE, 1301,    0,    0,    2.588402,  28.501181,
  NODE, 1302,    0,    0,    9.092363,  20.533875,
  NODE, 1303,    0,    0,   36.537720,  34.999703,
  NODE, 1304,    0,    0,   36.537106,  36.999687,
  NODE, 1305,    0,    0,   36.538971,  30.999826,
  NODE, 1306,    0,    0,   36.538376,  32.999764,
  NODE, 1307,    0,    0,    6.060895,  30.511168,
  NODE, 1308,    0,    0,    5.189787,  30.001930,
  NODE, 1309,    0,    0,    6.060619,  29.514637,
  NODE, 1310,    0,    0,   17.635620,  17.507595,
  NODE, 1311,    0,    0,   16.584024,  17.381733,
  NODE, 1312,    0,    0,   17.446205,  16.517765,
  NODE, 1313,    0,    0,   36.540230,  22.999941,
  NODE, 1314,    0,    0,   35.676735,  21.499870,
  NODE, 1315,    0,    0,   35.676449,  22.499868,
  NODE, 1316,    0,    0,   34.812988,  21.999796,
  NODE, 1317,    0,    0,   34.814781,   9.997368,
  NODE, 1318,    0,    0,   35.674866,  10.500607,
  NODE, 1319,    0,    0,   33.555592,   4.675210,
  NODE, 1320,    0,    0,   34.480236,   4.441495,
  NODE, 1321,    0,    0,   33.999313,   5.449453,
  NODE, 1322,    0,    0,   36.502564,   6.995545,
  NODE, 1323,    0,    1,   37.000000,   0.000000,
  NODE, 1324,    0,    0,   29.997601,  54.731850,
  NODE, 1325,    0,    0,   30.494114,  55.608521,
  NODE, 1326,    0,    0,   29.506313,  55.645374,
  NODE, 1327,    0,    0,   27.000305,  56.534397,
  NODE, 1328,    0,    0,   34.032005,  54.585098,
  NODE, 1329,    0,    0,   33.964806,  53.710804,
  NODE, 1330,    0,    0,   34.897671,  53.928871,
  NODE, 1331,    0,    0,   34.575554,  57.293350,
  NODE, 1332,    0,    0,   33.535332,  57.321079,
  NODE, 1333,    0,    0,   32.509895,  57.349106,
  NODE, 1334,    0,    0,   35.653435,  55.495113,
  NODE, 1335,    0,    0,   35.203091,  56.288132,
  NODE, 1336,    0,    0,   34.514526,  55.596184,
  NODE, 1337,    0,    0,   20.839903,   8.160554,
  NODE, 1338,    0,    0,   10.087091,  19.993385,
  NODE, 1339,    0,    0,   17.621677,  13.775242,
  NODE, 1340,    0,    0,   33.949230,  24.499584,
  NODE, 1341,    0,    0,   33.948669,  25.499472,
  NODE, 1342,    0,    0,   33.085815,  24.999266,
  NODE, 1343,    0,    0,   18.594173,  13.784718,
  NODE, 1344,    0,    0,   33.087917,  18.999691,
  NODE, 1345,    0,    0,   33.950699,  18.499825,
  NODE, 1346,    0,    0,   33.950592,  19.499722,
  NODE, 1347,    0,    0,   21.574390,   6.276936,
  NODE, 1348,    0,    0,   21.969219,   5.366312,
  NODE, 1349,    0,    0,   22.568123,   6.168358,
  NODE, 1350,    0,    0,   33.950043,  14.500845,
  NODE, 1351,    0,    0,   32.217236,  30.497433,
  NODE, 1352,    0,    0,   33.080757,  30.998295,
  NODE, 1353,    0,    0,   32.216133,  31.497318,
  NODE, 1354,    0,    0,   33.947289,  28.499142,
  NODE, 1355,    0,    0,   33.946312,  29.498961,
  NODE, 1356,    0,    0,   33.082836,  28.998592,
  NODE, 1357,    0,    0,   27.901257,  29.989950,
  NODE, 1358,    0,    0,   28.765953,  29.492098,
  NODE, 1359,    0,    0,   28.762800,  30.491640,
  NODE, 1360,    0,    0,    9.975202,  21.002571,
  NODE, 1361,    0,    0,   20.723354,  13.782642,
  NODE, 1362,    0,    0,   19.655125,  13.816887,
  NODE, 1363,    0,    0,   20.338560,  12.833380,
  NODE, 1364,    0,    0,   29.632649,  15.000917,
  NODE, 1365,    0,    0,   30.494930,  14.501102,
  NODE, 1366,    0,    0,   30.501471,  15.500882,
  NODE, 1367,    0,    0,    4.887618,  56.355080,
  NODE, 1368,    0,    0,    4.444516,  55.566715,
  NODE, 1369,    0,    0,    5.541182,  55.611183,
  NODE, 1370,    0,    0,    3.556320,  57.340279,
  NODE, 1371,    0,    0,   35.714462,  57.192280,
  NODE, 1372,    0,    0,   36.348091,   4.856006,
  NODE, 1373,    0,    0,   35.124474,   3.695452,
  NODE, 1374,    0,    0,   35.568199,   4.469696,
  NODE, 1375,    0,    0,   22.315445,   4.445473,
  NODE, 1376,    0,    0,   22.766262,   3.563946,
  NODE, 1377,    0,    0,   23.413767,   4.376207,
  NODE, 1378,    0,    0,   21.234343,   7.213381,
  NODE, 1379,    0,    0,    2.751132,  23.515621,
  NODE, 1380,    0,    0,    3.872774,  23.532688,
  NODE, 1381,    0,    0,    5.997204,  21.828537,
  NODE, 1382,    0,    0,   34.517395,   2.742889,
  NODE, 1383,    0,    0,   35.651482,   6.491983,
  NODE, 1384,    0,    0,   35.670303,   7.499170,
  NODE, 1385,    0,    0,    3.453294,  29.000946,
  NODE, 1386,    0,    0,    2.605487,  25.520279,
  NODE, 1387,    0,    0,   18.500000,  57.401924,
  NODE, 1388,    0,    0,   17.500000,  57.401924,
  NODE, 1389,    0,    0,   31.415119,  52.129143,
  NODE, 1390,    0,    0,   30.832081,  53.035782,
  NODE, 1391,    0,    0,   30.573162,  52.096367,
  NODE, 1392,    0,    0,    6.007411,  58.221085,
  NODE, 1393,    0,    0,    4.403266,  57.264843,
  NODE, 1394,    0,    0,   13.500108,  59.133450,
  NODE, 1395,    0,    0,   13.000000,  60.000000,
  NODE, 1396,    0,    0,   12.500108,  59.133450,
  NODE, 1397,    0,    0,    5.200449,  50.006329,
  NODE, 1398,    0,    0,    4.333762,  50.504574,
  NODE, 1399,    0,    0,    4.331396,  49.500736,
  NODE, 1400,    0,    0,   11.500645,  59.130817,
  NODE, 1401,    0,    0,   11.000000,  60.000000,
  NODE, 1402,    0,    0,   10.468828,  57.358849,
  NODE, 1403,    0,    0,    6.048448,  54.612320,
  NODE, 1404,    0,    0,    6.101473,  53.712898,
  NODE, 1405,    0,    0,    6.491549,  55.400681,
  NODE, 1406,    0,    0,    7.492067,  55.427021,
  NODE, 1407,    0,    0,   35.659508,  53.536270,
  NODE, 1408,    0,    0,   35.726708,  54.410561,
  NODE, 1409,    0,    0,   16.499435,  57.400955,
  NODE, 1410,    0,    0,   15.499435,  57.400955,
  NODE, 1411,    0,    0,   15.500303,  55.658295,
  NODE, 1412,    0,    0,   14.991571,  56.520474,
  NODE, 1413,    0,    0,   14.493004,  55.644806,
  NODE, 1414,    0,    0,   14.000108,  58.267426,
  NODE, 1415,    0,    0,   12.000753,  58.264267,
  NODE, 1416,    0,    0,   26.501965,  55.664902,
  NODE, 1417,    0,    0,   31.329720,  53.881775,
  NODE, 1418,    0,    0,   25.500584,  55.668388,
  NODE, 1419,    0,    0,   24.500511,  55.668739,
  NODE, 1420,    0,    0,   30.487763,  53.848999,
  NODE, 1421,    0,    0,   26.002392,  54.798153,
  NODE, 1422,    0,    0,   32.209690,  49.537140,
  NODE, 1423,    0,    0,   32.106819,  50.620071,
  NODE, 1424,    0,    0,   31.259071,  50.106796,
  NODE, 1425,    0,    0,   35.665505,  51.521919,
  NODE, 1426,    0,    0,   35.668884,  52.534912,
  NODE, 1427,    0,    0,   34.827095,  52.041588,
  NODE, 1428,    0,    0,   21.500027,  55.669815,
  NODE, 1429,    0,    0,   21.000004,  56.535889,
  NODE, 1430,    0,    0,   20.500027,  55.669823,
  NODE, 1431,    0,    0,   27.005138,  53.052406,
  NODE, 1432,    0,    0,   27.505329,  53.918434,
  NODE, 1433,    0,    0,   26.503582,  53.928642,
  NODE, 1434,    0,    0,    4.338873,  51.502068,
  NODE, 1435,    0,    0,    4.331192,  48.501076,
  NODE, 1436,    0,    0,    8.806223,  52.130653,
  NODE, 1437,    0,    0,    7.908033,  52.636887,
  NODE, 1438,    0,    0,    7.876865,  51.594269,
  NODE, 1439,    0,    0,   33.940575,  50.539505,
  NODE, 1440,    0,    0,   33.974213,  51.570358,
  NODE, 1441,    0,    0,   33.091080,  51.081268,
  NODE, 1442,    0,    0,    4.330472,  47.500069,
  NODE, 1443,    0,    0,    4.330394,  46.500198,
  NODE, 1444,    0,    0,    5.197363,  48.001488,
  NODE, 1445,    0,    0,    4.330200,  45.499992,
  NODE, 1446,    0,    0,    4.330177,  44.500023,
  NODE, 1447,    0,    0,   19.500002,  55.669872,
  NODE, 1448,    0,    0,   19.000000,  56.535896,
  NODE, 1449,    0,    0,   18.500000,  55.669876,
  NODE, 1450,    0,    0,    5.195815,  37.999817,
  NODE, 1451,    0,    0,    4.329950,  38.499924,
  NODE, 1452,    0,    0,    4.329813,  37.499847,
  NODE, 1453,    0,    0,    5.196448,  46.000275,
  NODE, 1454,    0,    0,    4.330122,  43.499985,
  NODE, 1455,    0,    0,    4.330110,  42.499992,
  NODE, 1456,    0,    0,   29.514347,  52.157829,
  NODE, 1457,    0,    0,   28.522730,  52.177429,
  NODE, 1458,    0,    0,    5.196198,  44.000031,
  NODE, 1459,    0,    0,    4.330075,  41.499973,
  NODE, 1460,    0,    0,    4.330056,  40.499970,
  NODE, 1461,    0,    0,   33.938698,  46.501633,
  NODE, 1462,    0,    0,   33.938149,  47.504688,
  NODE, 1463,    0,    0,   33.071606,  47.004326,
  NODE, 1464,    0,    0,    5.196109,  41.999977,
  NODE, 1465,    0,    0,    4.329996,  39.499935,
  NODE, 1466,    0,    0,   33.938133,  44.500271,
  NODE, 1467,    0,    0,   33.938156,  45.500851,
  NODE, 1468,    0,    0,   33.072128,  45.000687,
  NODE, 1469,    0,    0,    5.196014,  39.999924,
  NODE, 1470,    0,    0,    4.329705,  36.499809,
  NODE, 1471,    0,    0,   33.938217,  42.499756,
  NODE, 1472,    0,    0,   33.938080,  43.500046,
  NODE, 1473,    0,    0,   33.072243,  42.999817,
  NODE, 1474,    0,    0,   35.677113,  17.499992,
  NODE, 1475,    0,    0,   35.677082,  18.499912,
  NODE, 1476,    0,    0,   35.676949,  19.499897,
  NODE, 1477,    0,    0,   27.889353,  13.954606,
  NODE, 1478,    0,    0,   28.756693,  13.462065,
  NODE, 1479,    0,    0,   28.758768,  14.493679,
  NODE, 1480,    0,    0,   34.813324,  19.999826,
  NODE, 1481,    0,    0,   33.950542,  20.499691,
  NODE, 1482,    0,    0,   34.813400,  17.999937,
  NODE, 1483,    0,    0,   35.676903,  20.499870,
  NODE, 1484,    0,    0,   33.948448,  26.499416,
  NODE, 1485,    0,    0,   33.947731,  27.499226,
  NODE, 1486,    0,    0,   33.084534,  26.998962,
  NODE, 1487,    0,    0,    4.329287,  35.499580,
  NODE, 1488,    0,    0,   33.940086,  37.498795,
  NODE, 1489,    0,    0,   34.805485,  37.999245,
  NODE, 1490,    0,    0,   33.939617,  38.498901,
  NODE, 1491,    0,    0,   33.949539,  23.499586,
  NODE, 1492,    0,    0,   12.885981,  20.305908,
  NODE, 1493,    0,    0,   13.885423,  19.628643,
  NODE, 1494,    0,    0,   13.891243,  20.653526,
  NODE, 1495,    0,    0,   33.945717,  30.498875,
  NODE, 1496,    0,    0,   33.944614,  31.498760,
  NODE, 1497,    0,    0,   35.672234,  35.499390,
  NODE, 1498,    0,    0,   33.943970,  32.498688,
  NODE, 1499,    0,    0,   33.942905,  33.498657,
  NODE, 1500,    0,    0,   33.078590,  32.998150,
  NODE, 1501,    0,    0,    5.195258,  35.999512,
  NODE, 1502,    0,    0,   35.676285,  11.500116,
  NODE, 1503,    0,    0,   35.675842,  12.500759,
  NODE, 1504,    0,    0,   34.812569,  12.000380,
  NODE, 1505,    0,    0,   33.072495,   8.930798,
  NODE, 1506,    0,    0,   33.956177,   8.451646,
  NODE, 1507,    0,    0,   33.932869,   9.474153,
  NODE, 1508,    0,    0,   35.671688,  36.499397,
  NODE, 1509,    0,    0,   35.671372,  37.499428,
  NODE, 1510,    0,    0,   33.942284,  34.498619,
  NODE, 1511,    0,    0,   33.941353,  35.498669,
  NODE, 1512,    0,    0,   33.076592,  34.998169,
  NODE, 1513,    0,    0,    6.927815,  38.999706,
  NODE, 1514,    0,    0,    6.061965,  39.499863,
  NODE, 1515,    0,    0,    6.061804,  38.499737,
  NODE, 1516,    0,    0,   35.670902,  38.499535,
  NODE, 1517,    0,    0,   28.966946,   6.960563,
  NODE, 1518,    0,    0,   28.494801,   6.080382,
  NODE, 1519,    0,    0,   29.467339,   6.117300,
  NODE, 1520,    0,    0,   30.786600,   6.975139,
  NODE, 1521,    0,    0,   30.446960,   6.170335,
  NODE, 1522,    0,    0,   31.294075,   6.147993,
  NODE, 1523,    0,    0,   34.817886,   7.995305,
  NODE, 1524,    0,    0,    4.325041,  30.499100,
  NODE, 1525,    0,    0,    8.657541,  35.997665,
  NODE, 1526,    0,    0,    7.792649,  36.498566,
  NODE, 1527,    0,    0,    7.791564,  35.497887,
  NODE, 1528,    0,    0,   34.806496,  35.999130,
  NODE, 1529,    0,    0,   27.013002,  11.215023,
  NODE, 1530,    0,    0,   27.916506,  11.774675,
  NODE, 1531,    0,    0,   26.983774,  12.363339,
  NODE, 1532,    0,    0,    4.324765,  29.502569,
  NODE, 1533,    0,    0,    6.922651,  32.997295,
  NODE, 1534,    0,    0,    6.058903,  33.498512,
  NODE, 1535,    0,    0,    6.056917,  32.497803,
  NODE, 1536,    0,    0,   27.491453,   6.040077,
  NODE, 1537,    0,    0,   29.496594,   4.378976,
  NODE, 1538,    0,    0,   24.665310,   7.769605,
  NODE, 1539,    0,    0,   25.086815,   6.896269,
  NODE, 1540,    0,    0,   25.631340,   7.726513,
  NODE, 1541,    0,    0,   24.421230,   4.324703,
  NODE, 1542,    0,    0,   35.703850,   5.602049,
  NODE, 1543,    0,    0,    3.421326,  25.144001,
  NODE, 1544,    0,    0,    2.576154,  24.649586,
  NODE, 1545,    0,    0,    5.298998,  25.913117,
  NODE, 1546,    0,    0,    4.339803,  26.518120,
  NODE, 1547,    0,    0,    4.409853,  25.409691,
  NODE, 1548,    0,    0,   21.778856,   8.026155,
  NODE, 1549,    0,    0,   23.541866,   6.098547,
  NODE, 1550,    0,    0,   23.970413,   5.206230,
  NODE, 1551,    0,    0,   24.549330,   6.047043,
  NODE, 1552,    0,    0,   34.871590,   6.105674,
  NODE, 1553,    0,    0,   33.946945,   6.339388,
  NODE, 1554,    0,    0,   25.515362,   6.003952,
  NODE, 1555,    0,    0,   26.520672,   6.004843,
  NODE, 1556,    0,    0,    8.873146,  54.078354,
  NODE, 1557,    0,    0,    9.812004,  53.803539,
  NODE, 1558,    0,    0,    9.847760,  54.708618,
  NODE, 1559,    0,    0,   10.361492,  55.444935,
  NODE, 1560,    0,    0,    9.422633,  55.719750,
  NODE, 1561,    0,    0,   32.542576,   4.660093,
  NODE, 1562,    0,    0,   33.957512,   7.451950,
  NODE, 1563,    0,    0,   33.931103,  10.476521,
  NODE, 1564,    0,    0,   33.950081,  11.500486,
  NODE, 1565,    0,    0,   33.068169,  10.977270,
  NODE, 1566,    0,    0,   23.722750,   7.844776,
  NODE, 1567,    0,    0,   22.749004,   7.914586,
  NODE, 1568,    0,    0,   23.147041,   7.009171,
  NODE, 1569,    0,    0,    5.559817,  22.730707,
  NODE, 1570,    0,    0,   10.924431,  21.466295,
  NODE, 1571,    0,    0,   11.930866,  20.896435,
  NODE, 1572,    0,    0,   11.885366,  21.900650,
  NODE, 1573,    0,    0,   29.974814,   5.290155,
  NODE, 1574,    0,    0,   32.014553,   5.513179,
  NODE, 1575,    0,    0,   33.950619,  15.500379,
  NODE, 1576,    0,    0,   33.950844,  16.500217,
  NODE, 1577,    0,    0,   21.945900,   9.879013,
  NODE, 1578,    0,    0,   22.354565,   8.861759,
  NODE, 1579,    0,    0,   22.916050,   9.767445,
  NODE, 1580,    0,    0,   26.063904,  12.879189,
  NODE, 1581,    0,    0,   24.969198,  13.393900,
  NODE, 1582,    0,    0,   24.985565,  12.318398,
  NODE, 1583,    0,    0,    6.927163,  36.999184,
  NODE, 1584,    0,    0,    6.061666,  37.499661,
  NODE, 1585,    0,    0,    6.061175,  36.499268,
  NODE, 1586,    0,    0,   33.940807,  36.498680,
  NODE, 1587,    0,    0,   32.213463,  33.497189,
  NODE, 1588,    0,    0,   32.211941,  34.497360,
  NODE, 1589,    0,    0,   31.347878,  33.996429,
  NODE, 1590,    0,    0,    7.789525,  31.505543,
  NODE, 1591,    0,    0,    6.926196,  31.010231,
  NODE, 1592,    0,    0,    7.795056,  30.519186,
  NODE, 1593,    0,    0,   32.218910,  29.497662,
  NODE, 1594,    0,    0,   31.354286,  29.996685,
  NODE, 1595,    0,    0,   19.268860,  15.704887,
  NODE, 1596,    0,    0,   18.207909,  15.672718,
  NODE, 1597,    0,    0,   18.978970,  14.733980,
  NODE, 1598,    0,    0,   33.950729,  17.499908,
  NODE, 1599,    0,    0,   33.950352,  21.499634,
  NODE, 1600,    0,    0,   33.950066,  22.499630,
  NODE, 1601,    0,    0,   20.488663,  15.841749,
  NODE, 1602,    0,    0,   21.151028,  14.782032,
  NODE, 1603,    0,    0,   21.599770,  15.857632,
  NODE, 1604,    0,    0,   15.832063,  19.173912,
  NODE, 1605,    0,    0,   14.803864,  18.954365,
  NODE, 1606,    0,    0,   15.745243,  18.152016,
  NODE, 1607,    0,    0,   30.495384,  27.496315,
  NODE, 1608,    0,    0,   30.493984,  28.495930,
  NODE, 1609,    0,    0,   21.500198,  52.205372,
  NODE, 1610,    0,    0,   21.000153,  53.071480,
  NODE, 1611,    0,    0,   20.500069,  52.205658,
  NODE, 1612,    0,    0,   24.000622,  54.802506,
  NODE, 1613,    0,    0,   16.999435,  56.534931,
  NODE, 1614,    0,    0,   14.492136,  57.387466,
  NODE, 1615,    0,    0,   13.492243,  57.386940,
  NODE, 1616,    0,    0,    5.499931,  57.309311,
  NODE, 1617,    0,    0,   10.945204,  56.451469,
  NODE, 1618,    0,    0,   11.477667,  57.354256,
  NODE, 1619,    0,    0,   33.087677,  15.000884,
  NODE, 1620,    0,    0,   33.088139,  17.000107,
  NODE, 1621,    0,    0,   12.477129,  57.356888,
  NODE, 1622,    0,    0,    6.988746,  53.251160,
  NODE, 1623,    0,    0,    4.380521,  24.538996,
  NODE, 1624,    0,    0,    4.861302,  23.798378,
  NODE, 1625,    0,    0,    6.073884,  50.516876,
  NODE, 1626,    0,    0,   11.674821,  51.670815,
  NODE, 1627,    0,    0,   10.619123,  51.127941,
  NODE, 1628,    0,    0,   11.645517,  50.619614,
  NODE, 1629,    0,    0,   25.502201,  53.932129,
  NODE, 1630,    0,    0,   24.501047,  53.935478,
  NODE, 1631,    0,    0,   23.500658,  53.936344,
  NODE, 1632,    0,    0,   30.523567,  50.515144,
  NODE, 1633,    0,    0,   30.097387,  51.251194,
  NODE, 1634,    0,    0,   29.464752,  50.576611,
  NODE, 1635,    0,    0,   22.500259,  53.937283,
  NODE, 1636,    0,    0,   22.000141,  54.803558,
  NODE, 1637,    0,    0,   21.500168,  53.937473,
  NODE, 1638,    0,    0,   28.628809,  50.443829,
  NODE, 1639,    0,    0,   28.052097,  51.305649,
  NODE, 1640,    0,    0,   27.642334,  50.436817,
  NODE, 1641,    0,    0,   17.499653,  55.668449,
  NODE, 1642,    0,    0,   16.499086,  55.667481,
  NODE, 1643,    0,    0,    6.930977,  47.003288,
  NODE, 1644,    0,    0,    6.064661,  47.502941,
  NODE, 1645,    0,    0,    6.062959,  46.500828,
  NODE, 1646,    0,    0,    6.961815,  51.062042,
  NODE, 1647,    0,    0,   33.977596,  52.583351,
  NODE, 1648,    0,    0,    7.953858,  54.692627,
  NODE, 1649,    0,    0,    7.918103,  53.787544,
  NODE, 1650,    0,    0,    8.694270,  48.019142,
  NODE, 1651,    0,    0,    7.822958,  48.517796,
  NODE, 1652,    0,    0,    7.803991,  47.506748,
  NODE, 1653,    0,    0,   12.969156,  56.476929,
  NODE, 1654,    0,    0,   33.940491,  48.507752,
  NODE, 1655,    0,    0,   33.933685,  49.529266,
  NODE, 1656,    0,    0,   33.064247,  49.028896,
  NODE, 1657,    0,    0,   20.000027,  54.803799,
  NODE, 1658,    0,    0,   14.591661,  48.531891,
  NODE, 1659,    0,    0,   13.810712,  48.600277,
  NODE, 1660,    0,    0,   14.269574,  47.737862,
  NODE, 1661,    0,    0,   32.223084,  25.498749,
  NODE, 1662,    0,    0,   32.222008,  26.498419,
  NODE, 1663,    0,    0,   31.359839,  25.998015,
  NODE, 1664,    0,    0,   33.086903,  22.999424,
  NODE, 1665,    0,    0,   27.536255,  52.170418,
  NODE, 1666,    0,    0,   32.205956,  45.509724,
  NODE, 1667,    0,    0,   32.212673,  46.517174,
  NODE, 1668,    0,    0,   31.346476,  46.025635,
  NODE, 1669,    0,    0,   27.841698,  48.524612,
  NODE, 1670,    0,    0,   27.187866,  49.543049,
  NODE, 1671,    0,    0,   26.810516,  48.492661,
  NODE, 1672,    0,    0,   32.205994,  43.502323,
  NODE, 1673,    0,    0,   32.205933,  44.509144,
  NODE, 1674,    0,    0,   31.339817,  44.011360,
  NODE, 1675,    0,    0,    8.662420,  44.001129,
  NODE, 1676,    0,    0,    7.796144,  44.501068,
  NODE, 1677,    0,    0,    7.794689,  43.500282,
  NODE, 1678,    0,    0,   33.073677,  38.998688,
  NODE, 1679,    0,    0,    8.660563,  42.000099,
  NODE, 1680,    0,    0,    7.794561,  42.500160,
  NODE, 1681,    0,    0,    7.794159,  41.499916,
  NODE, 1682,    0,    0,   29.642361,  18.998903,
  NODE, 1683,    0,    0,   30.503466,  18.499340,
  NODE, 1684,    0,    0,   30.503353,  19.498903,
  NODE, 1685,    0,    0,   33.087620,  20.999527,
  NODE, 1686,    0,    0,    8.659923,  39.999657,
  NODE, 1687,    0,    0,    7.794068,  40.499844,
  NODE, 1688,    0,    0,    7.793830,  39.499641,
  NODE, 1689,    0,    0,    8.659156,  37.998901,
  NODE, 1690,    0,    0,    7.793670,  38.499519,
  NODE, 1691,    0,    0,    7.793140,  37.498962,
  NODE, 1692,    0,    0,   33.085236,   6.795730,
  NODE, 1693,    0,    0,   31.345203,  35.996811,
  NODE, 1694,    0,    0,   32.211006,  35.497406,
  NODE, 1695,    0,    0,   32.209858,  36.497620,
  NODE, 1696,    0,    0,   33.074940,  36.998337,
  NODE, 1697,    0,    0,    6.055364,  31.497524,
  NODE, 1698,    0,    0,   30.482422,  34.495216,
  NODE, 1699,    0,    0,   30.480555,  35.495701,
  NODE, 1700,    0,    0,   29.616623,  34.994324,
  NODE, 1701,    0,    0,   28.478371,   7.824662,
  NODE, 1702,    0,    0,   29.450907,   7.861580,
  NODE, 1703,    0,    0,   30.449923,   9.541664,
  NODE, 1704,    0,    0,   31.216290,   9.919726,
  NODE, 1705,    0,    0,   30.562017,  10.629540,
  NODE, 1706,    0,    0,   32.206665,  41.499649,
  NODE, 1707,    0,    0,   32.206131,  42.502033,
  NODE, 1708,    0,    0,   31.340414,  42.002155,
  NODE, 1709,    0,    0,   32.207047,  40.499348,
  NODE, 1710,    0,    0,    6.947837,  29.058012,
  NODE, 1711,    0,    0,    6.076729,  28.548775,
  NODE, 1712,    0,    0,   17.692967,  26.025810,
  NODE, 1713,    0,    0,   16.816649,  26.405689,
  NODE, 1714,    0,    0,   16.932434,  25.417030,
  NODE, 1715,    0,    0,   27.023628,   6.888411,
  NODE, 1716,    0,    0,    8.918491,  24.429810,
  NODE, 1717,    0,    0,    8.151573,  24.945931,
  NODE, 1718,    0,    0,    8.174891,  24.019440,
  NODE, 1719,    0,    0,   25.687759,   9.312014,
  NODE, 1720,    0,    0,   26.130306,   8.610710,
  NODE, 1721,    0,    0,   26.608234,   9.322874,
  NODE, 1722,    0,    0,   32.224564,  23.499043,
  NODE, 1723,    0,    0,   32.223648,  24.498861,
  NODE, 1724,    0,    0,   31.361834,  23.998528,
  NODE, 1725,    0,    0,   31.363285,  21.998869,
  NODE, 1726,    0,    0,   32.225624,  21.499249,
  NODE, 1727,    0,    0,   32.225090,  22.499088,
  NODE, 1728,    0,    0,   29.640831,  17.000019,
  NODE, 1729,    0,    0,   30.502111,  16.500385,
  NODE, 1730,    0,    0,   30.503754,  17.499706,
  NODE, 1731,    0,    0,   24.459944,  27.980362,
  NODE, 1732,    0,    0,   25.324070,  27.484318,
  NODE, 1733,    0,    0,   25.319336,  28.482588,
  NODE, 1734,    0,    0,   31.360809,  14.000801,
  NODE, 1735,    0,    0,   32.222488,  13.500942,
  NODE, 1736,    0,    0,   32.225430,  14.501209,
  NODE, 1737,    0,    0,   23.933266,   9.609808,
  NODE, 1738,    0,    0,   24.267273,   8.675020,
  NODE, 1739,    0,    0,   24.875824,   9.534637,
  NODE, 1740,    0,    0,   23.199122,  11.808903,
  NODE, 1741,    0,    0,   23.524601,  10.627062,
  NODE, 1742,    0,    0,   24.216335,  11.651267,
  NODE, 1743,    0,    0,    6.388511,  24.670122,
  NODE, 1744,    0,    0,    6.067564,  23.737015,
  NODE, 1745,    0,    0,    7.087026,  23.602451,
  NODE, 1746,    0,    0,    9.929702,  22.006783,
  NODE, 1747,    0,    0,    7.244943,  25.360710,
  NODE, 1748,    0,    0,    6.225481,  25.495274,
  NODE, 1749,    0,    0,    7.860004,  50.555809,
  NODE, 1750,    0,    0,   10.717523,  53.306473,
  NODE, 1751,    0,    0,    9.742908,  52.676209,
  NODE, 1752,    0,    0,   26.551815,   7.737373,
  NODE, 1753,    0,    0,   27.522595,   7.772607,
  NODE, 1754,    0,    0,   30.501192,  12.500119,
  NODE, 1755,    0,    0,   30.491989,  13.500835,
  NODE, 1756,    0,    0,   29.635311,  13.000422,
  NODE, 1757,    0,    0,   32.354195,   6.317983,
  NODE, 1758,    0,    0,   32.099999,   8.370071,
  NODE, 1759,    0,    0,   32.076691,   9.392578,
  NODE, 1760,    0,    0,    6.096447,  27.556849,
  NODE, 1761,    0,    0,   32.222511,  12.500885,
  NODE, 1762,    0,    0,   32.226002,  15.500743,
  NODE, 1763,    0,    0,   32.226643,  16.500244,
  NODE, 1764,    0,    0,   32.226528,  17.499935,
  NODE, 1765,    0,    0,   31.364393,  16.000570,
  NODE, 1766,    0,    0,   29.629751,  28.994366,
  NODE, 1767,    0,    0,   30.491730,  29.495352,
  NODE, 1768,    0,    0,   32.214531,  32.497219,
  NODE, 1769,    0,    0,   23.613316,  26.479998,
  NODE, 1770,    0,    0,   23.600975,  27.477203,
  NODE, 1771,    0,    0,   22.749613,  26.975109,
  NODE, 1772,    0,    0,   32.209137,  37.497738,
  NODE, 1773,    0,    0,   32.226242,  18.499569,
  NODE, 1774,    0,    0,   32.226135,  19.499462,
  NODE, 1775,    0,    0,   32.225815,  20.499308,
  NODE, 1776,    0,    0,   32.208279,  38.498192,
  NODE, 1777,    0,    0,   32.207741,  39.498428,
  NODE, 1778,    0,    0,   10.392674,  40.999672,
  NODE, 1779,    0,    0,    9.526770,  41.499912,
  NODE, 1780,    0,    0,    9.526064,  40.499619,
  NODE, 1781,    0,    0,   30.497248,  26.496952,
  NODE, 1782,    0,    0,   29.633869,  26.995581,
  NODE, 1783,    0,    0,   27.920651,  19.997025,
  NODE, 1784,    0,    0,   28.781422,  19.497929,
  NODE, 1785,    0,    0,   28.781475,  20.497562,
  NODE, 1786,    0,    0,   31.364746,  17.999706,
  NODE, 1787,    0,    0,   29.625141,  30.993624,
  NODE, 1788,    0,    0,   30.490053,  30.495121,
  NODE, 1789,    0,    0,   30.487698,  31.494957,
  NODE, 1790,    0,    0,   31.351006,  31.996357,
  NODE, 1791,    0,    0,   32.188789,  10.480454,
  NODE, 1792,    0,    0,   32.207768,  11.504419,
  NODE, 1793,    0,    0,   31.343126,  12.004067,
  NODE, 1794,    0,    0,   25.002235,  53.065968,
  NODE, 1795,    0,    0,   20.500034,  53.937759,
  NODE, 1796,    0,    0,   19.500011,  53.937805,
  NODE, 1797,    0,    0,   17.999653,  54.802425,
  NODE, 1798,    0,    0,    9.711740,  51.633587,
  NODE, 1799,    0,    0,   26.534504,  52.180626,
  NODE, 1800,    0,    0,   25.522575,  52.185894,
  NODE, 1801,    0,    0,   24.521423,  52.189247,
  NODE, 1802,    0,    0,   12.474531,  55.585007,
  NODE, 1803,    0,    0,   11.370331,  55.440338,
  NODE, 1804,    0,    0,   11.890820,  54.578472,
  NODE, 1805,    0,    0,   23.506317,  52.200123,
  NODE, 1806,    0,    0,   23.000683,  53.070259,
  NODE, 1807,    0,    0,   22.505917,  52.201061,
  NODE, 1808,    0,    0,   29.772938,  49.002091,
  NODE, 1809,    0,    0,   29.054989,  49.707779,
  NODE, 1810,    0,    0,   28.936995,  48.869309,
  NODE, 1811,    0,    0,   13.486513,  53.877022,
  NODE, 1812,    0,    0,   12.613266,  53.919479,
  NODE, 1813,    0,    0,   13.104759,  53.073364,
  NODE, 1814,    0,    0,   13.489645,  55.615063,
  NODE, 1815,    0,    0,    8.447109,  55.717831,
  NODE, 1816,    0,    0,   18.499836,  53.936806,
  NODE, 1817,    0,    0,   17.499485,  53.935387,
  NODE, 1818,    0,    0,    8.669588,  46.005005,
  NODE, 1819,    0,    0,    7.802289,  46.504635,
  NODE, 1820,    0,    0,    7.796575,  45.501549,
  NODE, 1821,    0,    0,    7.829095,  49.526886,
  NODE, 1822,    0,    0,    8.744146,  50.059113,
  NODE, 1823,    0,    0,   13.998377,  54.752884,
  NODE, 1824,    0,    0,   31.364138,  19.999184,
  NODE, 1825,    0,    0,   13.417007,  50.278397,
  NODE, 1826,    0,    0,   12.494371,  50.041157,
  NODE, 1827,    0,    0,   13.210161,  49.157066,
  NODE, 1828,    0,    0,   32.140461,  51.650925,
  NODE, 1829,    0,    0,   11.438672,  49.498283,
  NODE, 1830,    0,    0,   32.212124,  47.520233,
  NODE, 1831,    0,    0,   32.216499,  48.515625,
  NODE, 1832,    0,    0,   31.357567,  48.028477,
  NODE, 1833,    0,    0,   28.559647,  47.818924,
  NODE, 1834,    0,    0,   24.545548,  50.452236,
  NODE, 1835,    0,    0,   24.026657,  51.320049,
  NODE, 1836,    0,    0,   23.530441,  50.463112,
  NODE, 1837,    0,    0,   30.461226,  44.530563,
  NODE, 1838,    0,    0,   30.441874,  45.572540,
  NODE, 1839,    0,    0,   29.563341,  45.084923,
  NODE, 1840,    0,    0,   10.406345,  45.002274,
  NODE, 1841,    0,    0,    9.539310,  45.502785,
  NODE, 1842,    0,    0,    9.530910,  44.501408,
  NODE, 1843,    0,    0,   30.470987,  42.507332,
  NODE, 1844,    0,    0,   30.461285,  43.523743,
  NODE, 1845,    0,    0,   29.592396,  43.026531,
  NODE, 1846,    0,    0,   10.395662,  43.000435,
  NODE, 1847,    0,    0,    9.529455,  43.500618,
  NODE, 1848,    0,    0,    9.527172,  42.500156,
  NODE, 1849,    0,    0,   30.499785,  24.497761,
  NODE, 1850,    0,    0,   30.498325,  25.497280,
  NODE, 1851,    0,    0,   29.637194,  24.996698,
  NODE, 1852,    0,    0,   27.050251,  26.490940,
  NODE, 1853,    0,    0,   27.046806,  27.489498,
  NODE, 1854,    0,    0,   26.186907,  26.987984,
  NODE, 1855,    0,    0,   10.391345,  38.998695,
  NODE, 1856,    0,    0,    9.525827,  39.499416,
  NODE, 1857,    0,    0,    9.525204,  38.498734,
  NODE, 1858,    0,    0,   10.389652,  36.997097,
  NODE, 1859,    0,    0,    9.524673,  37.498180,
  NODE, 1860,    0,    0,    9.523605,  36.497261,
  NODE, 1861,    0,    0,   31.368956,   7.892323,
  NODE, 1862,    0,    0,   30.521839,   7.914666,
  NODE, 1863,    0,    0,    7.786318,  32.495537,
  NODE, 1864,    0,    0,   12.118689,  35.993454,
  NODE, 1865,    0,    0,   11.254731,  36.495968,
  NODE, 1866,    0,    0,   11.252543,  35.493668,
  NODE, 1867,    0,    0,   30.471523,  41.504944,
  NODE, 1868,    0,    0,   31.341644,  39.998856,
  NODE, 1869,    0,    0,   12.123123,  42.002285,
  NODE, 1870,    0,    0,   11.258040,  42.502060,
  NODE, 1871,    0,    0,   11.258463,  41.500198,
  NODE, 1872,    0,    0,   31.343197,  37.997482,
  NODE, 1873,    0,    0,    8.655178,  32.004494,
  NODE, 1874,    0,    0,   10.377199,  31.009155,
  NODE, 1875,    0,    0,    9.519522,  31.504973,
  NODE, 1876,    0,    0,    9.516062,  30.518681,
  NODE, 1877,    0,    0,    7.022929,  27.139008,
  NODE, 1878,    0,    0,    6.155430,  26.603706,
  NODE, 1879,    0,    0,    8.661196,  30.035999,
  NODE, 1880,    0,    0,    7.797867,  29.540688,
  NODE, 1881,    0,    0,   28.454033,   9.676019,
  NODE, 1882,    0,    0,   29.378990,   9.488578,
  NODE, 1883,    0,    0,   28.870693,  10.438917,
  NODE, 1884,    0,    0,   28.006556,   8.673624,
  NODE, 1885,    0,    0,   30.033262,   8.778765,
  NODE, 1886,    0,    0,    7.856781,  27.627701,
  NODE, 1887,    0,    0,    7.915764,  26.674557,
  NODE, 1888,    0,    0,   32.364761,   7.430544,
  NODE, 1889,    0,    0,   23.076496,  13.815512,
  NODE, 1890,    0,    0,   21.834461,  13.798525,
  NODE, 1891,    0,    0,   22.648823,  12.816122,
  NODE, 1892,    0,    0,    7.813976,  28.574825,
  NODE, 1893,    0,    0,   19.223496,  23.115542,
  NODE, 1894,    0,    0,   20.034859,  22.562981,
  NODE, 1895,    0,    0,   20.200153,  23.555391,
  NODE, 1896,    0,    0,   29.720083,  11.125591,
  NODE, 1897,    0,    0,   28.795124,  11.313032,
  NODE, 1898,    0,    0,   30.486450,  11.503654,
  NODE, 1899,    0,    0,   27.902636,  15.991470,
  NODE, 1900,    0,    0,   28.765308,  15.493458,
  NODE, 1901,    0,    0,   28.776516,  16.498709,
  NODE, 1902,    0,    0,   16.226540,  21.414963,
  NODE, 1903,    0,    0,   15.002962,  21.121742,
  NODE, 1904,    0,    0,   16.114262,  20.269482,
  NODE, 1905,    0,    0,   28.778553,  23.496372,
  NODE, 1906,    0,    0,   28.776720,  24.495739,
  NODE, 1907,    0,    0,   27.916620,  23.994930,
  NODE, 1908,    0,    0,   30.486094,  32.494858,
  NODE, 1909,    0,    0,   27.907280,  27.991430,
  NODE, 1910,    0,    0,   28.771078,  27.493698,
  NODE, 1911,    0,    0,   28.768208,  28.492676,
  NODE, 1912,    0,    0,   30.483944,  33.495049,
  NODE, 1913,    0,    0,   10.386280,  34.994370,
  NODE, 1914,    0,    0,    9.522520,  35.496582,
  NODE, 1915,    0,    0,    9.520215,  34.494774,
  NODE, 1916,    0,    0,   30.479404,  36.495915,
  NODE, 1917,    0,    0,   30.478111,  37.496475,
  NODE, 1918,    0,    0,   30.477253,  38.496929,
  NODE, 1919,    0,    0,   30.503033,  20.498749,
  NODE, 1920,    0,    0,   27.917219,  17.997057,
  NODE, 1921,    0,    0,   28.778160,  17.498032,
  NODE, 1922,    0,    0,   28.781536,  18.498367,
  NODE, 1923,    0,    0,   30.502392,  21.498413,
  NODE, 1924,    0,    0,   30.501858,  22.498253,
  NODE, 1925,    0,    0,   19.969318,  17.783337,
  NODE, 1926,    0,    0,   18.749516,  17.646475,
  NODE, 1927,    0,    0,   19.717604,  16.780487,
  NODE, 1928,    0,    0,   26.053692,  51.303906,
  NODE, 1929,    0,    0,   25.418427,  46.915901,
  NODE, 1930,    0,    0,   26.606140,  46.733162,
  NODE, 1931,    0,    0,   26.276634,  47.656963,
  NODE, 1932,    0,    0,   12.466364,  52.139153,
  NODE, 1933,    0,    0,   11.439969,  52.647480,
  NODE, 1934,    0,    0,   18.999844,  53.070766,
  NODE, 1935,    0,    0,   11.509066,  53.774811,
  NODE, 1936,    0,    0,    9.682437,  50.582390,
  NODE, 1937,    0,    0,    9.651528,  49.553467,
  NODE, 1938,    0,    0,   30.508442,  48.593746,
  NODE, 1939,    0,    0,   30.626436,  49.432213,
  NODE, 1940,    0,    0,   26.611153,  50.404869,
  NODE, 1941,    0,    0,   25.599224,  50.410137,
  NODE, 1942,    0,    0,   19.501019,  52.204033,
  NODE, 1943,    0,    0,   18.500843,  52.203033,
  NODE, 1944,    0,    0,   15.768135,  44.318932,
  NODE, 1945,    0,    0,   14.873575,  44.823319,
  NODE, 1946,    0,    0,   14.786779,  43.623150,
  NODE, 1947,    0,    0,   10.529610,  49.045601,
  NODE, 1948,    0,    0,   11.378462,  48.467144,
  NODE, 1949,    0,    0,   14.489872,  53.906765,
  NODE, 1950,    0,    0,   22.005833,  51.335236,
  NODE, 1951,    0,    0,   16.994795,  53.062103,
  NODE, 1952,    0,    0,   14.983965,  53.042675,
  NODE, 1953,    0,    0,    9.591318,  48.522324,
  NODE, 1954,    0,    0,    9.572351,  47.511276,
  NODE, 1955,    0,    0,    9.545025,  46.505875,
  NODE, 1956,    0,    0,   10.442073,  47.009056,
  NODE, 1957,    0,    0,   15.550522,  48.573357,
  NODE, 1958,    0,    0,   15.091660,  49.435776,
  NODE, 1959,    0,    0,   30.448591,  46.579994,
  NODE, 1960,    0,    0,   30.504068,  47.598354,
  NODE, 1961,    0,    0,   29.599466,  47.145264,
  NODE, 1962,    0,    0,   30.500702,  23.497944,
  NODE, 1963,    0,    0,   18.694361,  23.791195,
  NODE, 1964,    0,    0,   18.529064,  22.798782,
  NODE, 1965,    0,    0,   28.635635,  45.619759,
  NODE, 1966,    0,    0,   28.504170,  46.800564,
  NODE, 1967,    0,    0,   27.595814,  46.293419,
  NODE, 1968,    0,    0,   23.557606,  48.755570,
  NODE, 1969,    0,    0,   23.027931,  49.606590,
  NODE, 1970,    0,    0,   22.536203,  48.766861,
  NODE, 1971,    0,    0,   30.474873,  40.499790,
  NODE, 1972,    0,    0,   29.605446,  41.004967,
  NODE, 1973,    0,    0,   12.120165,  44.007439,
  NODE, 1974,    0,    0,   11.257787,  44.505814,
  NODE, 1975,    0,    0,   11.260323,  43.502522,
  NODE, 1976,    0,    0,   29.641607,  20.998133,
  NODE, 1977,    0,    0,   29.639809,  22.997490,
  NODE, 1978,    0,    0,   28.755333,  33.491837,
  NODE, 1979,    0,    0,   28.752647,  34.492554,
  NODE, 1980,    0,    0,   27.889492,  33.990555,
  NODE, 1981,    0,    0,   29.620638,  32.993649,
  NODE, 1982,    0,    0,   27.884846,  35.992134,
  NODE, 1983,    0,    0,   28.750782,  35.493038,
  NODE, 1984,    0,    0,   28.748819,  36.493904,
  NODE, 1985,    0,    0,   13.856371,  39.002525,
  NODE, 1986,    0,    0,   12.990707,  39.502712,
  NODE, 1987,    0,    0,   12.988420,  38.497887,
  NODE, 1988,    0,    0,   29.613461,  36.995361,
  NODE, 1989,    0,    0,   30.475567,  39.498871,
  NODE, 1990,    0,    0,   28.711132,  43.536766,
  NODE, 1991,    0,    0,   28.654987,  44.577774,
  NODE, 1992,    0,    0,   27.783426,  44.071602,
  NODE, 1993,    0,    0,   28.735468,  41.507992,
  NODE, 1994,    0,    0,   28.720835,  42.520355,
  NODE, 1995,    0,    0,   27.854206,  42.018227,
  NODE, 1996,    0,    0,    9.517973,  33.493523,
  NODE, 1997,    0,    0,   12.121817,  37.996918,
  NODE, 1998,    0,    0,   11.256739,  38.498047,
  NODE, 1999,    0,    0,   11.255800,  37.496887,
  NODE, 2000,    0,    0,   27.874023,  40.000961,
  NODE, 2001,    0,    0,   28.744000,  39.497936,
  NODE, 2002,    0,    0,   28.738815,  40.502838,
  NODE, 2003,    0,    0,   29.610481,  38.997864,
  NODE, 2004,    0,    0,    9.516315,  32.494968,
  NODE, 2005,    0,    0,   27.023771,  34.488655,
  NODE, 2006,    0,    0,   27.020805,  35.489990,
  NODE, 2007,    0,    0,   26.157768,  34.987377,
  NODE, 2008,    0,    0,    7.988544,  25.771084,
  NODE, 2009,    0,    0,    8.822395,  26.259777,
  NODE, 2010,    0,    0,   12.828701,  22.353249,
  NODE, 2011,    0,    0,   14.003521,  21.799007,
  NODE, 2012,    0,    0,   13.940420,  22.821468,
  NODE, 2013,    0,    0,    7.853944,  23.086332,
  NODE, 2014,    0,    0,    8.961141,  22.523190,
  NODE, 2015,    0,    0,   17.055641,  19.467133,
  NODE, 2016,    0,    0,   10.523124,  27.190441,
  NODE, 2017,    0,    0,    9.597530,  27.641485,
  NODE, 2018,    0,    0,    9.675209,  26.712206,
  NODE, 2019,    0,    0,   11.822266,  22.923109,
  NODE, 2020,    0,    0,   18.169535,  19.606012,
  NODE, 2021,    0,    0,   17.887335,  18.510445,
  NODE, 2022,    0,    0,   28.775261,  25.495258,
  NODE, 2023,    0,    0,   28.772942,  26.494335,
  NODE, 2024,    0,    0,   27.912468,  25.993376,
  NODE, 2025,    0,    0,   27.055710,  10.325268,
  NODE, 2026,    0,    0,   26.122978,  10.913933,
  NODE, 2027,    0,    0,   26.967407,  13.438841,
  NODE, 2028,    0,    0,   26.969482,  14.470455,
  NODE, 2029,    0,    0,   23.624231,  15.797176,
  NODE, 2030,    0,    0,   24.388113,  16.141083,
  NODE, 2031,    0,    0,   23.713898,  16.762451,
  NODE, 2032,    0,    0,   26.197800,  19.008175,
  NODE, 2033,    0,    0,   27.057427,  18.506477,
  NODE, 2034,    0,    0,   27.060970,  19.499088,
  NODE, 2035,    0,    0,   10.812170,  23.422825,
  NODE, 2036,    0,    0,   11.755505,  23.875423,
  NODE, 2037,    0,    0,   28.765896,  12.461349,
  NODE, 2038,    0,    0,   27.018126,  15.505325,
  NODE, 2039,    0,    0,   27.029333,  16.510576,
  NODE, 2040,    0,    0,   28.760445,  31.491476,
  NODE, 2041,    0,    0,   26.179491,  28.985512,
  NODE, 2042,    0,    0,   27.043936,  28.488476,
  NODE, 2043,    0,    0,   27.039965,  29.487442,
  NODE, 2044,    0,    0,   27.498257,   9.623964,
  NODE, 2045,    0,    0,   26.096180,  14.989561,
  NODE, 2046,    0,    0,   10.382317,  32.994003,
  NODE, 2047,    0,    0,    9.518873,  29.540184,
  NODE, 2048,    0,    0,   24.482391,  18.066567,
  NODE, 2049,    0,    0,   25.336018,  17.560959,
  NODE, 2050,    0,    0,   25.340630,  18.521170,
  NODE, 2051,    0,    0,   28.780834,  21.497229,
  NODE, 2052,    0,    0,   26.169540,  17.019997,
  NODE, 2053,    0,    0,   27.054050,  17.506142,
  NODE, 2054,    0,    0,   28.757483,  32.491646,
  NODE, 2055,    0,    0,   12.107163,  32.004677,
  NODE, 2056,    0,    0,   11.245388,  32.491352,
  NODE, 2057,    0,    0,   11.242434,  31.508770,
  NODE, 2058,    0,    0,   27.919579,  21.996111,
  NODE, 2059,    0,    0,   28.779709,  22.496681,
  NODE, 2060,    0,    0,   27.059208,  22.495205,
  NODE, 2061,    0,    0,   27.057184,  23.493713,
  NODE, 2062,    0,    0,   26.197939,  22.993353,
  NODE, 2063,    0,    0,   22.509039,  50.474403,
  NODE, 2064,    0,    0,   21.503321,  50.478714,
  NODE, 2065,    0,    0,   20.001064,  51.337921,
  NODE, 2066,    0,    0,   17.509441,  52.189514,
  NODE, 2067,    0,    0,   16.504568,  52.181850,
  NODE, 2068,    0,    0,   14.487616,  52.146561,
  NODE, 2069,    0,    0,   13.339611,  52.096695,
  NODE, 2070,    0,    0,   13.849219,  51.212353,
  NODE, 2071,    0,    0,   20.502947,  50.470810,
  NODE, 2072,    0,    0,   19.503899,  50.469185,
  NODE, 2073,    0,    0,   12.117371,  45.991051,
  NODE, 2074,    0,    0,   11.265930,  46.487507,
  NODE, 2075,    0,    0,   11.266188,  45.507195,
  NODE, 2076,    0,    0,   12.888075,  48.363037,
  NODE, 2077,    0,    0,   12.202319,  47.945595,
  NODE, 2078,    0,    0,   12.802870,  47.388805,
  NODE, 2079,    0,    0,   15.493572,  52.158333,
  NODE, 2080,    0,    0,   18.010616,  51.322777,
  NODE, 2081,    0,    0,   16.008219,  51.285736,
  NODE, 2082,    0,    0,   25.103010,  49.553200,
  NODE, 2083,    0,    0,   11.293257,  47.492912,
  NODE, 2084,    0,    0,   13.824709,  45.144753,
  NODE, 2085,    0,    0,   12.937412,  45.586350,
  NODE, 2086,    0,    0,   13.004925,  44.569138,
  NODE, 2087,    0,    0,   24.569126,  48.717499,
  NODE, 2088,    0,    0,   24.077400,  47.877770,
  NODE, 2089,    0,    0,   27.055351,  24.493080,
  NODE, 2090,    0,    0,   27.052570,  25.491863,
  NODE, 2091,    0,    0,   26.193134,  24.990643,
  NODE, 2092,    0,    0,   11.257757,  40.499901,
  NODE, 2093,    0,    0,   25.878807,  45.002953,
  NODE, 2094,    0,    0,   26.868481,  44.563206,
  NODE, 2095,    0,    0,   26.737606,  45.552357,
  NODE, 2096,    0,    0,   15.452726,  46.594292,
  NODE, 2097,    0,    0,   16.436998,  46.588539,
  NODE, 2098,    0,    0,   16.034794,  47.663727,
  NODE, 2099,    0,    0,   11.257362,  39.498726,
  NODE, 2100,    0,    0,   28.747524,  37.494461,
  NODE, 2101,    0,    0,   12.123151,  39.999249,
  NODE, 2102,    0,    0,   28.745686,  38.495995,
  NODE, 2103,    0,    0,   26.152521,  36.990334,
  NODE, 2104,    0,    0,   27.018843,  36.490856,
  NODE, 2105,    0,    0,   27.016562,  37.492477,
  NODE, 2106,    0,    0,   26.171579,  30.984467,
  NODE, 2107,    0,    0,   27.036812,  30.486984,
  NODE, 2108,    0,    0,   27.032871,  31.486973,
  NODE, 2109,    0,    0,   27.895142,  31.989662,
  NODE, 2110,    0,    0,   13.881219,  43.082901,
  NODE, 2111,    0,    0,   13.007461,  43.565842,
  NODE, 2112,    0,    0,   12.996459,  42.521202,
  NODE, 2113,    0,    0,   11.250238,  34.491859,
  NODE, 2114,    0,    0,   15.603788,  35.992790,
  NODE, 2115,    0,    0,   14.715962,  36.497139,
  NODE, 2116,    0,    0,   14.737293,  35.486496,
  NODE, 2117,    0,    0,   13.864437,  41.022804,
  NODE, 2118,    0,    0,   12.996882,  41.519341,
  NODE, 2119,    0,    0,   12.991102,  40.503887,
  NODE, 2120,    0,    0,   27.881044,  37.994530,
  NODE, 2121,    0,    0,   26.975845,  42.517269,
  NODE, 2122,    0,    0,   26.924627,  43.522194,
  NODE, 2123,    0,    0,   26.060900,  43.008873,
  NODE, 2124,    0,    0,   26.990479,  41.504906,
  NODE, 2125,    0,    0,   11.247047,  33.489910,
  NODE, 2126,    0,    0,   13.851774,  36.994274,
  NODE, 2127,    0,    0,   12.987480,  37.496727,
  NODE, 2128,    0,    0,   12.985172,  36.493301,
  NODE, 2129,    0,    0,    9.554726,  28.588612,
  NODE, 2130,    0,    0,    8.706811,  28.110376,
  NODE, 2131,    0,    0,   13.495821,  24.921463,
  NODE, 2132,    0,    0,   12.631355,  24.359455,
  NODE, 2133,    0,    0,   13.630067,  23.937717,
  NODE, 2134,    0,    0,    9.910370,  22.986914,
  NODE, 2135,    0,    0,    9.843609,  23.939228,
  NODE, 2136,    0,    0,    9.820292,  24.865721,
  NODE, 2137,    0,    0,   11.451698,  26.772032,
  NODE, 2138,    0,    0,   11.548956,  25.802181,
  NODE, 2139,    0,    0,   12.399852,  26.313051,
  NODE, 2140,    0,    0,   24.094652,  14.004459,
  NODE, 2141,    0,    0,   25.172993,  14.565250,
  NODE, 2142,    0,    0,   25.311043,  11.136557,
  NODE, 2143,    0,    0,    9.747989,  25.808731,
  NODE, 2144,    0,    0,   10.673106,  25.318150,
  NODE, 2145,    0,    0,   11.621260,  24.859169,
  NODE, 2146,    0,    0,   10.409592,  29.071293,
  NODE, 2147,    0,    0,   25.311302,  16.565393,
  NODE, 2148,    0,    0,   25.331516,  25.487656,
  NODE, 2149,    0,    0,   25.327515,  26.485760,
  NODE, 2150,    0,    0,   24.468678,  25.983990,
  NODE, 2151,    0,    0,   27.029907,  32.487145,
  NODE, 2152,    0,    0,   24.440811,  31.978420,
  NODE, 2153,    0,    0,   25.306492,  31.481041,
  NODE, 2154,    0,    0,   25.301956,  32.481831,
  NODE, 2155,    0,    0,   27.061024,  20.498722,
  NODE, 2156,    0,    0,   25.221634,  15.600121,
  NODE, 2157,    0,    0,   23.611748,  22.486717,
  NODE, 2158,    0,    0,   23.624237,  23.481033,
  NODE, 2159,    0,    0,   22.756701,  22.977955,
  NODE, 2160,    0,    0,   26.200653,  20.997814,
  NODE, 2161,    0,    0,   27.060333,  21.495750,
  NODE, 2162,    0,    0,   20.958490,  18.039110,
  NODE, 2163,    0,    0,   21.855858,  17.506325,
  NODE, 2164,    0,    0,   21.876942,  18.628086,
  NODE, 2165,    0,    0,   12.113309,  33.989204,
  NODE, 2166,    0,    0,   11.238974,  30.522480,
  NODE, 2167,    0,    0,   25.337601,  23.490830,
  NODE, 2168,    0,    0,   25.334297,  24.488874,
  NODE, 2169,    0,    0,   24.475983,  23.987843,
  NODE, 2170,    0,    0,   21.006153,  49.609978,
  NODE, 2171,    0,    0,   18.510929,  50.434258,
  NODE, 2172,    0,    0,   17.519529,  50.420734,
  NODE, 2173,    0,    0,   15.523871,  50.369728,
  NODE, 2174,    0,    0,   14.565010,  50.328262,
  NODE, 2175,    0,    0,   16.534794,  48.567612,
  NODE, 2176,    0,    0,   16.534866,  50.393250,
  NODE, 2177,    0,    0,   25.622803,  48.675400,
  NODE, 2178,    0,    0,   21.531967,  48.731056,
  NODE, 2179,    0,    0,   20.531593,  48.723148,
  NODE, 2180,    0,    0,   19.012812,  49.567143,
  NODE, 2181,    0,    0,   17.035183,  49.504726,
  NODE, 2182,    0,    0,   12.937155,  46.566666,
  NODE, 2183,    0,    0,   13.622912,  46.984108,
  NODE, 2184,    0,    0,   18.527626,  48.655251,
  NODE, 2185,    0,    0,   17.519455,  48.595093,
  NODE, 2186,    0,    0,   18.027237,  47.718132,
  NODE, 2187,    0,    0,   19.582562,  46.934692,
  NODE, 2188,    0,    0,   18.586306,  46.842987,
  NODE, 2189,    0,    0,   19.133461,  45.999390,
  NODE, 2190,    0,    0,   27.004297,  40.501434,
  NODE, 2191,    0,    0,   26.125937,  41.000473,
  NODE, 2192,    0,    0,   24.399122,  39.988701,
  NODE, 2193,    0,    0,   25.277287,  39.493523,
  NODE, 2194,    0,    0,   25.261593,  40.492176,
  NODE, 2195,    0,    0,   23.156134,  46.252831,
  NODE, 2196,    0,    0,   23.195751,  45.442940,
  NODE, 2197,    0,    0,   24.098465,  45.716812,
  NODE, 2198,    0,    0,   27.026457,  33.487938,
  NODE, 2199,    0,    0,   20.984299,  32.051048,
  NODE, 2200,    0,    0,   21.840221,  31.530361,
  NODE, 2201,    0,    0,   21.858158,  32.491249,
  NODE, 2202,    0,    0,   12.982983,  35.491001,
  NODE, 2203,    0,    0,   25.285988,  37.489151,
  NODE, 2204,    0,    0,   25.282528,  38.491001,
  NODE, 2205,    0,    0,   24.418274,  37.988197,
  NODE, 2206,    0,    0,   27.014723,  38.494011,
  NODE, 2207,    0,    0,   27.009480,  39.496532,
  NODE, 2208,    0,    0,   15.603277,  40.017021,
  NODE, 2209,    0,    0,   14.736364,  40.518631,
  NODE, 2210,    0,    0,   14.725572,  39.505745,
  NODE, 2211,    0,    0,   25.288269,  36.487526,
  NODE, 2212,    0,    0,   26.164188,  32.985249,
  NODE, 2213,    0,    0,   17.447937,  42.976166,
  NODE, 2214,    0,    0,   16.604191,  43.542557,
  NODE, 2215,    0,    0,   16.525084,  42.552372,
  NODE, 2216,    0,    0,   15.647704,  42.074333,
  NODE, 2217,    0,    0,   14.775778,  42.578514,
  NODE, 2218,    0,    0,   14.742144,  41.534084,
  NODE, 2219,    0,    0,   17.379011,  40.965569,
  NODE, 2220,    0,    0,   16.491449,  41.507942,
  NODE, 2221,    0,    0,   16.501631,  40.487530,
  NODE, 2222,    0,    0,   26.144997,  38.994476,
  NODE, 2223,    0,    0,   12.979504,  34.487446,
  NODE, 2224,    0,    0,   12.976313,  33.485497,
  NODE, 2225,    0,    0,   22.701386,  32.965015,
  NODE, 2226,    0,    0,   23.575178,  32.474884,
  NODE, 2227,    0,    0,   23.562483,  33.469338,
  NODE, 2228,    0,    0,   12.136278,  30.084553,
  NODE, 2229,    0,    0,   11.271043,  29.584936,
  NODE, 2230,    0,    0,   14.804887,  23.383476,
  NODE, 2231,    0,    0,   11.306895,  28.633366,
  NODE, 2232,    0,    0,   13.842327,  33.005043,
  NODE, 2233,    0,    0,   12.976133,  32.506802,
  NODE, 2234,    0,    0,   25.353752,  10.246801,
  NODE, 2235,    0,    0,   24.222578,  43.941101,
  NODE, 2236,    0,    0,   25.158377,  43.494537,
  NODE, 2237,    0,    0,   25.073883,  44.460365,
  NODE, 2238,    0,    0,   18.592707,  25.534729,
  NODE, 2239,    0,    0,   18.476921,  26.523390,
  NODE, 2240,    0,    0,   23.590323,  29.474129,
  NODE, 2241,    0,    0,   24.450277,  29.978130,
  NODE, 2242,    0,    0,   23.585390,  30.473629,
  NODE, 2243,    0,    0,   23.280289,  14.986862,
  NODE, 2244,    0,    0,   25.315365,  29.481556,
  NODE, 2245,    0,    0,   25.310432,  30.481054,
  NODE, 2246,    0,    0,   21.020176,  28.021713,
  NODE, 2247,    0,    0,   21.895359,  27.483044,
  NODE, 2248,    0,    0,   21.862087,  28.510986,
  NODE, 2249,    0,    0,   25.344173,  19.513779,
  NODE, 2250,    0,    0,   22.862164,  17.256924,
  NODE, 2251,    0,    0,   21.943710,  16.667946,
  NODE, 2252,    0,    0,   12.235470,  28.214954,
  NODE, 2253,    0,    0,   11.374020,  27.701311,
  NODE, 2254,    0,    0,   13.240507,  26.900084,
  NODE, 2255,    0,    0,   13.337765,  25.930233,
  NODE, 2256,    0,    0,   22.761814,  19.068073,
  NODE, 2257,    0,    0,   23.630657,  18.561039,
  NODE, 2258,    0,    0,   23.618160,  19.533810,
  NODE, 2259,    0,    0,   25.342892,  20.500504,
  NODE, 2260,    0,    0,   25.342201,  21.497534,
  NODE, 2261,    0,    0,   24.485722,  20.013500,
  NODE, 2262,    0,    0,   23.616880,  20.520535,
  NODE, 2263,    0,    0,   25.339623,  22.492321,
  NODE, 2264,    0,    0,   23.620934,  24.479078,
  NODE, 2265,    0,    0,   23.617317,  25.481895,
  NODE, 2266,    0,    0,   22.765572,  24.975086,
  NODE, 2267,    0,    0,   24.481863,  21.995010,
  NODE, 2268,    0,    0,   22.061642,  47.880028,
  NODE, 2269,    0,    0,   19.520592,  48.690178,
  NODE, 2270,    0,    0,   14.806064,  45.840538,
  NODE, 2271,    0,    0,   17.578136,  46.782833,
  NODE, 2272,    0,    0,   16.996067,  45.713394,
  NODE, 2273,    0,    0,   20.046406,  47.811256,
  NODE, 2274,    0,    0,   24.943008,  45.449516,
  NODE, 2275,    0,    0,   24.903389,  46.259403,
  NODE, 2276,    0,    0,   23.390804,  43.431576,
  NODE, 2277,    0,    0,   23.306311,  44.397400,
  NODE, 2278,    0,    0,   20.022944,  41.865089,
  NODE, 2279,    0,    0,   19.755953,  42.808662,
  NODE, 2280,    0,    0,   19.110260,  41.872856,
  NODE, 2281,    0,    0,   13.845987,  34.987293,
  NODE, 2282,    0,    0,   12.973179,  31.524220,
  NODE, 2283,    0,    0,   25.298506,  33.482628,
  NODE, 2284,    0,    0,   14.723284,  38.500916,
  NODE, 2285,    0,    0,   25.247772,  41.495651,
  NODE, 2286,    0,    0,   25.209595,  42.489613,
  NODE, 2287,    0,    0,   24.345249,  41.981316,
  NODE, 2288,    0,    0,   14.718271,  37.500565,
  NODE, 2289,    0,    0,   23.530804,  38.522678,
  NODE, 2290,    0,    0,   23.567089,  39.507584,
  NODE, 2291,    0,    0,   22.683075,  39.040215,
  NODE, 2292,    0,    0,   25.294664,  34.484215,
  NODE, 2293,    0,    0,   25.291699,  35.485550,
  NODE, 2294,    0,    0,   20.976631,  30.069908,
  NODE, 2295,    0,    0,   21.856169,  29.509642,
  NODE, 2296,    0,    0,   21.845898,  30.529892,
  NODE, 2297,    0,    0,   17.299416,  37.005776,
  NODE, 2298,    0,    0,   16.433256,  37.480011,
  NODE, 2299,    0,    0,   16.448620,  36.529198,
  NODE, 2300,    0,    0,   24.425163,  35.984367,
  NODE, 2301,    0,    0,   23.459982,  42.455616,
  NODE, 2302,    0,    0,   22.543715,  42.911915,
  NODE, 2303,    0,    0,   21.120800,  40.146233,
  NODE, 2304,    0,    0,   20.324749,  40.964447,
  NODE, 2305,    0,    0,   20.173302,  40.111069,
  NODE, 2306,    0,    0,   23.520035,  36.485580,
  NODE, 2307,    0,    0,   23.534262,  37.520828,
  NODE, 2308,    0,    0,   22.632563,  37.020065,
  NODE, 2309,    0,    0,   24.432434,  33.980797,
  NODE, 2310,    0,    0,   15.587472,  38.003784,
  NODE, 2311,    0,    0,   14.733813,  34.482941,
  NODE, 2312,    0,    0,   12.963829,  30.595650,
  NODE, 2313,    0,    0,   12.995898,  29.658108,
  NODE, 2314,    0,    0,   22.731354,  28.970970,
  NODE, 2315,    0,    0,   23.596241,  28.475473,
  NODE, 2316,    0,    0,   24.573883,  47.183205,
  NODE, 2317,    0,    0,   22.363979,  44.933415,
  NODE, 2318,    0,    0,   17.832125,  44.937019,
  NODE, 2319,    0,    0,   16.690987,  44.742725,
  NODE, 2320,    0,    0,   18.750343,  45.142189,
  NODE, 2321,    0,    0,   18.445263,  44.171516,
  NODE, 2322,    0,    0,   14.336477,  25.508495,
  NODE, 2323,    0,    0,   19.303433,  27.085339,
  NODE, 2324,    0,    0,   20.215054,  26.513041,
  NODE, 2325,    0,    0,   20.141827,  27.566069,
  NODE, 2326,    0,    0,   21.919819,  25.477879,
  NODE, 2327,    0,    0,   21.907702,  26.485836,
  NODE, 2328,    0,    0,   21.065567,  25.985811,
  NODE, 2329,    0,    0,   22.606075,  15.608230,
  NODE, 2330,    0,    0,   23.626045,  17.600828,
  NODE, 2331,    0,    0,   20.227985,  19.738749,
  NODE, 2332,    0,    0,   20.992363,  20.123985,
  NODE, 2333,    0,    0,   20.240776,  20.701862,
  NODE, 2334,    0,    0,   22.746765,  21.012241,
  NODE, 2335,    0,    0,   23.614327,  21.491932,
  NODE, 2336,    0,    0,   21.877235,  20.563973,
  NODE, 2337,    0,    0,   21.874682,  21.535370,
  NODE, 2338,    0,    0,   23.579712,  31.474096,
  NODE, 2339,    0,    0,   14.523161,  29.736813,
  NODE, 2340,    0,    0,   13.872423,  29.276020,
  NODE, 2341,    0,    0,   14.572134,  28.843628,
  NODE, 2342,    0,    0,   21.890354,  23.487549,
  NODE, 2343,    0,    0,   21.923437,  24.475060,
  NODE, 2344,    0,    0,   21.044601,  23.990341,
  NODE, 2345,    0,    0,   13.832799,  31.097775,
  NODE, 2346,    0,    0,   13.111996,  27.832869,
  NODE, 2347,    0,    0,   14.049910,  27.450050,
  NODE, 2348,    0,    0,   22.659649,  46.947395,
  NODE, 2349,    0,    0,   21.655413,  46.911591,
  NODE, 2350,    0,    0,   20.593561,  46.967659,
  NODE, 2351,    0,    0,   14.403860,  46.915722,
  NODE, 2352,    0,    0,   20.823298,  43.713997,
  NODE, 2353,    0,    0,   21.571587,  43.344383,
  NODE, 2354,    0,    0,   21.726248,  44.257488,
  NODE, 2355,    0,    0,   21.191568,  46.035027,
  NODE, 2356,    0,    0,   20.170721,  44.501896,
  NODE, 2357,    0,    0,   20.016060,  43.588791,
  NODE, 2358,    0,    0,   14.745112,  33.461083,
  NODE, 2359,    0,    0,   14.744932,  32.482384,
  NODE, 2360,    0,    0,   22.653513,  34.972145,
  NODE, 2361,    0,    0,   23.558641,  34.470928,
  NODE, 2362,    0,    0,   23.523464,  35.483604,
  NODE, 2363,    0,    0,   16.490839,  39.474644,
  NODE, 2364,    0,    0,   19.103376,  43.596558,
  NODE, 2365,    0,    0,   18.185158,  43.391388,
  NODE, 2366,    0,    0,   16.438271,  38.480362,
  NODE, 2367,    0,    0,   23.551395,  40.506237,
  NODE, 2368,    0,    0,   23.498161,  41.461655,
  NODE, 2369,    0,    0,   22.666126,  40.980537,
  NODE, 2370,    0,    0,   22.719757,  30.970095,
  NODE, 2371,    0,    0,   21.640764,  42.368424,
  NODE, 2372,    0,    0,   21.844357,  39.658989,
  NODE, 2373,    0,    0,   21.995804,  40.512367,
  NODE, 2374,    0,    0,   20.767675,  38.175751,
  NODE, 2375,    0,    0,   20.013805,  38.996460,
  NODE, 2376,    0,    0,   19.812130,  37.879356,
  NODE, 2377,    0,    0,   18.495422,  33.095654,
  NODE, 2378,    0,    0,   17.554359,  32.756393,
  NODE, 2379,    0,    0,   18.356396,  31.954695,
  NODE, 2380,    0,    0,   21.606396,  37.556976,
  NODE, 2381,    0,    0,   21.808071,  38.674084,
  NODE, 2382,    0,    0,   21.769280,  35.438881,
  NODE, 2383,    0,    0,   21.592167,  36.521732,
  NODE, 2384,    0,    0,   20.743111,  35.975796,
  NODE, 2385,    0,    0,   17.336624,  38.950871,
  NODE, 2386,    0,    0,   16.469950,  35.518551,
  NODE, 2387,    0,    0,   15.636417,  33.960281,
  NODE, 2388,    0,    0,   14.687716,  31.474613,
  NODE, 2389,    0,    0,   14.678366,  30.546043,
  NODE, 2390,    0,    0,   15.275325,  25.148317,
  NODE, 2391,    0,    0,   15.459862,  24.181889,
  NODE, 2392,    0,    0,   16.240654,  24.830481,
  NODE, 2393,    0,    0,   18.180140,  28.716917,
  NODE, 2394,    0,    0,   19.200211,  29.203825,
  NODE, 2395,    0,    0,   18.150145,  29.782375,
  NODE, 2396,    0,    0,   15.770215,  23.065640,
  NODE, 2397,    0,    0,   16.150147,  22.342096,
  NODE, 2398,    0,    0,   17.261448,  21.489834,
  NODE, 2399,    0,    0,   21.615688,  45.303028,
  NODE, 2400,    0,    0,   18.106049,  42.401207,
  NODE, 2401,    0,    0,   18.373039,  41.457634,
  NODE, 2402,    0,    0,   13.044872,  28.764923,
  NODE, 2403,    0,    0,   17.592491,  22.945702,
  NODE, 2404,    0,    0,   18.121626,  22.270050,
  NODE, 2405,    0,    0,   18.292774,  30.942360,
  NODE, 2406,    0,    0,   19.233837,  31.281618,
  NODE, 2407,    0,    0,   19.990402,  18.905098,
  NODE, 2408,    0,    0,   21.864447,  19.600857,
  NODE, 2409,    0,    0,   19.267300,  21.219879,
  NODE, 2410,    0,    0,   18.198021,  21.342915,
  NODE, 2411,    0,    0,   18.407120,  20.439663,
  NODE, 2412,    0,    0,   21.877865,  22.493235,
  NODE, 2413,    0,    0,   21.008335,  22.044964,
  NODE, 2414,    0,    0,   19.746601,  45.233894,
  NODE, 2415,    0,    0,   16.659252,  34.439751,
  NODE, 2416,    0,    0,   16.670551,  33.417889,
  NODE, 2417,    0,    0,   19.846767,  36.267864,
  NODE, 2418,    0,    0,   19.616196,  37.052673,
  NODE, 2419,    0,    0,   18.896961,  36.261890,
  NODE, 2420,    0,    0,   18.383221,  40.437218,
  NODE, 2421,    0,    0,   15.590500,  31.930653,
  NODE, 2422,    0,    0,   14.813774,  28.067268,
  NODE, 2423,    0,    0,   15.464512,  28.528059,
  NODE, 2424,    0,    0,   19.217754,  39.814674,
  NODE, 2425,    0,    0,   18.223724,  39.322609,
  NODE, 2426,    0,    0,   20.970442,  41.900253,
  NODE, 2427,    0,    0,   21.845463,  33.485703,
  NODE, 2428,    0,    0,   17.272705,  30.455452,
  NODE, 2429,    0,    0,   16.474308,  31.269159,
  NODE, 2430,    0,    0,   16.331678,  30.109175,
  NODE, 2431,    0,    0,   21.942570,  41.467781,
  NODE, 2432,    0,    0,   18.171156,  38.328323,
  NODE, 2433,    0,    0,   18.862324,  37.873383,
  NODE, 2434,    0,    0,   17.975222,  37.501644,
  NODE, 2435,    0,    0,   21.804457,  34.426209,
  NODE, 2436,    0,    0,   18.648907,  33.904621,
  NODE, 2437,    0,    0,   19.450945,  33.102921,
  NODE, 2438,    0,    0,   18.410460,  34.687218,
  NODE, 2439,    0,    0,   19.365982,  34.694485,
  NODE, 2440,    0,    0,   20.961227,  33.952442,
  NODE, 2441,    0,    0,   15.117269,  26.157087,
  NODE, 2442,    0,    0,   17.116972,  24.450600,
  NODE, 2443,    0,    0,   17.212561,  23.669243,
  NODE, 2444,    0,    0,   17.904343,  24.255793,
  NODE, 2445,    0,    0,   17.504082,  34.976158,
  NODE, 2446,    0,    0,   20.068289,  30.679722,
  NODE, 2447,    0,    0,   20.131910,  31.692055,
  NODE, 2448,    0,    0,   16.805122,  23.140511,
  NODE, 2449,    0,    0,   20.553837,  45.359100,
  NODE, 2450,    0,    0,   19.382725,  25.070131,
  NODE, 2451,    0,    0,   18.598772,  24.572552,
  NODE, 2452,    0,    0,   19.238813,  19.482975,
  NODE, 2453,    0,    0,   20.031675,  21.605114,
  NODE, 2454,    0,    0,   14.942287,  27.134483,
  NODE, 2455,    0,    0,   15.881134,  26.774303,
  NODE, 2456,    0,    0,   20.227173,  25.505081,
  NODE, 2457,    0,    0,   20.108555,  28.594011,
  NODE, 2458,    0,    0,   20.078560,  29.659470,
  NODE, 2459,    0,    0,   17.353626,  28.154968,
  NODE, 2460,    0,    0,   18.403694,  27.576418,
  NODE, 2461,    0,    0,   16.531525,  32.276932,
  NODE, 2462,    0,    0,   17.990585,  36.550827,
  NODE, 2463,    0,    0,   20.262327,  34.402416,
  NODE, 2464,    0,    0,   20.023880,  35.185013,
  NODE, 2465,    0,    0,   20.149845,  32.652947,
  NODE, 2466,    0,    0,   20.303333,  33.461914,
  NODE, 2467,    0,    0,   16.641666,  27.383083,
  NODE, 2468,    0,    0,   16.176472,  29.299942,
  NODE, 2469,    0,    0,   15.378077,  30.113651,
  NODE, 2470,    0,    0,   16.418114,  28.523583,
  NODE, 2471,    0,    0,   18.221157,  35.766022,
  NODE, 2472,    0,    0,   23.562363,  47.221268,
  NODE, 2473,    0,    0,   20.233238,  24.542902,
END

MATERIAL
  M2DISO,     1,     210000.0,          0.3,
END

PROPERTY
  P2D,        1,     1,       0.8,
END


ELEMENT
    PETRIA6,       1,     1,   164,    38,   121,   644,   645,   646,
    PETRIA6,       2,     1,   166,    15,    14,   647,   648,   649,
    PETRIA6,       3,     1,   119,    36,     6,   650,   651,   652,
    PETRIA6,       4,     1,   169,   141,   140,   653,   654,   655,
    PETRIA6,       5,     1,   170,   145,   144,   656,   657,   658,
    PETRIA6,       6,     1,   100,    99,    34,   659,   660,   661,
    PETRIA6,       7,     1,   171,   149,   148,   662,   663,   664,
    PETRIA6,       8,     1,   127,    48,    47,   665,   666,   667,
    PETRIA6,       9,     1,   101,    30,    29,   668,   669,   670,
    PETRIA6,      10,     1,    12,     1,    39,   671,   672,   673,
    PETRIA6,      11,     1,   201,    39,   122,   674,   675,   676,
    PETRIA6,      12,     1,   164,   122,     8,   677,   678,   679,
    PETRIA6,      13,     1,   172,   166,    14,   680,   649,   681,
    PETRIA6,      14,     1,   354,   305,   241,   682,   683,   684,
    PETRIA6,      15,     1,   103,    16,   102,   685,   686,   687,
    PETRIA6,      16,     1,   104,    17,   103,   688,   689,   690,
    PETRIA6,      17,     1,   105,    18,   104,   691,   692,   693,
    PETRIA6,      18,     1,   106,    19,   105,   694,   695,   696,
    PETRIA6,      19,     1,   107,    20,   106,   697,   698,   699,
    PETRIA6,      20,     1,   108,    21,   107,   700,   701,   702,
    PETRIA6,      21,     1,   109,    22,   108,   703,   704,   705,
    PETRIA6,      22,     1,   110,    23,   109,   706,   707,   708,
    PETRIA6,      23,     1,   168,    88,    87,   709,   710,   711,
    PETRIA6,      24,     1,   111,    24,   110,   712,   713,   714,
    PETRIA6,      25,     1,   112,    25,   111,   715,   716,   717,
    PETRIA6,      26,     1,   113,    26,   112,   718,   719,   720,
    PETRIA6,      27,     1,   173,   113,   112,   721,   720,   722,
    PETRIA6,      28,     1,   174,    78,   101,   723,   724,   725,
    PETRIA6,      29,     1,    31,     9,    48,   726,   727,   728,
    PETRIA6,      30,     1,   292,   175,   203,   729,   730,   731,
    PETRIA6,      31,     1,   163,    32,     3,   732,   733,   734,
    PETRIA6,      32,     1,   117,    33,   116,   735,   736,   737,
    PETRIA6,      33,     1,   118,     5,    99,   738,   739,   740,
    PETRIA6,      34,     1,   119,     6,    98,   652,   741,   742,
    PETRIA6,      35,     1,   120,     7,    97,   743,   744,   745,
    PETRIA6,      36,     1,   121,    37,   120,   746,   747,   748,
    PETRIA6,      37,     1,   122,    39,     8,   675,   749,   678,
    PETRIA6,      38,     1,    77,    40,    10,   750,   751,   752,
    PETRIA6,      39,     1,   154,    77,    76,   753,   754,   755,
    PETRIA6,      40,     1,   293,   240,   167,   756,   757,   758,
    PETRIA6,      41,     1,   177,   167,    42,   759,   760,   761,
    PETRIA6,      42,     1,   167,    43,    42,   762,   763,   760,
    PETRIA6,      43,     1,   124,    44,   123,   764,   765,   766,
    PETRIA6,      44,     1,   125,    45,   124,   767,   768,   769,
    PETRIA6,      45,     1,   126,    46,   125,   770,   771,   772,
    PETRIA6,      46,     1,   127,    47,   126,   667,   773,   774,
    PETRIA6,      47,     1,    96,    49,    11,   775,   776,   777,
    PETRIA6,      48,     1,   162,    49,    96,   778,   775,   779,
    PETRIA6,      49,     1,   156,    89,   155,   780,   781,   782,
    PETRIA6,      50,     1,   178,   158,   157,   783,   784,   785,
    PETRIA6,      51,     1,   179,   131,   130,   786,   787,   788,
    PETRIA6,      52,     1,   180,   131,   179,   789,   786,   790,
    PETRIA6,      53,     1,   181,   132,   180,   791,   792,   793,
    PETRIA6,      54,     1,   182,   133,   181,   794,   795,   796,
    PETRIA6,      55,     1,   183,   134,   182,   797,   798,   799,
    PETRIA6,      56,     1,   184,   135,   183,   800,   801,   802,
    PETRIA6,      57,     1,   135,    57,   134,   803,   804,   805,
    PETRIA6,      58,     1,   136,    58,   135,   806,   807,   808,
    PETRIA6,      59,     1,   138,    60,   137,   809,   810,   811,
    PETRIA6,      60,     1,   139,    61,   138,   812,   813,   814,
    PETRIA6,      61,     1,   279,   278,   213,   815,   816,   817,
    PETRIA6,      62,     1,   140,    62,   139,   818,   819,   820,
    PETRIA6,      63,     1,   142,    64,   141,   821,   822,   823,
    PETRIA6,      64,     1,   143,    65,   142,   824,   825,   826,
    PETRIA6,      65,     1,   186,   143,   142,   827,   826,   828,
    PETRIA6,      66,     1,   144,    66,   143,   829,   830,   831,
    PETRIA6,      67,     1,   146,    68,   145,   832,   833,   834,
    PETRIA6,      68,     1,   187,   145,   170,   835,   656,   836,
    PETRIA6,      69,     1,   147,    69,   146,   837,   838,   839,
    PETRIA6,      70,     1,   229,   228,   118,   840,   841,   842,
    PETRIA6,      71,     1,   150,    72,   149,   843,   844,   845,
    PETRIA6,      72,     1,   151,    73,   150,   846,   847,   848,
    PETRIA6,      73,     1,   152,    74,   151,   849,   850,   851,
    PETRIA6,      74,     1,   153,    75,   152,   852,   853,   854,
    PETRIA6,      75,     1,   154,    76,   153,   755,   855,   856,
    PETRIA6,      76,     1,    78,     2,    30,   857,   858,   859,
    PETRIA6,      77,     1,   101,    78,    30,   724,   859,   668,
    PETRIA6,      78,     1,   234,   115,   199,   860,   861,   862,
    PETRIA6,      79,     1,   234,   101,   115,   863,   864,   860,
    PETRIA6,      80,     1,   189,   112,   111,   865,   717,   866,
    PETRIA6,      81,     1,   246,   245,    82,   867,   868,   869,
    PETRIA6,      82,     1,   189,   173,   112,   870,   722,   865,
    PETRIA6,      83,     1,   246,    82,    81,   869,   871,   872,
    PETRIA6,      84,     1,   331,   328,   258,   873,   874,   875,
    PETRIA6,      85,     1,   290,   168,   192,   876,   877,   878,
    PETRIA6,      86,     1,   168,   155,    88,   879,   880,   709,
    PETRIA6,      87,     1,   192,    87,    86,   881,   882,   883,
    PETRIA6,      88,     1,   193,   156,   155,   884,   782,   885,
    PETRIA6,      89,     1,   157,    90,   156,   886,   887,   888,
    PETRIA6,      90,     1,   158,    91,   157,   889,   890,   784,
    PETRIA6,      91,     1,   159,    92,   158,   891,   892,   893,
    PETRIA6,      92,     1,   160,    93,   159,   894,   895,   896,
    PETRIA6,      93,     1,   161,    94,   160,   897,   898,   899,
    PETRIA6,      94,     1,   235,   204,   162,   900,   901,   902,
    PETRIA6,      95,     1,   194,   136,   184,   903,   904,   905,
    PETRIA6,      96,     1,    97,     7,    36,   744,   906,   907,
    PETRIA6,      97,     1,    98,     6,    35,   741,   908,   909,
    PETRIA6,      98,     1,   118,    35,     5,   910,   911,   738,
    PETRIA6,      99,     1,    99,     5,    34,   739,   912,   660,
    PETRIA6,     100,     1,   100,    34,     4,   661,   913,   914,
    PETRIA6,     101,     1,   117,     4,    33,   915,   916,   735,
    PETRIA6,     102,     1,   148,    70,   147,   917,   918,   919,
    PETRIA6,     103,     1,   115,    28,   114,   920,   921,   922,
    PETRIA6,     104,     1,   114,    27,   113,   923,   924,   925,
    PETRIA6,     105,     1,   137,    59,   136,   926,   927,   928,
    PETRIA6,     106,     1,   102,    16,    15,   686,   929,   930,
    PETRIA6,     107,     1,   134,    56,   133,   931,   932,   933,
    PETRIA6,     108,     1,   103,    17,    16,   689,   934,   685,
    PETRIA6,     109,     1,   133,    55,   132,   935,   936,   937,
    PETRIA6,     110,     1,   104,    18,    17,   692,   938,   688,
    PETRIA6,     111,     1,   132,    54,   131,   939,   940,   941,
    PETRIA6,     112,     1,   105,    19,    18,   695,   942,   691,
    PETRIA6,     113,     1,   131,    53,   130,   943,   944,   787,
    PETRIA6,     114,     1,   106,    20,    19,   698,   945,   694,
    PETRIA6,     115,     1,   130,    52,   129,   946,   947,   948,
    PETRIA6,     116,     1,   107,    21,    20,   701,   949,   697,
    PETRIA6,     117,     1,   129,    51,   128,   950,   951,   952,
    PETRIA6,     118,     1,   108,    22,    21,   704,   953,   700,
    PETRIA6,     119,     1,   195,   158,   178,   954,   783,   955,
    PETRIA6,     120,     1,   109,    23,    22,   707,   956,   703,
    PETRIA6,     121,     1,   196,   192,    86,   957,   883,   958,
    PETRIA6,     122,     1,   110,    24,    23,   713,   959,   706,
    PETRIA6,     123,     1,   246,    81,   197,   872,   960,   961,
    PETRIA6,     124,     1,   111,    25,    24,   716,   962,   712,
    PETRIA6,     125,     1,   243,    80,    79,   963,   964,   965,
    PETRIA6,     126,     1,   112,    26,    25,   719,   966,   715,
    PETRIA6,     127,     1,   198,   113,   173,   967,   721,   968,
    PETRIA6,     128,     1,   113,    27,    26,   924,   969,   718,
    PETRIA6,     129,     1,   199,   114,   198,   970,   971,   972,
    PETRIA6,     130,     1,   114,    28,    27,   921,   973,   923,
    PETRIA6,     131,     1,   115,   101,    29,   864,   670,   974,
    PETRIA6,     132,     1,   115,    29,    28,   974,   975,   920,
    PETRIA6,     133,     1,   116,    33,    32,   736,   976,   977,
    PETRIA6,     134,     1,   200,   149,   171,   978,   662,   979,
    PETRIA6,     135,     1,   149,    71,   148,   980,   981,   663,
    PETRIA6,     136,     1,   117,   100,     4,   982,   914,   915,
    PETRIA6,     137,     1,   145,    67,   144,   983,   984,   657,
    PETRIA6,     138,     1,   118,    98,    35,   985,   909,   910,
    PETRIA6,     139,     1,   141,    63,   140,   986,   987,   654,
    PETRIA6,     140,     1,   119,    97,    36,   988,   907,   650,
    PETRIA6,     141,     1,   120,    37,     7,   747,   989,   743,
    PETRIA6,     142,     1,   232,    97,   231,   990,   991,   992,
    PETRIA6,     143,     1,   412,   409,   349,   993,   994,   995,
    PETRIA6,     144,     1,   121,    38,    37,   645,   996,   746,
    PETRIA6,     145,     1,   201,    12,    39,   997,   673,   674,
    PETRIA6,     146,     1,   164,     8,    38,   679,   998,   644,
    PETRIA6,     147,     1,   123,    44,    43,   765,   999,  1000,
    PETRIA6,     148,     1,   285,   218,   217,  1001,  1002,  1003,
    PETRIA6,     149,     1,   203,   125,   124,  1004,   769,  1005,
    PETRIA6,     150,     1,   124,    45,    44,   768,  1006,   764,
    PETRIA6,     151,     1,   237,   127,   126,  1007,   774,  1008,
    PETRIA6,     152,     1,   125,    46,    45,   771,  1009,   767,
    PETRIA6,     153,     1,   175,   126,   125,  1010,   772,  1011,
    PETRIA6,     154,     1,   126,    47,    46,   773,  1012,   770,
    PETRIA6,     155,     1,   165,    31,   127,  1013,  1014,  1015,
    PETRIA6,     156,     1,   127,    31,    48,  1014,   728,   665,
    PETRIA6,     157,     1,   128,    51,    50,   951,  1016,  1017,
    PETRIA6,     158,     1,   204,    49,   162,  1018,   778,   901,
    PETRIA6,     159,     1,   205,   191,   109,  1019,  1020,  1021,
    PETRIA6,     160,     1,   129,    52,    51,   947,  1022,   950,
    PETRIA6,     161,     1,   260,   179,   257,  1023,  1024,  1025,
    PETRIA6,     162,     1,   130,    53,    52,   944,  1026,   946,
    PETRIA6,     163,     1,   262,   180,   260,  1027,  1028,  1029,
    PETRIA6,     164,     1,   131,    54,    53,   940,  1030,   943,
    PETRIA6,     165,     1,   264,   181,   262,  1031,  1032,  1033,
    PETRIA6,     166,     1,   132,    55,    54,   936,  1034,   939,
    PETRIA6,     167,     1,   266,   182,   264,  1035,  1036,  1037,
    PETRIA6,     168,     1,   133,    56,    55,   932,  1038,   935,
    PETRIA6,     169,     1,   268,   183,   266,  1039,  1040,  1041,
    PETRIA6,     170,     1,   134,    57,    56,   804,  1042,   931,
    PETRIA6,     171,     1,   351,   283,   268,  1043,  1044,  1045,
    PETRIA6,     172,     1,   135,    58,    57,   807,  1046,   803,
    PETRIA6,     173,     1,   289,   286,   210,  1047,  1048,  1049,
    PETRIA6,     174,     1,   136,    59,    58,   927,  1050,   806,
    PETRIA6,     175,     1,   194,   137,   136,  1051,   928,   903,
    PETRIA6,     176,     1,   137,    60,    59,   810,  1052,   926,
    PETRIA6,     177,     1,   231,   119,   226,  1053,  1054,  1055,
    PETRIA6,     178,     1,   138,    61,    60,   813,  1056,   809,
    PETRIA6,     179,     1,   185,   139,   138,  1057,   814,  1058,
    PETRIA6,     180,     1,   139,    62,    61,   819,  1059,   812,
    PETRIA6,     181,     1,   274,   271,   186,  1060,  1061,  1062,
    PETRIA6,     182,     1,   140,    63,    62,   987,  1063,   818,
    PETRIA6,     183,     1,   214,   141,   169,  1064,   653,  1065,
    PETRIA6,     184,     1,   141,    64,    63,   822,  1066,   986,
    PETRIA6,     185,     1,   377,   314,   373,  1067,  1068,  1069,
    PETRIA6,     186,     1,   142,    65,    64,   825,  1070,   821,
    PETRIA6,     187,     1,   215,   143,   186,  1071,   827,  1072,
    PETRIA6,     188,     1,   143,    66,    65,   830,  1073,   824,
    PETRIA6,     189,     1,   233,   100,   225,  1074,  1075,  1076,
    PETRIA6,     190,     1,   144,    67,    66,   984,  1077,   829,
    PETRIA6,     191,     1,   272,   215,   271,  1078,  1079,  1080,
    PETRIA6,     192,     1,   145,    68,    67,   833,  1081,   983,
    PETRIA6,     193,     1,   216,   146,   187,  1082,  1083,  1084,
    PETRIA6,     194,     1,   146,    69,    68,   838,  1085,   832,
    PETRIA6,     195,     1,   363,   362,   225,  1086,  1087,  1088,
    PETRIA6,     196,     1,   147,    70,    69,   918,  1089,   837,
    PETRIA6,     197,     1,   292,   203,   291,   731,  1090,  1091,
    PETRIA6,     198,     1,   148,    71,    70,   981,  1092,   917,
    PETRIA6,     199,     1,   240,   123,   167,  1093,  1094,   757,
    PETRIA6,     200,     1,   149,    72,    71,   844,  1095,   980,
    PETRIA6,     201,     1,   217,   151,   150,  1096,   848,  1097,
    PETRIA6,     202,     1,   150,    73,    72,   847,  1098,   843,
    PETRIA6,     203,     1,   218,   152,   151,  1099,   851,  1100,
    PETRIA6,     204,     1,   151,    74,    73,   850,  1101,   846,
    PETRIA6,     205,     1,   236,   177,   219,  1102,  1103,  1104,
    PETRIA6,     206,     1,   152,    75,    74,   853,  1105,   849,
    PETRIA6,     207,     1,   176,   153,   152,  1106,   854,  1107,
    PETRIA6,     208,     1,   153,    76,    75,   855,  1108,   852,
    PETRIA6,     209,     1,   219,    40,   154,  1109,  1110,  1111,
    PETRIA6,     210,     1,   154,    40,    77,  1110,   750,   753,
    PETRIA6,     211,     1,   155,    89,    88,   781,  1112,   880,
    PETRIA6,     212,     1,   316,   193,   242,  1113,  1114,  1115,
    PETRIA6,     213,     1,   220,   157,   156,  1116,   888,  1117,
    PETRIA6,     214,     1,   156,    90,    89,   887,  1118,   780,
    PETRIA6,     215,     1,   384,   329,   247,  1119,  1120,  1121,
    PETRIA6,     216,     1,   157,    91,    90,   890,  1122,   886,
    PETRIA6,     217,     1,   222,   221,   129,  1123,  1124,  1125,
    PETRIA6,     218,     1,   158,    92,    91,   892,  1126,   889,
    PETRIA6,     219,     1,   223,   159,   195,  1127,  1128,  1129,
    PETRIA6,     220,     1,   159,    93,    92,   895,  1130,   891,
    PETRIA6,     221,     1,   247,   224,   223,  1131,  1132,  1133,
    PETRIA6,     222,     1,   160,    94,    93,   898,  1134,   894,
    PETRIA6,     223,     1,   235,   222,   128,  1135,  1136,  1137,
    PETRIA6,     224,     1,   161,    95,    94,  1138,  1139,   897,
    PETRIA6,     225,     1,   162,    96,    95,   779,  1140,  1141,
    PETRIA6,     226,     1,   162,    95,   161,  1141,  1138,  1142,
    PETRIA6,     227,     1,   163,   116,    32,  1143,   977,   732,
    PETRIA6,     228,     1,   165,   163,     3,  1144,   734,  1145,
    PETRIA6,     229,     1,   294,   241,   166,  1146,  1147,  1148,
    PETRIA6,     230,     1,   303,   121,   227,  1149,  1150,  1151,
    PETRIA6,     231,     1,   165,     3,    31,  1145,  1152,  1013,
    PETRIA6,     232,     1,   237,   126,   175,  1008,  1010,  1153,
    PETRIA6,     233,     1,   166,   102,    15,  1154,   930,   647,
    PETRIA6,     234,     1,   172,    14,    13,   681,  1155,  1156,
    PETRIA6,     235,     1,   167,   123,    43,  1094,  1000,   762,
    PETRIA6,     236,     1,   177,    42,    41,   761,  1157,  1158,
    PETRIA6,     237,     1,   437,   383,   393,  1159,  1160,  1161,
    PETRIA6,     238,     1,   190,   189,   111,  1162,   866,  1163,
    PETRIA6,     239,     1,   213,   140,   139,  1164,   820,  1165,
    PETRIA6,     240,     1,   277,   274,   214,  1166,  1167,  1168,
    PETRIA6,     241,     1,   215,   144,   143,  1169,   831,  1071,
    PETRIA6,     242,     1,   233,    99,   100,  1170,   659,  1074,
    PETRIA6,     243,     1,   188,   148,   147,  1171,   919,  1172,
    PETRIA6,     244,     1,   230,   225,   117,  1173,  1174,  1175,
    PETRIA6,     245,     1,   201,   172,    13,  1176,  1156,  1177,
    PETRIA6,     246,     1,   239,   122,   164,  1178,   677,  1179,
    PETRIA6,     247,     1,   190,   111,   110,  1163,   714,  1180,
    PETRIA6,     248,     1,   330,   246,   319,  1181,  1182,  1183,
    PETRIA6,     249,     1,   243,    79,   174,   965,  1184,  1185,
    PETRIA6,     250,     1,   174,    79,    78,  1184,  1186,   723,
    PETRIA6,     251,     1,   307,   284,   306,  1187,  1188,  1189,
    PETRIA6,     252,     1,   299,   175,   292,  1190,   729,  1191,
    PETRIA6,     253,     1,   217,   150,   200,  1097,  1192,  1193,
    PETRIA6,     254,     1,   240,   202,   123,  1194,  1195,  1093,
    PETRIA6,     255,     1,   219,   177,    41,  1103,  1158,  1196,
    PETRIA6,     256,     1,   236,   154,   153,  1197,   856,  1198,
    PETRIA6,     257,     1,   252,   251,   178,  1199,  1200,  1201,
    PETRIA6,     258,     1,   221,   179,   130,  1202,   788,  1203,
    PETRIA6,     259,     1,   221,   130,   129,  1203,   948,  1124,
    PETRIA6,     260,     1,   206,   205,   108,  1204,  1205,  1206,
    PETRIA6,     261,     1,   207,   206,   107,  1207,  1208,  1209,
    PETRIA6,     262,     1,   180,   132,   131,   792,   941,   789,
    PETRIA6,     263,     1,   208,   207,   106,  1210,  1211,  1212,
    PETRIA6,     264,     1,   181,   133,   132,   795,   937,   791,
    PETRIA6,     265,     1,   209,   208,   105,  1213,  1214,  1215,
    PETRIA6,     266,     1,   182,   134,   133,   798,   933,   794,
    PETRIA6,     267,     1,   210,   209,   104,  1216,  1217,  1218,
    PETRIA6,     268,     1,   183,   135,   134,   801,   805,   797,
    PETRIA6,     269,     1,   211,   210,   103,  1219,  1220,  1221,
    PETRIA6,     270,     1,   184,   136,   135,   904,   808,   800,
    PETRIA6,     271,     1,   212,   138,   137,  1222,   811,  1223,
    PETRIA6,     272,     1,   278,   277,   169,  1224,  1225,  1226,
    PETRIA6,     273,     1,   214,   186,   142,  1227,   828,  1228,
    PETRIA6,     274,     1,   228,   226,    98,  1229,  1230,  1231,
    PETRIA6,     275,     1,   270,   269,   188,  1232,  1233,  1234,
    PETRIA6,     276,     1,   187,   146,   145,  1083,   834,   835,
    PETRIA6,     277,     1,   188,   171,   148,  1235,   664,  1171,
    PETRIA6,     278,     1,   216,   188,   147,  1236,  1172,  1237,
    PETRIA6,     279,     1,   191,   110,   109,  1238,   708,  1020,
    PETRIA6,     280,     1,   244,   196,    85,  1239,  1240,  1241,
    PETRIA6,     281,     1,   191,   190,   110,  1242,  1180,  1238,
    PETRIA6,     282,     1,   242,   193,   155,  1114,   885,  1243,
    PETRIA6,     283,     1,   205,   109,   108,  1021,   705,  1205,
    PETRIA6,     284,     1,   325,   324,   251,  1244,  1245,  1246,
    PETRIA6,     285,     1,   192,   168,    87,   877,   711,   881,
    PETRIA6,     286,     1,   196,    86,    85,   958,  1247,  1240,
    PETRIA6,     287,     1,   220,   156,   193,  1117,   884,  1248,
    PETRIA6,     288,     1,   242,   155,   168,  1243,   879,  1249,
    PETRIA6,     289,     1,   283,   184,   268,  1250,  1251,  1044,
    PETRIA6,     290,     1,   282,   279,   185,  1252,  1253,  1254,
    PETRIA6,     291,     1,   195,   159,   158,  1128,   893,   954,
    PETRIA6,     292,     1,   250,   247,   223,  1255,  1133,  1256,
    PETRIA6,     293,     1,   244,    85,    84,  1241,  1257,  1258,
    PETRIA6,     294,     1,   323,   255,   256,  1259,  1260,  1261,
    PETRIA6,     295,     1,   197,    81,    80,   960,  1262,  1263,
    PETRIA6,     296,     1,   255,   199,   198,  1264,   972,  1265,
    PETRIA6,     297,     1,   198,   114,   113,   971,   925,   967,
    PETRIA6,     298,     1,   319,   197,   318,  1266,  1267,  1268,
    PETRIA6,     299,     1,   297,   199,   255,  1269,  1264,  1270,
    PETRIA6,     300,     1,   199,   115,   114,   861,   922,   970,
    PETRIA6,     301,     1,   200,   150,   149,  1192,   845,   978,
    PETRIA6,     302,     1,   284,   171,   269,  1271,  1272,  1273,
    PETRIA6,     303,     1,   201,    13,    12,  1177,  1274,   997,
    PETRIA6,     304,     1,   239,   201,   122,  1275,   676,  1178,
    PETRIA6,     305,     1,   203,   124,   202,  1005,  1276,  1277,
    PETRIA6,     306,     1,   202,   124,   123,  1276,   766,  1195,
    PETRIA6,     307,     1,   304,   202,   240,  1278,  1194,  1279,
    PETRIA6,     308,     1,   203,   175,   125,   730,  1011,  1004,
    PETRIA6,     309,     1,   204,   128,    50,  1280,  1017,  1281,
    PETRIA6,     310,     1,   204,    50,    49,  1281,  1282,  1018,
    PETRIA6,     311,     1,   206,   108,   107,  1206,   702,  1208,
    PETRIA6,     312,     1,   338,   335,   261,  1283,  1284,  1285,
    PETRIA6,     313,     1,   207,   107,   106,  1209,   699,  1211,
    PETRIA6,     314,     1,   340,   338,   263,  1286,  1287,  1288,
    PETRIA6,     315,     1,   208,   106,   105,  1212,   696,  1214,
    PETRIA6,     316,     1,   342,   340,   265,  1289,  1290,  1291,
    PETRIA6,     317,     1,   209,   105,   104,  1215,   693,  1217,
    PETRIA6,     318,     1,   351,   268,   343,  1045,  1292,  1293,
    PETRIA6,     319,     1,   210,   104,   103,  1218,   690,  1220,
    PETRIA6,     320,     1,   349,   346,   280,  1294,  1295,  1296,
    PETRIA6,     321,     1,   211,   103,   102,  1221,   687,  1297,
    PETRIA6,     322,     1,   286,   280,   209,  1298,  1299,  1300,
    PETRIA6,     323,     1,   241,   102,   166,  1301,  1154,  1147,
    PETRIA6,     324,     1,   227,   121,   120,  1150,   748,  1302,
    PETRIA6,     325,     1,   212,   185,   138,  1303,  1058,  1222,
    PETRIA6,     326,     1,   212,   137,   194,  1223,  1051,  1304,
    PETRIA6,     327,     1,   213,   169,   140,  1305,   655,  1164,
    PETRIA6,     328,     1,   213,   139,   185,  1165,  1057,  1306,
    PETRIA6,     329,     1,   214,   142,   141,  1228,   823,  1064,
    PETRIA6,     330,     1,   369,   289,   305,  1307,  1308,  1309,
    PETRIA6,     331,     1,   359,   358,   228,  1310,  1311,  1312,
    PETRIA6,     332,     1,   215,   170,   144,  1313,   658,  1169,
    PETRIA6,     333,     1,   216,   147,   146,  1237,   839,  1082,
    PETRIA6,     334,     1,   276,   170,   272,  1314,  1315,  1316,
    PETRIA6,     335,     1,   218,   151,   217,  1100,  1096,  1002,
    PETRIA6,     336,     1,   288,   285,   217,  1317,  1003,  1318,
    PETRIA6,     337,     1,   301,   293,   298,  1319,  1320,  1321,
    PETRIA6,     338,     1,   218,   176,   152,  1322,  1107,  1099,
    PETRIA6,     339,     1,   219,    41,    40,  1196,  1323,  1109,
    PETRIA6,     340,     1,   236,   219,   154,  1104,  1111,  1197,
    PETRIA6,     341,     1,   251,   250,   195,  1324,  1325,  1326,
    PETRIA6,     342,     1,   220,   178,   157,  1327,   785,  1116,
    PETRIA6,     343,     1,   222,   129,   128,  1125,   952,  1136,
    PETRIA6,     344,     1,   296,   247,   253,  1328,  1329,  1330,
    PETRIA6,     345,     1,   235,   128,   204,  1137,  1280,   900,
    PETRIA6,     346,     1,   224,   161,   160,  1331,   899,  1332,
    PETRIA6,     347,     1,   223,   160,   159,  1333,   896,  1127,
    PETRIA6,     348,     1,   250,   223,   195,  1256,  1129,  1325,
    PETRIA6,     349,     1,   296,   235,   224,  1334,  1335,  1336,
    PETRIA6,     350,     1,   224,   160,   223,  1332,  1333,  1132,
    PETRIA6,     351,     1,   225,   100,   117,  1075,   982,  1174,
    PETRIA6,     352,     1,   230,   117,   116,  1175,   737,  1337,
    PETRIA6,     353,     1,   226,   119,    98,  1054,   742,  1230,
    PETRIA6,     354,     1,   228,    98,   118,  1231,   985,   841,
    PETRIA6,     355,     1,   232,   120,    97,  1338,   745,   990,
    PETRIA6,     356,     1,   231,    97,   119,   991,   988,  1053,
    PETRIA6,     357,     1,   229,   118,    99,   842,   740,  1339,
    PETRIA6,     358,     1,   336,   271,   315,  1340,  1341,  1342,
    PETRIA6,     359,     1,   233,   229,    99,  1343,  1339,  1170,
    PETRIA6,     360,     1,   313,   312,   273,  1344,  1345,  1346,
    PETRIA6,     361,     1,   295,   163,   238,  1347,  1348,  1349,
    PETRIA6,     362,     1,   306,   284,   269,  1188,  1273,  1350,
    PETRIA6,     363,     1,   372,   311,   310,  1351,  1352,  1353,
    PETRIA6,     364,     1,   314,   277,   311,  1354,  1355,  1356,
    PETRIA6,     365,     1,   478,   472,   425,  1357,  1358,  1359,
    PETRIA6,     366,     1,   232,   227,   120,  1360,  1302,  1338,
    PETRIA6,     367,     1,   362,   360,   233,  1361,  1362,  1363,
    PETRIA6,     368,     1,   422,   419,   371,  1364,  1365,  1366,
    PETRIA6,     369,     1,   318,   234,   297,  1367,  1368,  1369,
    PETRIA6,     370,     1,   234,   174,   101,  1370,   725,   863,
    PETRIA6,     371,     1,   235,   162,   161,   902,  1142,  1371,
    PETRIA6,     372,     1,   235,   161,   224,  1371,  1331,  1335,
    PETRIA6,     373,     1,   236,   153,   176,  1198,  1106,  1372,
    PETRIA6,     374,     1,   298,   293,   236,  1320,  1373,  1374,
    PETRIA6,     375,     1,   238,   165,   237,  1375,  1376,  1377,
    PETRIA6,     376,     1,   237,   165,   127,  1376,  1015,  1007,
    PETRIA6,     377,     1,   295,   116,   163,  1378,  1143,  1347,
    PETRIA6,     378,     1,   238,   163,   165,  1348,  1144,  1375,
    PETRIA6,     379,     1,   322,   201,   239,  1379,  1275,  1380,
    PETRIA6,     380,     1,   303,   164,   121,  1381,   646,  1149,
    PETRIA6,     381,     1,   293,   167,   177,   758,   759,  1382,
    PETRIA6,     382,     1,   281,   176,   218,  1383,  1322,  1384,
    PETRIA6,     383,     1,   241,   211,   102,  1385,  1297,  1301,
    PETRIA6,     384,     1,   294,   166,   172,  1148,   680,  1386,
    PETRIA6,     385,     1,   248,   192,   196,  1387,   957,  1388,
    PETRIA6,     386,     1,   396,   384,   324,  1389,  1390,  1391,
    PETRIA6,     387,     1,   243,   197,    80,  1392,  1263,   963,
    PETRIA6,     388,     1,   243,   174,   234,  1185,  1370,  1393,
    PETRIA6,     389,     1,   249,    84,    83,  1394,  1395,  1396,
    PETRIA6,     390,     1,   258,   256,   173,  1397,  1398,  1399,
    PETRIA6,     391,     1,   245,    83,    82,  1400,  1401,   868,
    PETRIA6,     392,     1,   330,   245,   246,  1402,   867,  1181,
    PETRIA6,     393,     1,   300,   297,   255,  1403,  1270,  1404,
    PETRIA6,     394,     1,   319,   318,   300,  1268,  1405,  1406,
    PETRIA6,     395,     1,   251,   195,   178,  1326,   955,  1200,
    PETRIA6,     396,     1,   296,   253,   222,  1330,  1407,  1408,
    PETRIA6,     397,     1,   317,   196,   244,  1409,  1239,  1410,
    PETRIA6,     398,     1,   393,   317,   332,  1411,  1412,  1413,
    PETRIA6,     399,     1,   249,   244,    84,  1414,  1258,  1394,
    PETRIA6,     400,     1,   249,    83,   245,  1396,  1400,  1415,
    PETRIA6,     401,     1,   252,   178,   220,  1201,  1327,  1416,
    PETRIA6,     402,     1,   384,   247,   250,  1121,  1255,  1417,
    PETRIA6,     403,     1,   254,   220,   193,  1418,  1248,  1419,
    PETRIA6,     404,     1,   324,   250,   251,  1420,  1324,  1245,
    PETRIA6,     405,     1,   254,   252,   220,  1421,  1416,  1418,
    PETRIA6,     406,     1,   398,   333,   396,  1422,  1423,  1424,
    PETRIA6,     407,     1,   257,   221,   253,  1425,  1426,  1427,
    PETRIA6,     408,     1,   253,   221,   222,  1426,  1123,  1407,
    PETRIA6,     409,     1,   334,   242,   290,  1428,  1429,  1430,
    PETRIA6,     410,     1,   326,   325,   252,  1431,  1432,  1433,
    PETRIA6,     411,     1,   256,   198,   173,  1434,   968,  1398,
    PETRIA6,     412,     1,   256,   255,   198,  1260,  1265,  1434,
    PETRIA6,     413,     1,   258,   173,   189,  1399,   870,  1435,
    PETRIA6,     414,     1,   391,   366,   323,  1436,  1437,  1438,
    PETRIA6,     415,     1,   257,   179,   221,  1024,  1202,  1425,
    PETRIA6,     416,     1,   333,   257,   329,  1439,  1440,  1441,
    PETRIA6,     417,     1,   259,   189,   190,  1442,  1162,  1443,
    PETRIA6,     418,     1,   259,   258,   189,  1444,  1435,  1442,
    PETRIA6,     419,     1,   261,   190,   191,  1445,  1242,  1446,
    PETRIA6,     420,     1,   327,   290,   248,  1447,  1448,  1449,
    PETRIA6,     421,     1,   275,   267,   207,  1450,  1451,  1452,
    PETRIA6,     422,     1,   260,   180,   179,  1028,   790,  1023,
    PETRIA6,     423,     1,   261,   259,   190,  1453,  1443,  1445,
    PETRIA6,     424,     1,   263,   191,   205,  1454,  1019,  1455,
    PETRIA6,     425,     1,   262,   181,   180,  1032,   793,  1027,
    PETRIA6,     426,     1,   385,   324,   325,  1456,  1244,  1457,
    PETRIA6,     427,     1,   263,   261,   191,  1458,  1446,  1454,
    PETRIA6,     428,     1,   265,   205,   206,  1459,  1204,  1460,
    PETRIA6,     429,     1,   264,   182,   181,  1036,   796,  1031,
    PETRIA6,     430,     1,   339,   262,   337,  1461,  1462,  1463,
    PETRIA6,     431,     1,   265,   263,   205,  1464,  1455,  1459,
    PETRIA6,     432,     1,   267,   206,   207,  1465,  1207,  1451,
    PETRIA6,     433,     1,   266,   183,   182,  1040,   799,  1035,
    PETRIA6,     434,     1,   341,   264,   339,  1466,  1467,  1468,
    PETRIA6,     435,     1,   267,   265,   206,  1469,  1460,  1465,
    PETRIA6,     436,     1,   275,   207,   208,  1452,  1210,  1470,
    PETRIA6,     437,     1,   268,   184,   183,  1251,   802,  1039,
    PETRIA6,     438,     1,   343,   266,   341,  1471,  1472,  1473,
    PETRIA6,     439,     1,   269,   171,   188,  1272,  1235,  1233,
    PETRIA6,     440,     1,   270,   188,   216,  1234,  1236,  1474,
    PETRIA6,     441,     1,   273,   216,   187,  1475,  1084,  1476,
    PETRIA6,     442,     1,   470,   469,   419,  1477,  1478,  1479,
    PETRIA6,     443,     1,   271,   215,   186,  1079,  1072,  1061,
    PETRIA6,     444,     1,   274,   186,   214,  1062,  1227,  1167,
    PETRIA6,     445,     1,   313,   273,   276,  1346,  1480,  1481,
    PETRIA6,     446,     1,   272,   170,   215,  1315,  1313,  1078,
    PETRIA6,     447,     1,   273,   270,   216,  1482,  1474,  1475,
    PETRIA6,     448,     1,   276,   273,   187,  1480,  1476,  1483,
    PETRIA6,     449,     1,   277,   214,   169,  1168,  1065,  1225,
    PETRIA6,     450,     1,   315,   274,   314,  1484,  1485,  1486,
    PETRIA6,     451,     1,   280,   208,   209,  1487,  1213,  1299,
    PETRIA6,     452,     1,   348,   287,   283,  1488,  1489,  1490,
    PETRIA6,     453,     1,   276,   187,   170,  1483,   836,  1314,
    PETRIA6,     454,     1,   336,   272,   271,  1491,  1080,  1340,
    PETRIA6,     455,     1,   278,   169,   213,  1226,  1305,   816,
    PETRIA6,     456,     1,   361,   231,   357,  1492,  1493,  1494,
    PETRIA6,     457,     1,   279,   213,   185,   817,  1306,  1253,
    PETRIA6,     458,     1,   311,   278,   310,  1495,  1496,  1352,
    PETRIA6,     459,     1,   282,   185,   212,  1254,  1303,  1497,
    PETRIA6,     460,     1,   310,   279,   309,  1498,  1499,  1500,
    PETRIA6,     461,     1,   280,   275,   208,  1501,  1470,  1487,
    PETRIA6,     462,     1,   286,   209,   210,  1300,  1216,  1048,
    PETRIA6,     463,     1,   288,   200,   284,  1502,  1503,  1504,
    PETRIA6,     464,     1,   350,   347,   285,  1505,  1506,  1507,
    PETRIA6,     465,     1,   287,   212,   194,  1508,  1304,  1509,
    PETRIA6,     466,     1,   309,   282,   308,  1510,  1511,  1512,
    PETRIA6,     467,     1,   345,   342,   267,  1513,  1514,  1515,
    PETRIA6,     468,     1,   283,   194,   184,  1516,   905,  1250,
    PETRIA6,     469,     1,   368,   353,   291,  1517,  1518,  1519,
    PETRIA6,     470,     1,   284,   200,   171,  1503,   979,  1271,
    PETRIA6,     471,     1,   418,   368,   304,  1520,  1521,  1522,
    PETRIA6,     472,     1,   285,   281,   218,  1523,  1384,  1001,
    PETRIA6,     473,     1,   289,   210,   211,  1049,  1219,  1524,
    PETRIA6,     474,     1,   409,   407,   346,  1525,  1526,  1527,
    PETRIA6,     475,     1,   287,   282,   212,  1528,  1497,  1508,
    PETRIA6,     476,     1,   287,   194,   283,  1509,  1516,  1489,
    PETRIA6,     477,     1,   288,   217,   200,  1318,  1193,  1502,
    PETRIA6,     478,     1,   540,   473,   469,  1529,  1530,  1531,
    PETRIA6,     479,     1,   305,   211,   241,  1532,  1385,   683,
    PETRIA6,     480,     1,   352,   349,   286,  1533,  1534,  1535,
    PETRIA6,     481,     1,   290,   242,   168,  1429,  1249,   876,
    PETRIA6,     482,     1,   290,   192,   248,   878,  1387,  1448,
    PETRIA6,     483,     1,   353,   292,   291,  1536,  1091,  1518,
    PETRIA6,     484,     1,   291,   203,   202,  1090,  1277,  1537,
    PETRIA6,     485,     1,   414,   356,   302,  1538,  1539,  1540,
    PETRIA6,     486,     1,   299,   237,   175,  1541,  1153,  1190,
    PETRIA6,     487,     1,   293,   177,   236,  1382,  1102,  1373,
    PETRIA6,     488,     1,   298,   236,   176,  1374,  1372,  1542,
    PETRIA6,     489,     1,   322,   294,   172,  1543,  1386,  1544,
    PETRIA6,     490,     1,   365,   354,   294,  1545,  1546,  1547,
    PETRIA6,     491,     1,   295,   230,   116,  1548,  1337,  1378,
    PETRIA6,     492,     1,   356,   238,   299,  1549,  1550,  1551,
    PETRIA6,     493,     1,   296,   222,   235,  1408,  1135,  1334,
    PETRIA6,     494,     1,   296,   224,   247,  1336,  1131,  1328,
    PETRIA6,     495,     1,   318,   297,   300,  1369,  1403,  1405,
    PETRIA6,     496,     1,   297,   234,   199,  1368,   862,  1269,
    PETRIA6,     497,     1,   298,   176,   281,  1542,  1383,  1552,
    PETRIA6,     498,     1,   301,   298,   281,  1321,  1552,  1553,
    PETRIA6,     499,     1,   299,   238,   237,  1550,  1377,  1541,
    PETRIA6,     500,     1,   302,   299,   292,  1554,  1191,  1555,
    PETRIA6,     501,     1,   389,   366,   386,  1556,  1557,  1558,
    PETRIA6,     502,     1,   389,   386,   330,  1558,  1559,  1560,
    PETRIA6,     503,     1,   301,   240,   293,  1561,   756,  1319,
    PETRIA6,     504,     1,   347,   281,   285,  1562,  1523,  1506,
    PETRIA6,     505,     1,   350,   288,   307,  1563,  1564,  1565,
    PETRIA6,     506,     1,   356,   355,   295,  1566,  1567,  1568,
    PETRIA6,     507,     1,   303,   239,   164,  1569,  1179,  1381,
    PETRIA6,     508,     1,   364,   232,   361,  1570,  1571,  1572,
    PETRIA6,     509,     1,   304,   291,   202,  1573,  1537,  1278,
    PETRIA6,     510,     1,   304,   240,   301,  1279,  1561,  1574,
    PETRIA6,     511,     1,   305,   289,   211,  1308,  1524,  1532,
    PETRIA6,     512,     1,   354,   241,   294,   684,  1146,  1546,
    PETRIA6,     513,     1,   320,   269,   270,  1575,  1232,  1576,
    PETRIA6,     514,     1,   363,   230,   355,  1577,  1578,  1579,
    PETRIA6,     515,     1,   540,   507,   465,  1580,  1581,  1582,
    PETRIA6,     516,     1,   307,   288,   284,  1564,  1504,  1187,
    PETRIA6,     517,     1,   346,   345,   275,  1583,  1584,  1585,
    PETRIA6,     518,     1,   308,   282,   287,  1511,  1528,  1586,
    PETRIA6,     519,     1,   380,   309,   374,  1587,  1588,  1589,
    PETRIA6,     520,     1,   309,   279,   282,  1499,  1252,  1510,
    PETRIA6,     521,     1,   420,   352,   369,  1590,  1591,  1592,
    PETRIA6,     522,     1,   310,   278,   279,  1496,   815,  1498,
    PETRIA6,     523,     1,   373,   311,   372,  1593,  1351,  1594,
    PETRIA6,     524,     1,   311,   277,   278,  1355,  1224,  1495,
    PETRIA6,     525,     1,   360,   359,   229,  1595,  1596,  1597,
    PETRIA6,     526,     1,   312,   270,   273,  1598,  1482,  1345,
    PETRIA6,     527,     1,   344,   276,   272,  1599,  1316,  1600,
    PETRIA6,     528,     1,   466,   360,   461,  1601,  1602,  1603,
    PETRIA6,     529,     1,   358,   357,   226,  1604,  1605,  1606,
    PETRIA6,     530,     1,   314,   274,   277,  1485,  1166,  1354,
    PETRIA6,     531,     1,   423,   377,   373,  1607,  1069,  1608,
    PETRIA6,     532,     1,   315,   271,   274,  1341,  1060,  1484,
    PETRIA6,     533,     1,   434,   392,   390,  1609,  1610,  1611,
    PETRIA6,     534,     1,   316,   254,   193,  1612,  1419,  1113,
    PETRIA6,     535,     1,   317,   248,   196,  1613,  1388,  1409,
    PETRIA6,     536,     1,   332,   244,   249,  1614,  1414,  1615,
    PETRIA6,     537,     1,   318,   197,   243,  1267,  1392,  1616,
    PETRIA6,     538,     1,   318,   243,   234,  1616,  1393,  1367,
    PETRIA6,     539,     1,   330,   321,   245,  1617,  1618,  1402,
    PETRIA6,     540,     1,   319,   246,   197,  1182,   961,  1266,
    PETRIA6,     541,     1,   320,   306,   269,  1619,  1350,  1575,
    PETRIA6,     542,     1,   320,   270,   312,  1576,  1598,  1620,
    PETRIA6,     543,     1,   321,   249,   245,  1621,  1415,  1618,
    PETRIA6,     544,     1,   323,   300,   255,  1622,  1404,  1259,
    PETRIA6,     545,     1,   322,   172,   201,  1544,  1176,  1379,
    PETRIA6,     546,     1,   365,   322,   239,  1623,  1380,  1624,
    PETRIA6,     547,     1,   328,   256,   258,  1625,  1397,   874,
    PETRIA6,     548,     1,   482,   468,   438,  1626,  1627,  1628,
    PETRIA6,     549,     1,   325,   251,   252,  1246,  1199,  1432,
    PETRIA6,     550,     1,   326,   252,   254,  1433,  1421,  1629,
    PETRIA6,     551,     1,   382,   254,   316,  1630,  1612,  1631,
    PETRIA6,     552,     1,   440,   396,   385,  1632,  1633,  1634,
    PETRIA6,     553,     1,   392,   316,   334,  1635,  1636,  1637,
    PETRIA6,     554,     1,   433,   385,   387,  1638,  1639,  1640,
    PETRIA6,     555,     1,   383,   248,   317,  1641,  1613,  1642,
    PETRIA6,     556,     1,   335,   331,   259,  1643,  1644,  1645,
    PETRIA6,     557,     1,   328,   323,   256,  1646,  1261,  1625,
    PETRIA6,     558,     1,   331,   258,   259,   875,  1444,  1644,
    PETRIA6,     559,     1,   329,   257,   253,  1440,  1427,  1647,
    PETRIA6,     560,     1,   329,   253,   247,  1647,  1329,  1120,
    PETRIA6,     561,     1,   389,   300,   366,  1648,  1649,  1556,
    PETRIA6,     562,     1,   366,   300,   323,  1649,  1622,  1437,
    PETRIA6,     563,     1,   335,   259,   261,  1645,  1453,  1284,
    PETRIA6,     564,     1,   397,   395,   331,  1650,  1651,  1652,
    PETRIA6,     565,     1,   332,   317,   244,  1412,  1410,  1614,
    PETRIA6,     566,     1,   332,   249,   321,  1615,  1621,  1653,
    PETRIA6,     567,     1,   337,   260,   333,  1654,  1655,  1656,
    PETRIA6,     568,     1,   333,   260,   257,  1655,  1025,  1439,
    PETRIA6,     569,     1,   334,   316,   242,  1636,  1115,  1428,
    PETRIA6,     570,     1,   334,   290,   327,  1430,  1447,  1657,
    PETRIA6,     571,     1,   338,   261,   263,  1285,  1458,  1287,
    PETRIA6,     572,     1,   584,   520,   524,  1658,  1659,  1660,
    PETRIA6,     573,     1,   378,   315,   377,  1661,  1662,  1663,
    PETRIA6,     574,     1,   344,   272,   336,  1600,  1491,  1664,
    PETRIA6,     575,     1,   337,   262,   260,  1462,  1029,  1654,
    PETRIA6,     576,     1,   387,   385,   325,  1639,  1457,  1665,
    PETRIA6,     577,     1,   340,   263,   265,  1288,  1464,  1290,
    PETRIA6,     578,     1,   402,   339,   400,  1666,  1667,  1668,
    PETRIA6,     579,     1,   490,   433,   480,  1669,  1670,  1671,
    PETRIA6,     580,     1,   339,   264,   262,  1467,  1033,  1461,
    PETRIA6,     581,     1,   342,   265,   267,  1291,  1469,  1514,
    PETRIA6,     582,     1,   404,   341,   402,  1672,  1673,  1674,
    PETRIA6,     583,     1,   401,   399,   338,  1675,  1676,  1677,
    PETRIA6,     584,     1,   341,   266,   264,  1472,  1037,  1466,
    PETRIA6,     585,     1,   345,   267,   275,  1515,  1450,  1584,
    PETRIA6,     586,     1,   351,   348,   283,  1678,  1490,  1043,
    PETRIA6,     587,     1,   403,   401,   340,  1679,  1680,  1681,
    PETRIA6,     588,     1,   343,   268,   266,  1292,  1041,  1471,
    PETRIA6,     589,     1,   429,   428,   375,  1682,  1683,  1684,
    PETRIA6,     590,     1,   344,   313,   276,  1685,  1481,  1599,
    PETRIA6,     591,     1,   346,   275,   280,  1585,  1501,  1295,
    PETRIA6,     592,     1,   406,   403,   342,  1686,  1687,  1688,
    PETRIA6,     593,     1,   349,   280,   286,  1296,  1298,  1534,
    PETRIA6,     594,     1,   407,   406,   345,  1689,  1690,  1691,
    PETRIA6,     595,     1,   347,   301,   281,  1692,  1553,  1562,
    PETRIA6,     596,     1,   350,   285,   288,  1507,  1317,  1563,
    PETRIA6,     597,     1,   376,   374,   308,  1693,  1694,  1695,
    PETRIA6,     598,     1,   348,   308,   287,  1696,  1586,  1488,
    PETRIA6,     599,     1,   352,   286,   289,  1535,  1047,  1697,
    PETRIA6,     600,     1,   449,   374,   427,  1698,  1699,  1700,
    PETRIA6,     601,     1,   416,   353,   368,  1701,  1517,  1702,
    PETRIA6,     602,     1,   451,   408,   381,  1703,  1704,  1705,
    PETRIA6,     603,     1,   410,   343,   404,  1706,  1707,  1708,
    PETRIA6,     604,     1,   410,   351,   343,  1709,  1293,  1706,
    PETRIA6,     605,     1,   413,   369,   305,  1710,  1309,  1711,
    PETRIA6,     606,     1,   641,   637,   622,  1712,  1713,  1714,
    PETRIA6,     607,     1,   353,   302,   292,  1715,  1555,  1536,
    PETRIA6,     608,     1,   368,   291,   304,  1519,  1573,  1521,
    PETRIA6,     609,     1,   365,   294,   322,  1547,  1543,  1623,
    PETRIA6,     610,     1,   505,   467,   459,  1716,  1717,  1718,
    PETRIA6,     611,     1,   355,   230,   295,  1578,  1548,  1567,
    PETRIA6,     612,     1,   572,   414,   367,  1719,  1720,  1721,
    PETRIA6,     613,     1,   356,   295,   238,  1568,  1349,  1549,
    PETRIA6,     614,     1,   356,   299,   302,  1551,  1554,  1539,
    PETRIA6,     615,     1,   357,   231,   226,  1493,  1055,  1605,
    PETRIA6,     616,     1,   358,   226,   228,  1606,  1229,  1311,
    PETRIA6,     617,     1,   359,   228,   229,  1312,   840,  1596,
    PETRIA6,     618,     1,   405,   336,   378,  1722,  1723,  1724,
    PETRIA6,     619,     1,   360,   229,   233,  1597,  1343,  1362,
    PETRIA6,     620,     1,   405,   394,   344,  1725,  1726,  1727,
    PETRIA6,     621,     1,   362,   233,   225,  1363,  1076,  1087,
    PETRIA6,     622,     1,   428,   422,   379,  1728,  1729,  1730,
    PETRIA6,     623,     1,   546,   545,   511,  1731,  1732,  1733,
    PETRIA6,     624,     1,   361,   232,   231,  1571,   992,  1492,
    PETRIA6,     625,     1,   363,   225,   230,  1088,  1173,  1577,
    PETRIA6,     626,     1,   371,   370,   306,  1734,  1735,  1736,
    PETRIA6,     627,     1,   415,   355,   414,  1737,  1738,  1739,
    PETRIA6,     628,     1,   465,   363,   415,  1740,  1741,  1742,
    PETRIA6,     629,     1,   459,   365,   303,  1743,  1744,  1745,
    PETRIA6,     630,     1,   364,   227,   232,  1746,  1360,  1570,
    PETRIA6,     631,     1,   365,   239,   303,  1624,  1569,  1744,
    PETRIA6,     632,     1,   459,   417,   365,  1747,  1748,  1743,
    PETRIA6,     633,     1,   391,   323,   328,  1438,  1646,  1749,
    PETRIA6,     634,     1,   468,   386,   366,  1750,  1557,  1751,
    PETRIA6,     635,     1,   367,   302,   353,  1752,  1715,  1753,
    PETRIA6,     636,     1,   421,   370,   419,  1754,  1755,  1756,
    PETRIA6,     637,     1,   418,   304,   301,  1522,  1574,  1757,
    PETRIA6,     638,     1,   408,   347,   350,  1758,  1505,  1759,
    PETRIA6,     639,     1,   369,   352,   289,  1591,  1697,  1307,
    PETRIA6,     640,     1,   413,   305,   354,  1711,   682,  1760,
    PETRIA6,     641,     1,   370,   307,   306,  1761,  1189,  1735,
    PETRIA6,     642,     1,   371,   306,   320,  1736,  1619,  1762,
    PETRIA6,     643,     1,   379,   320,   312,  1763,  1620,  1764,
    PETRIA6,     644,     1,   422,   371,   379,  1366,  1765,  1729,
    PETRIA6,     645,     1,   425,   423,   373,  1766,  1608,  1767,
    PETRIA6,     646,     1,   380,   310,   309,  1768,  1500,  1587,
    PETRIA6,     647,     1,   576,   545,   575,  1769,  1770,  1771,
    PETRIA6,     648,     1,   373,   314,   311,  1068,  1356,  1593,
    PETRIA6,     649,     1,   374,   309,   308,  1588,  1512,  1694,
    PETRIA6,     650,     1,   376,   308,   348,  1695,  1696,  1772,
    PETRIA6,     651,     1,   375,   312,   313,  1773,  1344,  1774,
    PETRIA6,     652,     1,   394,   313,   344,  1775,  1685,  1726,
    PETRIA6,     653,     1,   411,   348,   351,  1776,  1678,  1777,
    PETRIA6,     654,     1,   450,   446,   403,  1778,  1779,  1780,
    PETRIA6,     655,     1,   424,   377,   423,  1781,  1607,  1782,
    PETRIA6,     656,     1,   377,   315,   314,  1662,  1486,  1067,
    PETRIA6,     657,     1,   479,   477,   429,  1783,  1784,  1785,
    PETRIA6,     658,     1,   378,   336,   315,  1723,  1342,  1661,
    PETRIA6,     659,     1,   379,   371,   320,  1765,  1762,  1763,
    PETRIA6,     660,     1,   379,   312,   375,  1764,  1773,  1786,
    PETRIA6,     661,     1,   426,   425,   372,  1787,  1788,  1789,
    PETRIA6,     662,     1,   380,   372,   310,  1790,  1353,  1768,
    PETRIA6,     663,     1,   381,   350,   307,  1791,  1565,  1792,
    PETRIA6,     664,     1,   381,   307,   370,  1792,  1761,  1793,
    PETRIA6,     665,     1,   382,   326,   254,  1794,  1629,  1630,
    PETRIA6,     666,     1,   390,   334,   327,  1795,  1657,  1796,
    PETRIA6,     667,     1,   383,   327,   248,  1797,  1449,  1641,
    PETRIA6,     668,     1,   468,   366,   391,  1751,  1436,  1798,
    PETRIA6,     669,     1,   384,   250,   324,  1417,  1420,  1390,
    PETRIA6,     670,     1,   396,   324,   385,  1391,  1456,  1633,
    PETRIA6,     671,     1,   387,   325,   326,  1665,  1431,  1799,
    PETRIA6,     672,     1,   430,   326,   382,  1800,  1794,  1801,
    PETRIA6,     673,     1,   388,   321,   386,  1802,  1803,  1804,
    PETRIA6,     674,     1,   386,   321,   330,  1803,  1617,  1559,
    PETRIA6,     675,     1,   436,   382,   392,  1805,  1806,  1807,
    PETRIA6,     676,     1,   442,   440,   433,  1808,  1809,  1810,
    PETRIA6,     677,     1,   435,   388,   432,  1811,  1812,  1813,
    PETRIA6,     678,     1,   388,   332,   321,  1814,  1653,  1802,
    PETRIA6,     679,     1,   389,   330,   319,  1560,  1183,  1815,
    PETRIA6,     680,     1,   389,   319,   300,  1815,  1406,  1648,
    PETRIA6,     681,     1,   431,   327,   383,  1816,  1797,  1817,
    PETRIA6,     682,     1,   399,   397,   335,  1818,  1819,  1820,
    PETRIA6,     683,     1,   395,   328,   331,  1821,   873,  1651,
    PETRIA6,     684,     1,   395,   391,   328,  1822,  1749,  1821,
    PETRIA6,     685,     1,   392,   382,   316,  1806,  1631,  1635,
    PETRIA6,     686,     1,   392,   334,   390,  1637,  1795,  1610,
    PETRIA6,     687,     1,   393,   383,   317,  1160,  1642,  1411,
    PETRIA6,     688,     1,   393,   332,   388,  1413,  1814,  1823,
    PETRIA6,     689,     1,   394,   375,   313,  1824,  1774,  1775,
    PETRIA6,     690,     1,   405,   344,   336,  1727,  1664,  1722,
    PETRIA6,     691,     1,   397,   331,   335,  1652,  1643,  1819,
    PETRIA6,     692,     1,   520,   482,   487,  1825,  1826,  1827,
    PETRIA6,     693,     1,   396,   333,   329,  1423,  1441,  1828,
    PETRIA6,     694,     1,   396,   329,   384,  1828,  1119,  1389,
    PETRIA6,     695,     1,   399,   335,   338,  1820,  1283,  1676,
    PETRIA6,     696,     1,   487,   482,   438,  1826,  1628,  1829,
    PETRIA6,     697,     1,   400,   337,   398,  1830,  1831,  1832,
    PETRIA6,     698,     1,   398,   337,   333,  1831,  1656,  1422,
    PETRIA6,     699,     1,   401,   338,   340,  1677,  1286,  1680,
    PETRIA6,     700,     1,   490,   442,   433,  1833,  1810,  1669,
    PETRIA6,     701,     1,   400,   339,   337,  1667,  1463,  1830,
    PETRIA6,     702,     1,   486,   430,   436,  1834,  1835,  1836,
    PETRIA6,     703,     1,   403,   340,   342,  1681,  1289,  1687,
    PETRIA6,     704,     1,   447,   402,   445,  1837,  1838,  1839,
    PETRIA6,     705,     1,   444,   441,   399,  1840,  1841,  1842,
    PETRIA6,     706,     1,   402,   341,   339,  1673,  1468,  1666,
    PETRIA6,     707,     1,   406,   342,   345,  1688,  1513,  1690,
    PETRIA6,     708,     1,   454,   404,   447,  1843,  1844,  1845,
    PETRIA6,     709,     1,   446,   444,   401,  1846,  1847,  1848,
    PETRIA6,     710,     1,   404,   343,   341,  1707,  1473,  1672,
    PETRIA6,     711,     1,   443,   378,   424,  1849,  1850,  1851,
    PETRIA6,     712,     1,   512,   471,   511,  1852,  1853,  1854,
    PETRIA6,     713,     1,   407,   345,   346,  1691,  1583,  1526,
    PETRIA6,     714,     1,   452,   450,   406,  1855,  1856,  1857,
    PETRIA6,     715,     1,   409,   346,   349,  1527,  1294,   994,
    PETRIA6,     716,     1,   455,   452,   407,  1858,  1859,  1860,
    PETRIA6,     717,     1,   418,   408,   368,  1861,  1862,  1520,
    PETRIA6,     718,     1,   408,   350,   381,  1759,  1791,  1704,
    PETRIA6,     719,     1,   412,   349,   352,   995,  1533,  1863,
    PETRIA6,     720,     1,   503,   500,   455,  1864,  1865,  1866,
    PETRIA6,     721,     1,   454,   410,   404,  1867,  1708,  1843,
    PETRIA6,     722,     1,   411,   351,   410,  1777,  1709,  1868,
    PETRIA6,     723,     1,   494,   492,   446,  1869,  1870,  1871,
    PETRIA6,     724,     1,   411,   376,   348,  1872,  1772,  1776,
    PETRIA6,     725,     1,   420,   412,   352,  1873,  1863,  1590,
    PETRIA6,     726,     1,   504,   475,   420,  1874,  1875,  1876,
    PETRIA6,     727,     1,   417,   413,   354,  1877,  1760,  1878,
    PETRIA6,     728,     1,   458,   420,   369,  1879,  1592,  1880,
    PETRIA6,     729,     1,   414,   355,   356,  1738,  1566,  1538,
    PETRIA6,     730,     1,   414,   302,   367,  1540,  1752,  1720,
    PETRIA6,     731,     1,   415,   363,   355,  1741,  1579,  1737,
    PETRIA6,     732,     1,   473,   416,   451,  1881,  1882,  1883,
    PETRIA6,     733,     1,   416,   367,   353,  1884,  1753,  1701,
    PETRIA6,     734,     1,   416,   368,   408,  1702,  1862,  1885,
    PETRIA6,     735,     1,   417,   354,   365,  1878,  1545,  1748,
    PETRIA6,     736,     1,   508,   413,   417,  1886,  1877,  1887,
    PETRIA6,     737,     1,   418,   301,   347,  1757,  1692,  1888,
    PETRIA6,     738,     1,   418,   347,   408,  1888,  1758,  1861,
    PETRIA6,     739,     1,   465,   461,   362,  1889,  1890,  1891,
    PETRIA6,     740,     1,   419,   370,   371,  1755,  1734,  1365,
    PETRIA6,     741,     1,   458,   369,   413,  1880,  1710,  1892,
    PETRIA6,     742,     1,   643,   627,   608,  1893,  1894,  1895,
    PETRIA6,     743,     1,   473,   451,   421,  1883,  1896,  1897,
    PETRIA6,     744,     1,   421,   381,   370,  1898,  1793,  1754,
    PETRIA6,     745,     1,   428,   379,   375,  1730,  1786,  1683,
    PETRIA6,     746,     1,   474,   470,   422,  1899,  1900,  1901,
    PETRIA6,     747,     1,   425,   373,   372,  1767,  1594,  1788,
    PETRIA6,     748,     1,   463,   460,   357,  1902,  1903,  1904,
    PETRIA6,     749,     1,   491,   443,   476,  1905,  1906,  1907,
    PETRIA6,     750,     1,   424,   378,   377,  1850,  1663,  1781,
    PETRIA6,     751,     1,   426,   372,   380,  1789,  1790,  1908,
    PETRIA6,     752,     1,   472,   471,   423,  1909,  1910,  1911,
    PETRIA6,     753,     1,   449,   380,   374,  1912,  1589,  1698,
    PETRIA6,     754,     1,   457,   455,   409,  1913,  1914,  1915,
    PETRIA6,     755,     1,   427,   374,   376,  1699,  1693,  1916,
    PETRIA6,     756,     1,   453,   376,   411,  1917,  1872,  1918,
    PETRIA6,     757,     1,   429,   375,   394,  1684,  1824,  1919,
    PETRIA6,     758,     1,   477,   474,   428,  1920,  1921,  1922,
    PETRIA6,     759,     1,   448,   394,   405,  1923,  1725,  1924,
    PETRIA6,     760,     1,   466,   464,   359,  1925,  1926,  1927,
    PETRIA6,     761,     1,   430,   387,   326,  1928,  1799,  1800,
    PETRIA6,     762,     1,   556,   541,   490,  1929,  1930,  1931,
    PETRIA6,     763,     1,   482,   432,   468,  1932,  1933,  1626,
    PETRIA6,     764,     1,   431,   390,   327,  1934,  1796,  1816,
    PETRIA6,     765,     1,   432,   388,   386,  1812,  1804,  1935,
    PETRIA6,     766,     1,   438,   391,   395,  1936,  1822,  1937,
    PETRIA6,     767,     1,   442,   398,   440,  1938,  1939,  1808,
    PETRIA6,     768,     1,   480,   387,   430,  1940,  1928,  1941,
    PETRIA6,     769,     1,   481,   390,   431,  1942,  1934,  1943,
    PETRIA6,     770,     1,   558,   557,   526,  1944,  1945,  1946,
    PETRIA6,     771,     1,   487,   438,   439,  1829,  1947,  1948,
    PETRIA6,     772,     1,   435,   393,   388,  1949,  1823,  1811,
    PETRIA6,     773,     1,   436,   430,   382,  1835,  1801,  1805,
    PETRIA6,     774,     1,   436,   392,   434,  1807,  1609,  1950,
    PETRIA6,     775,     1,   437,   431,   383,  1951,  1817,  1159,
    PETRIA6,     776,     1,   437,   393,   435,  1161,  1949,  1952,
    PETRIA6,     777,     1,   439,   395,   397,  1953,  1650,  1954,
    PETRIA6,     778,     1,   439,   438,   395,  1947,  1937,  1953,
    PETRIA6,     779,     1,   441,   397,   399,  1955,  1818,  1841,
    PETRIA6,     780,     1,   441,   439,   397,  1956,  1954,  1955,
    PETRIA6,     781,     1,   440,   398,   396,  1939,  1424,  1632,
    PETRIA6,     782,     1,   440,   385,   433,  1634,  1638,  1809,
    PETRIA6,     783,     1,   444,   399,   401,  1842,  1675,  1847,
    PETRIA6,     784,     1,   584,   521,   520,  1957,  1958,  1658,
    PETRIA6,     785,     1,   445,   400,   442,  1959,  1960,  1961,
    PETRIA6,     786,     1,   442,   400,   398,  1960,  1832,  1938,
    PETRIA6,     787,     1,   443,   405,   378,  1962,  1724,  1849,
    PETRIA6,     788,     1,   643,   626,   627,  1963,  1964,  1893,
    PETRIA6,     789,     1,   446,   401,   403,  1848,  1679,  1779,
    PETRIA6,     790,     1,   493,   445,   490,  1965,  1966,  1967,
    PETRIA6,     791,     1,   445,   402,   400,  1838,  1668,  1959,
    PETRIA6,     792,     1,   522,   486,   483,  1968,  1969,  1970,
    PETRIA6,     793,     1,   450,   403,   406,  1780,  1686,  1856,
    PETRIA6,     794,     1,   456,   410,   454,  1971,  1867,  1972,
    PETRIA6,     795,     1,   492,   489,   444,  1973,  1974,  1975,
    PETRIA6,     796,     1,   447,   404,   402,  1844,  1674,  1837,
    PETRIA6,     797,     1,   448,   429,   394,  1976,  1919,  1923,
    PETRIA6,     798,     1,   448,   405,   443,  1924,  1962,  1977,
    PETRIA6,     799,     1,   498,   449,   495,  1978,  1979,  1980,
    PETRIA6,     800,     1,   449,   426,   380,  1981,  1908,  1912,
    PETRIA6,     801,     1,   452,   406,   407,  1857,  1689,  1859,
    PETRIA6,     802,     1,   497,   495,   427,  1982,  1983,  1984,
    PETRIA6,     803,     1,   451,   416,   408,  1882,  1885,  1703,
    PETRIA6,     804,     1,   451,   381,   421,  1705,  1898,  1896,
    PETRIA6,     805,     1,   455,   407,   409,  1860,  1525,  1914,
    PETRIA6,     806,     1,   531,   528,   496,  1985,  1986,  1987,
    PETRIA6,     807,     1,   453,   427,   376,  1988,  1916,  1917,
    PETRIA6,     808,     1,   456,   411,   410,  1989,  1868,  1971,
    PETRIA6,     809,     1,   499,   447,   493,  1990,  1991,  1992,
    PETRIA6,     810,     1,   502,   454,   499,  1993,  1994,  1995,
    PETRIA6,     811,     1,   457,   409,   412,  1915,   993,  1996,
    PETRIA6,     812,     1,   500,   496,   452,  1997,  1998,  1999,
    PETRIA6,     813,     1,   502,   501,   456,  2000,  2001,  2002,
    PETRIA6,     814,     1,   456,   453,   411,  2003,  1918,  1989,
    PETRIA6,     815,     1,   475,   412,   420,  2004,  1873,  1875,
    PETRIA6,     816,     1,   534,   495,   532,  2005,  2006,  2007,
    PETRIA6,     817,     1,   508,   417,   467,  1887,  2008,  2009,
    PETRIA6,     818,     1,   462,   361,   460,  2010,  2011,  2012,
    PETRIA6,     819,     1,   505,   303,   227,  2013,  1151,  2014,
    PETRIA6,     820,     1,   505,   459,   303,  1718,  1745,  2013,
    PETRIA6,     821,     1,   460,   361,   357,  2011,  1494,  1903,
    PETRIA6,     822,     1,   463,   357,   358,  1904,  1604,  2015,
    PETRIA6,     823,     1,   461,   360,   362,  1602,  1361,  1890,
    PETRIA6,     824,     1,   465,   362,   363,  1891,  1086,  1740,
    PETRIA6,     825,     1,   542,   509,   508,  2016,  2017,  2018,
    PETRIA6,     826,     1,   462,   364,   361,  2019,  1572,  2010,
    PETRIA6,     827,     1,   464,   463,   358,  2020,  2015,  2021,
    PETRIA6,     828,     1,   476,   424,   471,  2022,  2023,  2024,
    PETRIA6,     829,     1,   464,   358,   359,  2021,  1310,  1926,
    PETRIA6,     830,     1,   466,   359,   360,  1927,  1595,  1601,
    PETRIA6,     831,     1,   572,   473,   540,  2025,  1529,  2026,
    PETRIA6,     832,     1,   507,   469,   470,  2027,  1477,  2028,
    PETRIA6,     833,     1,   601,   544,   547,  2029,  2030,  2031,
    PETRIA6,     834,     1,   516,   514,   477,  2032,  2033,  2034,
    PETRIA6,     835,     1,   467,   417,   459,  2008,  1747,  1717,
    PETRIA6,     836,     1,   506,   364,   462,  2035,  2019,  2036,
    PETRIA6,     837,     1,   468,   432,   386,  1933,  1935,  1750,
    PETRIA6,     838,     1,   468,   391,   438,  1798,  1936,  1627,
    PETRIA6,     839,     1,   469,   421,   419,  2037,  1756,  1478,
    PETRIA6,     840,     1,   470,   419,   422,  1479,  1364,  1900,
    PETRIA6,     841,     1,   474,   422,   428,  1901,  1728,  1921,
    PETRIA6,     842,     1,   510,   470,   474,  2038,  1899,  2039,
    PETRIA6,     843,     1,   471,   424,   423,  2023,  1782,  1910,
    PETRIA6,     844,     1,   472,   423,   425,  1911,  1766,  1358,
    PETRIA6,     845,     1,   478,   425,   426,  1359,  1787,  2040,
    PETRIA6,     846,     1,   513,   511,   472,  2041,  2042,  2043,
    PETRIA6,     847,     1,   473,   367,   416,  2044,  1884,  1881,
    PETRIA6,     848,     1,   473,   421,   469,  1897,  2037,  1530,
    PETRIA6,     849,     1,   477,   428,   429,  1922,  1682,  1784,
    PETRIA6,     850,     1,   510,   507,   470,  2045,  2028,  2038,
    PETRIA6,     851,     1,   475,   457,   412,  2046,  1996,  2004,
    PETRIA6,     852,     1,   504,   420,   458,  1876,  1879,  2047,
    PETRIA6,     853,     1,   550,   547,   514,  2048,  2049,  2050,
    PETRIA6,     854,     1,   476,   443,   424,  1906,  1851,  2022,
    PETRIA6,     855,     1,   479,   429,   448,  1785,  1976,  2051,
    PETRIA6,     856,     1,   514,   510,   474,  2052,  2039,  2053,
    PETRIA6,     857,     1,   498,   426,   449,  2054,  1981,  1978,
    PETRIA6,     858,     1,   539,   517,   475,  2055,  2056,  2057,
    PETRIA6,     859,     1,   491,   479,   448,  2058,  2051,  2059,
    PETRIA6,     860,     1,   518,   491,   515,  2060,  2061,  2062,
    PETRIA6,     861,     1,   480,   433,   387,  1670,  1640,  1940,
    PETRIA6,     862,     1,   483,   436,   434,  2063,  1950,  2064,
    PETRIA6,     863,     1,   481,   434,   390,  2065,  1611,  1942,
    PETRIA6,     864,     1,   485,   431,   437,  2066,  1951,  2067,
    PETRIA6,     865,     1,   484,   435,   482,  2068,  2069,  2070,
    PETRIA6,     866,     1,   482,   435,   432,  2069,  1813,  1932,
    PETRIA6,     867,     1,   519,   434,   481,  2071,  2065,  2072,
    PETRIA6,     868,     1,   489,   488,   441,  2073,  2074,  2075,
    PETRIA6,     869,     1,   524,   487,   488,  2076,  2077,  2078,
    PETRIA6,     870,     1,   484,   437,   435,  2079,  1952,  2068,
    PETRIA6,     871,     1,   485,   481,   431,  2080,  1943,  2066,
    PETRIA6,     872,     1,   485,   437,   484,  2067,  2079,  2081,
    PETRIA6,     873,     1,   486,   480,   430,  2082,  1941,  1834,
    PETRIA6,     874,     1,   486,   436,   483,  1836,  2063,  1969,
    PETRIA6,     875,     1,   488,   439,   441,  2083,  1956,  2074,
    PETRIA6,     876,     1,   488,   487,   439,  2077,  1948,  2083,
    PETRIA6,     877,     1,   524,   520,   487,  1659,  1827,  2076,
    PETRIA6,     878,     1,   489,   441,   444,  2075,  1840,  1974,
    PETRIA6,     879,     1,   492,   444,   446,  1975,  1846,  1870,
    PETRIA6,     880,     1,   526,   525,   489,  2084,  2085,  2086,
    PETRIA6,     881,     1,   490,   445,   442,  1966,  1961,  1833,
    PETRIA6,     882,     1,   556,   486,   522,  2087,  1968,  2088,
    PETRIA6,     883,     1,   491,   448,   443,  2059,  1977,  1905,
    PETRIA6,     884,     1,   515,   476,   512,  2089,  2090,  2091,
    PETRIA6,     885,     1,   494,   446,   450,  1871,  1778,  2092,
    PETRIA6,     886,     1,   541,   529,   493,  2093,  2094,  2095,
    PETRIA6,     887,     1,   493,   447,   445,  1991,  1839,  1965,
    PETRIA6,     888,     1,   584,   557,   554,  2096,  2097,  2098,
    PETRIA6,     889,     1,   496,   450,   452,  2099,  1855,  1998,
    PETRIA6,     890,     1,   502,   456,   454,  2002,  1972,  1993,
    PETRIA6,     891,     1,   495,   449,   427,  1979,  1700,  1983,
    PETRIA6,     892,     1,   497,   427,   453,  1984,  1988,  2100,
    PETRIA6,     893,     1,   496,   494,   450,  2101,  2092,  2099,
    PETRIA6,     894,     1,   500,   452,   455,  1999,  1858,  1865,
    PETRIA6,     895,     1,   501,   453,   456,  2102,  2003,  2001,
    PETRIA6,     896,     1,   533,   532,   497,  2103,  2104,  2105,
    PETRIA6,     897,     1,   530,   513,   478,  2106,  2107,  2108,
    PETRIA6,     898,     1,   498,   478,   426,  2109,  2040,  2054,
    PETRIA6,     899,     1,   527,   526,   492,  2110,  2111,  2112,
    PETRIA6,     900,     1,   499,   454,   447,  1994,  1845,  1990,
    PETRIA6,     901,     1,   503,   455,   457,  1866,  1913,  2113,
    PETRIA6,     902,     1,   588,   569,   537,  2114,  2115,  2116,
    PETRIA6,     903,     1,   528,   527,   494,  2117,  2118,  2119,
    PETRIA6,     904,     1,   501,   497,   453,  2120,  2100,  2102,
    PETRIA6,     905,     1,   535,   499,   529,  2121,  2122,  2123,
    PETRIA6,     906,     1,   535,   502,   499,  2124,  1995,  2121,
    PETRIA6,     907,     1,   517,   457,   475,  2125,  2046,  2056,
    PETRIA6,     908,     1,   537,   531,   500,  2126,  2127,  2128,
    PETRIA6,     909,     1,   509,   458,   508,  2129,  2130,  2017,
    PETRIA6,     910,     1,   543,   538,   462,  2131,  2132,  2133,
    PETRIA6,     911,     1,   505,   227,   364,  2014,  1746,  2134,
    PETRIA6,     912,     1,   506,   505,   364,  2135,  2134,  2035,
    PETRIA6,     913,     1,   506,   467,   505,  2136,  1716,  2135,
    PETRIA6,     914,     1,   574,   542,   538,  2137,  2138,  2139,
    PETRIA6,     915,     1,   544,   465,   507,  2140,  1581,  2141,
    PETRIA6,     916,     1,   540,   465,   415,  1582,  1742,  2142,
    PETRIA6,     917,     1,   508,   458,   413,  2130,  1892,  1886,
    PETRIA6,     918,     1,   542,   467,   506,  2143,  2136,  2144,
    PETRIA6,     919,     1,   538,   506,   462,  2145,  2036,  2132,
    PETRIA6,     920,     1,   509,   504,   458,  2146,  2047,  2129,
    PETRIA6,     921,     1,   514,   474,   477,  2053,  1920,  2033,
    PETRIA6,     922,     1,   547,   510,   514,  2147,  2052,  2049,
    PETRIA6,     923,     1,   511,   471,   472,  1853,  1909,  2042,
    PETRIA6,     924,     1,   513,   472,   478,  2043,  1357,  2107,
    PETRIA6,     925,     1,   549,   512,   545,  2148,  2149,  2150,
    PETRIA6,     926,     1,   512,   476,   471,  2090,  2024,  1852,
    PETRIA6,     927,     1,   530,   478,   498,  2108,  2109,  2151,
    PETRIA6,     928,     1,   564,   560,   530,  2152,  2153,  2154,
    PETRIA6,     929,     1,   516,   477,   479,  2034,  1783,  2155,
    PETRIA6,     930,     1,   547,   544,   510,  2030,  2156,  2147,
    PETRIA6,     931,     1,   581,   551,   578,  2157,  2158,  2159,
    PETRIA6,     932,     1,   515,   491,   476,  2061,  1907,  2089,
    PETRIA6,     933,     1,   518,   516,   479,  2160,  2155,  2161,
    PETRIA6,     934,     1,   607,   466,   577,  2162,  2163,  2164,
    PETRIA6,     935,     1,   517,   503,   457,  2165,  2113,  2125,
    PETRIA6,     936,     1,   539,   475,   504,  2057,  1874,  2166,
    PETRIA6,     937,     1,   518,   479,   491,  2161,  2058,  2060,
    PETRIA6,     938,     1,   551,   515,   549,  2167,  2168,  2169,
    PETRIA6,     939,     1,   519,   483,   434,  2170,  2064,  2071,
    PETRIA6,     940,     1,   523,   481,   485,  2171,  2080,  2172,
    PETRIA6,     941,     1,   521,   484,   520,  2173,  2174,  1958,
    PETRIA6,     942,     1,   520,   484,   482,  2174,  2070,  1825,
    PETRIA6,     943,     1,   584,   554,   521,  2098,  2175,  1957,
    PETRIA6,     944,     1,   521,   485,   484,  2176,  2081,  2173,
    PETRIA6,     945,     1,   556,   490,   480,  1931,  1671,  2177,
    PETRIA6,     946,     1,   553,   483,   519,  2178,  2170,  2179,
    PETRIA6,     947,     1,   523,   519,   481,  2180,  2072,  2171,
    PETRIA6,     948,     1,   523,   485,   521,  2172,  2176,  2181,
    PETRIA6,     949,     1,   525,   488,   489,  2182,  2073,  2085,
    PETRIA6,     950,     1,   525,   524,   488,  2183,  2078,  2182,
    PETRIA6,     951,     1,   555,   523,   554,  2184,  2185,  2186,
    PETRIA6,     952,     1,   526,   489,   492,  2086,  1973,  2111,
    PETRIA6,     953,     1,   527,   492,   494,  2112,  1869,  2118,
    PETRIA6,     954,     1,   586,   555,   585,  2187,  2188,  2189,
    PETRIA6,     955,     1,   528,   494,   496,  2119,  2101,  1986,
    PETRIA6,     956,     1,   536,   502,   535,  2190,  2124,  2191,
    PETRIA6,     957,     1,   531,   496,   500,  1987,  1997,  2127,
    PETRIA6,     958,     1,   567,   565,   536,  2192,  2193,  2194,
    PETRIA6,     959,     1,   529,   499,   493,  2122,  1992,  2094,
    PETRIA6,     960,     1,   642,   583,   571,  2195,  2196,  2197,
    PETRIA6,     961,     1,   534,   498,   495,  2198,  1980,  2005,
    PETRIA6,     962,     1,   619,   615,   591,  2199,  2200,  2201,
    PETRIA6,     963,     1,   537,   500,   503,  2128,  1864,  2202,
    PETRIA6,     964,     1,   566,   533,   565,  2203,  2204,  2205,
    PETRIA6,     965,     1,   532,   495,   497,  2006,  1982,  2104,
    PETRIA6,     966,     1,   533,   497,   501,  2105,  2120,  2206,
    PETRIA6,     967,     1,   536,   501,   502,  2207,  2000,  2190,
    PETRIA6,     968,     1,   562,   561,   528,  2208,  2209,  2210,
    PETRIA6,     969,     1,   566,   532,   533,  2211,  2103,  2203,
    PETRIA6,     970,     1,   534,   530,   498,  2212,  2151,  2198,
    PETRIA6,     971,     1,   589,   587,   558,  2213,  2214,  2215,
    PETRIA6,     972,     1,   561,   558,   527,  2216,  2217,  2218,
    PETRIA6,     973,     1,   590,   589,   561,  2219,  2220,  2221,
    PETRIA6,     974,     1,   536,   533,   501,  2222,  2206,  2207,
    PETRIA6,     975,     1,   559,   503,   517,  2223,  2165,  2224,
    PETRIA6,     976,     1,   595,   591,   564,  2225,  2226,  2227,
    PETRIA6,     977,     1,   548,   539,   504,  2228,  2166,  2229,
    PETRIA6,     978,     1,   543,   462,   460,  2133,  2012,  2230,
    PETRIA6,     979,     1,   548,   504,   509,  2229,  2146,  2231,
    PETRIA6,     980,     1,   570,   559,   517,  2232,  2224,  2233,
    PETRIA6,     981,     1,   572,   540,   415,  2026,  2142,  2234,
    PETRIA6,     982,     1,   540,   469,   507,  1531,  2027,  1580,
    PETRIA6,     983,     1,   541,   493,   490,  2095,  1967,  1930,
    PETRIA6,     984,     1,   571,   563,   529,  2235,  2236,  2237,
    PETRIA6,     985,     1,   542,   508,   467,  2018,  2009,  2143,
    PETRIA6,     986,     1,   542,   506,   538,  2144,  2145,  2138,
    PETRIA6,     987,     1,   641,   629,   637,  2238,  2239,  1712,
    PETRIA6,     988,     1,   580,   546,   560,  2240,  2241,  2242,
    PETRIA6,     989,     1,   544,   461,   465,  2243,  1889,  2140,
    PETRIA6,     990,     1,   544,   507,   510,  2141,  2045,  2156,
    PETRIA6,     991,     1,   545,   512,   511,  2149,  1854,  1732,
    PETRIA6,     992,     1,   546,   511,   513,  1733,  2041,  2244,
    PETRIA6,     993,     1,   560,   513,   530,  2245,  2106,  2153,
    PETRIA6,     994,     1,   606,   604,   575,  2246,  2247,  2248,
    PETRIA6,     995,     1,   550,   514,   516,  2050,  2032,  2249,
    PETRIA6,     996,     1,   601,   577,   466,  2250,  2163,  2251,
    PETRIA6,     997,     1,   574,   548,   509,  2252,  2231,  2253,
    PETRIA6,     998,     1,   599,   574,   538,  2254,  2139,  2255,
    PETRIA6,     999,     1,   579,   577,   550,  2256,  2257,  2258,
    PETRIA6,    1000,     1,   549,   515,   512,  2168,  2091,  2148,
    PETRIA6,    1001,     1,   552,   516,   518,  2259,  2160,  2260,
    PETRIA6,    1002,     1,   579,   550,   552,  2258,  2261,  2262,
    PETRIA6,    1003,     1,   551,   518,   515,  2263,  2062,  2167,
    PETRIA6,    1004,     1,   578,   549,   576,  2264,  2265,  2266,
    PETRIA6,    1005,     1,   552,   550,   516,  2261,  2249,  2259,
    PETRIA6,    1006,     1,   552,   518,   551,  2260,  2263,  2267,
    PETRIA6,    1007,     1,   553,   522,   483,  2268,  1970,  2178,
    PETRIA6,    1008,     1,   555,   519,   523,  2269,  2180,  2184,
    PETRIA6,    1009,     1,   554,   523,   521,  2185,  2181,  2175,
    PETRIA6,    1010,     1,   557,   525,   526,  2270,  2084,  1945,
    PETRIA6,    1011,     1,   585,   554,   557,  2271,  2097,  2272,
    PETRIA6,    1012,     1,   555,   553,   519,  2273,  2179,  2269,
    PETRIA6,    1013,     1,   556,   480,   486,  2177,  2082,  2087,
    PETRIA6,    1014,     1,   642,   571,   541,  2197,  2274,  2275,
    PETRIA6,    1015,     1,   558,   526,   527,  1946,  2110,  2217,
    PETRIA6,    1016,     1,   573,   563,   571,  2276,  2235,  2277,
    PETRIA6,    1017,     1,   561,   527,   528,  2218,  2117,  2209,
    PETRIA6,    1018,     1,   614,   602,   612,  2278,  2279,  2280,
    PETRIA6,    1019,     1,   559,   537,   503,  2281,  2202,  2223,
    PETRIA6,    1020,     1,   570,   517,   539,  2233,  2055,  2282,
    PETRIA6,    1021,     1,   560,   546,   513,  2241,  2244,  2245,
    PETRIA6,    1022,     1,   564,   530,   534,  2154,  2212,  2283,
    PETRIA6,    1023,     1,   562,   528,   531,  2210,  1985,  2284,
    PETRIA6,    1024,     1,   567,   535,   563,  2285,  2286,  2287,
    PETRIA6,    1025,     1,   569,   531,   537,  2288,  2126,  2115,
    PETRIA6,    1026,     1,   594,   565,   593,  2289,  2290,  2291,
    PETRIA6,    1027,     1,   563,   535,   529,  2286,  2123,  2236,
    PETRIA6,    1028,     1,   571,   529,   541,  2237,  2093,  2274,
    PETRIA6,    1029,     1,   568,   534,   532,  2292,  2007,  2293,
    PETRIA6,    1030,     1,   615,   606,   580,  2294,  2295,  2296,
    PETRIA6,    1031,     1,   565,   533,   536,  2204,  2222,  2193,
    PETRIA6,    1032,     1,   567,   536,   535,  2194,  2191,  2285,
    PETRIA6,    1033,     1,   611,   597,   569,  2297,  2298,  2299,
    PETRIA6,    1034,     1,   568,   532,   566,  2293,  2211,  2300,
    PETRIA6,    1035,     1,   592,   563,   573,  2301,  2276,  2302,
    PETRIA6,    1036,     1,   617,   616,   614,  2303,  2304,  2305,
    PETRIA6,    1037,     1,   596,   566,   594,  2306,  2307,  2308,
    PETRIA6,    1038,     1,   568,   564,   534,  2309,  2283,  2292,
    PETRIA6,    1039,     1,   569,   562,   531,  2310,  2284,  2288,
    PETRIA6,    1040,     1,   588,   537,   559,  2116,  2281,  2311,
    PETRIA6,    1041,     1,   582,   539,   548,  2312,  2228,  2313,
    PETRIA6,    1042,     1,   580,   575,   546,  2314,  2315,  2240,
    PETRIA6,    1043,     1,   642,   541,   556,  2275,  1929,  2316,
    PETRIA6,    1044,     1,   583,   573,   571,  2317,  2277,  2196,
    PETRIA6,    1045,     1,   572,   415,   414,  2234,  1739,  1719,
    PETRIA6,    1046,     1,   572,   367,   473,  1721,  2044,  2025,
    PETRIA6,    1047,     1,   587,   585,   557,  2318,  2272,  2319,
    PETRIA6,    1048,     1,   610,   585,   587,  2320,  2318,  2321,
    PETRIA6,    1049,     1,   574,   509,   542,  2253,  2016,  2137,
    PETRIA6,    1050,     1,   599,   538,   543,  2255,  2131,  2322,
    PETRIA6,    1051,     1,   630,   629,   604,  2323,  2324,  2325,
    PETRIA6,    1052,     1,   575,   545,   546,  1770,  1731,  2315,
    PETRIA6,    1053,     1,   605,   576,   604,  2326,  2327,  2328,
    PETRIA6,    1054,     1,   576,   549,   545,  2265,  2150,  1769,
    PETRIA6,    1055,     1,   601,   466,   461,  2251,  1603,  2329,
    PETRIA6,    1056,     1,   577,   547,   550,  2330,  2048,  2257,
    PETRIA6,    1057,     1,   636,   607,   609,  2331,  2332,  2333,
    PETRIA6,    1058,     1,   578,   551,   549,  2158,  2169,  2264,
    PETRIA6,    1059,     1,   581,   579,   552,  2334,  2262,  2335,
    PETRIA6,    1060,     1,   609,   579,   581,  2336,  2334,  2337,
    PETRIA6,    1061,     1,   591,   560,   564,  2338,  2152,  2226,
    PETRIA6,    1062,     1,   640,   582,   603,  2339,  2340,  2341,
    PETRIA6,    1063,     1,   581,   552,   551,  2335,  2267,  2157,
    PETRIA6,    1064,     1,   608,   578,   605,  2342,  2343,  2344,
    PETRIA6,    1065,     1,   582,   570,   539,  2345,  2282,  2312,
    PETRIA6,    1066,     1,   603,   574,   599,  2346,  2254,  2347,
    PETRIA6,    1067,     1,   583,   522,   553,  2348,  2268,  2349,
    PETRIA6,    1068,     1,   586,   553,   555,  2350,  2273,  2187,
    PETRIA6,    1069,     1,   584,   524,   525,  1660,  2183,  2351,
    PETRIA6,    1070,     1,   584,   525,   557,  2351,  2270,  2096,
    PETRIA6,    1071,     1,   585,   555,   554,  2188,  2186,  2271,
    PETRIA6,    1072,     1,   587,   557,   558,  2319,  1944,  2214,
    PETRIA6,    1073,     1,   625,   602,   573,  2352,  2353,  2354,
    PETRIA6,    1074,     1,   586,   583,   553,  2355,  2349,  2350,
    PETRIA6,    1075,     1,   589,   558,   561,  2215,  2216,  2220,
    PETRIA6,    1076,     1,   625,   610,   602,  2356,  2357,  2352,
    PETRIA6,    1077,     1,   598,   559,   570,  2358,  2232,  2359,
    PETRIA6,    1078,     1,   596,   595,   568,  2360,  2361,  2362,
    PETRIA6,    1079,     1,   590,   561,   562,  2221,  2208,  2363,
    PETRIA6,    1080,     1,   612,   610,   587,  2364,  2321,  2365,
    PETRIA6,    1081,     1,   597,   562,   569,  2366,  2310,  2298,
    PETRIA6,    1082,     1,   593,   567,   592,  2367,  2368,  2369,
    PETRIA6,    1083,     1,   591,   580,   560,  2370,  2242,  2338,
    PETRIA6,    1084,     1,   595,   564,   568,  2227,  2309,  2361,
    PETRIA6,    1085,     1,   592,   567,   563,  2368,  2287,  2301,
    PETRIA6,    1086,     1,   602,   592,   573,  2371,  2302,  2353,
    PETRIA6,    1087,     1,   617,   593,   616,  2372,  2373,  2303,
    PETRIA6,    1088,     1,   593,   565,   567,  2290,  2192,  2367,
    PETRIA6,    1089,     1,   620,   617,   618,  2374,  2375,  2376,
    PETRIA6,    1090,     1,   594,   566,   565,  2307,  2205,  2289,
    PETRIA6,    1091,     1,   596,   568,   566,  2362,  2300,  2306,
    PETRIA6,    1092,     1,   634,   623,   632,  2377,  2378,  2379,
    PETRIA6,    1093,     1,   620,   594,   617,  2380,  2381,  2374,
    PETRIA6,    1094,     1,   621,   596,   620,  2382,  2383,  2384,
    PETRIA6,    1095,     1,   597,   590,   562,  2385,  2363,  2366,
    PETRIA6,    1096,     1,   611,   569,   588,  2299,  2114,  2386,
    PETRIA6,    1097,     1,   598,   588,   559,  2387,  2311,  2358,
    PETRIA6,    1098,     1,   613,   570,   582,  2388,  2345,  2389,
    PETRIA6,    1099,     1,   622,   543,   600,  2390,  2391,  2392,
    PETRIA6,    1100,     1,   638,   630,   631,  2393,  2394,  2395,
    PETRIA6,    1101,     1,   600,   543,   460,  2391,  2230,  2396,
    PETRIA6,    1102,     1,   624,   460,   463,  2397,  1902,  2398,
    PETRIA6,    1103,     1,   601,   461,   544,  2329,  2243,  2029,
    PETRIA6,    1104,     1,   601,   547,   577,  2031,  2330,  2250,
    PETRIA6,    1105,     1,   625,   573,   583,  2354,  2317,  2399,
    PETRIA6,    1106,     1,   614,   612,   589,  2280,  2400,  2401,
    PETRIA6,    1107,     1,   603,   582,   548,  2340,  2313,  2402,
    PETRIA6,    1108,     1,   603,   548,   574,  2402,  2252,  2346,
    PETRIA6,    1109,     1,   604,   576,   575,  2327,  1771,  2247,
    PETRIA6,    1110,     1,   606,   575,   580,  2248,  2314,  2295,
    PETRIA6,    1111,     1,   627,   626,   624,  1964,  2403,  2404,
    PETRIA6,    1112,     1,   605,   578,   576,  2343,  2266,  2326,
    PETRIA6,    1113,     1,   615,   580,   591,  2296,  2370,  2200,
    PETRIA6,    1114,     1,   634,   632,   631,  2379,  2405,  2406,
    PETRIA6,    1115,     1,   607,   464,   466,  2407,  1925,  2162,
    PETRIA6,    1116,     1,   607,   577,   579,  2164,  2256,  2408,
    PETRIA6,    1117,     1,   636,   627,   463,  2409,  2410,  2411,
    PETRIA6,    1118,     1,   608,   581,   578,  2412,  2159,  2342,
    PETRIA6,    1119,     1,   609,   607,   579,  2332,  2408,  2336,
    PETRIA6,    1120,     1,   609,   581,   608,  2337,  2412,  2413,
    PETRIA6,    1121,     1,   610,   586,   585,  2414,  2189,  2320,
    PETRIA6,    1122,     1,   612,   587,   589,  2365,  2213,  2400,
    PETRIA6,    1123,     1,   623,   588,   598,  2415,  2387,  2416,
    PETRIA6,    1124,     1,   639,   620,   633,  2417,  2418,  2419,
    PETRIA6,    1125,     1,   614,   589,   590,  2401,  2219,  2420,
    PETRIA6,    1126,     1,   612,   602,   610,  2279,  2357,  2364,
    PETRIA6,    1127,     1,   613,   598,   570,  2421,  2359,  2388,
    PETRIA6,    1128,     1,   640,   603,   628,  2341,  2422,  2423,
    PETRIA6,    1129,     1,   618,   614,   590,  2424,  2420,  2425,
    PETRIA6,    1130,     1,   616,   602,   614,  2426,  2278,  2304,
    PETRIA6,    1131,     1,   619,   591,   595,  2201,  2225,  2427,
    PETRIA6,    1132,     1,   638,   632,   613,  2428,  2429,  2430,
    PETRIA6,    1133,     1,   616,   593,   592,  2373,  2369,  2431,
    PETRIA6,    1134,     1,   616,   592,   602,  2431,  2371,  2426,
    PETRIA6,    1135,     1,   618,   617,   614,  2375,  2305,  2424,
    PETRIA6,    1136,     1,   617,   594,   593,  2381,  2291,  2372,
    PETRIA6,    1137,     1,   618,   590,   597,  2425,  2385,  2432,
    PETRIA6,    1138,     1,   633,   618,   597,  2433,  2432,  2434,
    PETRIA6,    1139,     1,   621,   595,   596,  2435,  2360,  2382,
    PETRIA6,    1140,     1,   635,   623,   634,  2436,  2377,  2437,
    PETRIA6,    1141,     1,   633,   620,   618,  2418,  2376,  2433,
    PETRIA6,    1142,     1,   620,   596,   594,  2383,  2308,  2380,
    PETRIA6,    1143,     1,   639,   623,   635,  2438,  2436,  2439,
    PETRIA6,    1144,     1,   621,   619,   595,  2440,  2427,  2435,
    PETRIA6,    1145,     1,   622,   599,   543,  2441,  2322,  2390,
    PETRIA6,    1146,     1,   641,   600,   626,  2442,  2443,  2444,
    PETRIA6,    1147,     1,   623,   611,   588,  2445,  2386,  2415,
    PETRIA6,    1148,     1,   634,   631,   615,  2406,  2446,  2447,
    PETRIA6,    1149,     1,   624,   600,   460,  2448,  2396,  2397,
    PETRIA6,    1150,     1,   627,   624,   463,  2404,  2398,  2410,
    PETRIA6,    1151,     1,   625,   583,   586,  2399,  2355,  2449,
    PETRIA6,    1152,     1,   625,   586,   610,  2449,  2414,  2356,
    PETRIA6,    1153,     1,   643,   629,   641,  2450,  2238,  2451,
    PETRIA6,    1154,     1,   626,   600,   624,  2443,  2448,  2403,
    PETRIA6,    1155,     1,   636,   463,   464,  2411,  2020,  2452,
    PETRIA6,    1156,     1,   627,   609,   608,  2453,  2413,  1894,
    PETRIA6,    1157,     1,   628,   603,   599,  2422,  2347,  2454,
    PETRIA6,    1158,     1,   628,   599,   622,  2454,  2441,  2455,
    PETRIA6,    1159,     1,   629,   605,   604,  2456,  2328,  2324,
    PETRIA6,    1160,     1,   630,   604,   606,  2325,  2246,  2457,
    PETRIA6,    1161,     1,   631,   630,   606,  2394,  2457,  2458,
    PETRIA6,    1162,     1,   638,   637,   630,  2459,  2460,  2393,
    PETRIA6,    1163,     1,   638,   631,   632,  2395,  2405,  2428,
    PETRIA6,    1164,     1,   631,   606,   615,  2458,  2294,  2446,
    PETRIA6,    1165,     1,   632,   623,   598,  2378,  2416,  2461,
    PETRIA6,    1166,     1,   632,   598,   613,  2461,  2421,  2429,
    PETRIA6,    1167,     1,   633,   597,   611,  2434,  2297,  2462,
    PETRIA6,    1168,     1,   639,   635,   621,  2439,  2463,  2464,
    PETRIA6,    1169,     1,   634,   615,   619,  2447,  2199,  2465,
    PETRIA6,    1170,     1,   635,   634,   619,  2437,  2465,  2466,
    PETRIA6,    1171,     1,   635,   619,   621,  2466,  2440,  2463,
    PETRIA6,    1172,     1,   639,   621,   620,  2464,  2384,  2417,
    PETRIA6,    1173,     1,   636,   464,   607,  2452,  2407,  2331,
    PETRIA6,    1174,     1,   636,   609,   627,  2333,  2453,  2409,
    PETRIA6,    1175,     1,   637,   628,   622,  2467,  2455,  1713,
    PETRIA6,    1176,     1,   637,   629,   630,  2239,  2323,  2460,
    PETRIA6,    1177,     1,   640,   638,   613,  2468,  2430,  2469,
    PETRIA6,    1178,     1,   638,   628,   637,  2470,  2467,  2459,
    PETRIA6,    1179,     1,   639,   633,   611,  2419,  2462,  2471,
    PETRIA6,    1180,     1,   639,   611,   623,  2471,  2445,  2438,
    PETRIA6,    1181,     1,   640,   613,   582,  2469,  2389,  2339,
    PETRIA6,    1182,     1,   640,   628,   638,  2423,  2470,  2468,
    PETRIA6,    1183,     1,   641,   622,   600,  1714,  2392,  2442,
    PETRIA6,    1184,     1,   643,   641,   626,  2451,  2444,  1963,
    PETRIA6,    1185,     1,   642,   556,   522,  2316,  2088,  2472,
    PETRIA6,    1186,     1,   642,   522,   583,  2472,  2348,  2195,
    PETRIA6,    1187,     1,   643,   608,   605,  1895,  2344,  2473,
    PETRIA6,    1188,     1,   643,   605,   629,  2473,  2456,  2450,
END


LOADCASE
CASE
  EPRESS,  23,    2, -10000.000,
  EPRESS,  47,    3, -10000.000,
  EPRESS,  76,    1, -10000.000,
  EPRESS,  83,    2, -10000.000,
  EPRESS,  87,    2, -10000.000,
  EPRESS, 125,    2, -10000.000,
  EPRESS, 211,    2, -10000.000,
  EPRESS, 214,    2, -10000.000,
  EPRESS, 216,    2, -10000.000,
  EPRESS, 218,    2, -10000.000,
  EPRESS, 220,    2, -10000.000,
  EPRESS, 222,    2, -10000.000,
  EPRESS, 224,    2, -10000.000,
  EPRESS, 225,    2, -10000.000,
  EPRESS, 250,    2, -10000.000,
  EPRESS, 286,    2, -10000.000,
  EPRESS, 293,    2, -10000.000,
  EPRESS, 295,    2, -10000.000,
  EPRESS, 389,    2, -10000.000,
  EPRESS, 391,    2, -10000.000,
END

CASE
  DISP,     2,    2,     1.1000,
  DISP,    11,    2,     1.1000,
  DISP,    78,    2,     1.1000,
  DISP,    79,    2,     1.1000,
  DISP,    80,    2,     1.1000,
  DISP,    81,    2,     1.1000,
  DISP,    82,    2,     1.1000,
  DISP,    83,    2,     1.1000,
  DISP,    84,    2,     1.1000,
  DISP,    85,    2,     1.1000,
  DISP,    86,    2,     1.1000,
  DISP,    87,    2,     1.1000,
  DISP,    88,    2,     1.1000,
  DISP,    89,    2,     1.1000,
  DISP,    90,    2,     1.1000,
  DISP,    91,    2,     1.1000,
  DISP,    92,    2,     1.1000,
  DISP,    93,    2,     1.1000,
  DISP,    94,    2,     1.1000,
  DISP,    95,    2,     1.1000,
  DISP,    96,    2,     1.1000,
  DISP,   710,    2,     1.1000,
  DISP,   777,    2,     1.1000,
  DISP,   857,    2,     1.1000,
  DISP,   871,    2,     1.1000,
  DISP,   882,    2,     1.1000,
  DISP,   964,    2,     1.1000,
  DISP,  1112,    2,     1.1000,
  DISP,  1118,    2,     1.1000,
  DISP,  1122,    2,     1.1000,
  DISP,  1126,    2,     1.1000,
  DISP,  1130,    2,     1.1000,
  DISP,  1134,    2,     1.1000,
  DISP,  1139,    2,     1.1000,
  DISP,  1140,    2,     1.1000,
  DISP,  1186,    2,     1.1000,
  DISP,  1247,    2,     1.1000,
  DISP,  1257,    2,     1.1000,
  DISP,  1262,    2,     1.1000,
  DISP,  1395,    2,     1.1000,
  DISP,  1401,    2,     1.1000,
END
END
